file,text
000_000135.mp3,"genre Rock; styles Psych-Rock, Rock, Loud-Rock; tags abominog"
000_000137.mp3,"Recorded live in downtown Los Angeles at the Lace Gallery, April 27, 1978; genre Experimental; styles Noise, Avant-Garde, Experimental; tags lafms, airway"
000_000138.mp3,"Recorded live in downtown Los Angeles at the Lace Gallery, April 27, 1978; genre Experimental; styles Noise, Avant-Garde, Experimental; tags lafms, airway"
000_000142.mp3,genre Folk; styles Folk; tags alec k redfearn and the eyesores
000_000144.mp3,"genre Jazz; styles Jazz; tags providence, amoebic ensemble, rhode island"
000_000450.mp3,"styles Jazz, Experimental, Electronic; tags bronhardgoingpublic"
000_000451.mp3,"styles Jazz, Experimental, Electronic; tags bronhardgoingpublic"
000_000452.mp3,"styles Jazz, Experimental, Electronic; tags bronhardgoingpublic"
000_000461.mp3,"styles Blues, Jazz, Jazz: Vocal; tags cantonement jazz band"
000_000462.mp3,"styles Blues, Jazz, Jazz: Vocal; tags cantonement jazz band"
000_000639.mp3,"genre Experimental; styles Avant-Garde, Experimental; tags eric leonardson and steve barsotti"
000_000640.mp3,"genre Spoken; styles Radio, Radio Art, Spoken; tags eric leonardson and anna friz"
000_000641.mp3,"genre Electronic; styles Electronic; tags austin, ethan persoff"
000_000642.mp3,"genre Electronic; styles Electronic; tags austin, ethan persoff"
000_000643.mp3,"genre Electronic; styles Electronic; tags austin, ethan persoff"
000_000798.mp3,genre Rock; styles Rock; tags glove compartment
000_000799.mp3,"genre Experimental; styles Experimental; tags portland, grouper"
000_000800.mp3,"genre Experimental; styles Experimental; tags portland, grouper"
000_000801.mp3,"genre Experimental; styles Experimental; tags portland, grouper"
000_000803.mp3,"genre Rock; styles Punk, Rock; tags columbus, guinea worms"
000_000846.mp3,genre Rock; styles Rock; tags heroin uk
000_000847.mp3,genre Pop; styles Pop; tags holzkopf
000_000850.mp3,"genre Rock; styles Rock; tags baltimore, human host, wham city"
000_000851.mp3,"genre Rock; styles Rock; tags baltimore, human host, wham city"
000_000852.mp3,"genre Rock; styles Rock; tags baltimore, human host, wham city"
000_000900.mp3,"styles Improv, Instrumental, Experimental; tags j andersons brooxx"
000_000901.mp3,"styles Improv, Instrumental, Experimental; tags j andersons brooxx"
000_000902.mp3,"styles Improv, Instrumental, Experimental; tags j andersons brooxx"
000_000903.mp3,"styles Improv, Instrumental, Experimental; tags j andersons brooxx"
000_000904.mp3,"genre Spoken; styles Spoken Weird, Spoken; tags jad fair"
000_000905.mp3,"genre Spoken; styles Spoken Weird, Spoken; tags jad fair"
000_000906.mp3,"genre Spoken; styles Spoken Weird, Spoken; tags jad fair"
000_000907.mp3,"genre Spoken; styles Spoken Weird, Spoken; tags jad fair"
000_000908.mp3,"genre Spoken; styles Spoken Weird, Spoken; tags jad fair"
000_000909.mp3,"genre Spoken; styles Spoken Weird, Spoken; tags jad fair"
000_000955.mp3,"genre Spoken; styles Spoken Weird, Spoken; tags jad fair"
000_000956.mp3,"genre Spoken; styles Spoken Weird, Spoken; tags jad fair"
000_000957.mp3,"genre Spoken; styles Spoken Weird, Spoken; tags jad fair"
000_000958.mp3,"genre Spoken; styles Spoken Weird, Spoken; tags jad fair"
000_000959.mp3,"genre Spoken; styles Spoken Weird, Spoken; tags jad fair"
000_000965.mp3,"genre Spoken; styles Spoken Weird, Spoken; tags jad fair"
000_000966.mp3,"genre Spoken; styles Spoken Weird, Spoken; tags jad fair"
000_000967.mp3,"genre Spoken; styles Spoken Weird, Spoken; tags jad fair"
000_000968.mp3,"genre Spoken; styles Spoken Weird, Spoken; tags jad fair"
000_000969.mp3,"genre Spoken; styles Spoken Weird, Spoken; tags jad fair"
000_000990.mp3,"genre Experimental; styles Experimental, Field Recordings; tags jailberg"
000_000991.mp3,"genre Rock; styles Rock; tags baltimore, jason willett"
000_000996.mp3,"genre Experimental; styles Noise, Experimental; tags kevin shields"
000_000999.mp3,"genre Experimental; styles Noise, Experimental; tags kevin shields"
001_001000.mp3,"genre Experimental; styles Noise, Experimental; tags kevin shields"
001_001021.mp3,genre Jazz; styles Jazz; tags kyle bruckmann
001_001024.mp3,"genre Rock; styles Loud-Rock, Rock, Noise-Rock; tags landed"
001_001025.mp3,"Recorded live at WSMU in 1999, University of Dartmouth Radio (now 89.3 WUMD-FM); genre Rock; styles Loud-Rock, Rock, Noise-Rock; tags landed"
001_001026.mp3,"genre Rock; styles Loud-Rock, Rock, Noise-Rock; tags landed"
001_001027.mp3,"genre Rock; styles Rock; tags providence, lazy magnet"
001_001030.mp3,"genre Rock; styles Loud-Rock, Rock, Noise-Rock; tags leprechaun catering"
001_001031.mp3,"genre Rock; styles Loud-Rock, Rock, Noise-Rock; tags leprechaun catering"
001_001032.mp3,"genre Rock; styles Loud-Rock, Rock, Noise-Rock; tags leprechaun catering"
001_001033.mp3,"genre Rock; styles Loud-Rock, Rock, Noise-Rock; tags leprechaun catering"
001_001034.mp3,"genre Spoken; styles Spoken Weird, Spoken; tags baltimore, lexie mountain boys"
001_001214.mp3,"genre Electronic; styles Electronic; tags providence, mudboy"
001_001215.mp3,"styles Minimal Electronic, Minimalism, Experimental, Electronic; tags providence, mudboy"
001_001216.mp3,"tags providence, mudboy"
001_001217.mp3,"tags providence, mudboy"
001_001218.mp3,"genre Electronic; styles Electronic; tags providence, mudboy"
001_001234.mp3,"styles Minimal Electronic, Minimalism, Experimental, Electronic; tags providence, mudboy"
001_001235.mp3,"styles Minimal Electronic, Minimalism, Experimental, Electronic; tags providence, mudboy"
001_001236.mp3,"http://creativecommons.org/licenses/by-nc-sa/3.0/us http://www.mudboymusic.com/ a Last Visible Dog release; styles Minimal Electronic, Minimalism, Experimental, Electronic; tags providence, mudboy"
001_001237.mp3,"styles Minimal Electronic, Minimalism, Experimental, Electronic; tags providence, mudboy"
001_001238.mp3,"styles Experimental, Electronic; tags providence, mudboy"
001_001313.mp3,"genre Folk; styles Folk, Singer-Songwriter; tags nicky andrews"
001_001314.mp3,genre Electronic; styles Electronic; tags nicky andrews
001_001315.mp3,genre Electronic; styles Electronic; tags nicky andrews
001_001316.mp3,genre Electronic; styles Electronic; tags nicky andrews
001_001317.mp3,"genre Folk; styles Folk, Singer-Songwriter; tags nicky andrews"
001_001378.mp3,genre Rock; styles Rock; tags olneyville sound system
001_001380.mp3,genre Rock; styles Rock; tags padna
001_001381.mp3,"genre Rock; styles Electro-Punk, Punk, Rock; tags parsley flakes"
001_001384.mp3,"styles Old-Time / Historic, International; tags patrick j touhey"
001_001412.mp3,genre Rock; styles Rock; tags phallic suns
001_001423.mp3,genre Rock; styles Rock; tags plastic crimewave sound
001_001424.mp3,genre Rock; styles Rock; tags plastic crimewave sound
001_001425.mp3,genre Rock; styles Rock; tags plastic crimewave sound
001_001426.mp3,Live performance of a new song from 2008; genre Rock; styles Rock; tags plastic crimewave sound
001_001428.mp3,genre Electronic; styles Electronic; tags pleasurehorse
001_001637.mp3,genre Electronic; styles Electronic; tags snacks
001_001639.mp3,genre Electronic; styles Electronic; tags snacks
001_001641.mp3,"genre Rock; styles Punk, Rock; tags snake apartment"
001_001643.mp3,"genre Pop; styles Pop; tags tuam ireland pop punk noise korea, so cow"
001_001645.mp3,"genre Pop; styles Pop; tags tuam ireland pop punk noise korea, so cow"
001_001662.mp3,"genre Pop; styles Pop; tags tuam ireland pop punk noise korea, so cow"
001_001664.mp3,genre Pop; styles Pop; tags softboiled eggies
001_001665.mp3,genre Pop; styles Pop; tags softboiled eggies
001_001667.mp3,"genre Experimental; styles Experimental, Field Recordings; tags solemn man"
001_001668.mp3,"genre Experimental; styles Experimental, Field Recordings; tags solemn man"
001_001679.mp3,genre Electronic; styles Electronic; tags solomonoff and von hoffmannstahl
001_001690.mp3,genre Rock; styles Rock; tags soup purse
001_001691.mp3,"genre Pop; styles Pop; tags philly, sparrow steeple"
001_001692.mp3,"genre Pop; styles Pop; tags philly, sparrow steeple"
001_001693.mp3,"genre Pop; styles Pop; tags philly, sparrow steeple"
001_001727.mp3,genre Rock; styles Rock; tags tits
001_001728.mp3,genre Rock; styles Rock; tags tits
001_001731.mp3,"genre Experimental; styles Experimental; tags baltimore, teeth mountain"
001_001737.mp3,"genre Experimental; styles Experimental; tags baltimore, teeth mountain"
001_001740.mp3,"genre Rock; styles Rock; tags columbus, the lindsay"
001_001892.mp3,"styles Folk, Psych-Rock, Rock, Psych-Folk; tags tommy jay, columbus, ohio"
001_001895.mp3,"genre Folk; styles Folk; tags tommy jay, columbus, ohio"
001_001902.mp3,genre Rock; styles Rock; tags mors ontologica
001_001909.mp3,genre Folk; styles Folk; tags traveling bell
001_001910.mp3,"genre Experimental; styles Noise, Experimental; tags trockeneis"
002_002082.mp3,"genre Electronic; styles Electronic; tags bay area, thomas dimuzio"
002_002098.mp3,"genre Experimental; styles Avant-Garde, Experimental; tags san francisco, death sentence panda"
002_002100.mp3,"genre Experimental; styles Experimental, Audio Collage; tags lucky dragons"
002_002101.mp3,"genre Experimental; styles Experimental, Audio Collage; tags lucky dragons"
002_002102.mp3,"genre Experimental; styles Experimental, Audio Collage; tags lucky dragons"
002_002129.mp3,genre Rock; styles Rock; tags bolmongani
002_002624.mp3,"styles Ambient Electronic, Drone, Experimental, Electronic; tags harmonia"
003_003154.mp3,"genre Experimental; styles Avant-Garde, Experimental; tags lafms, solid eye"
003_003225.mp3,genre Electronic; styles Electronic
003_003256.mp3,"styles Indie-Rock, Rock, Electronic; tags adept"
003_003262.mp3,"styles Indie-Rock, Rock, Electronic; tags adept"
003_003267.mp3,"genre Folk; styles Folk; tags japan psychedelic rockfolk, ai aso"
003_003269.mp3,"Engineered by Diane Farris and Stu Rutherford http://creativecommons.org/licenses/by-nc-sa/3.0/us/legalcode http://www.myspace.com/sfapache; genre Rock; styles Rock, Garage; tags apache"
003_003276.mp3,tags ariel pinks haunted graffiti
003_003277.mp3,"styles Pop, Lo-Fi, Rock; tags ariel pinks haunted graffiti"
003_003291.mp3,"genre Spoken; styles Radio, Spoken, Interview; tags free-folk, finnish, psych-folk, finland, finnish underground, avarus"
003_003314.mp3,genre Pop; styles Pop; tags the baskervilles
003_003315.mp3,genre Folk; styles Folk; tags benjamin wetherill
003_003316.mp3,genre Hip-Hop; styles Hip-Hop; tags big digits
003_003317.mp3,genre Hip-Hop; styles Hip-Hop; tags big digits
003_003353.mp3,"Engineered by Diane Farris and Stu Rutherford http://creativecommons.org/licenses/by-nc-sa/3.0/us/legalcode http://www.myspace.com/sfapache; genre Rock; styles Rock, Garage; tags apache"
003_003354.mp3,"Engineered by Diane Farris and Stu Rutherford http://creativecommons.org/licenses/by-nc-sa/3.0/us/legalcode http://www.myspace.com/sfapache; genre Rock; styles Rock, Garage; tags apache"
003_003355.mp3,"Engineered by Diane Farris and Stu Rutherford http://creativecommons.org/licenses/by-nc-sa/3.0/us/legalcode http://www.myspace.com/sfapache; genre Rock; styles Rock, Garage; tags apache"
003_003356.mp3,"Engineered by Diane Farris and Stu Rutherford http://creativecommons.org/licenses/by-nc-sa/3.0/us/legalcode http://www.myspace.com/sfapache; genre Rock; styles Rock, Garage; tags apache"
003_003357.mp3,genre Pop; styles Pop; tags the baskervilles
003_003375.mp3,"genre Experimental; styles Experimental, Audio Collage; tags blanketship"
003_003377.mp3,"genre Experimental; styles Experimental, Audio Collage; tags blanketship"
003_003379.mp3,"genre Experimental; styles Experimental, Audio Collage; tags blanketship"
003_003380.mp3,"genre Experimental; styles Experimental, Audio Collage; tags blanketship"
003_003382.mp3,"http://www.gigantesound.com http://creativecommons.org/licenses/by-nc-sa/3.0/; genre Experimental; styles Experimental, Audio Collage; tags blanketship"
003_003404.mp3,"Recorded 10/25/08 Licensed under Creative Commons nc-sa-3.0 http://creativecommons.org/licenses/by-nc-sa/3.0/; genre Rock; styles Indie-Rock, Rock; tags bonne aparte"
003_003405.mp3,"Recorded 10/25/08 Licensed under Creative Commons nc-sa-3.0 http://creativecommons.org/licenses/by-nc-sa/3.0/; genre Rock; styles Indie-Rock, Rock; tags bonne aparte"
003_003406.mp3,"Recorded 10/25/08 Licensed under Creative Commons nc-sa-3.0 http://creativecommons.org/licenses/by-nc-sa/3.0/; genre Rock; styles Indie-Rock, Rock; tags bonne aparte"
003_003407.mp3,"Recorded 10/25/08 Licensed under Creative Commons nc-sa-3.0 http://creativecommons.org/licenses/by-nc-sa/3.0/; genre Rock; styles Indie-Rock, Rock; tags bonne aparte"
003_003408.mp3,"Recorded 10/25/08 Licensed under Creative Commons nc-sa-3.0 http://creativecommons.org/licenses/by-nc-sa/3.0/; genre Rock; styles Indie-Rock, Rock; tags bonne aparte"
003_003445.mp3,genre Blues; styles Blues; tags brother jt
003_003447.mp3,"Some of the Ecstatic Yod Collective's caravan of weirdos stop by WFMU during their No More Bush celebration tour. MV & EE, master musicians of lysergic rural folk, will be joined by Willie ""Gutbucket"" Lane. We'll also hear music from Zaika, the duo of Marcia Bassett from the Double Leopards and Tom Carter from Charalambides. Interspersed with the music, Valerie Webber and Byron Coley will douse their souls in gasoline and ignite them with readings from their poetry. (http://www.wfmu.org/playlists/shows/28300); genre Spoken; styles Poetry, Spoken; tags byron coley"
003_003448.mp3,"Some of the Ecstatic Yod Collective's caravan of weirdos stop by WFMU during their No More Bush celebration tour. MV & EE, master musicians of lysergic rural folk, will be joined by Willie ""Gutbucket"" Lane. We'll also hear music from Zaika, the duo of Marcia Bassett from the Double Leopards and Tom Carter from Charalambides. Interspersed with the music, Valerie Webber and Byron Coley will douse their souls in gasoline and ignite them with readings from their poetry. (http://www.wfmu.org/playlists/shows/28300); genre Spoken; styles Poetry, Spoken; tags byron coley"
003_003451.mp3,"styles Rock, Experimental; tags carla bozulichs evangelista"
003_003456.mp3,genre Electronic; styles Electronic; tags chandeliers
003_003487.mp3,genre Folk; styles Folk; tags chris moore
003_003488.mp3,"San Francisco's Citay will stop by the WFMU studios for their second appearance, this time on the triumphant heels of their latest release Little Kingdom . Expect multi-layered, orchestrated psychedelia full of delicious hooks. (http://wfmu.org/playlists/shows/26689) A live set from Mors Ontologica is also featured on this show; genre Rock; styles Rock; tags san francisco, citay"
003_003494.mp3,"San Francisco's Citay will stop by the WFMU studios for their second appearance, this time on the triumphant heels of their latest release Little Kingdom . Expect multi-layered, orchestrated psychedelia full of delicious hooks. (http://wfmu.org/playlists/shows/26689) A live set from Mors Ontologica is also featured on this show; genre Rock; styles Rock; tags san francisco, citay"
003_003496.mp3,"San Francisco's Citay stop by the WFMU studios for their second appearance, this time on the triumphant heels of their latest release Little Kingdom . Expect multi-layered, orchestrated psychedelia full of delicious hooks. (http://wfmu.org/playlists/shows/26689) A live set from Mos Ontologica is also featured from this show; genre Rock; styles Rock; tags san francisco, citay"
003_003498.mp3,"San Francisco's Citay stop by the WFMU studios for their second appearance, this time on the triumphant heels of their latest release Little Kingdom . Expect multi-layered, orchestrated psychedelia full of delicious hooks. (http://wfmu.org/playlists/shows/26689) A live set from Mos Ontologica is also featured from this show; genre Rock; styles Rock; tags san francisco, citay"
003_003539.mp3,"Liz B broadcast a live set from Cryptacize today on her new afternoon timeslot. Cryptacize is the new project of Chris Cohen (ex-Deerhoof), Nedelle Torisi (Kill Rock Stars solo artist), and Michael Carreira (YouTube cowbell player extraordinaire ). Taking its roots from Cohen's earlier project The Curtains , Cryptacize crystallized across from the C&H Sugar Factory in Crockett, CA. Their sweet mini-pop elements get twisted around as Chris Cohen's guitar chops weave their way around Nedelle's vocals, punctuated by Michael's percussion grab-bag. Cryptacize is touring their way through Tennessee and Texas towards Los Angeles, then flying to Europe for some more shows in early July. Tourdates are posted on their myspace . They'll have copies of their Asthmattic Kitty debut Dig That Treasure , and their Unusual Animals Vol. 4 split 7'' with Why? (featuring a great cover of ""Peg"" by Steely Dan!). Cryptacize live on Liz B's show 6/16/08 ( playlist and archive w/ interview) Engineered 6/13/08 by Richard Rusincovitch (via Jason Sigal at Beware of the Blog); genre Pop; styles Pop, Experimental Pop; tags cryptacize, bay area"
003_003540.mp3,"Liz B broadcast a live set from Cryptacize today on her new afternoon timeslot. Cryptacize is the new project of Chris Cohen (ex-Deerhoof), Nedelle Torisi (Kill Rock Stars solo artist), and Michael Carreira (YouTube cowbell player extraordinaire ). Taking its roots from Cohen's earlier project The Curtains , Cryptacize crystallized across from the C&H Sugar Factory in Crockett, CA. Their sweet mini-pop elements get twisted around as Chris Cohen's guitar chops weave their way around Nedelle's vocals, punctuated by Michael's percussion grab-bag. Cryptacize is touring their way through Tennessee and Texas towards Los Angeles, then flying to Europe for some more shows in early July. Tourdates are posted on their myspace . They'll have copies of their Asthmattic Kitty debut Dig That Treasure , and their Unusual Animals Vol. 4 split 7'' with Why? (featuring a great cover of ""Peg"" by Steely Dan!). Cryptacize live on Liz B's show 6/16/08 ( playlist and archive w/ interview) Engineered 6/13/08 by Richard Rusincovitch (via Jason Sigal at Beware of the Blog); genre Pop; styles Pop, Experimental Pop; tags cryptacize, bay area"
003_003541.mp3,"Formed in the prolific musical environments of North Brooklyn and the now late NYC record store Rocks in Your Head, Crystal Stilts began as a duo, making stripped-down, moody pop songs. The band has fleshed out their sound with a full line-up and has developed into a live force to be reckoned with - bringing to mind the well-loved UK/Kiwi pop axis of Creation/Cherry Red/Flying Nun (think the Smiths, House of Love, Doublehappys, and Felt), as well as 60's staples like the Velvet Underground's third record and Detroit legends, the Index. Crystal Stilts are one of those rare bands who can capture the reflective end-of-summer sound. (http://www.wfmu.org/playlists/shows/28601); genre Rock; styles Rock, Garage; tags crystal stilts"
003_003542.mp3,"Formed in the prolific musical environments of North Brooklyn and the now late NYC record store Rocks in Your Head, Crystal Stilts began as a duo, making stripped-down, moody pop songs. The band has fleshed out their sound with a full line-up and has developed into a live force to be reckoned with - bringing to mind the well-loved UK/Kiwi pop axis of Creation/Cherry Red/Flying Nun (think the Smiths, House of Love, Doublehappys, and Felt), as well as 60's staples like the Velvet Underground's third record and Detroit legends, the Index. Crystal Stilts are one of those rare bands who can capture the reflective end-of-summer sound. (http://www.wfmu.org/playlists/shows/28601); genre Rock; styles Rock, Garage; tags crystal stilts"
003_003543.mp3,"Formed in the prolific musical environments of North Brooklyn and the now late NYC record store Rocks in Your Head, Crystal Stilts began as a duo, making stripped-down, moody pop songs. The band has fleshed out their sound with a full line-up and has developed into a live force to be reckoned with - bringing to mind the well-loved UK/Kiwi pop axis of Creation/Cherry Red/Flying Nun (think the Smiths, House of Love, Doublehappys, and Felt), as well as 60's staples like the Velvet Underground's third record and Detroit legends, the Index. Crystal Stilts are one of those rare bands who can capture the reflective end-of-summer sound. (http://www.wfmu.org/playlists/shows/28601); genre Rock; styles Rock, Garage; tags crystal stilts"
003_003553.mp3,Recorded 3/31/2005 Engineered by Joe Belock http://creativecommons.org/licenses/by-nc-sa/3.0/; genre Rock; styles Rock; tags dmbq
003_003554.mp3,Recorded 3/31/2005 Engineered by Joe Belock http://creativecommons.org/licenses/by-nc-sa/3.0/; genre Rock; styles Rock; tags dmbq
003_003556.mp3,"Engineered by Jason Engle, released on double cdr by Dan Deacon in 2004. http://creativecommons.org/licenses/by-nc-sa/3.0; genre Electronic; styles Electronic; tags wham city, dan deacon, baltimore"
003_003562.mp3,"Engineered by Jason Engle, released on double cdr by Dan Deacon in 2004. http://creativecommons.org/licenses/by-nc-sa/3.0; genre Electronic; styles Electronic; tags wham city, dan deacon, baltimore"
003_003565.mp3,"Engineered by Jason Engle, released on double cdr by Dan Deacon in 2004. http://creativecommons.org/licenses/by-nc-sa/3.0; genre Electronic; styles Electronic; tags wham city, dan deacon, baltimore"
003_003590.mp3,"genre International; styles International; tags pop, khmer, rock, cambodia, dengue fever"
003_003591.mp3,"genre Spoken; styles Radio, Spoken, Interview; tags pop, khmer, rock, cambodia, dengue fever"
003_003592.mp3,"genre Rock; styles Post-Punk, Rock, Punk; tags baltimore, double dagger"
003_003593.mp3,"genre Rock; styles Post-Punk, Rock, Punk; tags baltimore, double dagger"
003_003594.mp3,"genre Rock; styles Post-Punk, Rock, Punk; tags baltimore, double dagger"
003_003602.mp3,"Live at WFMU on Stork's show 7/21/1996. engineered by Jesse Cannon and Diane Farris; genre Rock; styles Indie-Rock, Rock; tags emma peel"
003_003605.mp3,"Live at WFMU on Stork's show 7/21/1996. engineered by Jesse Cannon and Diane Farris; genre Rock; styles Indie-Rock, Rock; tags emma peel"
003_003607.mp3,"Live at WFMU on Stork's show 7/21/1996. engineered by Jesse Cannon and Diane Farris; genre Rock; styles Indie-Rock, Rock; tags emma peel"
003_003608.mp3,"Live at WFMU on Stork's show 7/21/1996. engineered by Jesse Cannon and Diane Farris; genre Rock; styles Indie-Rock, Rock; tags emma peel"
003_003610.mp3,"genre Electronic; styles Ambient Electronic, Electronic; tags fm3"
003_003617.mp3,"School may be back in session, but you can put away your compass and protractor; your ears are all you need to map the connection from The Kinks and Downliners Sect via The Prisoners and Thee Headcoats to today's hottest British beat-punk sensations, The Fallen Leaves! Featuring original Subway Sect guitarist Rob Symmons, among other luminaries, the Fallen Leaves cap off their whirlwind first-ever visit to the USA with a live set on WFMU! Their new album It's Too Late Now (Parliament) picked up a four-star review from London's Sunday Times -- tune in and hear why! FALLEN LEAVES live on WFMU engineered by Diane Farris Rev. Rob Green - vocals Rob Symmons - guitar Gareth Evans - bass Ian O'Sullivan - drums (http://www.wfmu.org/playlists/shows/28636); genre Rock; styles Post-Punk, Rock, Punk; tags fallen leaves"
003_003619.mp3,"School may be back in session, but you can put away your compass and protractor; your ears are all you need to map the connection from The Kinks and Downliners Sect via The Prisoners and Thee Headcoats to today's hottest British beat-punk sensations, The Fallen Leaves! Featuring original Subway Sect guitarist Rob Symmons, among other luminaries, the Fallen Leaves cap off their whirlwind first-ever visit to the USA with a live set on WFMU! Their new album It's Too Late Now (Parliament) picked up a four-star review from London's Sunday Times -- tune in and hear why! FALLEN LEAVES live on WFMU engineered by Diane Farris Rev. Rob Green - vocals Rob Symmons - guitar Gareth Evans - bass Ian O'Sullivan - drums (http://www.wfmu.org/playlists/shows/28636); genre Rock; styles Post-Punk, Rock, Punk; tags fallen leaves"
003_003621.mp3,"School may be back in session, but you can put away your compass and protractor; your ears are all you need to map the connection from The Kinks and Downliners Sect via The Prisoners and Thee Headcoats to today's hottest British beat-punk sensations, The Fallen Leaves! Featuring original Subway Sect guitarist Rob Symmons, among other luminaries, the Fallen Leaves cap off their whirlwind first-ever visit to the USA with a live set on WFMU! Their new album It's Too Late Now (Parliament) picked up a four-star review from London's Sunday Times -- tune in and hear why! FALLEN LEAVES live on WFMU engineered by Diane Farris Rev. Rob Green - vocals Rob Symmons - guitar Gareth Evans - bass Ian O'Sullivan - drums (http://www.wfmu.org/playlists/shows/28636); genre Rock; styles Post-Punk, Rock, Punk; tags fallen leaves"
003_003622.mp3,"School may be back in session, but you can put away your compass and protractor; your ears are all you need to map the connection from The Kinks and Downliners Sect via The Prisoners and Thee Headcoats to today's hottest British beat-punk sensations, The Fallen Leaves! Featuring original Subway Sect guitarist Rob Symmons, among other luminaries, the Fallen Leaves cap off their whirlwind first-ever visit to the USA with a live set on WFMU! Their new album It's Too Late Now (Parliament) picked up a four-star review from London's Sunday Times -- tune in and hear why! FALLEN LEAVES live on WFMU engineered by Diane Farris Rev. Rob Green - vocals Rob Symmons - guitar Gareth Evans - bass Ian O'Sullivan - drums (http://www.wfmu.org/playlists/shows/28636); genre Rock; styles Post-Punk, Rock, Punk; tags fallen leaves"
003_003625.mp3,"School may be back in session, but you can put away your compass and protractor; your ears are all you need to map the connection from The Kinks and Downliners Sect via The Prisoners and Thee Headcoats to today's hottest British beat-punk sensations, The Fallen Leaves! Featuring original Subway Sect guitarist Rob Symmons, among other luminaries, the Fallen Leaves cap off their whirlwind first-ever visit to the USA with a live set on WFMU! Their new album It's Too Late Now (Parliament) picked up a four-star review from London's Sunday Times -- tune in and hear why! FALLEN LEAVES live on WFMU engineered by Diane Farris Rev. Rob Green - vocals Rob Symmons - guitar Gareth Evans - bass Ian O'Sullivan - drums (http://www.wfmu.org/playlists/shows/28636); genre Rock; styles Post-Punk, Rock, Punk; tags fallen leaves"
003_003670.mp3,"genre Rock; styles Rock, Garage; tags great plains"
003_003671.mp3,"genre Rock; styles Rock, Garage; tags great plains"
003_003672.mp3,"genre Rock; styles Rock, Garage; tags great plains"
003_003678.mp3,http://creativecommons.org/licenses/by-nc-nd/3.0/; tags haale
003_003679.mp3,"Unleashed upon the public in the summer of 2005, The Hank Four is a San Francisco five-piece rock combo trafficking in a mix of dual-guitar histrionics, panic-skiffle drum beats, primitive craw-stick melodics, and straw-boss vocal gymnastics. Includes former members of Icky Boyfriends, The Roofies, Resineators, and The Leather Uppers. Likely to appeal to fans of Thomas Jefferson Slave Apartments, Flipper, and Country Teasers. www.hankiv.com. The band is: Anthony Bedard (Vocal, guitar), Chris Portfolio (Bass), Andy Oglesby (Guitar), Don Alan (Drums), Bob McDonald (Lead Vox). Songs: Crime of the Scene / Family As Old As Adam / Melonhead / Mimehunter / Got Got? / Tonight We Ride / Hole In My Eye (http://www.wfmu.org/playlists/shows/17224); genre Rock; styles Rock; tags san francisco, hank iv"
003_003680.mp3,"From San Francisco the incredible HANK IV (ex-Leather Uppers and Icky Boyfriends), whose full on propulsive sound somehow calls to mind a sick combination of the Volcano Suns and Blue Cheer and Chain Gang! Live set from HANK IV! engineered by Diane Farris associate producers Liz French and Evan ""Funk"" Davies Bob McDonald - vocals Anthony Bedard - guitar/vocals Andy Oglesby - guitar Chris Portfolio - bass Don Alan - drums; genre Rock; styles Rock; tags san francisco, hank iv"
003_003682.mp3,"From San Francisco the incredible HANK IV (ex-Leather Uppers and Icky Boyfriends), whose full on propulsive sound somehow calls to mind a sick combination of the Volcano Suns and Blue Cheer and Chain Gang! Live set from HANK IV! engineered by Diane Farris associate producers Liz French and Evan ""Funk"" Davies Bob McDonald - vocals Anthony Bedard - guitar/vocals Andy Oglesby - guitar Chris Portfolio - bass Don Alan - drums; genre Rock; styles Rock; tags san francisco, hank iv"
003_003683.mp3,"Unleashed upon the public in the summer of 2005, The Hank Four is a San Francisco five-piece rock combo trafficking in a mix of dual-guitar histrionics, panic-skiffle drum beats, primitive craw-stick melodics, and straw-boss vocal gymnastics. Includes former members of Icky Boyfriends, The Roofies, Resineators, and The Leather Uppers. Likely to appeal to fans of Thomas Jefferson Slave Apartments, Flipper, and Country Teasers. www.hankiv.com. The band is: Anthony Bedard (Vocal, guitar), Chris Portfolio (Bass), Andy Oglesby (Guitar), Don Alan (Drums), Bob McDonald (Lead Vox). Songs: Crime of the Scene / Family As Old As Adam / Melonhead / Mimehunter / Got Got? / Tonight We Ride / Hole In My Eye (http://www.wfmu.org/playlists/shows/17224); genre Rock; styles Rock; tags san francisco, hank iv"
003_003684.mp3,"Unleashed upon the public in the summer of 2005, The Hank Four is a San Francisco five-piece rock combo trafficking in a mix of dual-guitar histrionics, panic-skiffle drum beats, primitive craw-stick melodics, and straw-boss vocal gymnastics. Includes former members of Icky Boyfriends, The Roofies, Resineators, and The Leather Uppers. Likely to appeal to fans of Thomas Jefferson Slave Apartments, Flipper, and Country Teasers. www.hankiv.com. The band is: Anthony Bedard (Vocal, guitar), Chris Portfolio (Bass), Andy Oglesby (Guitar), Scott Jones (Drums), Bob McDonald (Lead Vox). Songs today: Sorry 'Bout the Boat Race / Feeding Me Back / Get It Straight / I'm Quitting / Beaten, Threatened, Reviled and Hated / Drive the Whip / Symptomatic / My Anger / Garbage Star / (interview) / Celebrity Virgin (http://www.wfmu.org/playlists/shows/29346); genre Rock; styles Rock; tags san francisco, hank iv"
003_003685.mp3,"Unleashed upon the public in the summer of 2005, The Hank Four is a San Francisco five-piece rock combo trafficking in a mix of dual-guitar histrionics, panic-skiffle drum beats, primitive craw-stick melodics, and straw-boss vocal gymnastics. Includes former members of Icky Boyfriends, The Roofies, Resineators, and The Leather Uppers. Likely to appeal to fans of Thomas Jefferson Slave Apartments, Flipper, and Country Teasers. www.hankiv.com. The band is: Anthony Bedard (Vocal, guitar), Chris Portfolio (Bass), Andy Oglesby (Guitar), Scott Jones (Drums), Bob McDonald (Lead Vox). Songs today: Sorry 'Bout the Boat Race / Feeding Me Back / Get It Straight / I'm Quitting / Beaten, Threatened, Reviled and Hated / Drive the Whip / Symptomatic / My Anger / Garbage Star / (interview) / Celebrity Virgin (http://www.wfmu.org/playlists/shows/29346); genre Rock; styles Rock; tags san francisco, hank iv"
003_003686.mp3,"From San Francisco the incredible HANK IV (ex-Leather Uppers and Icky Boyfriends), whose full on propulsive sound somehow calls to mind a sick combination of the Volcano Suns and Blue Cheer and Chain Gang! Live set from HANK IV! engineered by Diane Farris associate producers Liz French and Evan ""Funk"" Davies Bob McDonald - vocals Anthony Bedard - guitar/vocals Andy Oglesby - guitar Chris Portfolio - bass Don Alan - drums; genre Rock; styles Rock; tags san francisco, hank iv"
003_003687.mp3,"Unleashed upon the public in the summer of 2005, The Hank Four is a San Francisco five-piece rock combo trafficking in a mix of dual-guitar histrionics, panic-skiffle drum beats, primitive craw-stick melodics, and straw-boss vocal gymnastics. Includes former members of Icky Boyfriends, The Roofies, Resineators, and The Leather Uppers. Likely to appeal to fans of Thomas Jefferson Slave Apartments, Flipper, and Country Teasers. www.hankiv.com. The band is: Anthony Bedard (Vocal, guitar), Chris Portfolio (Bass), Andy Oglesby (Guitar), Don Alan (Drums), Bob McDonald (Lead Vox). Songs: Crime of the Scene / Family As Old As Adam / Melonhead / Mimehunter / Got Got? / Tonight We Ride / Hole In My Eye (http://www.wfmu.org/playlists/shows/17224); genre Rock; styles Rock; tags san francisco, hank iv"
003_003688.mp3,"Unleashed upon the public in the summer of 2005, The Hank Four is a San Francisco five-piece rock combo trafficking in a mix of dual-guitar histrionics, panic-skiffle drum beats, primitive craw-stick melodics, and straw-boss vocal gymnastics. Includes former members of Icky Boyfriends, The Roofies, Resineators, and The Leather Uppers. Likely to appeal to fans of Thomas Jefferson Slave Apartments, Flipper, and Country Teasers. www.hankiv.com. The band is: Anthony Bedard (Vocal, guitar), Chris Portfolio (Bass), Andy Oglesby (Guitar), Scott Jones (Drums), Bob McDonald (Lead Vox). Songs today: Sorry 'Bout the Boat Race / Feeding Me Back / Get It Straight / I'm Quitting / Beaten, Threatened, Reviled and Hated / Drive the Whip / Symptomatic / My Anger / Garbage Star / (interview) / Celebrity Virgin (http://www.wfmu.org/playlists/shows/29346); genre Rock; styles Rock; tags san francisco, hank iv"
003_003689.mp3,"Unleashed upon the public in the summer of 2005, The Hank Four is a San Francisco five-piece rock combo trafficking in a mix of dual-guitar histrionics, panic-skiffle drum beats, primitive craw-stick melodics, and straw-boss vocal gymnastics. Includes former members of Icky Boyfriends, The Roofies, Resineators, and The Leather Uppers. Likely to appeal to fans of Thomas Jefferson Slave Apartments, Flipper, and Country Teasers. www.hankiv.com. The band is: Anthony Bedard (Vocal, guitar), Chris Portfolio (Bass), Andy Oglesby (Guitar), Don Alan (Drums), Bob McDonald (Lead Vox). Songs: Crime of the Scene / Family As Old As Adam / Melonhead / Mimehunter / Got Got? / Tonight We Ride / Hole In My Eye (http://www.wfmu.org/playlists/shows/17224); genre Rock; styles Rock; tags san francisco, hank iv"
003_003690.mp3,"From San Francisco the incredible HANK IV (ex-Leather Uppers and Icky Boyfriends), whose full on propulsive sound somehow calls to mind a sick combination of the Volcano Suns and Blue Cheer and Chain Gang! Live set from HANK IV! engineered by Diane Farris associate producers Liz French and Evan ""Funk"" Davies Bob McDonald - vocals Anthony Bedard - guitar/vocals Andy Oglesby - guitar Chris Portfolio - bass Don Alan - drums; genre Rock; styles Rock; tags san francisco, hank iv"
003_003691.mp3,"Unleashed upon the public in the summer of 2005, The Hank Four is a San Francisco five-piece rock combo trafficking in a mix of dual-guitar histrionics, panic-skiffle drum beats, primitive craw-stick melodics, and straw-boss vocal gymnastics. Includes former members of Icky Boyfriends, The Roofies, Resineators, and The Leather Uppers. Likely to appeal to fans of Thomas Jefferson Slave Apartments, Flipper, and Country Teasers. www.hankiv.com. The band is: Anthony Bedard (Vocal, guitar), Chris Portfolio (Bass), Andy Oglesby (Guitar), Scott Jones (Drums), Bob McDonald (Lead Vox). Songs today: Sorry 'Bout the Boat Race / Feeding Me Back / Get It Straight / I'm Quitting / Beaten, Threatened, Reviled and Hated / Drive the Whip / Symptomatic / My Anger / Garbage Star / (interview) / Celebrity Virgin (http://www.wfmu.org/playlists/shows/29346); genre Rock; styles Rock; tags san francisco, hank iv"
003_003692.mp3,"From San Francisco the incredible HANK IV (ex-Leather Uppers and Icky Boyfriends), whose full on propulsive sound somehow calls to mind a sick combination of the Volcano Suns and Blue Cheer and Chain Gang! Live set from HANK IV! engineered by Diane Farris associate producers Liz French and Evan ""Funk"" Davies Bob McDonald - vocals Anthony Bedard - guitar/vocals Andy Oglesby - guitar Chris Portfolio - bass Don Alan - drums; genre Rock; styles Rock; tags san francisco, hank iv"
003_003693.mp3,"Unleashed upon the public in the summer of 2005, The Hank Four is a San Francisco five-piece rock combo trafficking in a mix of dual-guitar histrionics, panic-skiffle drum beats, primitive craw-stick melodics, and straw-boss vocal gymnastics. Includes former members of Icky Boyfriends, The Roofies, Resineators, and The Leather Uppers. Likely to appeal to fans of Thomas Jefferson Slave Apartments, Flipper, and Country Teasers. www.hankiv.com. The band is: Anthony Bedard (Vocal, guitar), Chris Portfolio (Bass), Andy Oglesby (Guitar), Don Alan (Drums), Bob McDonald (Lead Vox). Songs: Crime of the Scene / Family As Old As Adam / Melonhead / Mimehunter / Got Got? / Tonight We Ride / Hole In My Eye (http://www.wfmu.org/playlists/shows/17224); genre Rock; styles Rock; tags san francisco, hank iv"
003_003694.mp3,"Unleashed upon the public in the summer of 2005, The Hank Four is a San Francisco five-piece rock combo trafficking in a mix of dual-guitar histrionics, panic-skiffle drum beats, primitive craw-stick melodics, and straw-boss vocal gymnastics. Includes former members of Icky Boyfriends, The Roofies, Resineators, and The Leather Uppers. Likely to appeal to fans of Thomas Jefferson Slave Apartments, Flipper, and Country Teasers. www.hankiv.com. The band is: Anthony Bedard (Vocal, guitar), Chris Portfolio (Bass), Andy Oglesby (Guitar), Scott Jones (Drums), Bob McDonald (Lead Vox). Songs today: Sorry 'Bout the Boat Race / Feeding Me Back / Get It Straight / I'm Quitting / Beaten, Threatened, Reviled and Hated / Drive the Whip / Symptomatic / My Anger / Garbage Star / (interview) / Celebrity Virgin (http://www.wfmu.org/playlists/shows/29346); genre Rock; styles Rock; tags san francisco, hank iv"
003_003695.mp3,"From San Francisco the incredible HANK IV (ex-Leather Uppers and Icky Boyfriends), whose full on propulsive sound somehow calls to mind a sick combination of the Volcano Suns and Blue Cheer and Chain Gang! Live set from HANK IV! engineered by Diane Farris associate producers Liz French and Evan ""Funk"" Davies Bob McDonald - vocals Anthony Bedard - guitar/vocals Andy Oglesby - guitar Chris Portfolio - bass Don Alan - drums; genre Rock; styles Rock; tags san francisco, hank iv"
003_003697.mp3,"Unleashed upon the public in the summer of 2005, The Hank Four is a San Francisco five-piece rock combo trafficking in a mix of dual-guitar histrionics, panic-skiffle drum beats, primitive craw-stick melodics, and straw-boss vocal gymnastics. Includes former members of Icky Boyfriends, The Roofies, Resineators, and The Leather Uppers. Likely to appeal to fans of Thomas Jefferson Slave Apartments, Flipper, and Country Teasers. www.hankiv.com. The band is: Anthony Bedard (Vocal, guitar), Chris Portfolio (Bass), Andy Oglesby (Guitar), Don Alan (Drums), Bob McDonald (Lead Vox). Songs: Crime of the Scene / Family As Old As Adam / Melonhead / Mimehunter / Got Got? / Tonight We Ride / Hole In My Eye (http://www.wfmu.org/playlists/shows/17224); genre Rock; styles Rock; tags san francisco, hank iv"
003_003699.mp3,"Unleashed upon the public in the summer of 2005, The Hank Four is a San Francisco five-piece rock combo trafficking in a mix of dual-guitar histrionics, panic-skiffle drum beats, primitive craw-stick melodics, and straw-boss vocal gymnastics. Includes former members of Icky Boyfriends, The Roofies, Resineators, and The Leather Uppers. Likely to appeal to fans of Thomas Jefferson Slave Apartments, Flipper, and Country Teasers. www.hankiv.com. The band is: Anthony Bedard (Vocal, guitar), Chris Portfolio (Bass), Andy Oglesby (Guitar), Scott Jones (Drums), Bob McDonald (Lead Vox). Songs today: Sorry 'Bout the Boat Race / Feeding Me Back / Get It Straight / I'm Quitting / Beaten, Threatened, Reviled and Hated / Drive the Whip / Symptomatic / My Anger / Garbage Star / (interview) / Celebrity Virgin (http://www.wfmu.org/playlists/shows/29346); genre Rock; styles Rock; tags san francisco, hank iv"
003_003700.mp3,"Unleashed upon the public in the summer of 2005, The Hank Four is a San Francisco five-piece rock combo trafficking in a mix of dual-guitar histrionics, panic-skiffle drum beats, primitive craw-stick melodics, and straw-boss vocal gymnastics. Includes former members of Icky Boyfriends, The Roofies, Resineators, and The Leather Uppers. Likely to appeal to fans of Thomas Jefferson Slave Apartments, Flipper, and Country Teasers. www.hankiv.com. The band is: Anthony Bedard (Vocal, guitar), Chris Portfolio (Bass), Andy Oglesby (Guitar), Scott Jones (Drums), Bob McDonald (Lead Vox). Songs today: Sorry 'Bout the Boat Race / Feeding Me Back / Get It Straight / I'm Quitting / Beaten, Threatened, Reviled and Hated / Drive the Whip / Symptomatic / My Anger / Garbage Star / (interview) / Celebrity Virgin (http://www.wfmu.org/playlists/shows/29346); genre Rock; styles Rock; tags san francisco, hank iv"
003_003701.mp3,"Unleashed upon the public in the summer of 2005, The Hank Four is a San Francisco five-piece rock combo trafficking in a mix of dual-guitar histrionics, panic-skiffle drum beats, primitive craw-stick melodics, and straw-boss vocal gymnastics. Includes former members of Icky Boyfriends, The Roofies, Resineators, and The Leather Uppers. Likely to appeal to fans of Thomas Jefferson Slave Apartments, Flipper, and Country Teasers. www.hankiv.com. The band is: Anthony Bedard (Vocal, guitar), Chris Portfolio (Bass), Andy Oglesby (Guitar), Scott Jones (Drums), Bob McDonald (Lead Vox). Songs today: Sorry 'Bout the Boat Race / Feeding Me Back / Get It Straight / I'm Quitting / Beaten, Threatened, Reviled and Hated / Drive the Whip / Symptomatic / My Anger / Garbage Star / (interview) / Celebrity Virgin (http://www.wfmu.org/playlists/shows/29346); genre Rock; styles Rock; tags san francisco, hank iv"
003_003702.mp3,"Unleashed upon the public in the summer of 2005, The Hank Four is a San Francisco five-piece rock combo trafficking in a mix of dual-guitar histrionics, panic-skiffle drum beats, primitive craw-stick melodics, and straw-boss vocal gymnastics. Includes former members of Icky Boyfriends, The Roofies, Resineators, and The Leather Uppers. Likely to appeal to fans of Thomas Jefferson Slave Apartments, Flipper, and Country Teasers. www.hankiv.com. The band is: Anthony Bedard (Vocal, guitar), Chris Portfolio (Bass), Andy Oglesby (Guitar), Scott Jones (Drums), Bob McDonald (Lead Vox). Songs today: Sorry 'Bout the Boat Race / Feeding Me Back / Get It Straight / I'm Quitting / Beaten, Threatened, Reviled and Hated / Drive the Whip / Symptomatic / My Anger / Garbage Star / (interview) / Celebrity Virgin (http://www.wfmu.org/playlists/shows/29346); genre Rock; styles Rock; tags san francisco, hank iv"
003_003703.mp3,"Unleashed upon the public in the summer of 2005, The Hank Four is a San Francisco five-piece rock combo trafficking in a mix of dual-guitar histrionics, panic-skiffle drum beats, primitive craw-stick melodics, and straw-boss vocal gymnastics. Includes former members of Icky Boyfriends, The Roofies, Resineators, and The Leather Uppers. Likely to appeal to fans of Thomas Jefferson Slave Apartments, Flipper, and Country Teasers. www.hankiv.com. The band is: Anthony Bedard (Vocal, guitar), Chris Portfolio (Bass), Andy Oglesby (Guitar), Scott Jones (Drums), Bob McDonald (Lead Vox). Songs today: Sorry 'Bout the Boat Race / Feeding Me Back / Get It Straight / I'm Quitting / Beaten, Threatened, Reviled and Hated / Drive the Whip / Symptomatic / My Anger / Garbage Star / (interview) / Celebrity Virgin (http://www.wfmu.org/playlists/shows/29346); genre Rock; styles Rock; tags san francisco, hank iv"
003_003704.mp3,"From San Francisco the incredible HANK IV (ex-Leather Uppers and Icky Boyfriends), whose full on propulsive sound somehow calls to mind a sick combination of the Volcano Suns and Blue Cheer and Chain Gang! Live set from HANK IV! engineered by Diane Farris associate producers Liz French and Evan ""Funk"" Davies Bob McDonald - vocals Anthony Bedard - guitar/vocals Andy Oglesby - guitar Chris Portfolio - bass Don Alan - drums; genre Rock; styles Rock; tags san francisco, hank iv"
003_003705.mp3,"From San Francisco the incredible HANK IV (ex-Leather Uppers and Icky Boyfriends), whose full on propulsive sound somehow calls to mind a sick combination of the Volcano Suns and Blue Cheer and Chain Gang! Live set from HANK IV! engineered by Diane Farris associate producers Liz French and Evan ""Funk"" Davies Bob McDonald - vocals Anthony Bedard - guitar/vocals Andy Oglesby - guitar Chris Portfolio - bass Don Alan - drums; genre Rock; styles Rock; tags san francisco, hank iv"
003_003709.mp3,"genre Blues; styles Blues; tags ignatz, free folk, psychedelic, avant-blues, experimental"
003_003710.mp3,"genre Blues; styles Blues; tags ignatz, free folk, psychedelic, avant-blues, experimental"
003_003735.mp3,"San Francisco home-recording multi-instrumentalist Kelley Stoltz brought his special combination of psych rock, folk, blues, and improvised pop back to WFMU. His latest LP is called ""Below the Branches"", from which he played six songs. Kelley Stoltz - guitar, electric piano, vocals Kevin Ink - guitar Shayde Sartin - bass Warren Huegel - drums Engineered by Gil Shuster. http://www.wfmu.org/playlists/shows/18594; styles Pop, Rock, Indie-Rock; tags kelley stoltz"
003_003736.mp3,"Bay Area singer/songwriter Kelley Stoltz has put out one of the best eccentric pop records of the year, Antique Glow, a shining example of what's still up the sleeve of Velvets-n-psychedelia-lovin' fellows all by their lonesome with an 8-track recording machine. Kelley's joined today by Spiral Stairs (ex-Pavement, currently of the Preston School of Industry), both playing their own tunes as well as live renditions of songs from Echo and the Bunnymen's 1980 debut LP Crocodiles (which Kelley has covered solo in its entirety on a release in 2002). We'll also be spinning some Bunnymen odddities and rarities, so get the raincoats out and smoke machines going! The band: Kelley Stoltz: Vocal, guitar, Shayde Sartin: bass, Shana Kingsley: Keyboard, Tamborine, John Hofner: Drums, Kevin Ink: Guitar. Kelley info: www.jackpinesocialclub.com, www.electriccity.org, Spiral/Pavement/Preston School of Industry info: www.matadorrecords.com Engineered by the Cosmic Cowboy. http://www.wfmu.org/playlists/shows/9457; styles Pop, Rock, Indie-Rock; tags kelley stoltz"
003_003737.mp3,"San Francisco home-recording multi-instrumentalist Kelley Stoltz brought his special combination of psych rock, folk, blues, and improvised pop back to WFMU. His latest LP is called ""Below the Branches"", from which he played six songs. Kelley Stoltz - guitar, electric piano, vocals Kevin Ink - guitar Shayde Sartin - bass Warren Huegel - drums Engineered by Gil Shuster. http://www.wfmu.org/playlists/shows/18594; styles Pop, Rock, Indie-Rock; tags kelley stoltz"
003_003738.mp3,"San Francisco home-recording multi-instrumentalist Kelley Stoltz brought his special combination of psych rock, folk, blues, and improvised pop back to WFMU. His latest LP is called ""Below the Branches"", from which he played six songs. Kelley Stoltz - guitar, electric piano, vocals Kevin Ink - guitar Shayde Sartin - bass Warren Huegel - drums Engineered by Gil Shuster. http://www.wfmu.org/playlists/shows/18594; styles Pop, Rock, Indie-Rock; tags kelley stoltz"
003_003739.mp3,"Bay Area singer/songwriter Kelley Stoltz has put out one of the best eccentric pop records of the year, Antique Glow, a shining example of what's still up the sleeve of Velvets-n-psychedelia-lovin' fellows all by their lonesome with an 8-track recording machine. Kelley's joined today by Spiral Stairs (ex-Pavement, currently of the Preston School of Industry), both playing their own tunes as well as live renditions of songs from Echo and the Bunnymen's 1980 debut LP Crocodiles (which Kelley has covered solo in its entirety on a release in 2002). We'll also be spinning some Bunnymen odddities and rarities, so get the raincoats out and smoke machines going! The band: Kelley Stoltz: Vocal, guitar, Shayde Sartin: bass, Shana Kingsley: Keyboard, Tamborine, John Hofner: Drums, Kevin Ink: Guitar. Kelley info: www.jackpinesocialclub.com, www.electriccity.org, Spiral/Pavement/Preston School of Industry info: www.matadorrecords.com Engineered by the Cosmic Cowboy. http://www.wfmu.org/playlists/shows/9457; styles Pop, Rock, Indie-Rock; tags kelley stoltz"
003_003772.mp3,"styles Folk, Pop, Rock; tags philly, kurt vile"
003_003773.mp3,"styles Folk, Pop, Rock; tags philly, kurt vile"
003_003774.mp3,"Spain's cathartic, charismatic La Troba Kung Fu is the offspring of the late great band Dusminguet. The buoyant Barcelona-area combo led by accordionist extraordinaire Joan (pronounced like ""Juan"") Garriga uses the distinctive regional Rumba Catalan style as the ""surfboard"" for genre-leaping mirth-making on their beautifully packaged debut CD / illustrated chapbook Clavell Morenet ( K-Industria Records ). This live session was recorded after their triumphant NYC debut at Lincoln Center this past July, opening for Rumba Catalan icon Peret. (http://wfmu.org/playlists/TP) Engineered by Diane Farris; genre International; styles International, Polka, Latin America; tags la troba kung-fu"
003_003780.mp3,genre Folk; styles Folk; tags larkin grimm
003_003781.mp3,genre Folk; styles Folk; tags larkin grimm
003_003787.mp3,genre Folk; styles Folk; tags larkin grimm
003_003788.mp3,genre Folk; styles Folk; tags larkin grimm
003_003789.mp3,"""an ungrateful kid "" is not the lyric on the record; genre Folk; styles Folk; tags larkin grimm"
003_003790.mp3,genre Folk; styles Folk; tags larkin grimm
003_003791.mp3,"Live at WFMU on Pat Duncan's show on April 3, 2008. http://wfmu.org/playlists/shows/26807 Engineered by Jesse Chan Setlist: Sacrifice / Sunday / Take It All / Fall from Grace / Obscene / Dance Song / Hate Me / Immigrant Song; genre Rock; styles Rock, Metal; tags laws of gravity"
003_003792.mp3,"Live at WFMU on Pat Duncan's show on April 3, 2008. http://wfmu.org/playlists/shows/26807 Engineered by Jesse Chan Setlist: Sacrifice / Sunday / Take It All / Fall from Grace / Obscene / Dance Song / Hate Me / Immigrant Song; genre Rock; styles Rock, Metal; tags laws of gravity"
003_003793.mp3,"Live at WFMU on Pat Duncan's show on April 3, 2008. http://wfmu.org/playlists/shows/26807 Engineered by Jesse Chan Setlist: Sacrifice / Sunday / Take It All / Fall from Grace / Obscene / Dance Song / Hate Me / Immigrant Song; genre Rock; styles Rock, Metal; tags laws of gravity"
003_003794.mp3,"Live at WFMU on Pat Duncan's show on April 3, 2008. http://wfmu.org/playlists/shows/26807 Engineered by Jesse Chan Setlist: Sacrifice / Sunday / Take It All / Fall from Grace / Obscene / Dance Song / Hate Me / Immigrant Song; genre Rock; styles Rock, Metal; tags laws of gravity"
003_003795.mp3,"Live at WFMU on Pat Duncan's show on April 3, 2008. http://wfmu.org/playlists/shows/26807 Engineered by Jesse Chan Setlist: Sacrifice / Sunday / Take It All / Fall from Grace / Obscene / Dance Song / Hate Me / Immigrant Song; genre Rock; styles Rock, Metal; tags laws of gravity"
003_003796.mp3,"Live at WFMU on Pat Duncan's show on April 3, 2008. http://wfmu.org/playlists/shows/26807 Engineered by Jesse Chan Setlist: Sacrifice / Sunday / Take It All / Fall from Grace / Obscene / Dance Song / Hate Me / Immigrant Song; genre Rock; styles Rock, Metal; tags laws of gravity"
003_003797.mp3,"Live at WFMU on Pat Duncan's show on April 3, 2008. http://wfmu.org/playlists/shows/26807 Engineered by Jesse Chan Setlist: Sacrifice / Sunday / Take It All / Fall from Grace / Obscene / Dance Song / Hate Me / Immigrant Song; genre Rock; styles Rock, Metal; tags laws of gravity"
003_003799.mp3,"styles Rock, Electronic; tags providence, lazy magnet"
003_003800.mp3,"styles Rock, Electronic; tags providence, lazy magnet"
003_003801.mp3,"styles Rock, Electronic; tags providence, lazy magnet"
003_003802.mp3,"styles Rock, Electronic; tags providence, lazy magnet"
003_003853.mp3,genre Folk; styles Folk; tags loch lomond
003_003860.mp3,"genre Rock; styles Punk, Psych-Rock, Rock; tags los fancy free"
003_003864.mp3,"genre Rock; styles Punk, Psych-Rock, Rock; tags los fancy free"
003_003865.mp3,"genre Rock; styles Punk, Psych-Rock, Rock; tags los fancy free"
003_003866.mp3,"Trekking up from Monterrey, Mexico and making their debut in NYC at last, Los Llamarada take equal parts No Wave nihilism and cosmos-channelling confusion, attending FMU staffers at our March SXSW show in Austin are still talking about the live greatness that is this band. Lineup: Sagan (vox, synth), Estrella (synth/vox), Johnny Noise (guitar): Danyhell (drums). See their My Space page and check out S-S (their brand new LP out is called ""Take the Sky"") and Avant for their wax. See top of the playlist page here for a video clip from the studio, and you can download the session as an MP3 in two parts; genre Rock; styles Punk, Psych-Rock, Rock, No Wave; tags los llamarada"
003_003867.mp3,"Trekking up from Monterrey, Mexico and making their debut in NYC at last, Los Llamarada take equal parts No Wave nihilism and cosmos-channelling confusion, attending FMU staffers at our March SXSW show in Austin are still talking about the live greatness that is this band. Lineup: Sagan (vox, synth), Estrella (synth/vox), Johnny Noise (guitar): Danyhell (drums). See their My Space page and check out S-S (their brand new LP out is called ""Take the Sky"") and Avant for their wax. See top of the playlist page here for a video clip from the studio, and you can download the session as an MP3 in two parts; genre Rock; styles Punk, Psych-Rock, Rock, No Wave; tags los llamarada"
003_003868.mp3,"http://creativecommons.org/licenses/by-nc-sa/3.0/us/ myspac.com/lotoballshow; genre Rock; styles Post-Punk, Rock, Punk; tags loto ball show"
003_003869.mp3,"http://creativecommons.org/licenses/by-nc-sa/3.0/us/ myspac.com/lotoballshow; genre Rock; styles Post-Punk, Rock, Punk; tags loto ball show"
003_003870.mp3,"http://creativecommons.org/licenses/by-nc-sa/3.0/us/ myspac.com/lotoballshow; genre Rock; styles Post-Punk, Rock, Punk; tags loto ball show"
003_003871.mp3,"http://creativecommons.org/licenses/by-nc-sa/3.0/us/ myspac.com/lotoballshow; genre Rock; styles Post-Punk, Rock, Punk; tags loto ball show"
003_003872.mp3,"http://creativecommons.org/licenses/by-nc-sa/3.0/us/ myspac.com/lotoballshow; genre Rock; styles Post-Punk, Rock, Punk; tags loto ball show"
003_003873.mp3,"http://creativecommons.org/licenses/by-nc-sa/3.0/us/ myspac.com/lotoballshow; genre Rock; styles Post-Punk, Rock, Punk; tags loto ball show"
003_003874.mp3,"http://creativecommons.org/licenses/by-nc-sa/3.0/us/ myspac.com/lotoballshow; genre Rock; styles Post-Punk, Rock, Punk; tags loto ball show"
003_003875.mp3,"http://creativecommons.org/licenses/by-nc-sa/3.0/us/ myspac.com/lotoballshow; genre Rock; styles Post-Punk, Rock, Punk; tags loto ball show"
003_003876.mp3,"recorded live on the Stork Club, 91.1 WFMU, creativecommons.org/licenses/by-nc-sa/3.0/us http://blissblood.com/; genre Rock; styles Indie-Rock, Rock; tags love craft"
003_003898.mp3,"Effusive thanks to: Veronica Liu (board op), Bil Bowen (assistant engineer), Jake Aron (stage hand), Katie Gentile (swag genie); genre International; styles International, Balkan; tags metrofolk"
003_003899.mp3,"Effusive thanks to: Veronica Liu (board op), Bil Bowen (assistant engineer), Jake Aron (stage hand), Katie Gentile (swag genie); genre International; styles International, Balkan; tags metrofolk"
003_003902.mp3,"British folk singer Michael Chapman recorded a string of celebrated records for the Harvest, Deram, and Decca labels beginning at the end of the 1960s. In 1970, renowned BBC disc jockey John Peel named Chapman's Fully Qualified Survivor as his favorite album of the year. Fresh from his first New York shows in over three decades, Michael performed a solo acoustic set, discussed his long musical career, and shared anecdotes about his friendships and collaborations with John Fahey, Bridget St. John, legendary Memphis producer Don Nix, Elton John, Maddy Prior and Rick Kemp of Steeleye Span, Bert Jansch, John Martyn, Mick Ronson from the Spiders From Mars, and others. (http://wfmu.org/playlists/shows/17341); genre Folk; styles Folk; tags michael chapman"
003_003903.mp3,"As a contemporary of Nick Drake, John Martyn and Roy Harper, guitarist Michael Chapman first emerged on the folk-music circuits of Cornwall, moving on to the fabled London scene. Blending elements of folk, jazz and classical styles, he created his own unique catalog of challenging, often autobiographical original compositions and established a formidable reputation as an intense live performer and musical innovator. Michael Chapman is about to release a new album and dropped by WFMU. (http://wfmu.org/playlists/shows/28936); genre Folk; styles Folk; tags michael chapman"
003_003914.mp3,Michael Holt from The Mommyheads - Michael Holt has several albums under his belt since much-beloved Mommyheads split up. Since then he's relocated to Toronto and has a newly released album called Windows. He dropped by WFMU with music al pal Greg O'Toole to play some of his quirkily beautiful song s; genre Folk; styles Folk; tags michael holt
003_003916.mp3,Michael Holt from The Mommyheads - Michael Holt has several albums under his belt since much-beloved Mommyheads split up. Since then he's relocated to Toronto and has a newly released album called Windows. He dropped by WFMU with music al pal Greg O'Toole to play some of his quirkily beautiful song s; genre Folk; styles Folk; tags michael holt
003_003917.mp3,Michael Holt from The Mommyheads - Michael Holt has several albums under his belt since much-beloved Mommyheads split up. Since then he's relocated to Toronto and has a newly released album called Windows. He dropped by WFMU with music al pal Greg O'Toole to play some of his quirkily beautiful song s; genre Folk; styles Folk; tags michael holt
003_003918.mp3,Michael Holt from The Mommyheads - Michael Holt has several albums under his belt since much-beloved Mommyheads split up. Since then he's relocated to Toronto and has a newly released album called Windows. He dropped by WFMU with music al pal Greg O'Toole to play some of his quirkily beautiful song s; genre Folk; styles Folk; tags michael holt
003_003922.mp3,"genre Electronic; styles Electronic; tags mincemeat or tenspeed, fake techno"
003_003925.mp3,"genre Rock; styles Indie-Rock, Rock; tags mink lungs"
004_004011.mp3,"genre Experimental; styles Avant-Garde, Experimental; tags providence, mudboy"
004_004012.mp3,"genre Experimental; styles Avant-Garde, Experimental; tags providence, mudboy"
004_004015.mp3,"Nalle is both Finnish for a small bear (generally a teddy bear, and named after a childhood toy of vocalist Hanna Tuulikki), and a folky psychedelic trio based in Glasgow, Scotland. Hanna's voice sounds like Bjork on helium, while Aby bowed her viola, and both wove a trippy, other-worldly blend of weird instrumentation around themselves. http://www.wfmu.org/playlists/shows/26768 Engineered by Irene Trudel; genre Folk; styles Folk; tags nalle"
004_004016.mp3,"Nalle is both Finnish for a small bear (generally a teddy bear, and named after a childhood toy of vocalist Hanna Tuulikki), and a folky psychedelic trio based in Glasgow, Scotland. Hanna's voice sounds like Bjork on helium, while Aby bowed her viola, and both wove a trippy, other-worldly blend of weird instrumentation around themselves. http://www.wfmu.org/playlists/shows/26768 Engineered by Irene Trudel; genre Folk; styles Folk; tags nalle"
004_004018.mp3,genre Jazz; styles Jazz; tags nate wooley
004_004019.mp3,"by Brian Turner via WFMU's Beware of the Blog! Back in the late 80's I walked into the Ritz in the middle of the Laughing Hyenas and watched in disbelief while singer John Brannon churned out one hell of a gutteral yowl for the duration of a whole set in almost inhuman fashion. The Hyenas channelled extreme rage through total Stooge/primal Alice Cooper mode with a somewhat bluesy Birthday Party swagger, and eventually I learned he fronted Detroit's hardcore godfathers Negative Approach in the early part of that decade. Later it all came into focus: NA were very much first-wave and represented Detroit as one of the pockets dotted around the USA (see Black Flag, Minor Threat, Bad Brains), with Brannon & company consolidating the midwest brotherhood with the Necros and Meatmen and eventually moving into early singles via Corey Rusk's Touch and Go label (originally a zine, where yes, people learned of the underground way before the internet). As far as first-wave HC goes, Negative Approach were among the most vicious feedback-pummel units going. Songs careened by in seconds, were pretty much politics-free, focusing on sheer vocal/instrumental destruction. They were inspired by not only their American peers, but UK groundbreakers like Discharge (who, like, NA, were big Stooges fans). In 2006 they returned to the stage at the Touch and Go label anniversary, with Brannon and original drummer Chris Moore augmented by Ron Sakowski on bass and Harold Richardson on guitar, reportedly wiped the place down. On the day of their recent Southpaw show, they amazingly agreed in a day's notice to come down to my show on FMU , plugged in and turned us to mush with 16 songs in 25 minutes. Negative Approach live on WFMU 5/14/08 (broadcast 5/27). Host: Brian Turner, engineer: Richard Rusinkovich (edited-for-FCC version appeared over air). Co-interviewer: Tony Rettman. Ken Freedman shot video of ""Hypocrite"" and ""Dead Stop"". Set list: Lost Cause / Can't Tell No One / Sick of Talk / Hypocrite / Dead Stop / Whatever I Do / Tied Down / Evacuate / Your Mistake / Why Be Something That You're Not / Pressure / Fair Warning / Nothing / Borstal Breakout (Sham 69) / Never Surrender (Blitz) /Solitary Confinement. http://www.wfmu.org/playlists/shows/27384 Engineered by Richard Rusincovitch; genre Rock; styles Punk, Rock, Hardcore; tags negative approach"
004_004020.mp3,"by Brian Turner via WFMU's Beware of the Blog! Back in the late 80's I walked into the Ritz in the middle of the Laughing Hyenas and watched in disbelief while singer John Brannon churned out one hell of a gutteral yowl for the duration of a whole set in almost inhuman fashion. The Hyenas channelled extreme rage through total Stooge/primal Alice Cooper mode with a somewhat bluesy Birthday Party swagger, and eventually I learned he fronted Detroit's hardcore godfathers Negative Approach in the early part of that decade. Later it all came into focus: NA were very much first-wave and represented Detroit as one of the pockets dotted around the USA (see Black Flag, Minor Threat, Bad Brains), with Brannon & company consolidating the midwest brotherhood with the Necros and Meatmen and eventually moving into early singles via Corey Rusk's Touch and Go label (originally a zine, where yes, people learned of the underground way before the internet). As far as first-wave HC goes, Negative Approach were among the most vicious feedback-pummel units going. Songs careened by in seconds, were pretty much politics-free, focusing on sheer vocal/instrumental destruction. They were inspired by not only their American peers, but UK groundbreakers like Discharge (who, like, NA, were big Stooges fans). In 2006 they returned to the stage at the Touch and Go label anniversary, with Brannon and original drummer Chris Moore augmented by Ron Sakowski on bass and Harold Richardson on guitar, reportedly wiped the place down. On the day of their recent Southpaw show, they amazingly agreed in a day's notice to come down to my show on FMU , plugged in and turned us to mush with 16 songs in 25 minutes. Negative Approach live on WFMU 5/14/08 (broadcast 5/27). Host: Brian Turner, engineer: Richard Rusinkovich (edited-for-FCC version appeared over air). Co-interviewer: Tony Rettman. Ken Freedman shot video of ""Hypocrite"" and ""Dead Stop"". Set list: Lost Cause / Can't Tell No One / Sick of Talk / Hypocrite / Dead Stop / Whatever I Do / Tied Down / Evacuate / Your Mistake / Why Be Something That You're Not / Pressure / Fair Warning / Nothing / Borstal Breakout (Sham 69) / Never Surrender (Blitz) /Solitary Confinement. http://www.wfmu.org/playlists/shows/27384 Engineered by Richard Rusincovitch; genre Rock; styles Punk, Rock, Hardcore; tags negative approach"
004_004021.mp3,"by Brian Turner via WFMU's Beware of the Blog! Back in the late 80's I walked into the Ritz in the middle of the Laughing Hyenas and watched in disbelief while singer John Brannon churned out one hell of a gutteral yowl for the duration of a whole set in almost inhuman fashion. The Hyenas channelled extreme rage through total Stooge/primal Alice Cooper mode with a somewhat bluesy Birthday Party swagger, and eventually I learned he fronted Detroit's hardcore godfathers Negative Approach in the early part of that decade. Later it all came into focus: NA were very much first-wave and represented Detroit as one of the pockets dotted around the USA (see Black Flag, Minor Threat, Bad Brains), with Brannon & company consolidating the midwest brotherhood with the Necros and Meatmen and eventually moving into early singles via Corey Rusk's Touch and Go label (originally a zine, where yes, people learned of the underground way before the internet). As far as first-wave HC goes, Negative Approach were among the most vicious feedback-pummel units going. Songs careened by in seconds, were pretty much politics-free, focusing on sheer vocal/instrumental destruction. They were inspired by not only their American peers, but UK groundbreakers like Discharge (who, like, NA, were big Stooges fans). In 2006 they returned to the stage at the Touch and Go label anniversary, with Brannon and original drummer Chris Moore augmented by Ron Sakowski on bass and Harold Richardson on guitar, reportedly wiped the place down. On the day of their recent Southpaw show, they amazingly agreed in a day's notice to come down to my show on FMU , plugged in and turned us to mush with 16 songs in 25 minutes. Negative Approach live on WFMU 5/14/08 (broadcast 5/27). Host: Brian Turner, engineer: Richard Rusinkovich (edited-for-FCC version appeared over air). Co-interviewer: Tony Rettman. Ken Freedman shot video of ""Hypocrite"" and ""Dead Stop"". Set list: Lost Cause / Can't Tell No One / Sick of Talk / Hypocrite / Dead Stop / Whatever I Do / Tied Down / Evacuate / Your Mistake / Why Be Something That You're Not / Pressure / Fair Warning / Nothing / Borstal Breakout (Sham 69) / Never Surrender (Blitz) /Solitary Confinement. http://www.wfmu.org/playlists/shows/27384 Engineered by Richard Rusincovitch; genre Rock; styles Punk, Rock, Hardcore; tags negative approach"
004_004023.mp3,"by Brian Turner via WFMU's Beware of the Blog! Back in the late 80's I walked into the Ritz in the middle of the Laughing Hyenas and watched in disbelief while singer John Brannon churned out one hell of a gutteral yowl for the duration of a whole set in almost inhuman fashion. The Hyenas channelled extreme rage through total Stooge/primal Alice Cooper mode with a somewhat bluesy Birthday Party swagger, and eventually I learned he fronted Detroit's hardcore godfathers Negative Approach in the early part of that decade. Later it all came into focus: NA were very much first-wave and represented Detroit as one of the pockets dotted around the USA (see Black Flag, Minor Threat, Bad Brains), with Brannon & company consolidating the midwest brotherhood with the Necros and Meatmen and eventually moving into early singles via Corey Rusk's Touch and Go label (originally a zine, where yes, people learned of the underground way before the internet). As far as first-wave HC goes, Negative Approach were among the most vicious feedback-pummel units going. Songs careened by in seconds, were pretty much politics-free, focusing on sheer vocal/instrumental destruction. They were inspired by not only their American peers, but UK groundbreakers like Discharge (who, like, NA, were big Stooges fans). In 2006 they returned to the stage at the Touch and Go label anniversary, with Brannon and original drummer Chris Moore augmented by Ron Sakowski on bass and Harold Richardson on guitar, reportedly wiped the place down. On the day of their recent Southpaw show, they amazingly agreed in a day's notice to come down to my show on FMU , plugged in and turned us to mush with 16 songs in 25 minutes. Negative Approach live on WFMU 5/14/08 (broadcast 5/27). Host: Brian Turner, engineer: Richard Rusinkovich (edited-for-FCC version appeared over air). Co-interviewer: Tony Rettman. Ken Freedman shot video of ""Hypocrite"" and ""Dead Stop"". Set list: Lost Cause / Can't Tell No One / Sick of Talk / Hypocrite / Dead Stop / Whatever I Do / Tied Down / Evacuate / Your Mistake / Why Be Something That You're Not / Pressure / Fair Warning / Nothing / Borstal Breakout (Sham 69) / Never Surrender (Blitz) /Solitary Confinement. http://www.wfmu.org/playlists/shows/27384 Engineered by Richard Rusincovitch; genre Rock; styles Punk, Rock, Hardcore; tags negative approach"
004_004026.mp3,"by Brian Turner via WFMU's Beware of the Blog! Back in the late 80's I walked into the Ritz in the middle of the Laughing Hyenas and watched in disbelief while singer John Brannon churned out one hell of a gutteral yowl for the duration of a whole set in almost inhuman fashion. The Hyenas channelled extreme rage through total Stooge/primal Alice Cooper mode with a somewhat bluesy Birthday Party swagger, and eventually I learned he fronted Detroit's hardcore godfathers Negative Approach in the early part of that decade. Later it all came into focus: NA were very much first-wave and represented Detroit as one of the pockets dotted around the USA (see Black Flag, Minor Threat, Bad Brains), with Brannon & company consolidating the midwest brotherhood with the Necros and Meatmen and eventually moving into early singles via Corey Rusk's Touch and Go label (originally a zine, where yes, people learned of the underground way before the internet). As far as first-wave HC goes, Negative Approach were among the most vicious feedback-pummel units going. Songs careened by in seconds, were pretty much politics-free, focusing on sheer vocal/instrumental destruction. They were inspired by not only their American peers, but UK groundbreakers like Discharge (who, like, NA, were big Stooges fans). In 2006 they returned to the stage at the Touch and Go label anniversary, with Brannon and original drummer Chris Moore augmented by Ron Sakowski on bass and Harold Richardson on guitar, reportedly wiped the place down. On the day of their recent Southpaw show, they amazingly agreed in a day's notice to come down to my show on FMU , plugged in and turned us to mush with 16 songs in 25 minutes. Negative Approach live on WFMU 5/14/08 (broadcast 5/27). Host: Brian Turner, engineer: Richard Rusinkovich (edited-for-FCC version appeared over air). Co-interviewer: Tony Rettman. Ken Freedman shot video of ""Hypocrite"" and ""Dead Stop"". Set list: Lost Cause / Can't Tell No One / Sick of Talk / Hypocrite / Dead Stop / Whatever I Do / Tied Down / Evacuate / Your Mistake / Why Be Something That You're Not / Pressure / Fair Warning / Nothing / Borstal Breakout (Sham 69) / Never Surrender (Blitz) /Solitary Confinement. http://www.wfmu.org/playlists/shows/27384 Engineered by Richard Rusincovitch; genre Rock; styles Punk, Rock, Hardcore; tags negative approach"
004_004030.mp3,"by Brian Turner via WFMU's Beware of the Blog! Back in the late 80's I walked into the Ritz in the middle of the Laughing Hyenas and watched in disbelief while singer John Brannon churned out one hell of a gutteral yowl for the duration of a whole set in almost inhuman fashion. The Hyenas channelled extreme rage through total Stooge/primal Alice Cooper mode with a somewhat bluesy Birthday Party swagger, and eventually I learned he fronted Detroit's hardcore godfathers Negative Approach in the early part of that decade. Later it all came into focus: NA were very much first-wave and represented Detroit as one of the pockets dotted around the USA (see Black Flag, Minor Threat, Bad Brains), with Brannon & company consolidating the midwest brotherhood with the Necros and Meatmen and eventually moving into early singles via Corey Rusk's Touch and Go label (originally a zine, where yes, people learned of the underground way before the internet). As far as first-wave HC goes, Negative Approach were among the most vicious feedback-pummel units going. Songs careened by in seconds, were pretty much politics-free, focusing on sheer vocal/instrumental destruction. They were inspired by not only their American peers, but UK groundbreakers like Discharge (who, like, NA, were big Stooges fans). In 2006 they returned to the stage at the Touch and Go label anniversary, with Brannon and original drummer Chris Moore augmented by Ron Sakowski on bass and Harold Richardson on guitar, reportedly wiped the place down. On the day of their recent Southpaw show, they amazingly agreed in a day's notice to come down to my show on FMU , plugged in and turned us to mush with 16 songs in 25 minutes. Negative Approach live on WFMU 5/14/08 (broadcast 5/27). Host: Brian Turner, engineer: Richard Rusinkovich (edited-for-FCC version appeared over air). Co-interviewer: Tony Rettman. Ken Freedman shot video of ""Hypocrite"" and ""Dead Stop"". Set list: Lost Cause / Can't Tell No One / Sick of Talk / Hypocrite / Dead Stop / Whatever I Do / Tied Down / Evacuate / Your Mistake / Why Be Something That You're Not / Pressure / Fair Warning / Nothing / Borstal Breakout (Sham 69) / Never Surrender (Blitz) /Solitary Confinement. http://www.wfmu.org/playlists/shows/27384 Engineered by Richard Rusincovitch; genre Rock; styles Punk, Rock, Hardcore; tags negative approach"
004_004031.mp3,"by Brian Turner via WFMU's Beware of the Blog! Back in the late 80's I walked into the Ritz in the middle of the Laughing Hyenas and watched in disbelief while singer John Brannon churned out one hell of a gutteral yowl for the duration of a whole set in almost inhuman fashion. The Hyenas channelled extreme rage through total Stooge/primal Alice Cooper mode with a somewhat bluesy Birthday Party swagger, and eventually I learned he fronted Detroit's hardcore godfathers Negative Approach in the early part of that decade. Later it all came into focus: NA were very much first-wave and represented Detroit as one of the pockets dotted around the USA (see Black Flag, Minor Threat, Bad Brains), with Brannon & company consolidating the midwest brotherhood with the Necros and Meatmen and eventually moving into early singles via Corey Rusk's Touch and Go label (originally a zine, where yes, people learned of the underground way before the internet). As far as first-wave HC goes, Negative Approach were among the most vicious feedback-pummel units going. Songs careened by in seconds, were pretty much politics-free, focusing on sheer vocal/instrumental destruction. They were inspired by not only their American peers, but UK groundbreakers like Discharge (who, like, NA, were big Stooges fans). In 2006 they returned to the stage at the Touch and Go label anniversary, with Brannon and original drummer Chris Moore augmented by Ron Sakowski on bass and Harold Richardson on guitar, reportedly wiped the place down. On the day of their recent Southpaw show, they amazingly agreed in a day's notice to come down to my show on FMU , plugged in and turned us to mush with 16 songs in 25 minutes. Negative Approach live on WFMU 5/14/08 (broadcast 5/27). Host: Brian Turner, engineer: Richard Rusinkovich (edited-for-FCC version appeared over air). Co-interviewer: Tony Rettman. Ken Freedman shot video of ""Hypocrite"" and ""Dead Stop"". Set list: Lost Cause / Can't Tell No One / Sick of Talk / Hypocrite / Dead Stop / Whatever I Do / Tied Down / Evacuate / Your Mistake / Why Be Something That You're Not / Pressure / Fair Warning / Nothing / Borstal Breakout (Sham 69) / Never Surrender (Blitz) /Solitary Confinement. http://www.wfmu.org/playlists/shows/27384 Engineered by Richard Rusincovitch; genre Rock; styles Punk, Rock, Hardcore; tags negative approach"
004_004036.mp3,"by Brian Turner via WFMU's Beware of the Blog! Back in the late 80's I walked into the Ritz in the middle of the Laughing Hyenas and watched in disbelief while singer John Brannon churned out one hell of a gutteral yowl for the duration of a whole set in almost inhuman fashion. The Hyenas channelled extreme rage through total Stooge/primal Alice Cooper mode with a somewhat bluesy Birthday Party swagger, and eventually I learned he fronted Detroit's hardcore godfathers Negative Approach in the early part of that decade. Later it all came into focus: NA were very much first-wave and represented Detroit as one of the pockets dotted around the USA (see Black Flag, Minor Threat, Bad Brains), with Brannon & company consolidating the midwest brotherhood with the Necros and Meatmen and eventually moving into early singles via Corey Rusk's Touch and Go label (originally a zine, where yes, people learned of the underground way before the internet). As far as first-wave HC goes, Negative Approach were among the most vicious feedback-pummel units going. Songs careened by in seconds, were pretty much politics-free, focusing on sheer vocal/instrumental destruction. They were inspired by not only their American peers, but UK groundbreakers like Discharge (who, like, NA, were big Stooges fans). In 2006 they returned to the stage at the Touch and Go label anniversary, with Brannon and original drummer Chris Moore augmented by Ron Sakowski on bass and Harold Richardson on guitar, reportedly wiped the place down. On the day of their recent Southpaw show, they amazingly agreed in a day's notice to come down to my show on FMU , plugged in and turned us to mush with 16 songs in 25 minutes. Negative Approach live on WFMU 5/14/08 (broadcast 5/27). Host: Brian Turner, engineer: Richard Rusinkovich (edited-for-FCC version appeared over air). Co-interviewer: Tony Rettman. Ken Freedman shot video of ""Hypocrite"" and ""Dead Stop"". Set list: Lost Cause / Can't Tell No One / Sick of Talk / Hypocrite / Dead Stop / Whatever I Do / Tied Down / Evacuate / Your Mistake / Why Be Something That You're Not / Pressure / Fair Warning / Nothing / Borstal Breakout (Sham 69) / Never Surrender (Blitz) /Solitary Confinement. http://www.wfmu.org/playlists/shows/27384 Engineered by Richard Rusincovitch; genre Rock; styles Punk, Rock, Hardcore; tags negative approach"
004_004039.mp3,"Post-punk legends Nightingales return to the USA and we are more than honored to have them at WFMU to play another amazing live set! The Nightingales were formed in 1979, put out many ground-breaking records such as Idiot Strength in 1981, and the incredible Pigs on Purpose album in 1982 and many other great records thru the '80s. They then broke up in the mid-'80s and reformed in 2004! But The Nightingales are not a nostalgia act--- yes they play their older material, but they have excellent new material! Equal parts rock-n-roll noise and melody, the Nightingales bring a fresh perspective to now! Engineered by Stu Rutherford www.thenightingales.org.uk www.myspace.com/nightingalesmusic The band: Robert Lloyd - vocals, kazoo Christine Edwards - guitar, vocals Andreas Schmid - bass Alan Apperley - guitar, vocals Darren Garratt - drums http://www.wfmu.org/playlists/shows/29238; genre Rock; styles Post-Punk, Rock, Punk; tags nightingales"
004_004040.mp3,"Post-punk legends Nightingales return to the USA and we are more than honored to have them at WFMU to play another amazing live set! The Nightingales were formed in 1979, put out many ground-breaking records such as Idiot Strength in 1981, and the incredible Pigs on Purpose album in 1982 and many other great records thru the '80s. They then broke up in the mid-'80s and reformed in 2004! But The Nightingales are not a nostalgia act--- yes they play their older material, but they have excellent new material! Equal parts rock-n-roll noise and melody, the Nightingales bring a fresh perspective to now! Engineered by Stu Rutherford www.thenightingales.org.uk www.myspace.com/nightingalesmusic The band: Robert Lloyd - vocals, kazoo Christine Edwards - guitar, vocals Andreas Schmid - bass Alan Apperley - guitar, vocals Darren Garratt - drums http://www.wfmu.org/playlists/shows/29238; genre Rock; styles Post-Punk, Rock, Punk; tags nightingales"
004_004041.mp3,"Post-punk legends Nightingales return to the USA and we are more than honored to have them at WFMU to play another amazing live set! The Nightingales were formed in 1979, put out many ground-breaking records such as Idiot Strength in 1981, and the incredible Pigs on Purpose album in 1982 and many other great records thru the '80s. They then broke up in the mid-'80s and reformed in 2004! But The Nightingales are not a nostalgia act--- yes they play their older material, but they have excellent new material! Equal parts rock-n-roll noise and melody, the Nightingales bring a fresh perspective to now! Engineered by Stu Rutherford www.thenightingales.org.uk www.myspace.com/nightingalesmusic The band: Robert Lloyd - vocals, kazoo Christine Edwards - guitar, vocals Andreas Schmid - bass Alan Apperley - guitar, vocals Darren Garratt - drums http://www.wfmu.org/playlists/shows/29238; genre Rock; styles Post-Punk, Rock, Punk; tags nightingales"
004_004054.mp3,"genre Experimental; styles Avant-Garde, Experimental; tags paul metzger"
004_004055.mp3,"genre Experimental; styles Avant-Garde, Experimental; tags paul metzger"
004_004056.mp3,"genre Experimental; styles Avant-Garde, Experimental; tags paul metzger"
004_004065.mp3,"genre Jazz; styles Jazz: Out, Jazz; tags peter evans tom blancarte and brandon seabrook"
004_004124.mp3,"Echo Park's Rainbow Arabia rolled up to WFMU with a U-Haul full of gear at 9 in the morning this Monday to record a set for my show and it was like some sort of middle eastern acid-washed troupe from the future-past had landed on Montgomery street: neon-polka-dotted Arabic Casio keyboards, a mini percussion rack that could have belonged to either Jamie Lidell or my 4-year-old cousin, and a bunch of cutouts of safari animals. And that's pretty much what they sounded like: awesome. Husband and wife Danny (who you may know from Whiskey Biscuits) and Tiffany requested that I turn on the hip-hop bass filter to really get the radio audience jumping, and it really did. Just listen, you'll be glad you did. Engineered by Trent Wolbe. http://blog.wfmu.org/freeform/2008/10/the-blasting-ps.html http://www.wfmu.org/playlists/shows/29015; styles Rock, Experimental, Electronic; tags rainbow arabia"
004_004127.mp3,"Razor Bois from Moscow: Russian street punks currently touring the US stop by Pat Duncan's show on June 12th, 2008 for a live set. Engineered by James Theesfeld. http://www.wfmu.org/playlists/shows/27568; genre Rock; styles Punk, Rock, Hardcore; tags razor bois"
004_004128.mp3,"Razor Bois from Moscow: Russian street punks currently touring the US stop by Pat Duncan's show on June 12th, 2008 for a live set. Engineered by James Theesfeld. http://www.wfmu.org/playlists/shows/27568; genre Rock; styles Punk, Rock, Hardcore; tags razor bois"
004_004129.mp3,"Razor Bois from Moscow: Russian street punks currently touring the US stop by Pat Duncan's show on June 12th, 2008 for a live set. Engineered by James Theesfeld. http://www.wfmu.org/playlists/shows/27568; genre Rock; styles Punk, Rock, Hardcore; tags razor bois"
004_004130.mp3,"Razor Bois from Moscow: Russian street punks currently touring the US stop by Pat Duncan's show on June 12th, 2008 for a live set. Engineered by James Theesfeld. http://www.wfmu.org/playlists/shows/27568; genre Rock; styles Punk, Rock, Hardcore; tags razor bois"
004_004154.mp3,"genre Jazz; styles Jazz; tags jazz, acoustic guitar, reynold philipsek"
004_004155.mp3,"This NYC super group features a who's who of downtown coolness: OJ from Mob Stereo, Oneida collaborator Kayrock, his partner in screenprinting Wolfy, and others. These disturbo punx sound like John Carpenter meets Hawkwind meets Chrome meets the Weirdos! Yes! Their self-released CD 'Best of the Last 40 Years' was one of Terre's Best Faves of 2005; find out why when they play live on the air. Engineered by Joe Belock. Associate producer Evan ""Funk"" Davies. Wolfy - guitar+lead vocals Mike - guitar+vocals OJ - bass+vocals Kayrock - drums+synth http://www.wfmu.org/playlists/shows/17721; genre Rock; styles Rock; tags roxy pain"
004_004156.mp3,"This NYC super group features a who's who of downtown coolness: OJ from Mob Stereo, Oneida collaborator Kayrock, his partner in screenprinting Wolfy, and others. These disturbo punx sound like John Carpenter meets Hawkwind meets Chrome meets the Weirdos! Yes! Their self-released CD 'Best of the Last 40 Years' was one of Terre's Best Faves of 2005; find out why when they play live on the air. Engineered by Joe Belock. Associate producer Evan ""Funk"" Davies. Wolfy - guitar+lead vocals Mike - guitar+vocals OJ - bass+vocals Kayrock - drums+synth http://www.wfmu.org/playlists/shows/17721; genre Rock; styles Rock; tags roxy pain"
004_004157.mp3,"This NYC super group features a who's who of downtown coolness: OJ from Mob Stereo, Oneida collaborator Kayrock, his partner in screenprinting Wolfy, and others. These disturbo punx sound like John Carpenter meets Hawkwind meets Chrome meets the Weirdos! Yes! Their self-released CD 'Best of the Last 40 Years' was one of Terre's Best Faves of 2005; find out why when they play live on the air. Engineered by Joe Belock. Associate producer Evan ""Funk"" Davies. Wolfy - guitar+lead vocals Mike - guitar+vocals OJ - bass+vocals Kayrock - drums+synth http://www.wfmu.org/playlists/shows/17721; genre Rock; styles Rock; tags roxy pain"
004_004162.mp3,"This NYC super group features a who's who of downtown coolness: OJ from Mob Stereo, Oneida collaborator Kayrock, his partner in screenprinting Wolfy, and others. These disturbo punx sound like John Carpenter meets Hawkwind meets Chrome meets the Weirdos! Yes! Their self-released CD 'Best of the Last 40 Years' was one of Terre's Best Faves of 2005; find out why when they play live on the air. Engineered by Joe Belock. Associate producer Evan ""Funk"" Davies. Wolfy - guitar+lead vocals Mike - guitar+vocals OJ - bass+vocals Kayrock - drums+synth http://www.wfmu.org/playlists/shows/17721; genre Rock; styles Rock; tags roxy pain"
004_004190.mp3,"The Shamblers shambled down from Bay Ridge, Brooklyn to grace us with a live performance last Wednesday. Led by husband/wife team of Peter and Jess Speer, and ably augmented by drummer Ben Truesdale, the Shamblers brought their blend of Beat Happening/Home Blitz pop roughness plus classic garage punk action with lyrics to match. More info at their label site (where you can purchase their 100-song mp3 album) and their blog . The full set, plus two FCC-unfriendly bonus tracks found below. Engineered by Trent Wolbe. You've been shambled. http://blog.wfmu.org/freeform/2008/07/the-shamblers-l.html http://www.wfmu.org/playlists/shows/27951; genre Rock; styles Punk, Lo-Fi, Rock; tags the shamblers"
004_004191.mp3,"The Shamblers shambled down from Bay Ridge, Brooklyn to grace us with a live performance last Wednesday. Led by husband/wife team of Peter and Jess Speer, and ably augmented by drummer Ben Truesdale, the Shamblers brought their blend of Beat Happening/Home Blitz pop roughness plus classic garage punk action with lyrics to match. More info at their label site (where you can purchase their 100-song mp3 album) and their blog . The full set, plus two FCC-unfriendly bonus tracks found below. Engineered by Trent Wolbe. You've been shambled. http://blog.wfmu.org/freeform/2008/07/the-shamblers-l.html http://www.wfmu.org/playlists/shows/27951; genre Rock; styles Punk, Lo-Fi, Rock; tags the shamblers"
004_004192.mp3,"If most so-called modern psych and garage bands seem to have trodden paths a bit too familiar with you these days, enter the Sic Alps, a Bay Area combo joyfully stuffing the Nuggets Box roster into a reverb-soaked trash compactor and extracting busted-up remnants at leisure. While the Alps' junkpile approach to classic rock via wasted echo-chamber vocals and lost-in-space mod guitars might sound like a bad trip to some, there's a real cohesion and weirdly tuneful vibe carried through the scuzz that might make their new LP Description of the Harbor one of your year's faves. More info at www.sicalps.com. The band ees: Mike Donovan - vox, guitar, Matthew Hartman: drums, bass (on last tune). Songs today: Gruxxe Bathe Ballade, Brill Building, Mater, C.O./C.A., A Story Over There, Latin, Stories, Everywhere There, Semi-Streets, I Know Where the Madness Goes. Engineered by Glenn Luttman. http://www.wfmu.org/playlists/shows/25140; genre Rock; styles Rock; tags bay area, sic alps"
004_004196.mp3,"If most so-called modern psych and garage bands seem to have trodden paths a bit too familiar with you these days, enter the Sic Alps, a Bay Area combo joyfully stuffing the Nuggets Box roster into a reverb-soaked trash compactor and extracting busted-up remnants at leisure. While the Alps' junkpile approach to classic rock via wasted echo-chamber vocals and lost-in-space mod guitars might sound like a bad trip to some, there's a real cohesion and weirdly tuneful vibe carried through the scuzz that might make their new LP Description of the Harbor one of your year's faves. More info at www.sicalps.com. The band ees: Mike Donovan - vox, guitar, Matthew Hartman: drums, bass (on last tune). Songs today: Gruxxe Bathe Ballade, Brill Building, Mater, C.O./C.A., A Story Over There, Latin, Stories, Everywhere There, Semi-Streets, I Know Where the Madness Goes. Engineered by Glenn Luttman. http://www.wfmu.org/playlists/shows/25140; genre Rock; styles Rock; tags bay area, sic alps"
004_004199.mp3,"If most so-called modern psych and garage bands seem to have trodden paths a bit too familiar with you these days, enter the Sic Alps, a Bay Area combo joyfully stuffing the Nuggets Box roster into a reverb-soaked trash compactor and extracting busted-up remnants at leisure. While the Alps' junkpile approach to classic rock via wasted echo-chamber vocals and lost-in-space mod guitars might sound like a bad trip to some, there's a real cohesion and weirdly tuneful vibe carried through the scuzz that might make their new LP Description of the Harbor one of your year's faves. More info at www.sicalps.com. The band ees: Mike Donovan - vox, guitar, Matthew Hartman: drums, bass (on last tune). Songs today: Gruxxe Bathe Ballade, Brill Building, Mater, C.O./C.A., A Story Over There, Latin, Stories, Everywhere There, Semi-Streets, I Know Where the Madness Goes. Engineered by Glenn Luttman. http://www.wfmu.org/playlists/shows/25140; genre Rock; styles Rock; tags bay area, sic alps"
004_004200.mp3,"If most so-called modern psych and garage bands seem to have trodden paths a bit too familiar with you these days, enter the Sic Alps, a Bay Area combo joyfully stuffing the Nuggets Box roster into a reverb-soaked trash compactor and extracting busted-up remnants at leisure. While the Alps' junkpile approach to classic rock via wasted echo-chamber vocals and lost-in-space mod guitars might sound like a bad trip to some, there's a real cohesion and weirdly tuneful vibe carried through the scuzz that might make their new LP Description of the Harbor one of your year's faves. More info at www.sicalps.com. The band ees: Mike Donovan - vox, guitar, Matthew Hartman: drums, bass (on last tune). Songs today: Gruxxe Bathe Ballade, Brill Building, Mater, C.O./C.A., A Story Over There, Latin, Stories, Everywhere There, Semi-Streets, I Know Where the Madness Goes. Engineered by Glenn Luttman. http://www.wfmu.org/playlists/shows/25140; genre Rock; styles Rock; tags bay area, sic alps"
004_004203.mp3,"The Silver Jews are famous for a distinct low-fi-countryfied-indie-ish rock and roll sound and David Berman's poetic lyrics. The new CD, ""Lookout Mountain Lookout Sea,"" is a fine example of both. Berman is also known as a bit of a recluse, but not when it comes to WFMU! Tune in to hear a live set. Engineered by Glenn Luttman. http://www.wfmu.org/playlists/shows/28538; styles Folk, Rock; tags silver jews"
004_004204.mp3,"The Silver Jews are famous for a distinct low-fi-countryfied-indie-ish rock and roll sound and David Berman's poetic lyrics. The new CD, ""Lookout Mountain Lookout Sea,"" is a fine example of both. Berman is also known as a bit of a recluse, but not when it comes to WFMU! Tune in to hear a live set. Engineered by Glenn Luttman. http://www.wfmu.org/playlists/shows/28538; styles Folk, Rock; tags silver jews"
004_004205.mp3,"The Silver Jews are famous for a distinct low-fi-countryfied-indie-ish rock and roll sound and David Berman's poetic lyrics. The new CD, ""Lookout Mountain Lookout Sea,"" is a fine example of both. Berman is also known as a bit of a recluse, but not when it comes to WFMU! Tune in to hear a live set. Engineered by Glenn Luttman. http://www.wfmu.org/playlists/shows/28538; styles Folk, Rock; tags silver jews"
004_004206.mp3,"The Silver Jews are famous for a distinct low-fi-countryfied-indie-ish rock and roll sound and David Berman's poetic lyrics. The new CD, ""Lookout Mountain Lookout Sea,"" is a fine example of both. Berman is also known as a bit of a recluse, but not when it comes to WFMU! Tune in to hear a live set. Engineered by Glenn Luttman. http://www.wfmu.org/playlists/shows/28538; styles Folk, Rock; tags silver jews"
004_004223.mp3,"Blend a bit of post-apocalyptic French cabaret and Americana heard at a possessed carnival and you get The Snow, a folk-pop band with elements of classical, punk, and rock. The overall mood of The Snow's tunes is of a sweet serenade taking occasional turns into a hall of mirrors, and they have been likened to Fleetwood Mac sitting around the pool trading songs with M. Ward, Cat Power, and Iron and Wine. Engineered by Irene Trudel. http://www.wfmu.org/playlists/shows/27228; styles Folk, Pop; tags the snow"
004_004224.mp3,"Blend a bit of post-apocalyptic French cabaret and Americana heard at a possessed carnival and you get The Snow, a folk-pop band with elements of classical, punk, and rock. The overall mood of The Snow's tunes is of a sweet serenade taking occasional turns into a hall of mirrors, and they have been likened to Fleetwood Mac sitting around the pool trading songs with M. Ward, Cat Power, and Iron and Wine. Engineered by Irene Trudel. http://www.wfmu.org/playlists/shows/27228; styles Folk, Pop; tags the snow"
004_004225.mp3,"Blend a bit of post-apocalyptic French cabaret and Americana heard at a possessed carnival and you get The Snow, a folk-pop band with elements of classical, punk, and rock. The overall mood of The Snow's tunes is of a sweet serenade taking occasional turns into a hall of mirrors, and they have been likened to Fleetwood Mac sitting around the pool trading songs with M. Ward, Cat Power, and Iron and Wine. Engineered by Irene Trudel. http://www.wfmu.org/playlists/shows/27228; styles Folk, Pop; tags the snow"
004_004226.mp3,"Blend a bit of post-apocalyptic French cabaret and Americana heard at a possessed carnival and you get The Snow, a folk-pop band with elements of classical, punk, and rock. The overall mood of The Snow's tunes is of a sweet serenade taking occasional turns into a hall of mirrors, and they have been likened to Fleetwood Mac sitting around the pool trading songs with M. Ward, Cat Power, and Iron and Wine. Engineered by Irene Trudel. http://www.wfmu.org/playlists/shows/27228; styles Folk, Pop; tags the snow"
004_004227.mp3,"Blend a bit of post-apocalyptic French cabaret and Americana heard at a possessed carnival and you get The Snow, a folk-pop band with elements of classical, punk, and rock. The overall mood of The Snow's tunes is of a sweet serenade taking occasional turns into a hall of mirrors, and they have been likened to Fleetwood Mac sitting around the pool trading songs with M. Ward, Cat Power, and Iron and Wine. Engineered by Irene Trudel. http://www.wfmu.org/playlists/shows/27228; styles Folk, Pop; tags the snow"
004_004228.mp3,"Blend a bit of post-apocalyptic French cabaret and Americana heard at a possessed carnival and you get The Snow, a folk-pop band with elements of classical, punk, and rock. The overall mood of The Snow's tunes is of a sweet serenade taking occasional turns into a hall of mirrors, and they have been likened to Fleetwood Mac sitting around the pool trading songs with M. Ward, Cat Power, and Iron and Wine. Engineered by Irene Trudel. http://www.wfmu.org/playlists/shows/27228; styles Folk, Pop; tags the snow"
004_004229.mp3,"Blend a bit of post-apocalyptic French cabaret and Americana heard at a possessed carnival and you get The Snow, a folk-pop band with elements of classical, punk, and rock. The overall mood of The Snow's tunes is of a sweet serenade taking occasional turns into a hall of mirrors, and they have been likened to Fleetwood Mac sitting around the pool trading songs with M. Ward, Cat Power, and Iron and Wine. Engineered by Irene Trudel. http://www.wfmu.org/playlists/shows/27228; styles Folk, Pop; tags the snow"
004_004230.mp3,"Blend a bit of post-apocalyptic French cabaret and Americana heard at a possessed carnival and you get The Snow, a folk-pop band with elements of classical, punk, and rock. The overall mood of The Snow's tunes is of a sweet serenade taking occasional turns into a hall of mirrors, and they have been likened to Fleetwood Mac sitting around the pool trading songs with M. Ward, Cat Power, and Iron and Wine. Engineered by Irene Trudel. http://www.wfmu.org/playlists/shows/27228; styles Folk, Pop; tags the snow"
004_004231.mp3,"Blend a bit of post-apocalyptic French cabaret and Americana heard at a possessed carnival and you get The Snow, a folk-pop band with elements of classical, punk, and rock. The overall mood of The Snow's tunes is of a sweet serenade taking occasional turns into a hall of mirrors, and they have been likened to Fleetwood Mac sitting around the pool trading songs with M. Ward, Cat Power, and Iron and Wine. Engineered by Irene Trudel. http://www.wfmu.org/playlists/shows/27228; styles Folk, Pop; tags the snow"
004_004237.mp3,"The Sounds of Taraab performs ""taraab"", a musical style from Zanzibar and coastal East Africa. At its essence taraab combines African rythmn and Swahili lyrics, heavily influenced by Arabic and Indian popular music. There are other influences as well, since this region has been a hub of business, trade, and cultural intermingling for millenia. Vocalist Alsarah passionately conveys the Taraab lyrics of love and longing, while she is supported by oud master Haig Manookian. Accordion virtuoso Ismail Butera adds fleeting cadenzas and earthy drones, while multi instrumentalist Michael Hess adds color and ambience with violin and nai flute. Supporting all this is the powerhouse percussion team of Tiye Giraud and April Centrone, who's drumming on dumbek, riq, pandero, shekere and a host of other instruments gives the group it's driving, very African beat. Engineered by Chris Stubbs. http://www.wfmu.org/playlists/shows/22663; genre International; styles International, African, Middle East; tags the sounds of taraab"
004_004238.mp3,"The Sounds of Taraab performs ""taraab"", a musical style from Zanzibar and coastal East Africa. At its essence taraab combines African rythmn and Swahili lyrics, heavily influenced by Arabic and Indian popular music. There are other influences as well, since this region has been a hub of business, trade, and cultural intermingling for millenia. Vocalist Alsarah passionately conveys the Taraab lyrics of love and longing, while she is supported by oud master Haig Manookian. Accordion virtuoso Ismail Butera adds fleeting cadenzas and earthy drones, while multi instrumentalist Michael Hess adds color and ambience with violin and nai flute. Supporting all this is the powerhouse percussion team of Tiye Giraud and April Centrone, who's drumming on dumbek, riq, pandero, shekere and a host of other instruments gives the group it's driving, very African beat. Engineered by Chris Stubbs. http://www.wfmu.org/playlists/shows/22663; genre International; styles International, African, Middle East; tags the sounds of taraab"
004_004240.mp3,"The Sounds of Taraab performs ""taraab"", a musical style from Zanzibar and coastal East Africa. At its essence taraab combines African rythmn and Swahili lyrics, heavily influenced by Arabic and Indian popular music. There are other influences as well, since this region has been a hub of business, trade, and cultural intermingling for millenia. Vocalist Alsarah passionately conveys the Taraab lyrics of love and longing, while she is supported by oud master Haig Manookian. Accordion virtuoso Ismail Butera adds fleeting cadenzas and earthy drones, while multi instrumentalist Michael Hess adds color and ambience with violin and nai flute. Supporting all this is the powerhouse percussion team of Tiye Giraud and April Centrone, who's drumming on dumbek, riq, pandero, shekere and a host of other instruments gives the group it's driving, very African beat. Engineered by Chris Stubbs. http://www.wfmu.org/playlists/shows/22663; genre International; styles International, African, Middle East; tags the sounds of taraab"
004_004242.mp3,"styles Radio, Rock, Spoken, Interview; tags steve wynn"
004_004243.mp3,genre Rock; styles Rock; tags steve wynn
004_004244.mp3,genre Rock; styles Rock; tags steve wynn
004_004245.mp3,genre Rock; styles Rock; tags steve wynn
004_004246.mp3,genre Rock; styles Rock; tags steve wynn
004_004247.mp3,"styles Radio, Rock, Spoken, Interview; tags steve wynn"
004_004249.mp3,genre Rock; styles Rock; tags steve wynn
004_004250.mp3,genre Rock; styles Rock; tags steve wynn
004_004251.mp3,"styles Radio, Rock, Spoken, Interview; tags steve wynn"
004_004252.mp3,genre Rock; styles Rock; tags steve wynn
004_004253.mp3,"styles Radio, Rock, Spoken, Interview; tags steve wynn"
004_004254.mp3,genre Rock; styles Rock; tags steve wynn
004_004255.mp3,genre Rock; styles Rock; tags steve wynn
004_004256.mp3,"styles Radio, Rock, Spoken, Interview; tags steve wynn"
004_004257.mp3,genre Rock; styles Rock; tags steve wynn
004_004258.mp3,"styles Radio, Rock, Spoken, Interview; tags steve wynn"
004_004259.mp3,"genre Experimental; styles Avant-Garde, Experimental; tags steven r smith"
004_004260.mp3,"genre Experimental; styles Avant-Garde, Experimental; tags steven r smith"
004_004261.mp3,"genre Experimental; styles Avant-Garde, Experimental; tags steven r smith"
004_004262.mp3,"genre Experimental; styles Avant-Garde, Experimental; tags steven r smith"
004_004263.mp3,"Bloomfield, New Jersey's very own SUX stops by the WFMU studios for a live set of some blistering hardcore on Pat Duncan's Show, April 25, 2008. Engineered by James Theesfeld. http://www.wfmu.org/playlists/shows/27030; genre Rock; styles Punk, Rock; tags sux"
004_004265.mp3,"Bloomfield, New Jersey's very own SUX stops by the WFMU studios for a live set of some blistering hardcore on Pat Duncan's Show, April 25, 2008. Engineered by James Theesfeld. http://www.wfmu.org/playlists/shows/27030; genre Rock; styles Punk, Rock; tags sux"
004_004266.mp3,"Bloomfield, New Jersey's very own SUX stops by the WFMU studios for a live set of some blistering hardcore on Pat Duncan's Show, April 25, 2008. Engineered by James Theesfeld. http://www.wfmu.org/playlists/shows/27030; genre Rock; styles Punk, Rock; tags sux"
004_004273.mp3,"Bloomfield, New Jersey's very own SUX stops by the WFMU studios for a live set of some blistering hardcore on Pat Duncan's Show, April 25, 2008. Engineered by James Theesfeld. http://www.wfmu.org/playlists/shows/27030; genre Rock; styles Punk, Rock; tags sux"
004_004274.mp3,"Bloomfield, New Jersey's very own SUX stops by the WFMU studios for a live set of some blistering hardcore on Pat Duncan's Show, April 25, 2008. Engineered by James Theesfeld. http://www.wfmu.org/playlists/shows/27030; genre Rock; styles Punk, Rock; tags sux"
004_004277.mp3,"A few weeks back percussion wizard Tatsuya Nakatani stopped by WFMU to record a set (interview from the session on the show archive page ). Known for an unorthodox approach to the drum set, Tatsuya delivered a fully improvised 17-minute mindblower of bowed gongs, singing bowls, and scraping cymbals, which we present to you here in its entirety. Head over to Tatsuya's website for more information and tour details, and go see him if you have the chance. Nothing compares to seeing this man do his thing in the flesh. http://blog.wfmu.org/freeform/2008/09/tatsuya-nakatan.html http://wfmu.org/playlists/shows/28336 engineered by Trent Wolbe; genre Experimental; styles Avant-Garde, Experimental; tags tatsuya nakatani"
004_004279.mp3,"Mega-improvisational/electronica ensemble That Thing Over There, as guitarist Ian Smit describes them, ""creates little spontaneous compositions, or at least attempts to, which are cloaked in the ambient /trippy /world beat gone astray realm. The players for this performance are two members of Monkeyworks: Smit on guitar/loops/alterations, and Steve Meltzer on electronic percussion. They are joined by Richie Arlington (Einstein's Music Fair) and Barry Leaman on similar, but certainly personalized instrumentation, respectively. They all have more toys and make more of a racket than should be allowed! The music should be lite, heavy, dark, and the other light! Yep, that about covers it."" Engineered by Irene Trudel. http://www.wfmu.org/playlists/shows/27999; styles Noise, Ambient Electronic, Experimental, Electronic; tags that thing over there"
004_004280.mp3,"Mega-improvisational/electronica ensemble That Thing Over There, as guitarist Ian Smit describes them, ""creates little spontaneous compositions, or at least attempts to, which are cloaked in the ambient /trippy /world beat gone astray realm. The players for this performance are two members of Monkeyworks: Smit on guitar/loops/alterations, and Steve Meltzer on electronic percussion. They are joined by Richie Arlington (Einstein's Music Fair) and Barry Leaman on similar, but certainly personalized instrumentation, respectively. They all have more toys and make more of a racket than should be allowed! The music should be lite, heavy, dark, and the other light! Yep, that about covers it."" Engineered by Irene Trudel. http://www.wfmu.org/playlists/shows/27999; styles Noise, Ambient Electronic, Experimental, Electronic; tags that thing over there"
004_004281.mp3,"Mega-improvisational/electronica ensemble That Thing Over There, as guitarist Ian Smit describes them, ""creates little spontaneous compositions, or at least attempts to, which are cloaked in the ambient /trippy /world beat gone astray realm. The players for this performance are two members of Monkeyworks: Smit on guitar/loops/alterations, and Steve Meltzer on electronic percussion. They are joined by Richie Arlington (Einstein's Music Fair) and Barry Leaman on similar, but certainly personalized instrumentation, respectively. They all have more toys and make more of a racket than should be allowed! The music should be lite, heavy, dark, and the other light! Yep, that about covers it."" Engineered by Irene Trudel. http://www.wfmu.org/playlists/shows/27999; styles Noise, Ambient Electronic, Experimental, Electronic; tags that thing over there"
004_004283.mp3,"Mega-improvisational/electronica ensemble That Thing Over There, as guitarist Ian Smit describes them, ""creates little spontaneous compositions, or at least attempts to, which are cloaked in the ambient /trippy /world beat gone astray realm. The players for this performance are two members of Monkeyworks: Smit on guitar/loops/alterations, and Steve Meltzer on electronic percussion. They are joined by Richie Arlington (Einstein's Music Fair) and Barry Leaman on similar, but certainly personalized instrumentation, respectively. They all have more toys and make more of a racket than should be allowed! The music should be lite, heavy, dark, and the other light! Yep, that about covers it."" Engineered by Irene Trudel. http://www.wfmu.org/playlists/shows/27999; styles Noise, Ambient Electronic, Experimental, Electronic; tags that thing over there"
004_004296.mp3,"Legendary garage rockers The Cynics have been around since 1983 specializing in fuzzed, ultra-distorted guitar, screaming, moaning vocals, with a straight-ahead no frills rhythm section. The influences are 60s Punk, R&B, and other loud, frantic trash like the Seeds, The Sonics, Moving Sidewalks, and the Count Five! Their latest full-length is out now on the Get Hip label. engineered by Bil Bowen associate producer Evan ""Funk"" Davies Gregg Kostelich - gtr Adam Arling - bass Nathan Arling - drums Michael Kastelic - vocals (http://www.wfmu.org/playlists/shows/19865) Show also features a live set from the Angry Angles; genre Rock; styles Rock, Garage; tags the cynics"
004_004301.mp3,"Legendary garage rockers The Cynics have been around since 1983 specializing in fuzzed, ultra-distorted guitar, screaming, moaning vocals, with a straight-ahead no frills rhythm section. The influences are 60s Punk, R&B, and other loud, frantic trash like the Seeds, The Sonics, Moving Sidewalks, and the Count Five! Their latest full-length is out now on the Get Hip label. engineered by Bil Bowen associate producer Evan ""Funk"" Davies Gregg Kostelich - gtr Adam Arling - bass Nathan Arling - drums Michael Kastelic - vocals (http://www.wfmu.org/playlists/shows/19865) Show also features a live set from the Angry Angles; genre Rock; styles Rock, Garage; tags the cynics"
004_004303.mp3,"Legendary garage rockers The Cynics have been around since 1983 specializing in fuzzed, ultra-distorted guitar, screaming, moaning vocals, with a straight-ahead no frills rhythm section. The influences are 60s Punk, R&B, and other loud, frantic trash like the Seeds, The Sonics, Moving Sidewalks, and the Count Five! Their latest full-length is out now on the Get Hip label. engineered by Bil Bowen associate producer Evan ""Funk"" Davies Gregg Kostelich - gtr Adam Arling - bass Nathan Arling - drums Michael Kastelic - vocals (http://www.wfmu.org/playlists/shows/19865) Show also features a live set from the Angry Angles; genre Rock; styles Rock, Garage; tags the cynics"
004_004304.mp3,"Legendary Pittsburgh garage rockers The Cynics have been around for 2 decades cranking out solid 6Ts influenced punk and pop. The songwriting, singing, and playing is all top notch. live set from the CYNICS (unplugged) engineered by Dave Amels assisted by Stu Rutherford and Mike Sinocchi Mike Kastelic - Vocals/harmonica Gregg Kostelich - Guitar/vocals with Stephen May & Joe Emery - percussion (http://www.wfmu.org/playlists/shows/24808); genre Rock; styles Rock, Garage; tags the cynics"
004_004305.mp3,"Legendary garage rockers The Cynics have been around since 1983 specializing in fuzzed, ultra-distorted guitar, screaming, moaning vocals, with a straight-ahead no frills rhythm section. The influences are 60s Punk, R&B, and other loud, frantic trash like the Seeds, The Sonics, Moving Sidewalks, and the Count Five! Their latest full-length is out now on the Get Hip label. engineered by Bil Bowen associate producer Evan ""Funk"" Davies Gregg Kostelich - gtr Adam Arling - bass Nathan Arling - drums Michael Kastelic - vocals (http://www.wfmu.org/playlists/shows/19865) Show also features a live set from the Angry Angles; genre Rock; styles Rock, Garage; tags the cynics"
004_004306.mp3,"Legendary Pittsburgh garage rockers The Cynics have been around for 2 decades cranking out solid 6Ts influenced punk and pop. The songwriting, singing, and playing is all top notch. live set from the CYNICS (unplugged) engineered by Dave Amels assisted by Stu Rutherford and Mike Sinocchi Mike Kastelic - Vocals/harmonica Gregg Kostelich - Guitar/vocals with Stephen May & Joe Emery - percussion (http://www.wfmu.org/playlists/shows/24808); genre Rock; styles Rock, Garage; tags the cynics"
004_004307.mp3,"Legendary garage rockers The Cynics have been around since 1983 specializing in fuzzed, ultra-distorted guitar, screaming, moaning vocals, with a straight-ahead no frills rhythm section. The influences are 60s Punk, R&B, and other loud, frantic trash like the Seeds, The Sonics, Moving Sidewalks, and the Count Five! Their latest full-length is out now on the Get Hip label. engineered by Bil Bowen associate producer Evan ""Funk"" Davies Gregg Kostelich - gtr Adam Arling - bass Nathan Arling - drums Michael Kastelic - vocals (http://www.wfmu.org/playlists/shows/19865) Show also features a live set from the Angry Angles; genre Rock; styles Rock, Garage; tags the cynics"
004_004308.mp3,"Legendary Pittsburgh garage rockers The Cynics have been around for 2 decades cranking out solid 6Ts influenced punk and pop. The songwriting, singing, and playing is all top notch. live set from the CYNICS (unplugged) engineered by Dave Amels assisted by Stu Rutherford and Mike Sinocchi Mike Kastelic - Vocals/harmonica Gregg Kostelich - Guitar/vocals with Stephen May & Joe Emery - percussion (http://www.wfmu.org/playlists/shows/24808); genre Rock; styles Rock, Garage; tags the cynics"
004_004344.mp3,"This wild and crazy foursome from Washington D.C. bring their fuzzed out garage/R&B to the WFMU studios, where the halls are no longer safe! Engineers: Trent Wolbe, Diane Farris, Recorded May 9 Ginger Richards - Guitar/Vox Michael Sullivan - Drums Matthew Sullivan - Bass Sean Crowley - Guitar/Vox (http://www.wfmu.org/playlists/shows/27311); genre Rock; styles Rock; tags the hall monitors"
004_004345.mp3,"This wild and crazy foursome from Washington D.C. bring their fuzzed out garage/R&B to the WFMU studios, where the halls are no longer safe! Engineers: Trent Wolbe, Diane Farris, Recorded May 9 Ginger Richards - Guitar/Vox Michael Sullivan - Drums Matthew Sullivan - Bass Sean Crowley - Guitar/Vox (http://www.wfmu.org/playlists/shows/27311); genre Rock; styles Rock; tags the hall monitors"
004_004347.mp3,"This wild and crazy foursome from Washington D.C. bring their fuzzed out garage/R&B to the WFMU studios, where the halls are no longer safe! Engineers: Trent Wolbe, Diane Farris, Recorded May 9 Ginger Richards - Guitar/Vox Michael Sullivan - Drums Matthew Sullivan - Bass Sean Crowley - Guitar/Vox (http://www.wfmu.org/playlists/shows/27311); genre Rock; styles Rock; tags the hall monitors"
004_004349.mp3,"This wild and crazy foursome from Washington D.C. bring their fuzzed out garage/R&B to the WFMU studios, where the halls are no longer safe! Engineers: Trent Wolbe, Diane Farris, Recorded May 9 Ginger Richards - Guitar/Vox Michael Sullivan - Drums Matthew Sullivan - Bass Sean Crowley - Guitar/Vox (http://www.wfmu.org/playlists/shows/27311); genre Rock; styles Rock; tags the hall monitors"
004_004350.mp3,"This wild and crazy foursome from Washington D.C. bring their fuzzed out garage/R&B to the WFMU studios, where the halls are no longer safe! Engineers: Trent Wolbe, Diane Farris, Recorded May 9 Ginger Richards - Guitar/Vox Michael Sullivan - Drums Matthew Sullivan - Bass Sean Crowley - Guitar/Vox (http://www.wfmu.org/playlists/shows/27311); genre Rock; styles Rock; tags the hall monitors"
004_004399.mp3,"B.R. Wallers of Britain's legendary Country Teasers has recorded 28 albums on his own as The Rebel. Backed up by three other Teasers, he performs for you today on Brian's show. Says Wallers: ""Country Teasers was a manner and a style, created to execute a disciplined programme against a perceived problem in music and politics; The Rebel is pure music and word. Did you like The Residents but wished the verses weren't always the same scan/rhyme pattern? Do you like the way The Shadow Ring disobey all rules but still produce beauty and real emotion? Tune in, because at least you'll find these problems solved for you, if not your dismay with all music."" More info at the Rebel's site . The Rebel is: B.R. Wallers: vocals, guitar, synthesizer, keyboard, Sophie Politowicz: the drums, Alastair MacKinven: bass, Robert McNeill: synthesizer, tapes, percussion. Songs: Kissing and Touching the Void Hem of the Cloth/Fuck Syngenta * Bums On a Rock * Kneel, Mulholland: Drive! * Iran's Nuclear Threat * Path To the Lair * Tammy Wynette (You're Just Like) * Scarlett Johansen Conceiving the Design * Why Must I Pay? * Civilian Life * Turtle V. Octopus * Life Is a Rehearsal * Engineered by Glenn Luttman http://www.wfmu.org/playlists/shows/26706; genre Rock; styles Rock; tags the rebel"
004_004402.mp3,"B.R. Wallers of Britain's legendary Country Teasers has recorded 28 albums on his own as The Rebel. Backed up by three other Teasers, he performs for you today on Brian's show. Says Wallers: ""Country Teasers was a manner and a style, created to execute a disciplined programme against a perceived problem in music and politics; The Rebel is pure music and word. Did you like The Residents but wished the verses weren't always the same scan/rhyme pattern? Do you like the way The Shadow Ring disobey all rules but still produce beauty and real emotion? Tune in, because at least you'll find these problems solved for you, if not your dismay with all music."" More info at the Rebel's site . The Rebel is: B.R. Wallers: vocals, guitar, synthesizer, keyboard, Sophie Politowicz: the drums, Alastair MacKinven: bass, Robert McNeill: synthesizer, tapes, percussion. Songs: Kissing and Touching the Void Hem of the Cloth/Fuck Syngenta * Bums On a Rock * Kneel, Mulholland: Drive! * Iran's Nuclear Threat * Path To the Lair * Tammy Wynette (You're Just Like) * Scarlett Johansen Conceiving the Design * Why Must I Pay? * Civilian Life * Turtle V. Octopus * Life Is a Rehearsal * Engineered by Glenn Luttman http://www.wfmu.org/playlists/shows/26706; genre Rock; styles Rock; tags the rebel"
004_004404.mp3,"B.R. Wallers of Britain's legendary Country Teasers has recorded 28 albums on his own as The Rebel. Backed up by three other Teasers, he performs for you today on Brian's show. Says Wallers: ""Country Teasers was a manner and a style, created to execute a disciplined programme against a perceived problem in music and politics; The Rebel is pure music and word. Did you like The Residents but wished the verses weren't always the same scan/rhyme pattern? Do you like the way The Shadow Ring disobey all rules but still produce beauty and real emotion? Tune in, because at least you'll find these problems solved for you, if not your dismay with all music."" More info at the Rebel's site . The Rebel is: B.R. Wallers: vocals, guitar, synthesizer, keyboard, Sophie Politowicz: the drums, Alastair MacKinven: bass, Robert McNeill: synthesizer, tapes, percussion. Songs: Kissing and Touching the Void Hem of the Cloth/Fuck Syngenta * Bums On a Rock * Kneel, Mulholland: Drive! * Iran's Nuclear Threat * Path To the Lair * Tammy Wynette (You're Just Like) * Scarlett Johansen Conceiving the Design * Why Must I Pay? * Civilian Life * Turtle V. Octopus * Life Is a Rehearsal * Engineered by Glenn Luttman http://www.wfmu.org/playlists/shows/26706; genre Rock; styles Rock; tags the rebel"
004_004405.mp3,"B.R. Wallers of Britain's legendary Country Teasers has recorded 28 albums on his own as The Rebel. Backed up by three other Teasers, he performs for you today on Brian's show. Says Wallers: ""Country Teasers was a manner and a style, created to execute a disciplined programme against a perceived problem in music and politics; The Rebel is pure music and word. Did you like The Residents but wished the verses weren't always the same scan/rhyme pattern? Do you like the way The Shadow Ring disobey all rules but still produce beauty and real emotion? Tune in, because at least you'll find these problems solved for you, if not your dismay with all music."" More info at the Rebel's site . The Rebel is: B.R. Wallers: vocals, guitar, synthesizer, keyboard, Sophie Politowicz: the drums, Alastair MacKinven: bass, Robert McNeill: synthesizer, tapes, percussion. Songs: Kissing and Touching the Void Hem of the Cloth/Fuck Syngenta * Bums On a Rock * Kneel, Mulholland: Drive! * Iran's Nuclear Threat * Path To the Lair * Tammy Wynette (You're Just Like) * Scarlett Johansen Conceiving the Design * Why Must I Pay? * Civilian Life * Turtle V. Octopus * Life Is a Rehearsal * Engineered by Glenn Luttman http://www.wfmu.org/playlists/shows/26706; genre Rock; styles Rock; tags the rebel"
004_004406.mp3,"B.R. Wallers of Britain's legendary Country Teasers has recorded 28 albums on his own as The Rebel. Backed up by three other Teasers, he performs for you today on Brian's show. Says Wallers: ""Country Teasers was a manner and a style, created to execute a disciplined programme against a perceived problem in music and politics; The Rebel is pure music and word. Did you like The Residents but wished the verses weren't always the same scan/rhyme pattern? Do you like the way The Shadow Ring disobey all rules but still produce beauty and real emotion? Tune in, because at least you'll find these problems solved for you, if not your dismay with all music."" More info at the Rebel's site . The Rebel is: B.R. Wallers: vocals, guitar, synthesizer, keyboard, Sophie Politowicz: the drums, Alastair MacKinven: bass, Robert McNeill: synthesizer, tapes, percussion. Songs: Kissing and Touching the Void Hem of the Cloth/Fuck Syngenta * Bums On a Rock * Kneel, Mulholland: Drive! * Iran's Nuclear Threat * Path To the Lair * Tammy Wynette (You're Just Like) * Scarlett Johansen Conceiving the Design * Why Must I Pay? * Civilian Life * Turtle V. Octopus * Life Is a Rehearsal * Engineered by Glenn Luttman http://www.wfmu.org/playlists/shows/26706; genre Rock; styles Rock; tags the rebel"
004_004411.mp3,"British punk nonlegends The Spunk Lads stopped by WFMU to mark their fifth official last show ever. The self-proclaimed founders of punk have eluded notice from the press and recording industry, trudging along half bitter drunk and half drunk on bitters between Brooklyn and Blighty for more than 30 years, but now are apparently calling it a day. They played some songs, they trashed the studio, they almost answered questions. Engineered by Gil Shuster. http://www.wfmu.org/playlists/shows/29345; genre Rock; styles Punk, Rock; tags the spunk lads"
004_004412.mp3,"British punk nonlegends The Spunk Lads stopped by WFMU to mark their fifth official last show ever. The self-proclaimed founders of punk have eluded notice from the press and recording industry, trudging along half bitter drunk and half drunk on bitters between Brooklyn and Blighty for more than 30 years, but now are apparently calling it a day. They played some songs, they trashed the studio, they almost answered questions. Engineered by Gil Shuster. http://www.wfmu.org/playlists/shows/29345; genre Rock; styles Punk, Rock; tags the spunk lads"
004_004413.mp3,"British punk nonlegends The Spunk Lads stopped by WFMU to mark their fifth official last show ever. The self-proclaimed founders of punk have eluded notice from the press and recording industry, trudging along half bitter drunk and half drunk on bitters between Brooklyn and Blighty for more than 30 years, but now are apparently calling it a day. They played some songs, they trashed the studio, they almost answered questions. Engineered by Gil Shuster. http://www.wfmu.org/playlists/shows/29345; genre Rock; styles Punk, Rock; tags the spunk lads"
004_004414.mp3,"British punk nonlegends The Spunk Lads stopped by WFMU to mark their fifth official last show ever. The self-proclaimed founders of punk have eluded notice from the press and recording industry, trudging along half bitter drunk and half drunk on bitters between Brooklyn and Blighty for more than 30 years, but now are apparently calling it a day. They played some songs, they trashed the studio, they almost answered questions. Engineered by Gil Shuster. http://www.wfmu.org/playlists/shows/29345; genre Rock; styles Punk, Rock; tags the spunk lads"
004_004415.mp3,"British punk nonlegends The Spunk Lads stopped by WFMU to mark their fifth official last show ever. The self-proclaimed founders of punk have eluded notice from the press and recording industry, trudging along half bitter drunk and half drunk on bitters between Brooklyn and Blighty for more than 30 years, but now are apparently calling it a day. They played some songs, they trashed the studio, they almost answered questions. Engineered by Gil Shuster. http://www.wfmu.org/playlists/shows/29345; genre Rock; styles Punk, Rock; tags the spunk lads"
004_004416.mp3,"British punk nonlegends The Spunk Lads stopped by WFMU to mark their fifth official last show ever. The self-proclaimed founders of punk have eluded notice from the press and recording industry, trudging along half bitter drunk and half drunk on bitters between Brooklyn and Blighty for more than 30 years, but now are apparently calling it a day. They played some songs, they trashed the studio, they almost answered questions. Engineered by Gil Shuster. http://www.wfmu.org/playlists/shows/29345; genre Rock; styles Punk, Rock; tags the spunk lads"
004_004417.mp3,"British punk nonlegends The Spunk Lads stopped by WFMU to mark their fifth official last show ever. The self-proclaimed founders of punk have eluded notice from the press and recording industry, trudging along half bitter drunk and half drunk on bitters between Brooklyn and Blighty for more than 30 years, but now are apparently calling it a day. They played some songs, they trashed the studio, they almost answered questions. Engineered by Gil Shuster. http://www.wfmu.org/playlists/shows/29345; genre Rock; styles Punk, Rock; tags the spunk lads"
004_004418.mp3,"British punk nonlegends The Spunk Lads stopped by WFMU to mark their fifth official last show ever. The self-proclaimed founders of punk have eluded notice from the press and recording industry, trudging along half bitter drunk and half drunk on bitters between Brooklyn and Blighty for more than 30 years, but now are apparently calling it a day. They played some songs, they trashed the studio, they almost answered questions. Engineered by Gil Shuster. http://www.wfmu.org/playlists/shows/29345; genre Rock; styles Punk, Rock; tags the spunk lads"
004_004419.mp3,"British punk nonlegends The Spunk Lads stopped by WFMU to mark their fifth official last show ever. The self-proclaimed founders of punk have eluded notice from the press and recording industry, trudging along half bitter drunk and half drunk on bitters between Brooklyn and Blighty for more than 30 years, but now are apparently calling it a day. They played some songs, they trashed the studio, they almost answered questions. Engineered by Gil Shuster. http://www.wfmu.org/playlists/shows/29345; genre Rock; styles Punk, Rock; tags the spunk lads"
004_004420.mp3,"British punk nonlegends The Spunk Lads stopped by WFMU to mark their fifth official last show ever. The self-proclaimed founders of punk have eluded notice from the press and recording industry, trudging along half bitter drunk and half drunk on bitters between Brooklyn and Blighty for more than 30 years, but now are apparently calling it a day. They played some songs, they trashed the studio, they almost answered questions. Engineered by Gil Shuster. http://www.wfmu.org/playlists/shows/29345; genre Rock; styles Punk, Rock; tags the spunk lads"
004_004421.mp3,"British punk nonlegends The Spunk Lads stopped by WFMU to mark their fifth official last show ever. The self-proclaimed founders of punk have eluded notice from the press and recording industry, trudging along half bitter drunk and half drunk on bitters between Brooklyn and Blighty for more than 30 years, but now are apparently calling it a day. They played some songs, they trashed the studio, they almost answered questions. Engineered by Gil Shuster. http://www.wfmu.org/playlists/shows/29345; genre Rock; styles Punk, Rock; tags the spunk lads"
004_004422.mp3,"British punk nonlegends The Spunk Lads stopped by WFMU to mark their fifth official last show ever. The self-proclaimed founders of punk have eluded notice from the press and recording industry, trudging along half bitter drunk and half drunk on bitters between Brooklyn and Blighty for more than 30 years, but now are apparently calling it a day. They played some songs, they trashed the studio, they almost answered questions. Engineered by Gil Shuster. http://www.wfmu.org/playlists/shows/29345; genre Rock; styles Punk, Rock; tags the spunk lads"
004_004423.mp3,"British punk nonlegends The Spunk Lads stopped by WFMU to mark their fifth official last show ever. The self-proclaimed founders of punk have eluded notice from the press and recording industry, trudging along half bitter drunk and half drunk on bitters between Brooklyn and Blighty for more than 30 years, but now are apparently calling it a day. They played some songs, they trashed the studio, they almost answered questions. Engineered by Gil Shuster. http://www.wfmu.org/playlists/shows/29345; genre Rock; styles Punk, Rock; tags the spunk lads"
004_004424.mp3,"British punk nonlegends The Spunk Lads stopped by WFMU to mark their fifth official last show ever. The self-proclaimed founders of punk have eluded notice from the press and recording industry, trudging along half bitter drunk and half drunk on bitters between Brooklyn and Blighty for more than 30 years, but now are apparently calling it a day. They played some songs, they trashed the studio, they almost answered questions. Engineered by Gil Shuster. http://www.wfmu.org/playlists/shows/29345; genre Rock; styles Punk, Rock; tags the spunk lads"
004_004425.mp3,"British punk nonlegends The Spunk Lads stopped by WFMU to mark their fifth official last show ever. The self-proclaimed founders of punk have eluded notice from the press and recording industry, trudging along half bitter drunk and half drunk on bitters between Brooklyn and Blighty for more than 30 years, but now are apparently calling it a day. They played some songs, they trashed the studio, they almost answered questions. Engineered by Gil Shuster. http://www.wfmu.org/playlists/shows/29345; genre Rock; styles Punk, Rock; tags the spunk lads"
004_004426.mp3,"British punk nonlegends The Spunk Lads stopped by WFMU to mark their fifth official last show ever. The self-proclaimed founders of punk have eluded notice from the press and recording industry, trudging along half bitter drunk and half drunk on bitters between Brooklyn and Blighty for more than 30 years, but now are apparently calling it a day. They played some songs, they trashed the studio, they almost answered questions. Engineered by Gil Shuster. http://www.wfmu.org/playlists/shows/29345; genre Rock; styles Punk, Rock; tags the spunk lads"
004_004427.mp3,"British punk nonlegends The Spunk Lads stopped by WFMU to mark their fifth official last show ever. The self-proclaimed founders of punk have eluded notice from the press and recording industry, trudging along half bitter drunk and half drunk on bitters between Brooklyn and Blighty for more than 30 years, but now are apparently calling it a day. They played some songs, they trashed the studio, they almost answered questions. Engineered by Gil Shuster. http://www.wfmu.org/playlists/shows/29345; genre Rock; styles Punk, Rock; tags the spunk lads"
004_004428.mp3,"British punk nonlegends The Spunk Lads stopped by WFMU to mark their fifth official last show ever. The self-proclaimed founders of punk have eluded notice from the press and recording industry, trudging along half bitter drunk and half drunk on bitters between Brooklyn and Blighty for more than 30 years, but now are apparently calling it a day. They played some songs, they trashed the studio, they almost answered questions. Engineered by Gil Shuster. http://www.wfmu.org/playlists/shows/29345; genre Rock; styles Punk, Rock; tags the spunk lads"
004_004429.mp3,"British punk nonlegends The Spunk Lads stopped by WFMU to mark their fifth official last show ever. The self-proclaimed founders of punk have eluded notice from the press and recording industry, trudging along half bitter drunk and half drunk on bitters between Brooklyn and Blighty for more than 30 years, but now are apparently calling it a day. They played some songs, they trashed the studio, they almost answered questions. Engineered by Gil Shuster. http://www.wfmu.org/playlists/shows/29345; genre Rock; styles Punk, Rock; tags the spunk lads"
004_004430.mp3,"This Brooklyn-based 4-piece sounds like no other band out there these days. They call to mind bands like Mission of Burma and Volcano Suns with a dash of Television and Crazy Horse. Their demo was one of my Best Faves of 2003 -- tune in and hear why! Engineered by Diane Farris. http://wfmu.org/playlists/shows/10215; genre Rock; styles Post-Punk, Rock, Punk; tags the tokeleys"
004_004442.mp3,"genre Spoken; styles Radio, Spoken, Interview; tags tom carter"
004_004447.mp3,"genre Folk; styles Folk; tags guitar, folk, acoustic guitar, manhattan, twi the humble feather"
004_004449.mp3,"genre Folk; styles Folk; tags guitar, folk, acoustic guitar, manhattan, twi the humble feather"
004_004451.mp3,"genre Folk; styles Folk; tags guitar, folk, acoustic guitar, manhattan, twi the humble feather"
004_004452.mp3,"genre Folk; styles Folk; tags guitar, folk, acoustic guitar, manhattan, twi the humble feather"
004_004465.mp3,"genre Rock; styles Punk, Rock; tags urinals"
004_004467.mp3,"genre Rock; styles Punk, Rock; tags urinals"
004_004470.mp3,"genre Spoken; styles Radio, Spoken, Interview; tags urinals"
004_004471.mp3,"genre Rock; styles Punk, Rock; tags urinals"
004_004472.mp3,"genre Experimental; styles Experimental, Drone; tags vibracathedral orchestra"
004_004505.mp3,"tags san francisco, wildildlife"
004_004506.mp3,"http://creativecommons.org/licenses/by-nc-sa/3.0/ http://www.myspace.com/learnwithxela; styles Ambient Electronic, Drone, Experimental, Electronic; tags xela"
004_004513.mp3,"Marcia Bassett and Tom Carter, guitars. Engineered by Glenn Luttman at WFMU; genre Experimental; styles Experimental, Drone; tags zaika"
004_004514.mp3,"genre Experimental; styles Experimental, Audio Collage; tags blanketship"
004_004515.mp3,"San Francisco's Citay stop by the WFMU studios for their second appearance, this time on the triumphant heels of their latest release Little Kingdom . Expect multi-layered, orchestrated psychedelia full of delicious hooks. (http://wfmu.org/playlists/shows/26689) A live set from Mos Ontologica is also featured from this show; genre Rock; styles Rock; tags san francisco, citay"
004_004516.mp3,"Legendary Pittsburgh garage rockers The Cynics have been around for 2 decades cranking out solid 6Ts influenced punk and pop. The songwriting, singing, and playing is all top notch. live set from the CYNICS (unplugged) engineered by Dave Amels assisted by Stu Rutherford and Mike Sinocchi Mike Kastelic - Vocals/harmonica Gregg Kostelich - Guitar/vocals with Stephen May & Joe Emery - percussion (http://www.wfmu.org/playlists/shows/24808); genre Rock; styles Rock, Garage; tags the cynics"
004_004517.mp3,"genre International; styles International; tags pop, khmer, rock, cambodia, dengue fever"
004_004518.mp3,"This wild and crazy foursome from Washington D.C. bring their fuzzed out garage/R&B to the WFMU studios, where the halls are no longer safe! Engineers: Trent Wolbe, Diane Farris, Recorded May 9 Ginger Richards - Guitar/Vox Michael Sullivan - Drums Matthew Sullivan - Bass Sean Crowley - Guitar/Vox (http://www.wfmu.org/playlists/shows/27311); genre Rock; styles Rock; tags the hall monitors"
004_004523.mp3,genre Rock; styles Rock; tags killdozer
004_004524.mp3,"Echo Park's Rainbow Arabia rolled up to WFMU with a U-Haul full of gear at 9 in the morning this Monday to record a set for my show and it was like some sort of middle eastern acid-washed troupe from the future-past had landed on Montgomery street: neon-polka-dotted Arabic Casio keyboards, a mini percussion rack that could have belonged to either Jamie Lidell or my 4-year-old cousin, and a bunch of cutouts of safari animals. And that's pretty much what they sounded like: awesome. Husband and wife Danny (who you may know from Whiskey Biscuits) and Tiffany requested that I turn on the hip-hop bass filter to really get the radio audience jumping, and it really did. Just listen, you'll be glad you did. Engineered by Trent Wolbe. http://blog.wfmu.org/freeform/2008/10/the-blasting-ps.html http://www.wfmu.org/playlists/shows/29015; styles Rock, Experimental, Electronic; tags rainbow arabia"
004_004532.mp3,"This is an alternate version of a released track. It is a live recording that Br'er did on their first tour at a recording studio in the middle of Mesa, Arizona; tags brer"
004_004533.mp3,"This is an alternate version of a song released on a single Girl Married Girl , a 7-inch split with Hermit Thrushes; tags brer"
004_004534.mp3,"This track was originally recorded during the ""Of Shemales and Kissaboos"" sessions but was left off because of continuity issues; tags brer"
004_004535.mp3,"""I Might Be a Jew But I still Love you For Christmas"" is an unreleased Holiday song, one of the first Br'er songs ever written; styles Experimental, Novelty, Easy Listening, Sound Effects, Holiday; tags holiday music, brer"
004_004541.mp3,"genre Rock; styles Rock; tags san francisco, wildildlife"
004_004697.mp3,genre Electronic; styles Electronic; tags dan friel
004_004706.mp3,"live version of a song from the 7'' on White Denim (2003); genre Jazz; styles Jazz: Out, Jazz; tags barnacled"
004_004713.mp3,"genre Rock; styles Psych-Rock, Rock; tags san francisco, wooden shjips"
004_004714.mp3,"styles Pop, Rock; tags london, le volume courbe, my bloody valentine"
004_004715.mp3,"styles Pop, Rock; tags london, le volume courbe, my bloody valentine"
004_004721.mp3,"styles Pop, Rock; tags london, le volume courbe, my bloody valentine"
004_004722.mp3,"styles Pop, Rock; tags london, le volume courbe, my bloody valentine"
004_004723.mp3,"styles Pop, Rock; tags london, le volume courbe, my bloody valentine"
004_004736.mp3,genre Electronic; styles Electronic; tags fuck buttons
004_004751.mp3,"Just when it seemed things had cooled down to a comfortable post-midnight temperature, The Bad Trips fired off a batch of stage-melting psychedelic nightcaps to round out WFMU's SXSW showcase in Austin last Friday night. This Ventura, CA, instrumental outfit is the new project of Grady Runyan, formerly of mid-90s Bay Area psych-punk riffers Monoshock. Grady plays electric/ebow/delay guitar backed by Jeff Grimes on guitar/bass, Gordon Roberts on bass/viola, and drummer Bob Anderson. http://blog.wfmu.org/freeform/2008/03/the-bad-trips-t.html; genre Rock; styles Psych-Rock, Rock; tags los angeles, the bad trips"
004_004753.mp3,"If you've listened to WFMU for any large chunk of time, chances are you've run into the recorded work of Carla Bozulich. Her 2006 album ""Evangelista"" ended up on a couple of peoples ' Top 10 lists of 2006 . She also played live on Brian's show that year, and her new album ""Hello Voyager,"" recorded with her band Evangelista, is making its rounds on the 'FMU programming grid right now. Now available to you, the patient blog-reading and listening public, is Evangelista's entire performance at the WFMU South By Southwest showcase on March 14th at Spiro's in Austin. Perhaps not-so-coincidentally, the band is used to playing in darkness, which made the pink-lit outdoor stage at Spiro's a bit of a change of pace for the band. All of Carla's music is powerful and haunting, and that's especially true in her live performance. But a heavy dose of twisted humor shines through when she plays live that isn't totally apparent in her albums. She's constantly sporting a devilly grin and cracking half-jokes in between fits of all other kinds of emotion. It's a dark and strange ride - listen for all sorts of weird and fantastically played instrumentation: cymbals attached to a rubber strap and dropped, toy telephones being crooned into, cellos being beaten in submission, and the actual stage structure being used as a percussive element by the bandleader herself. Also, the Low cover, if you haven't heard it yet, is unmissable. http://blog.wfmu.org/freeform/2008/03/live-from-austi.html; genre Experimental; styles Avant-Garde, Experimental; tags carla bozulichs evangelista"
004_004758.mp3,"If you've listened to WFMU for any large chunk of time, chances are you've run into the recorded work of Carla Bozulich. Her 2006 album ""Evangelista"" ended up on a couple of peoples ' Top 10 lists of 2006 . She also played live on Brian's show that year, and her new album ""Hello Voyager,"" recorded with her band Evangelista, is making its rounds on the 'FMU programming grid right now. Now available to you, the patient blog-reading and listening public, is Evangelista's entire performance at the WFMU South By Southwest showcase on March 14th at Spiro's in Austin. Perhaps not-so-coincidentally, the band is used to playing in darkness, which made the pink-lit outdoor stage at Spiro's a bit of a change of pace for the band. All of Carla's music is powerful and haunting, and that's especially true in her live performance. But a heavy dose of twisted humor shines through when she plays live that isn't totally apparent in her albums. She's constantly sporting a devilly grin and cracking half-jokes in between fits of all other kinds of emotion. It's a dark and strange ride - listen for all sorts of weird and fantastically played instrumentation: cymbals attached to a rubber strap and dropped, toy telephones being crooned into, cellos being beaten in submission, and the actual stage structure being used as a percussive element by the bandleader herself. Also, the Low cover, if you haven't heard it yet, is unmissable. http://blog.wfmu.org/freeform/2008/03/live-from-austi.html; genre Experimental; styles Avant-Garde, Experimental; tags carla bozulichs evangelista"
004_004770.mp3,"genre Rock; styles Indie-Rock, Rock; tags slowcore, low"
004_004772.mp3,"genre Rock; styles Indie-Rock, Rock; tags slowcore, low"
004_004773.mp3,"genre Rock; styles Indie-Rock, Rock; tags slowcore, low"
004_004774.mp3,"genre Rock; styles Indie-Rock, Rock; tags slowcore, low"
004_004775.mp3,"genre Rock; styles Indie-Rock, Rock; tags slowcore, low"
004_004776.mp3,"I'll say right up front that having David Fair explain to me how he installed a Diet Pepsi fountain for his wedding guests (it went flat) was far more enlightening than any panel at SXSW could have been. When Half Japanese took the stage at Spiro's Friday night and blew into the first measures of ""Firecracker"", the whole of the crowd (which included entire bands of disciples like Times New Viking, Yo La Tengo, Psychedelic Horseshit) had smiles stretched ear to ear. And what a set it was. Not only did onlookers at WFMU's first ever showcase/broadcast in Austin get to see both Jad and David Fair onstage again, but they saw them in absolutely astounding mode. For over a half hour the group lurched through total classics: ""Thing With a Hook"", ""Nicole Told Me"", ""I'll Change My Style"" all the way through the burning impromptu finale of the 13th Floor Elevators' ""You're Gonna Miss Me"". What made the set extra special (besides Jad's spastic strumming on his red mini-electric axe and David's full on dance invocations of Timothy Carey ala World's Greatest Sinner ) was the presence of a classic era lineup that included Mark Jickling, John Moreman, Rick and John Dreyfuss and extra 2nd sax from guest Ira Kaplan. Pure joy. I will say though, I was bummed a bit afterwards when Ira showed me the setlist and the tunes that got cut due to time constraints, but happy to say I caught a bunch of them the next day at Half Jap's Waterloo Records in-store. More SXSW archives, photos, and video to come, but let's drop a pile of MP3s right off the bat from the Band Who Would Be King (sorry though, we have to cut the Roky cover!). Thanks to WFMU Free Music Archivist Jason for the slice and dice. http://blog.wfmu.org/freeform/2008/03/half-japanese-a.html; genre Rock; styles Rock; tags half japanese"
004_004789.mp3,"genre Rock; styles Indie-Rock, Rock; tags mink lungs"
004_004790.mp3,"While the Hank IV may have raised the ire of anyone showing up to see Bocephus' grandson (sorry, these guys have interrupted that particular line) they put on one hell of a rocking performance. Singer Bob McDonald (ex-the Denver hardcore band Bum Kon who have a reissue due imminently) has just become ambulatory after screwing up his knee a few months back in San Francisco with one of his trademark stage pirouettes; while we didn't get the fully unhinged dance party that is Bob (Siltblog once likened his moves to a cross between Sally Can't Dance Lou Reed, Ian Curtis, and the robot from Lost In Space ) we saw him pretty amped up there dragging that leg thing all over the place. Though of course he did spend some fair time checking out the floor as well (picture by BT). Terminal Boredom: ""What teacher's lounge did these guys meet in?"" We love the Hank IV, thanks to them for allowing us to post these MP3s; genre Rock; styles Rock; tags san francisco, hank iv"
004_004792.mp3,"While the Hank IV may have raised the ire of anyone showing up to see Bocephus' grandson (sorry, these guys have interrupted that particular line) they put on one hell of a rocking performance. Singer Bob McDonald (ex-the Denver hardcore band Bum Kon who have a reissue due imminently) has just become ambulatory after screwing up his knee a few months back in San Francisco with one of his trademark stage pirouettes; while we didn't get the fully unhinged dance party that is Bob (Siltblog once likened his moves to a cross between Sally Can't Dance Lou Reed, Ian Curtis, and the robot from Lost In Space ) we saw him pretty amped up there dragging that leg thing all over the place. Though of course he did spend some fair time checking out the floor as well (picture by BT). Terminal Boredom: ""What teacher's lounge did these guys meet in?"" We love the Hank IV, thanks to them for allowing us to post these MP3s; genre Rock; styles Rock; tags san francisco, hank iv"
004_004794.mp3,"While the Hank IV may have raised the ire of anyone showing up to see Bocephus' grandson (sorry, these guys have interrupted that particular line) they put on one hell of a rocking performance. Singer Bob McDonald (ex-the Denver hardcore band Bum Kon who have a reissue due imminently) has just become ambulatory after screwing up his knee a few months back in San Francisco with one of his trademark stage pirouettes; while we didn't get the fully unhinged dance party that is Bob (Siltblog once likened his moves to a cross between Sally Can't Dance Lou Reed, Ian Curtis, and the robot from Lost In Space ) we saw him pretty amped up there dragging that leg thing all over the place. Though of course he did spend some fair time checking out the floor as well (picture by BT). Terminal Boredom: ""What teacher's lounge did these guys meet in?"" We love the Hank IV, thanks to them for allowing us to post these MP3s; genre Rock; styles Rock; tags san francisco, hank iv"
004_004795.mp3,"While the Hank IV may have raised the ire of anyone showing up to see Bocephus' grandson (sorry, these guys have interrupted that particular line) they put on one hell of a rocking performance. Singer Bob McDonald (ex-the Denver hardcore band Bum Kon who have a reissue due imminently) has just become ambulatory after screwing up his knee a few months back in San Francisco with one of his trademark stage pirouettes; while we didn't get the fully unhinged dance party that is Bob (Siltblog once likened his moves to a cross between Sally Can't Dance Lou Reed, Ian Curtis, and the robot from Lost In Space ) we saw him pretty amped up there dragging that leg thing all over the place. Though of course he did spend some fair time checking out the floor as well (picture by BT). Terminal Boredom: ""What teacher's lounge did these guys meet in?"" We love the Hank IV, thanks to them for allowing us to post these MP3s; genre Rock; styles Rock; tags san francisco, hank iv"
004_004796.mp3,"While the Hank IV may have raised the ire of anyone showing up to see Bocephus' grandson (sorry, these guys have interrupted that particular line) they put on one hell of a rocking performance. Singer Bob McDonald (ex-the Denver hardcore band Bum Kon who have a reissue due imminently) has just become ambulatory after screwing up his knee a few months back in San Francisco with one of his trademark stage pirouettes; while we didn't get the fully unhinged dance party that is Bob (Siltblog once likened his moves to a cross between Sally Can't Dance Lou Reed, Ian Curtis, and the robot from Lost In Space ) we saw him pretty amped up there dragging that leg thing all over the place. Though of course he did spend some fair time checking out the floor as well (picture by BT). Terminal Boredom: ""What teacher's lounge did these guys meet in?"" We love the Hank IV, thanks to them for allowing us to post these MP3s; genre Rock; styles Rock; tags san francisco, hank iv"
004_004797.mp3,"While the Hank IV may have raised the ire of anyone showing up to see Bocephus' grandson (sorry, these guys have interrupted that particular line) they put on one hell of a rocking performance. Singer Bob McDonald (ex-the Denver hardcore band Bum Kon who have a reissue due imminently) has just become ambulatory after screwing up his knee a few months back in San Francisco with one of his trademark stage pirouettes; while we didn't get the fully unhinged dance party that is Bob (Siltblog once likened his moves to a cross between Sally Can't Dance Lou Reed, Ian Curtis, and the robot from Lost In Space ) we saw him pretty amped up there dragging that leg thing all over the place. Though of course he did spend some fair time checking out the floor as well (picture by BT). Terminal Boredom: ""What teacher's lounge did these guys meet in?"" We love the Hank IV, thanks to them for allowing us to post these MP3s; genre Rock; styles Rock; tags san francisco, hank iv"
004_004804.mp3,"by Brian Turner via WFMU's Beware of the Blog! Harvey Milk are without a doubt one band I am obsessed with, and the funny thing is that most people I meet who are fans of them are also obsessed with them; it seems that there are few casual listeners to their music. Born in Athens, GA in the early 1990's, they issued a slew of records that should have been recognized much more than they were; their non-peggability probably hurt their public/press profile, not to mention the neo-Barrett psychedelia that was emerging from their hometown overshadowing them somewhat in the scheme of collegiate radio. But what amazing records, and thanks to people like Chunklet , Relapse , tUMULT and others, the microscope once again has turned to them in the last few years and they've come back into action fully. I finally saw them for the first time a few years ago at Tonic opening for Khanate, and it remains one of my favorite live show memories. They sucked the oxygen out of the air for minutes at a time; extended passages of silence give way to crushing, Melvinsy swaths of pure majestic overload; singer/guitarist Creston issued forth gutteral vocals like he was fronting Lynard Skynard slowed down to 16 RPM. Muzzy chords would just loom ominously over the room for what seemed like an eternity and then they'd crack open into propulsive Thin Lizzy mode and change bizarre time signatures on a dime and sounded just fantastic. When asked if they could get on WFMU's SXSW bill for March, I couldn't have been more thrilled. We had a close call getting HM on my show a few years back but some crossed signals confused their show-up time with their club soundcheck; my engineer had by then gone home and I was devastated. But now, having the band show up and kick off the proceedings at Spiro's first on the bill (sorry about the club's drink ticketkeeper being AWOL, Stephen!) was a total freakin' dream come true. With Joe Preston (Melvins/Thrones) on 2nd guitar! What a way to start an evening; genre Rock; styles Rock; tags harvey milk"
004_004827.mp3,"Engineered by Richard Ruscinovich http://creativecommons.org/licenses/by-nc-sa/3.0/; styles Post-Punk, Rock, Punk, Electronic; tags brooklyn, parts and labor"
004_004828.mp3,"Engineered by Richard Ruscinovich http://creativecommons.org/licenses/by-nc-sa/3.0/; genre Rock; styles Rock; tags brooklyn, parts and labor"
004_004830.mp3,"Engineered by Richard Ruscinovich http://creativecommons.org/licenses/by-nc-sa/3.0/; genre Rock; styles Rock; tags brooklyn, parts and labor"
004_004831.mp3,"Engineered by Richard Ruscinovich http://creativecommons.org/licenses/by-nc-sa/3.0/; styles Post-Punk, Rock, Punk, Electronic; tags brooklyn, parts and labor"
004_004853.mp3,"styles Experimental, Radio, Spoken, Field Recordings; tags the conet project"
004_004854.mp3,"styles Experimental, Radio, Spoken, Field Recordings; tags the conet project"
004_004855.mp3,"styles Experimental, Radio, Spoken, Field Recordings; tags the conet project"
004_004856.mp3,"styles Experimental, Radio, Spoken, Field Recordings; tags the conet project"
004_004857.mp3,"styles Experimental, Radio, Spoken, Field Recordings; tags the conet project"
004_004858.mp3,"styles Experimental, Radio, Spoken, Field Recordings; tags the conet project"
004_004859.mp3,"styles Experimental, Radio, Spoken, Field Recordings; tags the conet project"
004_004860.mp3,"styles Experimental, Radio, Spoken, Field Recordings; tags the conet project"
004_004861.mp3,"styles Experimental, Radio, Spoken, Field Recordings; tags the conet project"
004_004862.mp3,"styles Experimental, Radio, Spoken, Field Recordings; tags the conet project"
004_004868.mp3,"styles Experimental, Radio, Spoken, Field Recordings; tags the conet project"
004_004869.mp3,"styles Experimental, Radio, Spoken, Field Recordings; tags the conet project"
004_004870.mp3,"styles Experimental, Radio, Spoken, Field Recordings; tags the conet project"
004_004871.mp3,"styles Experimental, Radio, Spoken, Field Recordings; tags the conet project"
004_004872.mp3,"styles Experimental, Radio, Spoken, Field Recordings; tags the conet project"
004_004883.mp3,"styles Experimental, Radio, Spoken, Field Recordings; tags the conet project"
004_004884.mp3,"styles Experimental, Radio, Spoken, Field Recordings; tags the conet project"
004_004885.mp3,"styles Experimental, Radio, Spoken, Field Recordings; tags the conet project"
004_004886.mp3,"styles Experimental, Radio, Spoken, Field Recordings; tags the conet project"
004_004887.mp3,"styles Experimental, Radio, Spoken, Field Recordings; tags the conet project"
004_004888.mp3,"styles Experimental, Radio, Spoken, Field Recordings; tags the conet project"
004_004889.mp3,"styles Experimental, Radio, Spoken, Field Recordings; tags the conet project"
004_004890.mp3,"styles Experimental, Radio, Spoken, Field Recordings; tags the conet project"
004_004891.mp3,"styles Experimental, Radio, Spoken, Field Recordings; tags the conet project"
004_004892.mp3,"styles Experimental, Radio, Spoken, Field Recordings; tags the conet project"
004_004893.mp3,"styles Experimental, Radio, Spoken, Field Recordings; tags the conet project"
004_004894.mp3,"styles Experimental, Radio, Spoken, Field Recordings; tags the conet project"
004_004895.mp3,"styles Experimental, Radio, Spoken, Field Recordings; tags the conet project"
004_004896.mp3,"styles Experimental, Radio, Spoken, Field Recordings; tags the conet project"
004_004897.mp3,"styles Experimental, Radio, Spoken, Field Recordings; tags the conet project"
004_004913.mp3,"styles Experimental, Radio, Spoken, Field Recordings; tags the conet project"
004_004914.mp3,"styles Experimental, Radio, Spoken, Field Recordings; tags the conet project"
004_004915.mp3,"styles Experimental, Radio, Spoken, Field Recordings; tags the conet project"
004_004916.mp3,"styles Experimental, Radio, Spoken, Field Recordings; tags the conet project"
004_004917.mp3,"styles Experimental, Radio, Spoken, Field Recordings; tags the conet project"
004_004918.mp3,"styles Experimental, Radio, Spoken, Field Recordings; tags the conet project"
004_004919.mp3,"styles Experimental, Radio, Spoken, Field Recordings; tags the conet project"
004_004920.mp3,"styles Experimental, Radio, Spoken, Field Recordings; tags the conet project"
004_004921.mp3,"styles Experimental, Radio, Spoken, Field Recordings; tags the conet project"
004_004922.mp3,"styles Experimental, Radio, Spoken, Field Recordings; tags the conet project"
004_004933.mp3,"styles Experimental, Radio, Spoken, Field Recordings; tags the conet project"
004_004934.mp3,"styles Experimental, Radio, Spoken, Field Recordings; tags the conet project"
004_004935.mp3,"styles Experimental, Radio, Spoken, Field Recordings; tags the conet project"
004_004936.mp3,"styles Experimental, Radio, Spoken, Field Recordings; tags the conet project"
004_004937.mp3,"styles Experimental, Radio, Spoken, Field Recordings; tags the conet project"
004_004943.mp3,"styles Experimental, Radio, Spoken, Field Recordings; tags the conet project"
004_004944.mp3,"styles Experimental, Radio, Spoken, Field Recordings; tags the conet project"
004_004945.mp3,"styles Experimental, Radio, Spoken, Field Recordings; tags the conet project"
004_004946.mp3,"styles Experimental, Radio, Spoken, Field Recordings; tags the conet project"
004_004947.mp3,"styles Experimental, Radio, Spoken, Field Recordings; tags the conet project"
004_004958.mp3,"styles Experimental, Radio, Spoken, Field Recordings; tags the conet project"
004_004959.mp3,"styles Experimental, Radio, Spoken, Field Recordings; tags the conet project"
004_004960.mp3,"styles Experimental, Radio, Spoken, Field Recordings; tags the conet project"
004_004961.mp3,"styles Experimental, Radio, Spoken, Field Recordings; tags the conet project"
004_004962.mp3,"styles Experimental, Radio, Spoken, Field Recordings; tags the conet project"
004_004963.mp3,"styles Experimental, Radio, Spoken, Field Recordings; tags the conet project"
004_004964.mp3,"styles Experimental, Radio, Spoken, Field Recordings; tags the conet project"
004_004965.mp3,"styles Experimental, Radio, Spoken, Field Recordings; tags the conet project"
004_004966.mp3,"styles Experimental, Radio, Spoken, Field Recordings; tags the conet project"
004_004967.mp3,"styles Experimental, Radio, Spoken, Field Recordings; tags the conet project"
004_004968.mp3,"styles Experimental, Radio, Spoken, Field Recordings; tags the conet project"
004_004969.mp3,"styles Experimental, Radio, Spoken, Field Recordings; tags the conet project"
004_004970.mp3,"styles Experimental, Radio, Spoken, Field Recordings; tags the conet project"
004_004971.mp3,"styles Experimental, Radio, Spoken, Field Recordings; tags the conet project"
004_004972.mp3,"styles Experimental, Radio, Spoken, Field Recordings; tags the conet project"
004_004973.mp3,"styles Experimental, Radio, Spoken, Field Recordings; tags the conet project"
004_004974.mp3,"styles Experimental, Radio, Spoken, Field Recordings; tags the conet project"
004_004975.mp3,"styles Experimental, Radio, Spoken, Field Recordings; tags the conet project"
004_004976.mp3,"styles Experimental, Radio, Spoken, Field Recordings; tags the conet project"
004_004977.mp3,"styles Experimental, Radio, Spoken, Field Recordings; tags the conet project"
004_004978.mp3,"styles Experimental, Radio, Spoken, Field Recordings; tags the conet project"
004_004979.mp3,"styles Experimental, Radio, Spoken, Field Recordings; tags the conet project"
004_004980.mp3,"styles Experimental, Radio, Spoken, Field Recordings; tags the conet project"
004_004981.mp3,"styles Experimental, Radio, Spoken, Field Recordings; tags the conet project"
004_004982.mp3,"styles Experimental, Radio, Spoken, Field Recordings; tags the conet project"
004_004983.mp3,"styles Experimental, Radio, Spoken, Field Recordings; tags the conet project"
004_004984.mp3,"styles Experimental, Radio, Spoken, Field Recordings; tags the conet project"
004_004985.mp3,"styles Experimental, Radio, Spoken, Field Recordings; tags the conet project"
004_004986.mp3,"styles Experimental, Radio, Spoken, Field Recordings; tags the conet project"
004_004987.mp3,"styles Experimental, Radio, Spoken, Field Recordings; tags the conet project"
004_004988.mp3,"styles Experimental, Radio, Spoken, Field Recordings; tags the conet project"
004_004989.mp3,"styles Experimental, Radio, Spoken, Field Recordings; tags the conet project"
004_004991.mp3,"Micah Blue Smaldone, favors songwriting that harkens back to an earlier age. This native of Kennebunkport, Maine began his musical career as a punker but found folk music with a 12-string far more satisfying. In addition to releasing several solo discs, Smaldone also performs with Fire On Fire and Death Vessel. Micah did a few tunes for Irene on a recent swing through town on the eve of his latest album release, ""The Red River."" Engineered by Irene Trudel. http://www.wfmu.org/playlists/shows/29261; genre Folk; styles Folk; tags portland, micah blue smaldone, maine"
004_004994.mp3,"from the 555 Recordings release Dark Falcon. http://hawksandsparrows.org This was the opening track to WFMU's Free Music Archive sampler vol.1; styles Experimental, Audio Collage, Electronic; tags lucky dragons"
004_004997.mp3,"genre Rock; styles Punk, Rock, Garage; tags new bomb turks"
005_005102.mp3,genre Rock; styles Rock; tags magic christian
005_005103.mp3,genre Rock; styles Rock; tags magic christian
005_005130.mp3,"genre Rock; styles Punk, Lo-Fi, Rock; tags raunchy young lepers"
005_005133.mp3,genre Electronic; styles Electronic; tags lucky dragons
005_005142.mp3,genre Folk; styles Folk; tags ed askew
005_005143.mp3,genre Folk; styles Folk; tags ed askew
005_005144.mp3,genre Folk; styles Folk; tags ed askew
005_005155.mp3,"Max Tundra: all sounds. Produced by Jason Sigal, engineered by Matt LeMay, 1/15/2009. Original version from the album Mastered By Guy at the Exchange is sung by Max's sister, Becky Jacobs; styles Pop, Experimental Pop, Electronic; tags max tundra"
005_005161.mp3,http://creativecommons.org/licenses/by-nc-sa/3.0/; genre Rock; styles Rock; tags the bristles
005_005163.mp3,http://creativecommons.org/licenses/by-nc-sa/3.0/; genre Rock; styles Rock; tags the bristles
005_005164.mp3,http://creativecommons.org/licenses/by-nc-sa/3.0/; genre Rock; styles Rock; tags the bristles
005_005165.mp3,http://creativecommons.org/licenses/by-nc-sa/3.0/; genre Rock; styles Rock; tags the bristles
005_005166.mp3,http://creativecommons.org/licenses/by-nc-sa/3.0/; genre Rock; styles Rock; tags the bristles
005_005167.mp3,http://creativecommons.org/licenses/by-nc-sa/3.0/; genre Rock; styles Rock; tags the bristles
005_005175.mp3,http://creativecommons.org/licenses/by-nc-sa/3.0/us http://www.causeco-motion.com http://freemusicarchive.org engineered by Trent Wolbe 8/12/08; genre Pop; styles Pop; tags cause co-motion
005_005182.mp3,http://creativecommons.org/licenses/by-nc-sa/3.0/us http://www.causeco-motion.com http://freemusicarchive.org engineered by Trent Wolbe 8/12/08; genre Pop; styles Pop; tags cause co-motion
005_005183.mp3,http://creativecommons.org/licenses/by-nc-sa/3.0/us http://www.causeco-motion.com http://freemusicarchive.org engineered by Trent Wolbe 8/12/08; genre Pop; styles Pop; tags cause co-motion
005_005184.mp3,http://creativecommons.org/licenses/by-nc-sa/3.0/us http://www.causeco-motion.com http://freemusicarchive.org engineered by Trent Wolbe 8/12/08; genre Pop; styles Pop; tags cause co-motion
005_005186.mp3,genre Pop; styles Pop; tags cause co-motion
005_005187.mp3,genre Pop; styles Pop; tags cause co-motion
005_005201.mp3,"styles Rock, Experimental; tags carla bozulichs evangelista"
005_005202.mp3,"styles Rock, Experimental; tags carla bozulichs evangelista"
005_005266.mp3,"genre Hip-Hop; styles Hip-Hop; tags dlek, dalek"
005_005271.mp3,"10/26/08 at the Metropolitan Pavillion, NYC www.dmbq.net/ freemusicarchive.org/ wfmu.org/ creativecommons.org/licenses/by-nc-sa/3.0/us""; genre Rock; styles Rock; tags dmbq"
005_005272.mp3,"10/26/08 at the Metropolitan Pavillion, NYC www.dmbq.net/ freemusicarchive.org/ wfmu.org/ creativecommons.org/licenses/by-nc-sa/3.0/us""; genre Rock; styles Rock; tags dmbq"
005_005395.mp3,"Cover of a Cambodian folk tune. Two original versions can be found on ""Cambodian Casette Archives"" from the Sublime Frequencies label; styles International, Asia-Far East, Psych-Rock, Rock; tags turkey, surf, psychedelic rock, heavy psychedelic, hayvanlar alemi, instrumental rock, neo-psychedelic"
005_005396.mp3,"Cover of a 90s Turkish pop tune which itself turned out to be the cover of a song by an English singer which was actualy a cover of a pop ballad by the Japanese singer Miyuki Nakajima. (There also exists a live bluegrass version in some more obscure recording by Hayvanlar Alemi.); styles International, Psych-Rock, Asia-Far East, Rock; tags turkey, surf, psychedelic rock, heavy psychedelic, hayvanlar alemi, instrumental rock, neo-psychedelic"
005_005397.mp3,"Live improv from Peyote bar in Istanbul. Played as ""find-a-name-for-this-improv"" contest and the song title (translates as ""The Dance of the Beet"") was suggested by the bartender; styles Psych-Folk, International, Middle East, Rock, Folk, Psych-Rock; tags turkey, surf, psychedelic rock, heavy psychedelic, hayvanlar alemi, instrumental rock, neo-psychedelic"
005_005398.mp3,"Live in the studio with a guitar and drums, no overdubs. A semi-improv highly inspired by Mali blues; styles Psych-Rock, International, Rock, African; tags turkey, surf, psychedelic rock, heavy psychedelic, hayvanlar alemi, instrumental rock, neo-psychedelic"
005_005400.mp3,"Live in the studio with a guitar and drums, no overdubs. The title translates as ""Roses Blooming in the Sky""; styles Psych-Rock, International, Rock, Middle East; tags turkey, surf, psychedelic rock, heavy psychedelic, hayvanlar alemi, instrumental rock, neo-psychedelic"
005_005412.mp3,"genre Rock; styles Punk, Rock, Power-Pop; tags thomas function"
005_005441.mp3,"styles Death-Metal, Rock, Electronic, Breakcore - Hard, Metal; tags animosity amp drumcorps"
005_005442.mp3,"styles Death-Metal, Rock, Electronic, Breakcore - Hard, Metal; tags animosity amp drumcorps"
005_005474.mp3,"genre Rock; styles Lo-Fi, Rock; tags children, jim reeves, youth performance, country, youth performer, r stevie moore, wfmu, diy, home recordings, lo-fi"
005_005481.mp3,"genre Rock; styles Lo-Fi, Rock; tags children, jim reeves, youth performance, country, youth performer, r stevie moore, wfmu, diy, home recordings, lo-fi"
006_006270.mp3,"styles Experimental, Audio Collage, Electronic; tags kapi, okapi"
006_006271.mp3,"styles Experimental, Audio Collage, Electronic; tags kapi, okapi"
006_006272.mp3,"styles Experimental, Audio Collage, Electronic; tags kapi, okapi"
006_006327.mp3,"The beginnings of understanding autism go back to the 19th century, and they were worked out by a man who married his cousin and had ten children with her. He also came up with the theory of evolution by natural selection, and so invented biology. Charles Darwin was born 200 years ago next month, and we hear about his life and work with geneticist and writer Steve Jones. Guests Steve Jones Professor of Genetics, University College London Further Information Steve Jones Publications Title: Darwin's Island: The Galapagos in the Garden of England Author: Steve Jones Publisher: Little Brown Presenter Richard Aedy Producer Jane Shields Story Researcher and Producer Richard Aedy; tags radio stations, abc radio national, australia"
006_006355.mp3,"genre International; styles International, Balkan; tags zlatne uste balkan brass band"
006_006730.mp3,"styles Noise, Experimental, Electronic; tags bronhardgoingpublic"
006_006731.mp3,"styles Noise, Experimental, Electronic; tags bronhardgoingpublic"
006_006732.mp3,"styles Noise, Experimental, Electronic; tags bronhardgoingpublic"
006_006733.mp3,"exclusive session recorded in December 2008! Robert Lippok: computer & sound f/x Beatrice Martini: harp & percussion; genre Electronic; styles Ambient Electronic, Electronic; tags harp, robert lippok and beatrice martini"
006_006754.mp3,genre Electronic; styles Electronic; tags james amoeba
006_006851.mp3,"genre Rock; styles Psych-Rock, Rock; tags the jowe head band"
006_006858.mp3,"genre Folk; styles Psych-Folk, Folk; tags mv ee and willie lane"
006_006860.mp3,"genre Folk; styles Psych-Folk, Folk; tags mv ee and willie lane"
006_006861.mp3,"styles Folk, Spoken Word, Spoken; tags montreal, valerie webber"
006_006862.mp3,"styles Folk, Spoken Word, Spoken; tags montreal, valerie webber"
006_006868.mp3,"styles Folk, Indie-Rock, Rock; tags mimi sun"
006_006877.mp3,"styles Pop, Electronic; tags hawnay troof"
006_006878.mp3,"styles Pop, Electronic; tags hawnay troof"
006_006879.mp3,"styles Pop, Electronic; tags hawnay troof"
006_006881.mp3,"genre Spoken; styles Poetry, Spoken; tags jaap blonk"
007_007022.mp3,"genre Electronic; styles Electronic; tags chill out, netlabels, chill, europe, sound art, glitch, electro, electronic, international, electronicimprovisation, computer music, junior85, noise, collage, improv, post rock, shoegaze, ireland"
007_007023.mp3,"genre Electronic; styles Electronic; tags chill out, netlabels, chill, europe, sound art, glitch, electro, electronic, international, electronicimprovisation, computer music, junior85, noise, collage, improv, post rock, shoegaze, ireland"
007_007044.mp3,"genre Electronic; styles Electronic; tags chill out, netlabels, chill, europe, sound art, glitch, electro, electronic, international, electronicimprovisation, computer music, junior85, noise, collage, improv, post rock, shoegaze, ireland"
007_007045.mp3,"genre Electronic; styles Electronic; tags chill out, netlabels, chill, europe, sound art, glitch, electro, electronic, international, electronicimprovisation, computer music, junior85, noise, collage, improv, post rock, shoegaze, ireland"
007_007046.mp3,"styles Noise, Experimental, Pop, Rock, Punk; tags tuam ireland pop punk noise korea, so cow"
007_007157.mp3,"styles Folk, International, Experimental; tags sun city girls, fingerstyle guitar, guitar, sir richard bishop"
007_007160.mp3,genre Rock; styles Rock; tags 50footwave
007_007169.mp3,"genre Folk; styles Free-Folk, Folk; tags tower recordings"
007_007170.mp3,"genre Folk; styles Free-Folk, Folk; tags tower recordings"
007_007171.mp3,"genre Folk; styles Free-Folk, Folk; tags tower recordings"
007_007538.mp3,"genre Experimental; styles Experimental; tags percussion, so percussion"
007_007540.mp3,"genre Experimental; styles Avant-Garde, Experimental; tags zev, metallic drums, videomaker, electroacoustics, binaural, drone, sound art, industrial, percussive, video artist, video, percussion"
007_007547.mp3,"tags radon, sikhara"
007_007557.mp3,"genre Experimental; styles Unclassifiable, Experimental; tags chile, alvaro, germany"
007_007558.mp3,"genre Experimental; styles Unclassifiable, Experimental; tags chile, alvaro, germany"
007_007829.mp3,"styles Folk, Pop, Rock, Indie-Rock; tags ravens and chimes"
007_007830.mp3,"styles Folk, Pop, Rock, Indie-Rock; tags ravens and chimes"
007_007831.mp3,"styles Folk, Pop, Rock, Indie-Rock; tags ravens and chimes"
007_007832.mp3,"There are two posts today (one musical, one visual), this being Excavated Shellac’s one year anniversary, for what it’s worth. Many more people have stopped by over the past year than I would have expected, and I appreciate that. This post features another favorite type of music of mine: early Algerian raï . Raï is a major force in North African music today (I just combed through 5-10 current raï compilations at Amoeba Records this weekend), although musically it’s a shadow of what it used to be, nearly unrecognizable in comparison. Take a listen to the track samples on the Rough Guide to Raï , for instance, and for the most part you’ll hear what may sound ostensibly to Western ears like current North African pop music. Lyrically current raï departs from standard pop, but musically it’s undergone a renaissance. With one notable exception on the CD by the great Cheikha Remitti (1923-2006) who up until her death still sang the original raï, you will barely hear a glimpse of the hypnotizing rosewood flutes and older, raw voices found in early raï - which, as you can probably surmise, is barely represented on CD. Raï means “opinion” or “advice” in Arabic - although I’ve read that it can sort of mean “Right on!” when exclaimed. The origins of the music converge in the 1920s-1930s in the seaside port of Oran, where rural bedouins and migrants brought their music into the city. Generally a male or female singer sang accompanied by only one or two gasba , the aforementioned desert rosewood flute, and a guellal , the Algerian hand drum. And raï’s vocals are intense: a driving, repetative lyrical force that sometimes lingers around a very narrow range of notes, which gives it the effect of a chant. What gave raï its reputation however was the way in which women, the Cheikhas, eventually popularized the genre in the mid-20th century, and the controversial subjects that they sang about. In much the same way that Greek rebetika music is known as the music of the Greek underworld, early raï is referred to as the music of Orani brothels and taverns. Which is probably a narrow view, unfortunately. Raï music was obviously a far cry from classical Arabic music, and many singers sang about social issues, poverty, and the police - but there are raï songs about love, too. This piece, by Cheikha Djerba, recorded in 1954 (!), is one of them. The title, “Rah Alia Rah” translates to “He’s Gone.” I quickly played this for a friend who is a native colloquial Algerian Arabic speaker and he was able to discern that it was sung by a woman who yearns for her husband, who has traveled overseas to find work. Here are both sides of this record. Pathé gave us this recording a bit muffled for some reason (it’s not digital distortion), but it hardly distracts. For more early raï, there are wonderful pieces by Cheikha Relizania on both R. Crumb’s “Hot Women” CD, and the Secret Museum’s North Africa volume. There were also several volumes made in France of a series titled “Anthologie du Raï” in the 1990s which seem completely unavailable - if you have any of these, please get in touch! Also a great surprise, this fellow on YouTube plays a batch of classic raï from 45s, right on his record player for your eyes and ears. Thanks to Karim B. for the translation! Technical Notes Label: Pathé Issue Number: PV 477 Matrix Number: CPT 11644 (21) - M3-164009; styles Old-Time / Historic, International, African, North African; tags cheika djerba"
007_007837.mp3,"genre Rock; styles Punk, Rock; tags the boardlords"
007_007850.mp3,"genre Rock; styles Punk, Rock; tags the boardlords"
007_007851.mp3,"genre Rock; styles Punk, Rock; tags the boardlords"
007_007852.mp3,"genre Rock; styles Punk, Rock; tags the boardlords"
007_007891.mp3,"Recorded 1/10/09 Engineered by Glennluttman http://creativecommons.org/licenses/by-nc-sa/3.0/us/\n boxelders.blogspot.com/; genre Rock; styles Punk, Rock; tags box elders"
007_007892.mp3,"Recorded 1/10/09 Engineered by Glennluttman http://creativecommons.org/licenses/by-nc-sa/3.0/us/\n boxelders.blogspot.com/; genre Rock; styles Punk, Rock; tags box elders"
007_007893.mp3,"Recorded 1/10/09 Engineered by Glennluttman http://creativecommons.org/licenses/by-nc-sa/3.0/us/\n boxelders.blogspot.com/; genre Rock; styles Punk, Rock; tags box elders"
007_007894.mp3,"Recorded 1/10/09 Engineered by Glennluttman http://creativecommons.org/licenses/by-nc-sa/3.0/us/\n boxelders.blogspot.com/; genre Rock; styles Punk, Rock; tags box elders"
007_007895.mp3,"Recorded 1/10/09 Engineered by Glennluttman http://creativecommons.org/licenses/by-nc-sa/3.0/us/\n boxelders.blogspot.com/; genre Rock; styles Punk, Rock; tags box elders"
007_007896.mp3,"Recorded 1/10/09 Engineered by Glennluttman http://creativecommons.org/licenses/by-nc-sa/3.0/us/\n boxelders.blogspot.com/; genre Rock; styles Punk, Rock; tags box elders"
007_007897.mp3,"Recorded 1/10/09 Engineered by Glennluttman http://creativecommons.org/licenses/by-nc-sa/3.0/us/\n boxelders.blogspot.com/; genre Rock; styles Punk, Rock; tags box elders"
007_007898.mp3,"Recorded 1/10/09 Engineered by Glennluttman http://creativecommons.org/licenses/by-nc-sa/3.0/us/\n boxelders.blogspot.com/; genre Rock; styles Punk, Rock; tags box elders"
007_007899.mp3,"Recorded 1/10/09 Engineered by Glennluttman http://creativecommons.org/licenses/by-nc-sa/3.0/us/\n boxelders.blogspot.com/; genre Rock; styles Punk, Rock; tags box elders"
007_007900.mp3,"Recorded 1/10/09 Engineered by Glennluttman http://creativecommons.org/licenses/by-nc-sa/3.0/us/\n boxelders.blogspot.com/; genre Rock; styles Punk, Rock; tags box elders"
007_007901.mp3,"Recorded 1/10/09 Engineered by Glennluttman http://creativecommons.org/licenses/by-nc-sa/3.0/us/\n boxelders.blogspot.com/; genre Rock; styles Punk, Rock; tags box elders"
007_007902.mp3,"Recorded 1/10/09 Engineered by Glennluttman http://creativecommons.org/licenses/by-nc-sa/3.0/us/\n boxelders.blogspot.com/; genre Rock; styles Punk, Rock; tags box elders"
007_007927.mp3,"genre Electronic; styles Electronic; tags new year, holiday music, messer chups, rockabilly, guitar, surf guitar, surf, russia, horror, experimental pop, halloween, rock"
007_007929.mp3,"genre Electronic; styles Electronic; tags new year, holiday music, fortyone"
007_007930.mp3,"genre Electronic; styles Electronic; tags new year, holiday music, principle fetterman"
007_007932.mp3,"genre Electronic; styles Electronic; tags new year, holiday music, math and physics club"
007_007933.mp3,"genre Electronic; styles Electronic; tags new year, holiday music, music for podcasts, podsafe, ambient, podcast, synthwave, library music, instrumental, retrowave, tracks to sync, podcast music, wm recordings, electronic, experimental pop, experimental, lee rosevere"
008_008178.mp3,"styles Noise, Experimental, Electronic; tags james amoeba"
008_008183.mp3,"genre Electronic; styles Electronic; tags chill out, netlabels, chill, europe, sound art, glitch, electro, electronic, international, electronicimprovisation, computer music, junior85, noise, collage, improv, post rock, shoegaze, ireland"
008_008184.mp3,"styles Minimal Electronic, Electronic, Experimental, Drone; tags baltimore, afternoon penis"
008_008185.mp3,"genre Rock; styles Punk, Rock; tags nj punk, ped, punk fucking rock"
008_008186.mp3,"genre Rock; styles Punk, Rock; tags nj punk, ped, punk fucking rock"
008_008281.mp3,"Music by Hayvanlar Alemi except for the main theme which is most probably a Russian folk tune; styles International, Psych-Rock, Rock, Reggae - Dub; tags turkey, surf, psychedelic rock, heavy psychedelic, hayvanlar alemi, instrumental rock, neo-psychedelic"
008_008282.mp3,"Studio jamming; styles Psych-Folk, International, Middle East, Rock, Folk, Psych-Rock; tags turkey, surf, psychedelic rock, heavy psychedelic, hayvanlar alemi, instrumental rock, neo-psychedelic"
008_008283.mp3,"The name of the track was given by a Danish tourist girl in a concert in Istanbul when it was first improvised as a ""find-a-name-for-this-improv"" contest; styles Psych-Rock, International, Rock, Reggae - Dub; tags turkey, surf, psychedelic rock, heavy psychedelic, hayvanlar alemi, instrumental rock, neo-psychedelic"
008_008284.mp3,"genre Experimental; styles Avant-Garde, Experimental, Audio Collage; tags free matter for the blind"
008_008285.mp3,"genre Experimental; styles Avant-Garde, Experimental, Audio Collage; tags free matter for the blind"
008_008326.mp3,"genre Experimental; styles Experimental, Audio Collage; tags clover"
008_008327.mp3,"genre Experimental; styles Experimental, Audio Collage; tags clover w mahi mahi tones"
008_008328.mp3,"genre Experimental; styles Experimental, Audio Collage; tags drainage"
008_008330.mp3,"genre Experimental; styles Experimental, Audio Collage; tags free matter for the blind"
008_008332.mp3,"genre Experimental; styles Experimental, Audio Collage; tags field recording"
008_008346.mp3,"genre Experimental; styles Experimental, Audio Collage; tags the department of homeland absurdity"
008_008348.mp3,"genre Experimental; styles Experimental, Audio Collage; tags jaydee"
008_008351.mp3,"genre Experimental; styles Experimental, Audio Collage; tags ttesco"
008_008352.mp3,"genre Experimental; styles Avant-Garde, Experimental, Audio Collage; tags free matter for the blind"
008_008353.mp3,"genre Experimental; styles Avant-Garde, Experimental, Audio Collage; tags free matter for the blind"
008_008386.mp3,"genre Experimental; styles Experimental, Audio Collage; tags j frank"
008_008387.mp3,"genre Experimental; styles Experimental, Audio Collage; tags g orwell"
008_008388.mp3,"genre Experimental; styles Experimental, Audio Collage; tags irene moon, auk theater, auk, collection of the late howell bend"
008_008389.mp3,"genre Experimental; styles Experimental, Audio Collage; tags g orwell"
008_008390.mp3,"genre Experimental; styles Experimental, Audio Collage; tags g lucas"
008_008406.mp3,"genre Experimental; styles Experimental, Audio Collage; tags irene moon, auk theater, auk, collection of the late howell bend"
008_008407.mp3,"genre Experimental; styles Avant-Garde, Experimental, Audio Collage; tags free matter for the blind"
008_008408.mp3,"genre Experimental; styles Avant-Garde, Experimental, Audio Collage; tags free matter for the blind"
008_008409.mp3,"genre Experimental; styles Avant-Garde, Experimental, Audio Collage; tags free matter for the blind"
008_008410.mp3,"genre Experimental; styles Experimental, Audio Collage; tags irene moon, auk theater, auk, collection of the late howell bend"
008_008417.mp3,"genre Experimental; styles Experimental, Audio Collage; tags ben coonley"
008_008418.mp3,"genre Experimental; styles Experimental, Audio Collage; tags this fun fun life"
008_008419.mp3,"genre Experimental; styles Experimental, Audio Collage; tags cheap little tart"
008_008420.mp3,"genre Experimental; styles Experimental, Audio Collage; tags this fun fun life"
008_008492.mp3,"genre Rock; styles Indie-Rock, Rock; tags paybacks"
008_008520.mp3,"styles International, Jazz, Free-Jazz, Middle East; tags malox"
008_008529.mp3,genre Folk; styles Folk; tags oy division
008_008540.mp3,"w brooke crouser,jamie mohr,jason martin,daniel seward; genre Folk; styles Folk, Freak-Folk; tags bunnybrains"
008_008541.mp3,"w brooke crouser,jamie mohr,jason martin,daniel seward; genre Folk; styles Folk, Freak-Folk; tags bunnybrains"
008_008542.mp3,"w brooke crouser,jamie mohr,jason martin,daniel seward; genre Folk; styles Folk, Freak-Folk; tags bunnybrains"
008_008566.mp3,genre Rock; styles Rock; tags steve wynn
008_008567.mp3,genre Rock; styles Rock; tags steve wynn
008_008568.mp3,"styles Radio, Rock, Spoken, Interview; tags steve wynn"
008_008569.mp3,"styles Radio, Rock, Spoken, Interview; tags steve wynn"
008_008570.mp3,"styles Radio, Rock, Spoken, Interview; tags steve wynn"
008_008571.mp3,"styles Radio, Rock, Spoken, Interview; tags steve wynn"
008_008572.mp3,"styles Radio, Rock, Spoken, Interview; tags steve wynn"
008_008573.mp3,"styles Radio, Rock, Spoken, Interview; tags steve wynn"
008_008574.mp3,"styles Radio, Rock, Spoken, Interview; tags steve wynn"
008_008577.mp3,"genre Rock; styles Lo-Fi, Rock; tags the blood lemons"
008_008940.mp3,"styles Folk, Experimental; tags mount eerie"
008_008941.mp3,"styles Spoken Weird, Ambient, Rock, Instrumental, Spoken, Psych-Rock, Lo-Fi; tags xplanet and bethx"
008_008942.mp3,"styles Folk, Pop, Lo-Fi, Rock; tags lo-fi, twee, the diskettes"
008_008943.mp3,"styles Folk, Pop, Lo-Fi, Rock; tags lo-fi, twee, the diskettes"
008_008944.mp3,"styles Folk, Pop, Lo-Fi, Rock; tags lo-fi, twee, the diskettes"
009_009114.mp3,"genre Electronic; styles Ambient Electronic, Electronic; tags odd nosdam"
009_009115.mp3,"genre Electronic; styles Ambient Electronic, Electronic; tags omid"
009_009116.mp3,"genre Electronic; styles Ambient Electronic, Electronic; tags otonomiyaki"
009_009117.mp3,"genre Electronic; styles Ambient Electronic, Electronic; tags paul diddy"
009_009118.mp3,"genre Electronic; styles Ambient Electronic, Electronic; tags paul diddy"
009_009149.mp3,"genre Electronic; styles Ambient Electronic, Electronic; tags yuk"
009_009150.mp3,"genre Electronic; styles Ambient Electronic, Electronic; tags 2 tall"
009_009151.mp3,"A; genre Experimental; styles Experimental, Noise, Field Recordings; tags a kombi"
009_009153.mp3,"genre Experimental; styles Noise, Avant-Garde, Experimental; tags justice yeldham"
009_009154.mp3,"styles Noise, Jazz, Experimental, Free-Jazz, Rock, Loud-Rock, Noise-Rock; tags ricecorpse"
009_009192.mp3,"genre Rock; styles Psych-Rock, Rock; tags gunslingers"
009_009193.mp3,"genre Pop; styles Pop, Experimental Pop; tags julia holter"
009_009194.mp3,genre Hip-Hop; styles Hip-Hop; tags count bass d
009_009195.mp3,"genre Rock; styles Punk, Rock; tags mexico, xyx"
009_009196.mp3,"genre Rock; styles Punk, Rock; tags mexico, xyx"
009_009416.mp3,"styles Noise, Experimental, Singer-Songwriter, Electroacoustic, Electronic, Folk, Minimal Electronic; tags welcome wizard"
009_009417.mp3,"styles Noise, Experimental, Singer-Songwriter, Electroacoustic, Electronic, Folk, Minimal Electronic; tags welcome wizard"
009_009418.mp3,"styles Noise, Experimental, Singer-Songwriter, Electroacoustic, Electronic, Folk, Minimal Electronic; tags welcome wizard"
009_009419.mp3,"styles Noise, Experimental, Singer-Songwriter, Electroacoustic, Electronic, Folk, Minimal Electronic; tags welcome wizard"
009_009420.mp3,"There’s something magical brewing up in Nevada City. Maybe it’s the crisp air, wild rivers and rustic charm or possibly the rip-roarin’ gold miner heritage soaring through the air. This longtime hippie hideout, home to folk gem Joanna Newsome and minimalist composer Terry Riley, proves to be an ever-expanding center for creativity. Forget the rustic charm theory from above I think Nevada City’s beautiful bounty is the result of a genetic experiment gone right. Grassroots Record Co. did our ears a favor by gathering the glowing local gene pool to create “the Family Album.” We were graced with the presence of some of these new Nevada City stars for a special live collective session. We hope you dig the super sounds of: Alina Estelle Hardin, Benjamin Oak Goodman, Alela Diane, Mariee Sioux, Lee Bob Watson and Casual Fog; tags grassroots records family"
009_009470.mp3,"styles Noise, Experimental, Singer-Songwriter, Electroacoustic, Electronic, Folk, Minimal Electronic; tags welcome wizard"
009_009471.mp3,"genre Rock; styles Space-Rock, Post-Rock, Rock; tags chicago, icy demons"
009_009472.mp3,genre Electronic; styles Electronic; tags atlas sound
009_009473.mp3,"genre Electronic; styles Ambient Electronic, Electronic; tags smgsap"
009_009474.mp3,genre Folk; styles Folk; tags erlend oye
009_009489.mp3,"styles Singer-Songwriter, Comedy, Pop, Folk, Spoken; tags purple duck"
009_009494.mp3,"WHERE THE COMET FALLS It was cold and hungry where I was young had to burn the coal Dad coughed up from his lung We kept the Bible by the outhouse holes we tore the pages out to cleanse our souls I came home blinded from the Spanish War I told my gal I couldn’t see her no more Now I live in a bottle my door is ajar I sweep up sawdust and sleep in the bar Well I’m glad this world is not our home though I won’t be heading up to heaven’s dome When the signs appear and the trumpet calls let me make my pallet where the comet falls It’s T for shovel and T for pick never learned to read I went to work too quick It’s O for Reno and D for Bend I’m wandering ‘round just waiting for the end I had a shotgun wedding she’s long and black she sleeps beside me in our shotgun shack Once we were kissing and she chipped my tooth I shot my mouth off and I hit the roof They put P.T. Barnum on the dollar bill if you’re not a sucker then your just a shill Now I’m out here strung up in my family tree born to be a seedy effigy Oh, the old New Mexico I knew was sold where the Hopi hoped and the tumblestorms rolled I’ve found a haystack in Needles and I’m off to bed my home is anywhere I hang my head; styles Folk, Americana, Country, Singer-Songwriter; tags al duvall"
009_009499.mp3,"genre Experimental; styles Noise, Avant-Garde, Experimental; tags justice yeldham"
009_009510.mp3,"MARY MACK A Romeo is more effective when he is a store detective working up along the Ladies’ Mile Poking deep into the sacks of classy kleptomaniacs dolled up in a most attractive style There is one who mocks my duty Sleight of hand but full of beauty Daring at her art She’s gone and swiped my heart Mary Mack may I remind you why I walk the floor behind you How your dress is bulging out in back I’m onto you I must admit I wink the other eye a bit when you stuff your muff with bric-a-brac Our romance is getting risky Still you have me feeling frisky What a job uncovering your plot And I’ve been staring at your derriere wary of the wares you bury there Mary Mack just show me what you’ve got Please consider my position let me hold you on suspicion Take you down and empty out your dress Just let me perform the search and I swear I won’t find any merchandise if you let me have just one caress Let me see where you’ve been stashin’ laces of the latest fashion and the mink you stole instead of bought On my shift there’s no alert from me Lift it all just lift a skirt for me Mary Mack just show me what you’ve got; styles Folk, Americana, Country, Singer-Songwriter; tags al duvall"
009_009515.mp3,"genre Rock; styles Rock, Loud-Rock; tags puffy areolas"
009_009548.mp3,"styles International, Jazz, Experimental, Free-Jazz, Improv; tags throat-singing, overtone singing, drone, khoomei, shruti box, arrington de dionyso"
009_009549.mp3,"styles International, Jazz, Experimental, Free-Jazz, Improv; tags throat-singing, overtone singing, drone, khoomei, shruti box, arrington de dionyso"
009_009581.mp3,"styles Experimental, Comedy, Old-Time / Historic, Spoken, Unclassifiable; tags singing sadie"
009_009582.mp3,"styles Experimental, Comedy, Old-Time / Historic, Spoken, Unclassifiable; tags singing sadie"
009_009583.mp3,"styles Experimental, Comedy, Old-Time / Historic, Spoken, Unclassifiable; tags singing sadie"
009_009637.mp3,"genre Rock; styles Indie-Rock, Rock; tags xiu xiu w kristin hersh"
009_009641.mp3,genre Rock; styles Rock; tags dr david suendermann
009_009647.mp3,tags audiotechnica
009_009648.mp3,tags northsea feat kristin hersh
009_009649.mp3,tags graphic recliner
009_009668.mp3,"styles Noise, Experimental, Electronic, Drone, Glitch; tags briz"
009_009674.mp3,"styles Avant-Garde, Spoken Weird, Spoken, Experimental; tags volvox"
009_009675.mp3,"styles Avant-Garde, Spoken Weird, Spoken, Experimental; tags volvox"
009_009676.mp3,"styles Avant-Garde, Spoken Weird, Spoken, Experimental; tags volvox"
009_009679.mp3,"styles Experimental, Audio Collage, Electronic; tags bradbury"
009_009700.mp3,"styles Old-Time / Historic, Unclassifiable, Experimental; tags nora keyes"
009_009701.mp3,"styles Old-Time / Historic, Unclassifiable, Experimental; tags nora keyes"
009_009702.mp3,"genre Electronic; styles Breakcore - Hard, IDM, Electronic; tags nynack"
009_009704.mp3,"styles Sound Collage, Experimental, Pop, Experimental Pop, Electronic, Audio Collage, Glitch; tags the spazmodics"
009_009705.mp3,"styles Sound Collage, Experimental, Pop, Experimental Pop, Electronic, Audio Collage, Glitch; tags the spazmodics"
009_009787.mp3,"http://creativecommons.org/licenses/by-nc-sa/2.0/uk/; styles Hip-Hop, Electronic; tags double helix"
009_009789.mp3,"http://creativecommons.org/licenses/by-nc-sa/2.0/uk/; styles Hip-Hop, Electronic; tags double helix"
009_009796.mp3,"genre Experimental; styles Noise, Experimental; tags matt sekel"
009_009797.mp3,"genre Experimental; styles Noise, Experimental; tags free jazz, noise, avant garde, improv, mittimus, mike yarrish"
009_009802.mp3,"http://creativecommons.org/licenses/by-nc-sa/3.0/ | https://www.wfmu.org/playlists/shows/29422 | http://www.myspace.com/shrubs; genre Rock; styles Punk, Rock, Garage; tags the shrubs"
009_009808.mp3,"http://creativecommons.org/licenses/by-nc-sa/3.0/ | https://www.wfmu.org/playlists/shows/29422 | http://www.myspace.com/shrubs; genre Rock; styles Punk, Rock, Garage; tags the shrubs"
009_009809.mp3,"http://creativecommons.org/licenses/by-nc-sa/3.0/ | https://www.wfmu.org/playlists/shows/29422 | http://www.myspace.com/shrubs; genre Rock; styles Punk, Rock, Garage; tags the shrubs"
009_009810.mp3,"http://creativecommons.org/licenses/by-nc-sa/3.0/ | https://www.wfmu.org/playlists/shows/29422 | http://www.myspace.com/shrubs; genre Rock; styles Punk, Rock, Garage; tags the shrubs"
009_009813.mp3,"genre Electronic; styles Chip Music, Electronic; tags atari, nes, apple ii, 8 Bit, commodore, chip music, c64, 8 bit weapon, game boy, chiptune"
009_009814.mp3,"styles Folk, Electroacoustic, Experimental, Electronic; tags assaf k talmudi"
009_009821.mp3,"styles Folk, Electroacoustic, Experimental, Electronic; tags assaf k talmudi"
009_009822.mp3,"styles Folk, Electroacoustic, Experimental, Electronic; tags assaf k talmudi"
009_009825.mp3,"styles Folk, Electroacoustic, Experimental, Electronic; tags assaf k talmudi"
009_009828.mp3,"http://creativecommons.org/licenses/by-nc-sa/3.0/ | https://www.wfmu.org/playlists/shows/29422 | http://www.myspace.com/shrubs; genre Rock; styles Punk, Rock, Garage; tags the shrubs"
009_009829.mp3,"http://creativecommons.org/licenses/by-nc-sa/2.0/uk/; styles Hip-Hop, Electronic; tags double helix"
009_009830.mp3,"http://creativecommons.org/licenses/by-nc-sa/2.0/uk/; styles Hip-Hop, Electronic; tags double helix"
009_009836.mp3,"genre Experimental; styles Noise, Experimental; tags matt sekel"
009_009845.mp3,"genre Experimental; styles Noise, Avant-Garde, Experimental; tags mattin, spain basque, spain"
009_009848.mp3,"genre Experimental; styles Noise, Avant-Garde, Experimental; tags mattin, spain basque, spain"
009_009854.mp3,"genre Hip-Hop; styles Hip-Hop; tags dlek, dalek"
009_009901.mp3,tags juaneco y su combo
009_009903.mp3,"tags athens ga, bird names, athens, vermont, chicago, fun, brattleboro"
009_009904.mp3,"STEEPLECHASE BOUND In Greenpoint (that’s the end of the pickle) the summer’s pretty sour The river is a brown little trickle along a smokestack tower So if you’re green take a pointer from me and have a healthy dip in the sea And you might spot my face down at the Funny Place, I’m Steeplechase bound where the ponies and the people race ‘round I’m a heading out to see the elephant and pay a visit to the Incubators and Zip What-Is-It Steeplechase bound in the Chair-O-Plane up over the ground On the Whichaway Flip-Flap Shoot-the Chutes Tickler too Dew-Drop Razzle-Dazzle wait ‘til you are Steeplechase bound hear the ocean crash and the ballyhoo pound With a mug of Piel’s and a foot-long Coney I’ve dug my heels in the world’s most phony and cheap place found How I love it I’m Steeplechase Steeplechase bound; styles Folk, Americana, Country, Singer-Songwriter; tags al duvall"
009_009905.mp3,"HORNIN’ ZEESE Ose draggy, ink standy, dogbait, chucky, jimheady, tongue-cuppy and I got to get to ottin’ up so early of a mornin’ hornin’ zeese, Dear charlie, slug neemer, that’s earth I’m dreeked from a burlin’ plenty... Seepy eebles, myrt’s sister, bahl skee tidrick in the hobneelch region.. itch neemer, fetched, flattened, lews and larmers in the chiggrel sale; styles Folk, Americana, Country, Singer-Songwriter; tags al duvall"
009_009906.mp3,"styles Folk, Americana, Country, Singer-Songwriter; tags al duvall"
009_009912.mp3,"POPPYCOCK AND TOMMYROT Here’s poppycock and tommyrot and hot to trot erotica Here’s Hottentot and polyglot and melting pot exotica Here’s slogans in a broken tongue and duggins to provoke the young And therapeutic penguin dung imported from Antarctica Here’s hurdy-gurdy murderers and penny-dreadful tragedy The bunk and mumbo-jumbo under my financial strategy A shot of modern schadenfreud to stimulate the adenoid And fill your apathetic void with agitating gadgetry Here’s lotteries and slot machines for drudges’ dreams to hinge upon Here’s crutches, creams and panaceas for chondriacs to cringe upon Here’s endless alcoholidays deserving of a Rabelais And needless dope the debauchees are slaking their syringe upon Here’s spirits of anomia to rouse you from your ennui The tinsel trinket picayunes defining whom you want to be And when you find you’ve played the dupe your satiated grin will droop and all your cash you can’t recoup I’ve packed it up and gone to sea; styles Folk, Americana, Country, Singer-Songwriter; tags al duvall"
009_009913.mp3,"THE DAY BARTENDER I’m the day bartender at the Early Bird Saloon and from 6 o’clock to noon I pour breakfast for the soaks who can’t hold a fork and spoon I take ham and scrambled egg then I draw one from the keg and mix them in the blender I’m the day bartender for the lushington and lout For the bitter and the stout And on Sundays there’s communion for the drunkenly devout To the racetrack from the flop this is where they make a stop to begin their bender Still, who am I to critique When I’m standing here pouring beers so many years in the darkness every morning of the week I’m the day bartender I may be their only friend or maybe just a money lender Or just a nodding head to comprehend their former splendor Irregardless of your gender the tips are always slender for the day bartender; styles Folk, Americana, Country, Singer-Songwriter; tags al duvall"
009_009916.mp3,"styles Folk, Pop, Singer-Songwriter; tags deano merino, pop, singer-songwriter, rock"
009_009919.mp3,"null; styles Avant-Garde, Audio Collage, Experimental, Electronic; tags sweden"
009_009921.mp3,"null; styles Avant-Garde, Audio Collage, Experimental, Electronic; tags sweden"
009_009922.mp3,"null; styles Avant-Garde, Audio Collage, Experimental, Electronic; tags sweden"
009_009924.mp3,"styles Avant-Garde, Audio Collage, Experimental, Electronic; tags sweden"
009_009925.mp3,"styles Singer-Songwriter, Pop, Experimental Pop, Electronic, Folk; tags kevin blechdom"
009_009926.mp3,"styles Singer-Songwriter, Pop, Experimental Pop, Electronic, Folk; tags kevin blechdom"
009_009927.mp3,"styles Singer-Songwriter, Pop, Experimental Pop, Electronic, Folk; tags kevin blechdom"
009_009949.mp3,"styles Experimental, Electronic; tags dnymr"
009_009950.mp3,"styles Experimental, Electronic; tags dnymr"
009_009951.mp3,"styles Experimental, Electronic; tags dnymr"
009_009952.mp3,"styles Experimental, Electronic; tags dnymr"
009_009953.mp3,"An Hour Ophir Ilzetzki hosts the Israeli, Berlin based composer and film maker, Adam Weisser HYPERLINK ""adamweisser.com"" Adam Weisser www.adamweisser.com HYPERLINK ""transitionmovie.com"" transitionmovie.com HYPERLINK ""http://video.google.com/videoplay?docid=9163813096132948074&ei=97BbSfXBLZ-i2wLnqdzRDQ&q=fresh+perspicacitry"" Fresh Perspicacity: HYPERLINK ""http://video.google.com/videoplay?docid=9163813096132948074&ei=97BbSfXBLZ-i2wLnqdzRDQ&q=fresh+perspicacitry"" http://video.google.com/videoplay?docid=9163813096132948074&ei=97BbSfXBLZ-i2wLnqdzRDQ&q=fresh+perspicacitry; styles Radio, Avant-Garde, Interview, Experimental, Electroacoustic, Spoken; tags ophir ilzetzki, electroacoustic, an hour, experimental, contemporary music, avant garde"
009_009955.mp3,"Ophir Ilzetzki talks with, and introduces the music of Dganit Elyakim------------------------------------------------------------------------------------------------------------ --------------------------------------------------------- Born in Tel Aviv, 1977. As a young child, Dganit studied piano at the Schor Conservatory until she was 17. Later, she began to specialize in composition, under the supervision of Raviv Gazith and also at the Rimon School For Jazz and Contemporary Music, where she won two composition prizes. During that period, she also composed for theatres. Dganit finished her first degree in music and philosophy at Haifa University, under the supervision of Arik Shapira. During that time, she was the resident composer for Haifa University's dance group, Eskesta. The compositions for Eskesta were performed in tours around Israel, America and Russia. During her studies, she won a two-year scholarship from the America- Israel Cultural Foundation. Dganit has completed her second degree in Composition at the Koninklijk Conservatorium (the Netherlands), under the supervision of Matrijn Padding, Gilius van Bergeijk and Clarence Barlow, where she also studied Sonology. During her studies, she received workshops and private lessons tutored by composers including Robert Ashley, Louis Andreissen and Richard Ayres. She has published two articles in an Israeli culture magazine Tav+. Her tape pieces ""Lewdness"" and ""Amharic Suite"" (sponsored by the Rubinstein Foundation) were released on a CD. The jury for the Gaudeamus Festival selected her piece “Lentils” for performance on the 2006 Gaudeamus International Composers Festival. Her compositions were performed in the Netherlands, Israel, Germany and Serbia.------------------------------------------------------------------------------------------------------------------------------------------------------------------ www.myspace.com/dganitelyakim; styles Radio, Avant-Garde, Interview, Experimental, Electroacoustic, Spoken; tags ophir ilzetzki, electroacoustic, an hour, experimental, contemporary music, avant garde"
009_009959.mp3,"genre Rock; styles Electro-Punk, Punk, Rock; tags sans blanc, chris andrews, blah blah blah"
009_009963.mp3,"genre Rock; styles Electro-Punk, Punk, Rock; tags sans blanc, chris andrews, blah blah blah"
009_009965.mp3,"genre Rock; styles Electro-Punk, Punk, Rock; tags sans blanc, chris andrews, blah blah blah"
009_009969.mp3,"styles Folk, Pop, Experimental Pop, Singer-Songwriter; tags instrumentals, experimental pop, post punk, experimental rock, soundtracks, lo fi, nicky, impro, cook, nicky andrews, ukelele, nicky cook, singer songwriter, tabla"
009_009975.mp3,"styles Folk, Pop, Experimental Pop, Singer-Songwriter; tags instrumentals, experimental pop, post punk, experimental rock, soundtracks, lo fi, nicky, impro, cook, nicky andrews, ukelele, nicky cook, singer songwriter, tabla"
009_009976.mp3,"styles Folk, Pop, Experimental Pop, Singer-Songwriter; tags instrumentals, experimental pop, post punk, experimental rock, soundtracks, lo fi, nicky, impro, cook, nicky andrews, ukelele, nicky cook, singer songwriter, tabla"
009_009977.mp3,"Ophir Ilzetzki interviews one of Israel's most prominent composers, Arie Shapira (*1943) and discusses with him his music and musical/political views. The first part of two shows dedicated to Shapira and some of his newest pieces, heard here on the radio for the first time, including his monumental tape piece 'Upon Thy Ruins Ofra' which is banned from performance on Israeli public radio!; styles Radio, Avant-Garde, Interview, Experimental, Electroacoustic, Spoken; tags ophir ilzetzki, electroacoustic, an hour, experimental, contemporary music, avant garde"
009_009978.mp3,"styles Folk, Experimental; tags mount eerie"
009_009979.mp3,tags lettuce prey
010_010126.mp3,genre Electronic; styles Electronic; tags micamatdesanimaux
010_010131.mp3,genre Electronic; styles Electronic; tags wang inc
010_010137.mp3,genre Rock; styles Rock; tags jonathan kanes february
010_010138.mp3,"styles Krautrock, Rock, House, Electronic; tags pink skull"
010_010139.mp3,"styles Krautrock, Rock, House, Electronic; tags pink skull"
010_010380.mp3,"genre Folk; styles Folk; tags folk, maine, big blood"
010_010399.mp3,"It’s been my philosophy that good music is best when it is shared. Of course, nothing beats that feeling, say, when you alone break open that box from Turkey or Indonesia, place the fragile platter on the turntable, only to feel your hair stand on end when the music begins. The feeling that you’ve never heard anything like this in your life; it transports you to a place where words are irrelevant. But part of that feeling is thinking how you’d want to share that with others, to have them feel exactly the same way. Record collectors are eccentric people. I don’t even like the term “record collector.” They’ve been parodied far too many times. Accurately, I might add. But I could not live with myself as a “collector” without at least one person I could share sounds with. So, this blog is for my friends, and for you, stranger. For the first installment, we have a beautiful oud solo which was recorded most likely in Syria, by the Lebanese oud player Saadé ca. 1926 or so. It appears on a 10.5” record, which a number of companies preferred during the acoustic era. I’m not sure when that format/size ended for Odeon, but I doubt it was any later than the early 30s. According to reader ""pm,' this is a recording of the ""kurdilihicazkar saz semai of the late 19th century Istanbul Armenian composer Tatyos Efendi."" For over a year, I believed this recording was made in Iran, due to the matrix number (etched into the 'dead wax') on the record, which was indicated in a major source as being used only in Iran. However, after digging through sources in the French language, I was able to determine that this player was indeed Lebanese, and made at least one recording for Polyphon around the same time. Syria, where the recording was most likely made, was a major recording hub - musicians from across the region would travel to record there. Technical notes Label: Odeon Issue Number: X35285 Matrix Number: xES 381; styles Old-Time / Historic, International, Middle East; tags oud lebanon, chahad saad"
010_010401.mp3,"This is a brief, ethnographic recording from French Guinea (known by the French at that time as “Soudan”). It’s origins are unknown, except that it seems to be a 1930s French test pressing, with handwritten notes on the label. This would seem to be either a true field recording, or a dub of one - I know next to nothing about the “Archives Internationales de Musique Populaire”… Despite being stunningly low-fi and tinny it’s still a unique document. Technical Notes Label: Archives Internationales de Musique Populaire Catalog Number: n/a Matrix Number: n/a; styles Old-Time / Historic, Experimental, International, Field Recordings; tags unknown french guinean group"
010_010403.mp3,"Here's a more substantial offering from Africa - West Africa to be precise. The Zonophone label was the first to begin large-scale recording of records by and for Africans, with their classic EZ series which began in 1929, and featured primarily West African artists (they had tiptoed into these waters some years earlier with a ""Zonophone Native Records"" series). HMV started not soon after, beginning a massive spate of recording on the continent until the end of the 78 era. By the 1940s and 1950s, there were at least two dozen other labels producing 78s for the African populace. Thousands of historic, beautiful recordings were made in nearly every single existing country and region. The history of African music on 78rpm, as well as - of course - the music itself, is rich and fascinating. It's some of my favorite music in my collection. Needless to say, African 78s are very difficult to find today. This track by Kwaku Addae is sung in the Twi language , and was recorded in Ghana sometime between 1947 and 1955. It features lovely vocal harmonies, and some classic West African guitar picking. For more information on the early history of recording in Africa, I recommend the excellent article by Paul Vernon, Savannaphone . And if you're interested in more early guitar music from West Africa, this CD from Heritage is also top notch, and thankfully still in print. Technical Notes Label: HMV Issue Number: JLK.1069 Matrix Number: OAB 4203-1; styles Old-Time / Historic, International, African; tags ghana twi, kwaku addae and his band"
010_010404.mp3,"On to the music of a stateless nation. At first, this baile vasco starts off with a typically enjoyable folkdance melody featuring the pandareta , the Basque tambourine, and the regional diatonic accordion, the triki-trixa . But it’s the beautifully jolting vocal performance by Ms. Narbaiza that’s the real stunner. Whether Columbia’s engineer, who recorded these musicians from Eibar in what seems to me to be the early 1930s, had the microphone up a little too close, or whether Ms. Narbaiza’s energy simply couldn’t be contained is something we’ll never know. The music obviously speaks for itself. Technical Notes Label: Columbia Issue Number: A 5181 Matrix Number: C 8156-2; styles Old-Time / Historic, International, Europe; tags spain basque, miguel sagastume y toribia narbaiza"
010_010405.mp3,"styles Experimental, Novelty, Comedy, Spoken, Unclassifiable; tags al duvall, purple duck"
010_010406.mp3,"styles Experimental, Novelty, Comedy, Spoken, Unclassifiable; tags al duvall, new waver"
010_010407.mp3,"styles Experimental, Novelty, Comedy, Spoken, Unclassifiable; tags al duvall, rank sinatra"
010_010408.mp3,"styles Experimental, Novelty, Comedy, Spoken, Unclassifiable; tags al duvall, eric kuhlmann"
010_010409.mp3,"Vs Kunt and Featuring Ove-naxx; styles Experimental, Novelty, Comedy, Spoken, Unclassifiable; tags al duvall, toxic lipstick"
010_010410.mp3,"styles Experimental, Novelty, Comedy, Spoken, Unclassifiable; tags al duvall, sweden"
010_010411.mp3,"taken from his self produced album 'i am aroused'; styles Experimental, Novelty, Comedy, Spoken, Unclassifiable; tags al duvall, christian jonassen"
010_010412.mp3,"Featuring Al Duvall; styles Experimental, Novelty, Comedy, Spoken, Unclassifiable; tags al duvall, singing sadie"
010_010413.mp3,"styles Experimental, Novelty, Comedy, Spoken, Unclassifiable; tags al duvall, bad tables"
010_010414.mp3,"styles Experimental, Novelty, Comedy, Spoken, Unclassifiable; tags al duvall, question mark"
010_010415.mp3,"Nora Keryes sings the theme to Prisoner a show she never watched!; styles Experimental, Novelty, Comedy, Spoken, Unclassifiable; tags al duvall, nora keyes"
010_010417.mp3,tags dj smallcock
010_010419.mp3,tags dj smallcock
010_010421.mp3,"For this week’s entry, we’ll stay located on the Iberian Peninsula and examine an early, classic fado . Much has been written about the Portuguese “song of fate” and there is little chance that I could add anything new to the subject. However, some brief notes for those interested: the origins of the fado are muddy – some say it originated from Portuguese sailors and their songs of longing for home (there are theories that the rhythm of the fado evolved from the lurching, rolling waves at sea). Others claim that the roots of the fado came from Brazil, and made their way to Portugal in the 19th century. Some claim it came from the Moors, although other musical styles from the same general area, such as flamenco, seem more obviously connected to North Africa. Several qualities are evident: a true fado is performed accompanied by a guitarra and a viola da franca . The viola da franca or violão is another name for the Spanish guitar. The guitarra is the name for a lute with a rounded sideboard and six double strings of wire. Perhaps most importantly, the fado is always accompanied by the inexpressible feeling of saudade . As folklorist and ethnographer Rodney Gallop put it in 1933*: The true fado is always sad. Usually in the minor, it retains even in the major the melancholy character associated with the minor. It may be wild, finely exultant in its sadness, seeming to revel in tragedy; or, more often, striking a note of pathetic and almost languid resignation. Its sophisticated cadences breathe a spirit of theatrical self-pity combined with genuine sincerity. It is emotional, passionate, erotic, sensuous, one might say meretricious, and yet, like some rustic courtesan, fundamentally simple and unpretentious. This fado, uncollected on any CD, was recorded ca. 1929, in Lisbon by the German Polydor company. I could find little written about Maria Alice, a genuine fadista if there ever was one. (She is NOT to be confused with a Cape Verdean singer of the same name.) I’ve been able to find imported recordings of fados by Alice that were released in the late 1920s in the United States on the Brunswick label. Unsurprisingly, little of her work has seen the light of day since. One track can be found here , although I cannot vouch for the transfers. Technical Notes Label: Polydor Issue Number: P 44233 Matrix Number: 2758 BK *Gallop, Rodney. “The Fado (The Portugese Song of Fate).” The Musical Quarterly 19/2 (1933): 199-213; styles Old-Time / Historic, International, Fado, Europe; tags fado, maria alice"
010_010422.mp3,"Thisd is my contribution to the GROUND ZERO / PROJECT: CONSUME, VOL. 1-3, series where Otomo Yoshihide had a Ground Zero album, Consume Red remixed firstly by invitation, Conflagration and then this Compilation, Consummation which was by competition. I only found out about the competition on the last day of submissions while on my first tour in Japan in 1997 while checking out fliers in an Osaka record store. Luckily Otomo was playing at bears that night so i brought the album went back to my accomodation, connected teh CD and its covers to my mortorised turntables and destroyed them with my skewers in well a minute and 33 seconds to produce this and analogue remix of a digital album, by playing the surface of teh CD rather than the digital data of the CD itself. The rules stating that the CD had to be the only source material used so I guess it must have been ok as Otomo loved it and made it the opening track; genre Experimental; styles Noise, Experimental; tags dj smallcock"
010_010423.mp3,"My earliest recording. This single-sided, 7″ record was made in Singapore by recording engineer Fred Gaisberg and his assistant George Dillnutt, on a lengthy trip through Asia for the Gramophone Company in 1902-1903, where thousands of recordings were made. Specifically, this was recorded in May, 1903. It was the very first time in history a recording company had visited and recorded in these regions. On the same trip, Gaisberg visited and recorded artists in Bangkok, Rangoon, and Japan. The wax masters were shipped to Gramophone’s plant in Hannover, Germany, where they were reproduced, then exported back to Asia. Gaisberg (1873-1951) is a giant in the history of recorded sound. Not only was he one of the very first “producers” of music on record, he also helped standardize the speed (78, or more precisely, 78.26) at which the music was to be played back. He made the first recordings by tenor Enrico Caruso, in 1902 - one year before he became the first engineer to produce records for emerging Asian markets. At this early stage in Malaysia, very few people could afford Gramophone discs, much less a player. Those who could afford them included British officers and business owners, those who worked for the British (called “Babas”) as well as local merchants and traders who were particularly well-off. That said, the presence of numerous record companies in the region by 1920 proves the market was widening substantially. As if it even needs to be said, however, comparatively few of these recordings have survived. If you are interested in the life of Fred Gaisberg, check out this book . If you are interested in the history of recording in Malaysia, check out Tai Sooi Beng’s article “The 78 RPM Industry in Malaya Prior to World War II,” published in Asian Music, Fall/Winter 1996/1997. Technical Notes Label: Gramophone Issue Number: 2-12050 Matrix Number: E 1860; styles Old-Time / Historic, International, Asia-Far East; tags qasim"
010_010424.mp3,"I thought I’d update mid-week with a pretty solid example of mid-20th century Indonesian krontjong. Krontjong (in relatively equal amounts spelled kronjong , kroncong , keroncong , and kerontjong ) is slightly over a century old, and is an urban folk music. Ethnomusicologists would call it a syncretic music, as it developed over time from a variety of cultural influences, such as Portuguese, Batavian, African, and Malay - all of which were present in one form or another in turn of the century Indonesia. Known for its languid rhythm, Hawaiian “walking guitar,” and partially improvised violin runs, the style was first recorded in 1904, but musically hit its stride and popularity in the 1930s. By the 1940s, independent Indonesian labels began to appear such as Dendang (pictured here), Irama, and Serimpi, and hundreds if not thousands more krontjong records were released, joining the large amount already available from HMV, Odeon, and other companies. In my personal experience, I’ve found it difficult to track down much krontjong on 78 outside of Indonesia, nor has much, if any, early krontjong music been re-released on CD. I’ve always found it unique - it often sounds like two bands playing completely separate arrangements of the same song, and somehow landing on their feet. For more information on the history of krontjong, take a peek at pages 207-210 of Peter Manuel’s essential text, Popular Musics of the Non-Western World , as well as the always entertaining Paul Vernon, and his article Kronjong Silver . Technical Notes Label: Dendang Issue Number: XBK.007 Matrix Number: IMC.302; styles Old-Time / Historic, International, Asia-Far East; tags sanusi dengan orkes kerontjong sinar djakarta"
010_010425.mp3,"North Africa was a busy hub of early recording, with nearly every major label conducting numerous sessions in Morocco, Algeria, and Tunisia throughout the late 1920s and 1930s. (Because of its independence in 1951, 78s recorded in Libya remain a little bit of a mystery, although some do exist.) Interestingly, most of HMV’s Moroccan sessions appeared on their amazing, catch-all “K” series, which featured material from locales as disparate as Algeria, Cuba, Madagascar, and Auvergne, just to name a few places of interest. This fantastic and spirited jam was recorded between July 22nd and July 24th, 1929, by Gramophone engineer Harold Fleming on a trip to Casablanca. The title, in fact, is a transliteration of the Arabic “Are you from Casablanca?” The female singers are accompanied by violin and percussion (bongos or a dumbek). (Thanks to Abdelali for the title translation.) Technical Notes Label: HMV Coupling Number: K-4631 Face Number: 50-2114-G Matrix Number: BS-4219 Other: M3-43689; styles Old-Time / Historic, International, African, North African; tags chikha aicha el hertitia"
010_010429.mp3,"While I definitely have some appreciation for the early practitioners of the Argentine tango and its singers ( Carlos Gardel being the most well-known), I prefer the folk music from Argentina which was being played pre-tango, and during the same early years of the tango’s rise to international fame. In particular, folkloric guitar music brought from rural areas into the urban center of Buenos Aires. A fine example is performed here, by Rafael Iriarte and Rosendo Pesoa, recorded for Odeon in the mid-1920s. Iriarte (whose nickname was “The Rat”) recorded a number of duets during this period both with Pesoa and with Jose Maria Aguilar, another master of the acoustic guitar. He also had a career as an accompanist for numerous tango vocalists, but again, for me it’s the folk material that stands out. He died in 1961. If you’re interested in more work by Iriarte, check this CD . Technical Notes Label: Disco Nacional Issue Number: 9610 Matrix Number: E 1901; styles Old-Time / Historic, International; tags iriarte and pesoa"
010_010431.mp3,tags merzbow
010_010432.mp3,"genre Experimental; styles Experimental, Audio Collage; tags bradbury"
010_010433.mp3,"genre Experimental; styles Experimental, Audio Collage; tags new waver"
010_010436.mp3,"genre Experimental; styles Experimental, Audio Collage; tags melt banana"
010_010448.mp3,genre Folk; styles Folk; tags uke of spaces corners
010_010450.mp3,genre Folk; styles Folk; tags uke of spaces corners
010_010499.mp3,"styles Folk, Lo-Fi, Rock, Psych-Folk; tags patrick porter"
010_010500.mp3,"styles Folk, Lo-Fi, Rock, Psych-Folk; tags patrick porter"
010_010501.mp3,"I thought it might be fun to start the week off with an authentic samba, recorded in Brazil in the early to mid-1930s by Victor’s productive Argentine division. In terms of geography, the Victor company handled all of North and South America at that time, with divisions in Canada, Mexico, and Argentina - while His Master’s Voice (HMV), Victor’s larger sister company (for lack of a better descriptor), handled the rest of the world. Interestingly, Brazilian recordings were released by HMV as well, but I don’t know the exact reasons behind this. By 1933, all record companies that were still lucky enough to exist in one form or another were doing whatever it took to stay afloat, which in many cases meant merging, consolidating, or just plain selling off their catalog. Victor was the only American record company to make it out of the Depression. Surely, sales in the southern hemisphere had something to do with that, but again, this is conjecture on my part. The lead singer of this track seems to be a well-known samba pioneer in Brazil, Luiz Barbosa. Barbosa recorded throughout the 1930s and appeared in some of the earliest films to feature Carmen Miranda. He died in 1938, at the young age of 28. Some Barbosa material appears to be available on this CD , but as usual, I can’t vouch for the quality of the transfers. Technical Notes Label: Victor (Argentina) Issue Number: 25969 Matrix Number: 80377-1; styles Old-Time / Historic, International, Brazilian; tags bohemios da cidade, brazil"
010_010503.mp3,"I’m back, and will be on schedule for the forseeable future. This track hails from the Auvergne region of France, and is an authentic bourée - a folkdance usually in double-time whose origins date back to the 17th century. Performing here are Jean Pradal on accordion, and Martin Cayla on the cabrette , the Auvergne bagpipe traditionally made of goatskin. (There are other types of bagpipes from different regions in France I’ve been able to find examples of on 78, such as the binioú kozh from Brittany, which are more reedy and high-pitched.) Cayla was a popular folk musician of the time and the man behind the short-lived Le Soleil record label, which, as far as I can tell, was in existence from the late 20s to the early 30s. Despite the sometimes cruddy pressing quality, there’s great music on this label - besides fantastic accordion and cabrette jams, there are excellent examples of banjo and hurdy-gurdy playing as well. I’ve been lucky enough to find a bunch of them, several of which came from the collection of a certain cartoonist residing in the south of France. Even his cast-offs are great! I’m not worthy! If you’re interested in more vintage music from France, try digging up this CD . ( This one might be decent, too.) Technical Notes Label: Le Soleil Issue Number: 221 Matrix Number: C 221; styles Old-Time / Historic, International, French, Europe; tags accordion, auvergne, bagpipes, pradal and cayla"
010_010504.mp3,"First, a thank-you to Matt at Benn loxo and Matt at Matsuli Music for their comments and links - welcome to all who have found your way via their fine sites. I hope you enjoy your time spent here. The beautifully designed Mareva was a painfully short-lived label maintained by amateur French ethnographers Adolphe Sylvain and Marc Darnois, and sold on the waterfront in Tahiti ca. 1949-1950. Super scarce. The records feature authentic Tahitian folk music as well as from neighboring islands. From what I can deduce, only about 6 records were released on Mareva. They were pressed in France and sold both separately, and in a box with photographs by Sylvain. From the sound of this recording, it seems to me as if they were dubbed from original acetates which Sylvain and Darnois recorded in the field. I seem to be stuck on accordion music lately too, so I thought I’d pass this rarity along. I find the singing a real treat. (If you’d like to hear more from the Sylvain and Darnois archives, a different track exists on Yazoo’s Secret Museum of Mankind, Volume 5 CD.) Technical Notes Label: Mareva Issue Number: 115 Matrix Number: Part 13485-1PD; styles Old-Time / Historic, International; tags accordion, tefanake reia and moratai"
010_010505.mp3,"Another one of my personal favorites, thanks to the folks with foresight working for Columbia Records in the late 1920s, who managed to capture some of the greatest folk music by American immigrants (Ukrainian, Polish, Albanian, Armenian, Irish, etc.). Mr. Kevorkian sang this track in January of 1929 in Los Angeles, and is accompanied by violin, oud, and Mesrob Takakjian on clarinet. Takakjian must have been well-known in the 1920s, as I’ve found his presence on several Armenian, New York City-based labels around that time. ( Pharos records , in particular. Sohag was another short-lived label associated with Pharos.) Other recordings from this session were released by Columbia. For more by A. Kevorkian and Mesrob Takakjian, again try The Secret Museum of Mankind, Vol. 5 . Technical Notes Label: Columbia Issue Number: 28009-F Matrix Number: 110266; styles Old-Time / Historic, International; tags a kevorkian"
010_010506.mp3,"This week, I offer a nice example of Greek dimotika from the mid-1930s. Dimotika refers to folk songs traditionally from the Greek countryside, as opposed to rebetika , which is an urban song type that I’m sure most listeners/viewers out there are doubtlessly familiar. This dimotika track is a syrto , a folkdance and song generally in 2/4 time, usually danced in a circle. The title roughly translates to “Up on the Ridge at Kriovrisi.” The transliterated name “Kriovrisi” is actually a reference to the municipality of Kria Vrisi , located in the Macedonia region of Greece. Alas, I could find scant information on the vocalist, Ms. Atraidou. However, the clarinetist, also credited on the record, is Yiorgo Anestopoulos, a master player and an accompanist on hundreds of classic recordings. A collection of his recordings can be found here . The “L. Rouvas” listed as composer is most likely Lazaros Rouvas, who was also a lute player. The Orthophonic label was a Victor subsidiary, run out of the United States by Tetos Demetriades. Throughout the 1930s, they released countless fine examples of Greek and Turkish music (much of which was originally recorded in those countries). A big thanks to Dave at Spectacular Opticals for help with translation, as well as musical info and insight. Technical Notes Label: Orthophonic Issue Number: S-737 Matrix Number: n/a; styles Old-Time / Historic, International, Europe; tags athanasia atraidou"
010_010507.mp3,"Some “light classical” music from India, for this week’s post. This record was recorded in India on October 20, 1910 (thanks to reader Howard Friedman for the sleuthing). In 1908, the Gramophone Company opened a pressing plant in Calcutta, and this record was pressed there for local distribution. Mr. Saheb was a contemporary of this singer featured in this article , and was also credited on other recordings as “Peara Sahib.” For a more detailed biography on Peara Saheb, I am indebted to Suresh Chandvankar of the Society of Indian Record Collectors in Mumbai, who has graciously allowed me to distribute a recent edition of their newsletter. The newsletter can be downloaded in .pdf format here , and the biography on Peara Saheb appears on pages 14-15. Saheb’s lilting voice is accompanied here by harmonium and percussion, and he sings a ghazal , an ancient poetic form originally from Persia. Listen closely at the very end of the track for a common occurance in early Indian music: the singer announcing himself in English. It’s a beautiful piece of work. If you’re interested in more information on early recording in India, there’s this article. There is also the fine article by Gerry Farrell in the British Journal of Ethnomusicology (Vol. 2, 1993), titled The Early Days of the Gramophone Industry in India: Historical, Social and Musical Perspectives . There is also yeoman’s research by Michael Kinnear in his book The Gramophone Company’s First Indian Recordings (1899-1908) . Technical Notes Label: Gramophone Concert Record Issue Number: G.C. 9-12117 Matrix Number: 13469; styles Old-Time / Historic, International, Indian; tags peara saheb"
010_010508.mp3,"First off, I sure wish the Net would switch over to Unicode so I could type Vietnamese characters. Second, I wish I knew exactly what the proper title and artist of this piece is. I tend to choose what track to upload at the last minute in a “first thought, best thought” fashion. If I had decided on upoading this last week, say, I would have had the foresight to nab a translation. (There’s still time.) Despite that, I’m reasonably sure this is an example of cai luong , a “classical” type of Vietnamese theater music played on traditional instruments. The record dates from the mid- to late 20s, as far as I can tell. Beka was sold to Columbia in 1926, although the Beka imprint seemed to last at least until the early 1930s. The company made at least 140 recordings in Vietnam, and had a considerable presence in Asia throughout the early part of the century, having begun to record there since ca. 1906, when they first landed in Hong Kong. The singers are accompanied by a bamboo flute (either the sao , or the tieu ), a bowed instrument (probably a dan gao or dan nhi ), and a plucked lute of some kind. Technical Notes Label: Beka Issue Number: B 20107 Matrix Number: 92380; styles Old-Time / Historic, International, Asia-Far East; tags khoc huang thien"
010_010509.mp3,"There’s precious little that can compare with the unmistakable voice and guitarra doble of Lidya Mendoza , also known as “La Alondra de la Frontera,” or “The Lark of the Border.” Lidya (commonly known as ”Lydia”) was born in 1916 and began singing with her family in the Plaza del Zacate of San Antonio at a young age. In 1928, the Mendoza Family recorded 10 sides for the Okeh label. However, in the early 1930s, she signed a 10 year contract with the Victor subsidiary Bluebird, and recorded hundreds of tejano classics. This canción, uncompiled as far as I know, was recorded on August 12th, 1935, in San Antonio’s Texas Hotel. The title translates to “I Will Not Forget You.” Her 78s can be found, but most often in one condition: trashed! They were well loved, and finding a decent copy of any early Mendoza is a good thing. She is a legend, and there’s little else but hyperbole I can add to her biography. For more, go here . Or here . And if you’re interested in music, please go to the Arhoolie label and check out their fine Mendoza releases. As a recent reader noted, Lydia Mendoza passed away on December 20, 2007. The New York Times obit can be read here . Technical Notes Label: Montgomery Ward Issue Number: M-4866 Matrix Number: B-2379A; styles Old-Time / Historic, International; tags tejano, lidya mendoza"
010_010510.mp3,"While I do have some examples of Japanese instrumental folk music 78s, I thought this might be unique to post: an example of gagaku , or the traditional court music of Japan, recorded in the late 1920s or so. First off, I have to send heaps of thanks to Steve and Sari at Airform Archives and inbetweennoise.com , as well as Rika Hiro, for going far beyond the call of duty for translations and meanings. Without their help and information, I’d be more or less clueless. So, this entry was co-produced! Gagaku is truly an ancient form of music, dating as far back as 700 CE, when it was employed by the Imperial court. There are numerous styles and variants of gaguku, and the one being played here is an example of saibara . I don’t think I could explain the song type better than my friends, who wrote: Sai-bara is a kind of gagaku song that is grew out of the folk songs of horsemen….basically the folk song of someone who owns a horse and sort of used the horse like a taxi cab (holding the reins while the rich person rode on the horse, because the rider is above the horse person in class)…[saibara] was eventually, during the 700’s, influenced by gagaku or entered the canon of gagaku and became more of a proper song . The players listed, Kunai-sho gakubu, are the Music Department of the Ministry of Imperial Household. And the song title, Koromogo-e, roughly translates to “exchange of clothes,” in the sense that changing of clothes means the changing of seasons. And in the sense that in ancient Japan, this phrasing was a another way of suggesting the union of a man and woman. Technical Notes Label: Victor Issue Number: 13024 Matrix Number: 273; styles Old-Time / Historic, International, Asia-Far East; tags kunai-sho gakubu"
010_010511.mp3,"Ok. Here’s a doozy. Really, this is one of my absolute favorite, favorite 78s of all time. You want hyperbole? You’ve got it. I’m casting aside all restraint on this one, and probably my critical faculties. This is one of the most entertaining instrumental soloists I’ve ever heard. Sadık must have been from the Anatolian region around the Black Sea, because his kemençe technique, well, rocks. He’s like the Jimi Hendrix of the instrument, which is a 3-stringed fiddle, held upright. It sounds like he’s taunting the competition when he plays. I’m not positive when this recording was made, perhaps between the late 30s and mid-40s, on the Turkish HMV imprint, Sahibinin Sesi. I have been lucky to find a second Sadık 78 on Turkish Columbia. And as long as we’re in the nerdy, provenance-related paragraph, I should mention another, extra-special reason I enjoy this 78 so much: the surface of this record looks like garbage, yet it sounds beautiful! Hats off to the Turkish pressing. I really hope you enjoy this. For more, here’s a great video of a present-day kemençe master. Technical Notes Label: Sahibinin Sesi (Turkish HMV) Issue Number: AX. 2023 Matrix Number: OTB 593; styles Old-Time / Historic, International; tags rizeli sadk"
010_010512.mp3,"When I first received this record, I thought, “Gee, could a record possibly be in worse condition?” I had purchased it for a cheap price knowing that it was heavily battered, which is pretty uncommon for me. I don’t often want to go down that road of buying records that are destroyed simply because they are rare. Not really my style. It has less to do with feeling high and mighty, and more about conserving space! However, this was Raoul Journo, perhaps the greatest male Tunisian singer ever, so I made an exception. It paid off in a way. Yes, this record is heavily worn, but it doesn’t sound nearly as bad as it looks, with its wasteland of grey grooves, thousands of scratches, its myriad of “digs.” Like everything else I offer on this blog, it has never been made available in any format as far as I know (although I’m betting he re-recorded it later in his long career). And, again - did I mention that this is Raoul Journo we’re talking about? In short: my apologies for the sound, but I thought it was worth it in this case. These are not common. Journo (1911-2001) was a Jewish Tunisian singer, and I believe this stems from one of his earliest sessions, in 1935 for the Polydor company. He’s accompanied by percussion, violin, and oud - plus, there’s a nice qanún solo in the introduction. Also - I included BOTH sides of the record this time (Parts 1 and 2). For more of his work, try the Secret Museum’s fantastic North African compilation . This outfit offers some later releases, as does this one . And here’s another site of interest. Technical Notes Label: Polyphon Issue Number: 46.402 Matrix: 0212-ACP/0213-ACP; styles Old-Time / Historic, International, African, North African; tags raoul journo"
010_010513.mp3,"An early post this week - I will be busy through the 10th. This track, a steel guitar solo by Mr. Zafra accompanied by Mauro Baradi on a standard acoustic guitar, puts me in the strange position of not exactly knowing how to react when listening to it. It sounds awkward enough to be the first time the musicians have played the number…or, that could be my own cultural ignorance and the piece is meant to slowly lumber along. Probably the latter, as the flip side is a more standard, uptempo folk melody. Either way, I’ve always liked this, and have never found anything quite like it. Being from the Philippines, you can definitely hear the influence of 300 years of Spanish colonial rule. This was released on Columbia’s “X” (for “export”) series, and recorded in November of 1929, in New York City. Technical Notes Label: Columbia Issue Number: 3910-X Matrix Number: 111286; styles Old-Time / Historic, International; tags urbano a zafra"
010_010515.mp3,"Most of the best examples of Polish folkloric music of the early 20th century were recorded by Victor and Columbia Records in Chicago and New York City - not in Poland proper. By the mid-1920s, both companies were actively recording folk music by recent immigrants from across the globe, for sale in their adopted stateside communities. Sales of these records were miniscule compared to, say, a hit by Paul Whiteman and His Orchestra, which could sell up to a million copies. A good seller for a Polish record by Victor was probably one or two thousand, I’m guessing. But, that didn’t stop these companies from striving to develop emerging markets during this period, and recording costs were comparatively low. It’s staggering the variety, volume, and musical quality they captured. This week, I really wanted to showcase a fine example of Polish wiejska , or “village music.” At first, I remastered a classic by the Makowska Orkiestra Działowego titled “Zbójcy W Karcmie” or, “Outlaws in the Road House.” But, I quickly realized that it had already been compiled on the excellent Arhoolie release Polish Village Music . Then, I decided to use Władyslaw Polak’s “Dzieci W Krateczki” or, “Children In Squares.” After which, I discovered that Polak’s tune was used on the compilation Stranded In the USA . I want to keep this blog strictly for 78s that have NOT been compiled anywhere since the shellac was released. Then I remembered my records by the great violin player Franciszek Dukla and his group, who, with his band, was the very first to record Polish village music on 78 (and was frequently credited as “Fr. Dukli” as you can see by this release). This track, a mazurka, whose English title is “Nobody Can,” was recorded in Chicago on November 13, 1927. Village music is exactly what it might sound like from its name - oldtime, Polish country music from the village. A typical village music band consists of a lead fiddle, two harmony fiddles, a bowed bass or cello, and a clarinet. In the great reference text Ethnic Recordings In America , Richard Spottswood interviews a Polish record store owner named Alvin Sajewski, who sold records in his family’s Chicago store throughout the 20s and long after. He also helped to locate, discover, and promote Polish musicians during that time. They discussed Dukla’s records: Q: Frank Dukla’s music sounds older than other music that was on records at that point. A: Well, yes, it was. After all, they were all old musicians, and they all played by ear. None of ‘em played from music. Maybe some of them did, but they didn’t have arrangements or anything…Dukla had a kind of bass that really came out beautifully on [early electric phonographs]. Enjoy! Technical Notes Label: Victor Issue Number: 18-80589 Matrix Number: 40861; styles Old-Time / Historic, International, Europe; tags franciszek dukla wiejska banda"
010_010516.mp3,"I’ve got several more 78s from Europe already in the queue for future posts, so I thought I’d take a break and return to Africa. I hope this might interest listeners who discovered this blog via the fine Benn loxo and Matsuli Music sites. The French, because of their large colonial presence in Africa, were also at the forefront of recording African folk music. Their reach may not have had the span of the Gramophone company in England (or the variety), nor did it - as far as I know - have the brilliance of a local ethnomusicologist behind it such as Gallotone with Hugh Tracey . But it was formidable. While it’s true that the Phillips label produced hundreds if not thousands of recordings up and down West Africa, there were numerous smaller French (and Belgian) labels recording classic examples of local music throughout the continent. Africa Vox, for one, specialized in raw, field recordings. Le Chant du Monde recorded African popular songs. Ngoma, Loningisa, and Opika recorded in the Congo. And then there was Fiesta, the label of today’s track. Fiesta appears to have been independently owned (and bears a suspicious label resemblance to the Congolese Opika label), and pressed in France. But it may not have been independent. I have no idea! Regardless, Fiesta was a presence in both French West Africa and the Congo, where they also recorded. Ms. Kouyate, “Le Grande Chanteuse” as she is credited on the label, is unknown to us. She is accompanied by two bala (or balafon) players, and chimes. They were Malinké, which would most likely place the recording in Guinea, Mali, or Gambia. Technical Notes Label: Fiesta Issue Number: 903 Matrix Number: D-1307-1; styles Old-Time / Historic, International, African; tags foune mousso kouyate"
010_010517.mp3,"Recently, I’ve been transferring some of my best 78s of flamenco and cante jondo music of Spain for a project I’m working on. It’s been really rewarding to delve into it so deeply. I figured I’d share one of my favorites. Where to begin with flamenco? Despite it being the most well-known folk music of Spain, its origins seem to be constantly debated by experts. Unquestionably it is the music of the Gitanos (gypsies), Europe’s outcasts for centuries, who despite years of persecution, found a home in Andalusia. Over time, as persecuted Jews and Moors joined their communities, their ballads changed. Some maintain that flamenco singing most likely developed as a response to anguish, injustice, and oppression. Despite years of flamenco recording - with the earliest records being considered the closest to “true” flamenco - the music remains essentially a live experience; music and expression meant for an intimate juerga . However, some records by masterful players and singers certainly captured some of the power of a live flamenco experience, in my opinion. The cantaor and tocaor, the flamenco singer and guitarist, are only part of a larger equation. Equally as important in flamenco performance and the focus of today’s post is the bailaora (or bailaor, as the case may be), her dance, the clapping ( palmas ), and the castanets. The presence of castanets in flamenco is a hotly contested topic - for me, the best part of this 78 is the footwork. The vast majority of early flamenco 78s are simply guitar and voice. This was probably due to primitive recording technology - both the singer and guitarist had to stand right in front of a massive recording horn (or microphone). Flamenco 78s that just feature baile flamenco are particularly special, like this one, recorded in 1948 by Ms. Calvo and Mr. Maravilla. Despite the late date, the performances here are stellar - the interplay between Maravilla’s compás and Calvo’s feet is wonderful, and it builds to a thunderous, powerful crescendo. Just as powerful as any singer might achieve, I think (though I freely admit that I’m no expert, and some might consider this far from authentic). Perhaps this is because Calvo and Maravilla (born 1914) were husband and wife. There are loads of books, magazines, and online resources on flamenco. There are numerous collections of vintage flamenco on CD as well, though I cannot vouch for their transfers. However, one name you can trust is Arhoolie, and they have a nice CD available here . Technical Notes Label: HMV (La Voz de su Amo) Issue Number: GY 762 Matrix Number: OKA 1279; styles Old-Time / Historic, International, Europe; tags flamenco, pilar calvo y luis maravilla"
010_010518.mp3,"Columbia, in the late 1920s, released approximately 1300 records by Italian-American immigrants, for purchase usually at record stores within, or nearby, their communities across the United States. A wide variety of Italian regions were musically represented, and this one claims to be a song from the Abruzzo region, on the eastern coast of Italy. As far as I can tell, little is known about Pasquale Sciascia and his musical troupe of violin, guitar, bass, flutes, and singers. Pity, because I really enjoy the singing on this track. Sciascia did record in New York City for the Brunswick label around the same time, and also with two other musicians as the “Trio Sciascia,” both for Columbia and Brunswick. This track was recorded in March of 1929. Technical Notes Label: Columbia Issue Number: 14455-F Matrix Number: 110450 (2-A-3); styles Old-Time / Historic, International, Europe; tags pasquale sciascia e co"
010_010519.mp3,"More classic green Columbia fare from the late 1920s! First, thanks to any and all who happened to catch the set I spun at KXLU last week. Nearly all the tracks I played were newly transferred and cleaned up - with only two exceptions. Over the next several months, I will post many of those tracks. The set contained 78s from Azerbaijan, Turkey, Armenia, Indonesia, Japan, Thailand, South Africa, Congo, Sierra Leone, País Vasco, Ireland, France, Andalusia, and Argentina. This was the Irish track I played… Irish fiddler James Morrison (1893-1947) was truly a master player. Born near the town of Collooney in County Sligo, Ireland, Morrison immigrated to the U.S. in 1915, first settling in Boston, and then in New York City. His first recordings were as early as 1921, and in the ensuing years he recorded for Vocalion, Okeh, and Gennett. In March of 1926, he paired with pianist Claire Reardon, and recorded his first electrical recordings for Columbia, which is where this track stems from. Both “The Lark in the Morning” and “The Wandering Minstrel” are classic Irish jigs, and Morrison seems to play them effortlessly. Columbia’s Irish output during the late 20s and early 30s is formidable. Incredible, in fact. So many wonderful musicians recorded for Columbia during that period - John McKenna, Frank Quinn, The Flanagan Brothers…on and on. Interestingly, I don’t believe this track has ever been compiled. However, there are excellent CD reissues with early Irish recordings that I can heartily recommend, namely Yazoo’s two CDs titled Wheels of the World , and Arhoolie’s Frank Quinn CD . For more on James Morrison, here’s a nice website with information on a Morrison festival in Ireland. Finally, rest in peace, Mike Stewart . I puchased many fine records from him, and his was the first print auction I ever subscribed to, when I was 23 years old. Technical Notes Label: Columbia Issue Number: 33108-F Matrix Number: 106431 (2-C-3); styles Old-Time / Historic, International, Europe; tags james morrison"
010_010520.mp3,"genre Experimental; styles Unclassifiable, Experimental; tags supercute bye byes"
010_010549.mp3,"genre Experimental; styles Unclassifiable, Experimental; tags dj smallcock"
010_010550.mp3,"Here’s a track from Burma, also known as Myanmar. [According to a variety of sources, the name Myanmar was given to the country by the military junta in 1989, and many still prefer the name Burma (including the Library of Congress Subject Authority headings).] Burmese records are difficult to find. I only have a few, and the majority are in pretty dicey shape. This piece was recorded by the Indian branch of Columbia records ca. 1932 or so. It starts off a little rough then improves – but the music is really evocative. It sounds like an interesting conglomeration of Southeast Asian and South Asian musical styles. The instrument being played is the Burmese harp, known as the saung, the national instrument of Burma, and an ancient one, possibly dating to around the 8th century. You can also detect a subtle accompaniment of accordion and percussion. Thanks to reader Thuya, we know that the singer is singing about how in the summer, after a long monsoon season, flowers are in bloom, and the wavy horizon of mountains is in view. Apparently, the color and smell of each flower is described by the singer. I don’t believe there’s much of early Burmese music on CD – though there are great tracks both on R. Crumb’s Hot Women CD , and on Volume 3 of the Secret Museum series; styles Old-Time / Historic, International, Asia-Far East; tags ma ei moe"
010_010551.mp3,"genre Experimental; styles Unclassifiable, Experimental; tags supercute bye byes"
010_010553.mp3,"genre Experimental; styles Unclassifiable, Experimental; tags supercute bye byes"
010_010555.mp3,"genre Experimental; styles Unclassifiable, Experimental; tags supercute bye byes"
010_010557.mp3,"genre Experimental; styles Unclassifiable, Experimental; tags supercute bye byes"
010_010559.mp3,"genre Experimental; styles Unclassifiable, Experimental; tags supercute bye byes"
010_010560.mp3,"genre Experimental; styles Unclassifiable, Experimental; tags mu mesons"
010_010561.mp3,"Better late than never. I had to leave town for a short trip, then my file hosting site was acting up last night. But here we are, once again… Bolivia had its own record label in the mid-20th century called Mendez, pressed in La Paz. Although the examples I’ve come across were pressed poorly - with heavy, bumpy shellac and often in irregular sizes (9 3/4″ as opposed to the standard 10″, for instance) - they were purely a Bolivian product and that counts for a lot. There seems to have been some wonderful regional music captured on Mendez, although I know next to nothing about the extent of their output or how long they existed before being bought up by a larger entity (I do know that they pressed labels in turquoise, gold, and dark blue, as seen here). The mysterious ensemble known as “31 de Octubre” consisted of a couple of guitar players, at least one probably playing the charango , and a soloist on the quena , or the traditional Andean flute. This track is labeled as a carnaval (the flip side is listed as a danza indigena ), also known as a carnavalito , a particular musical style of Bolivia. It is a song from the Eastern part of the country, interestingly, not the Andean side. The title, Milongueros, refers to Milongas ( or Milonga) , the Argentine style of music, and playing. It’s a nice tune - short and sweet! (Special thanks to Carol Blenda for help and information!) Technical Notes Label: Mendez Issue Number: 203 Matrix Number: 53-L15; styles Old-Time / Historic, International; tags 31 de octubre"
010_010562.mp3,"I’m returning to India for a track by Master Laloo, a singer from Gujarat, presumably. Collecting Indian music has always been daunting to me - I love it, but there are so many excellent artists out there, I’m overwhelmed. That said, I enjoy what I have, and what I continue to pick up. Hell, it’s all a giant experiment, for the most part, and that’s what continues to make it fun. While Laloo doesn’t perform some of the same vocal gymnastics as other masters of Indian classical music, there’s something very appealing to me about the combination of voice, harmonium, and tabla. Basically, what I’m trying to say is that I enjoy listening to this record, which is what it’s all about. Judging by the label and the pressing (which was made in the Gramophone Company’s Indian plant, at Dum Dum), I would guess this stems from the early to mid-1930s. I could find nothing on the Master in question, although I am in the process of trying to obtain a title translation. If anyone else can step up to the plate, please do! However, the label is quite difficult to read due to the gold on green background. On a side note, R. and I went to a concert of Central Asian music in Los Angeles the other night. I always feel nervous beforehand that a concert like that will be too faux world-y for me, but it was very good, and one artist stood out: the Kazakh singer and dombra player Ulzhan Baibussynova. Although she performed only three songs, they were riveting. She appears on the recent Smithsonian Folkways release Bardic Divas . Technical Notes Label: HMV Issue Number: N. 2569 Matrix Number: BX. 4884; styles Old-Time / Historic, International, Indian; tags master laloo"
010_010563.mp3,"Antonio Machín (1903-1977) was born in Sagua la Grande on the north side of Cuba, and was an important figure in early Cuban recording, particularly in the 1930s, when he released loads of wonderful 78s. He had numerous bands (Cuarteto Machín, Sexteto Machín, and the septet featured here), and eventually moved to Europe. This was recorded in New York on October 31, 1935, just before Machín had relocated. One of the interesting things about this release is that it’s on HMV’s “GV” series of Latin American, Caribbean, and South American music, which was started in 1933. The “GV” series was exported to, and marketed specifically for, the diverse population of West Africa. The music on the series was a major influence on the development of Afro-Cuban music througout the continent, as the records reached far beyond the West. The rhumba movement in the Congo has been directly linked to the dissemination of the “GV” series, for instance. But even without its history, it’s fine music nontheless. The title of the track translates to “The Party,” although the lyrics seem quite sorrowful (perhaps someone could save me from some embarrassing translations here). It is a guajira son , which is a guajira sung in the rhythm of a son , a style that was first made famous in the late 1920s. There are several fine collections of early Cuban music on the market, including several that feature Machin. Technical Notes Label: HMV Issue Number: G.V. 70 Matrix Number: OA98003; styles Old-Time / Historic, International; tags septeto machn"
010_010564.mp3,"For me, classical Arabic music from the first two decades of the 20th century is poetic and beautiful, besides being probably as close a chance we’re going to get to hearing what music may have sounded like in the Middle East in the 19th century. Powerful voices and performances abound, although this is coming from an untrained ear, mind you! I just go by what moves me. There’s a lot out there. Diehard collectors are all too familar with this, but listening might sometimes be a challenge for some when it comes to early international recordings, the main reason being that the music (up until 1925 for most labels) was recorded before the invention of electric microphone recording. Considerable surface noise was par for the course, no matter how perfect the record. Voices sound like they were recorded far away, through a tin can you might say - the result of singing into a recording horn. A few plays on a period phonograph player with a bad needle could cause instant distortion on an otherwise perfect playing surface. It made the fragile discs all the more ephemeral. Yet the musical (and historical) value of these early recordings far exceeds technology’s shortcomings. Munira al-Mahdiyya (1884-1965) is among the earliest female recording artists of Egypt. She was a celebrity during her day and appeared in films, much like Umm Kulthum who, shortly after she began recording, eclipsed nearly all artists in Egypt in terms of popularity. I believe this recording was made ca. 1914. On violin and kanun are two accompanists, one of whom (I assume) joins Munira in singing the last third of the song. The title of the piece translates literally to “adversities tore me apart.” I don’t think it’s much of a stretch to take a little more liberty and say that it could also be “hard times tore me apart,” which sounds a lot like countless blues songs. The Baidaphon label was an early independent label out of Beirut, Lebanon. Started before 1912 by several members of the Bayda family (including singer Farjallah Bayda, also a Baidaphon talent), the label recorded throughout the Middle East and North Africa, sending their masters to Germany to be manufactured. I’ve been lucky to find Baidaphons from Morocco to Central Asia. The label pictured here is their 1920s design. However, I believe the song is from an early session of al-Mahdiyya’s, so in effect this very well may be a 1920s re-release. Baidaphon, like Odeon and a few other companies, seemed to like the 10.5″ record, of which this is an example. Thanks to Karim for help with translation! Technical Notes Label: Baidaphon Issue Number: 23045 Matrix Number: 2345; styles Old-Time / Historic, International, Middle East; tags munira al-mahdiyya"
010_010565.mp3,"Here’s a nice treat for the week: original Balinese gamelan music recorded by the Odeon company on their very first trip to Bali in 1928. In fact, the very first Balinese recording session, ever. These records were historic in many ways - they influenced numerous composers of the time, such as Colin McPhee and Benjamin Britten . In turn, further Balinese recordings influenced minimalists and avant-garde composers such as Harry Partch . Also, during the 1930s, a few examples from these sessions made their way to a famous 78rpm box set called “Music of the Orient.” This box set - kind of a Secret Museum of Mankind of its day - seemed to have a long shelf life. It was originally produced by Odeon, then reproduced by Parlophone and also by Decca in the United States. Every once in a while, you’ll still see a copy, or at least a few errant examples from the set. Today’s recording, however, was not included in that set, and hasn’t been released since 1928 as far as I can tell. Gendér Wayang is a type of gamelan music that usually accompanies ritual shadow plays ( wayang kulit ), both in the day and at night. McPhee called it “perhaps the highest, and certainly the most sensitive form of musical expression existing in Bali.” It is played by a quartet (or sometimes a duo) of musicians playing four separate gendér , the Balinese bronze metallophones with bamboo resonators. The players strike the gendér with their mallets while simultaneously dampening the notes with the heels of their hands. This piece, the Pemungkah, is an overture to a shadow play. For more of these sessions, check out The Roots of Gamelan CD. Much information was gathered from Nick Gray’s article “”Sulendra”: An Example of Petegak in the Balinese Gendér Wayang Repertory,” British Journal of Ethnomusicology 1, 1992. ALSO: Please check out friend of the site and fellow fanatic 78rpm collector Ian Nagoski’s fantastic Black Mirror CD, just released by the fine people at Dust-to-Digital . His choices are excellent and intriguing, and it’s a true labor of love. What else could be better? Technical Notes Label: Odeon Issue Number: A204764 Matrix Number: Jab 555; styles Old-Time / Historic, International, Asia-Far East; tags gendr wajang of kuta, far east, indonesia, asia, bali, gamelan, indonesian traditional"
010_010566.mp3,"styles Noise, Jazz, Experimental, Free-Jazz, Rock, Loud-Rock, Noise-Rock; tags ricecorpse"
010_010569.mp3,"While there’s plenty of incredible American, Cajun, and Irish-American fidders, there’s also a rich history of fiddle-based folk music from Canada. And while some diehard fans of the back-woods American fiddlers might scoff (and I, myself, first gained interest in 78s through early American country music), it’s difficult to deny a track like this, Isidore Soucy’s quadrille, which is similar to a square-dance, except without calls. According to one source I found, a quadrille is historically a dance representing a maiden fleeing a young man’s advances, and like much folk music, was performed at community gatherings, parties, or with family. Isidore Soucy (b. Ste-Blandine, Québec, 1899, d. Montreal, 1963) was a force in traditional Québécois folk music. His recording career began in the late 1920s as a soloist, and lasted well into the LP-era, recording often with his wife and four children as the Famille Soucy. His fiddling is not as raw as some American country fiddlers, it’s more stylish and rhythmic, and its European influence is more apparent (especially with it’s piano accompaniment, like many Irish-American fiddling records of the day) - but the virtuosity is there. This track was recorded at a very early point in his career, ca. 1927. You can find more Soucy at the virtuous Virtual Gramophone website, which has dozens of fine French-Canadian folk music tracks for download (though, not this one). I would also recommend listening to some tracks by Joseph Allard . Technical Notes Label: Columbia Issue Number: 34103-F Matrix Number: E 2685; styles Old-Time / Historic, International; tags fiddle, isidore soucy"
010_010570.mp3,"A taxim ( taksim, taqsim, takssim ), in Turkish classical music, is an improvisation played on a single instrument - but, an improvisation within the strict guidelines of a given makam ( maqam ), or melodic mode. You will find taxims played on the oud, the kanun, the kemençe, the ney flute, the tanbur, and other instruments including the keman - the western violin - which is featured in this week’s post. Turkish instrumentation and improvisations are very interesting to my ears, and I have been lucky to find some stellar examples. This elegant taxim, in the Hicaz mode (Hijaz in Arabic), was probably recorded in the late 1920s by Polydor, most likely in Istanbul, then Constantinople. It starts off being played on a single string, then to two strings, then back to one. Interestingly, it’s also over 3 minutes and 40 seconds long, which is about as much sound as you could possibly cram onto one side of a 10″ 78rpm record. Unfortunately, I could find nothing on Ahmed Djewdet, except that he appeared on several other Polydor releases from the same time period. If you’re interested in other taxims by Turkish classical artists in the early 20th century, I would recommend the masterful works by Tanburi Cemil Bey available on several CDs on the Traditional Crossroads label. Yup, this label is the same that I used for the CD cover on November 2nd. Why does it haunt me? Technical Notes Label: Polydor Issue Number: V 43163 Matrix Number: 243 Bn; styles Old-Time / Historic, International; tags violin, ahmet djewdet, taxim"
010_010571.mp3,"This week, instead of tiresome, phony holiday cheer, I offer this instead: one of my favorite records in my collection. Something which, when I first spun it on the player, made me red in the face with the excitement of hearing something new, at least new to me. Although from Spain, it is not raw (or rhythmic) like flamenco, nor stately like the cobla, nor is it dance music such as the kind you’d find nearby in Basque Country. The Asturian tonada , also known as the asturianada , has been ignored in English-based world music texts. Neither the Garland Encyclopedia of World Music or the Grove Dictionary of Music and Musicians, both well-known, massive, essential works which at the very least give a passing glance to the most obscure of regional musics, leave the asturianada, the popular vocal song of the mountainous Spanish province of Asturias, out of the picture entirely. Is it because tonada simply means “song”? Is it eclipsed by music featuring the Asturian bagpipe, the gaita (similar to Galician bagpipes, though tuned differently)? I have no idea - the gaita can often be played in an asturianada, in fact. Anyhow, discovering information about the tonada in English has led me to Asturian newsgroups , and detailed articles about Asturian music, such as this - written in Asturian. What I do know is this: Jose Gonzalez, nicknamed “El Presi” (1908-1983), was one of the most renowned early tonada singers and began his career in the late-20s/early-30s, making several hundred recordings. As with most good regional music on 78, good luck finding those! Gonzalez, in this piece, is accompanied by a subdued guitar, and the song appears to be a lament for the death of another great tonada singer, Xuacu’l de Sama, who died in 1935 (note the northern Spanish pronunciation of the letter ‘x’ as ‘zh’). Finding early Asturian song on CD is not easy. Heritage’s Voices of Spain CD contains one beautiful piece by Obdulia Alvarez, “La Busdonga.” There is also what looks to be an excellent CD with performances by two singers, from 1948 and 1955, offered by a company dedicated to Asturian-related products, found here . There are also some recordings of Asturian works by a Galician gaita player, Manuel Dopazo, available from this (really wonderful) company . Technical Notes Label: Columbia Issue Number: A5138 Matrix Number: C 7866-2; styles Old-Time / Historic, International, Europe; tags asturianda, jose gonzalez el presi"
010_010572.mp3,"I had the chance to visit with my friend Haji Maji , aka Dave, this weekend, while I was out of town. Although the visit was too brief, it was fun to be around someone equally as obsessed, and with a genuine love of lost and found early music from outside of the U.S., on 78rpm. Great, rare music was spun. So, with his musical interests in mind, I decided to upload one of my Chinese records. I believe it stems from Hong Kong, and was recorded by the independent German Beka label, probably from the late teens/early 20s…give or take. The title, Yu Wang Tan Ming , translates to “The Fisherman’s Lament.” A detailed history of the Beka label, founded in 1903, has yet to have been written, but surely would be fascinating. The German record industry was hugely dependent on export sales, and Beka were already recording in Asia as early as 1905-1906 (see the Excavated Shellac Vietnam entry ). Several years later, the company was then bought by Carl Lindstrom, A.G., a maker of gramophone players. Lindstrom was eventually sold to the Columbia Graphophone Company in 1926, although the German branch of Lindstrom seems to have operated independently for some years afterwards. Asleep yet? Then, time to listen! For more on the history of early recording in Asia, check Pekka Gronow’s article “The Record Industry Comes to the Orient,” from Ethnomusicology 25/2 (1981): 251-284. And for more Chinese opera, head over to Haji Maji ! Technical Notes Label: Beka Issue Number: 223 (2) Matrix Number: 22769 (Bn); styles Old-Time / Historic, International, Asia-Far East; tags chinese opera, jianhong he"
010_010573.mp3,"Today’s feature: the Breton bagpipe. If you haven’t heard Brittany bagpipe music, you’re in for a treat. It’s different from others simply because the older, small-in-scale Breton pipes, known as the binioù (or the binioù kozh ), are tuned very high - the lowest note on the binioù is equal to the highest note on the typical Scottish bagpipe, for instance. As with this piece, a gavotte meant for folk dancing, the pipes are typically accompanied by a bombarde , an oboe-like reed instrument tuned an octave below the binioù. The two play together in the traditional style, overlapping musical lines. This track appears to have been recorded by two Gramophone engineers, Edward Fowler and Douglas Larter, in January of 1927. The title refers to the small village of Guémené-sur-Scorff. And, I should mention that the flip side of this record, equally as nice, is featured on the Ace & Deuce of Pipering CD released by Heritage…which looks to be out of print now, so best to search the usual avenues for that one. This week’s mail brought me the latest Dust-to-Digital 2-CD release Victrola Favorites , which is just a beautiful work of art. I highly recommend this as well as the other D-to-D releases that I’ve previously raved about ( Black Mirror , and there’s also Melodii Tuvi ). Friend of the site Rob Millis put this together with his partner Jeffrey Taylor and the accompanying 100+ page book is museum quality. Technical Notes Label: HMV Coupling Number: K-5127 Face Number: 237702-R Matrix Number: 2L-BFR 294; styles Old-Time / Historic, International, Europe; tags bagpipes, mm le guennec et le bouc, biniou"
010_010574.mp3,"To the person who spoke another language the phonograph assumed a more important role. In a country with strange customs and values, where other people spoke an unfamiliar language, a phonograph could and did provide a means of emotional retreat to one’s homeland. Records of familiar songs reinforced traditional values and an immigrant’s sense of self-worth…It meant that at least one American business was soliciting his patronage by recognizing, respectfully, who he was. — Richard K. Spottswood, “Commercial Ethnic Recordings in the United States,” in Ethnic Recordings in America. Washington, DC: Library of Congress, 1982. Earlier in the blog I posted some Polish-American village music, so today I’m offering up a nice example of Ukrainian-American village music, complete with strong fiddle playing by Michal Thomas, recorded in New York City in March of 1931. Thomas, on the lead fiddle, is accompanied by a second fiddle, piano, tuba (I believe) and percussion in the form of bells. The Kolomyjka (or kolomyika ) is a well-known, traditional folk dance from the western Ukraine, getting its name from the Carpathian city of Kolomyia . Like many folk dances, it can be danced in a circle, and is usually performed on special occasions, such as weddings. Columbia ruled the Ukrainian-American market in the late 1920s and early 1930s, recording approximately 430 Ukrainian records beginning in 1925. Interestingly, very few recordings were made by the major labels’ counterparts in Europe during the 1920s, making Columbia’s series especially important, musically and historically. For more Michal Thomas, you can find a track on Arhoolie’s Ukrainian Village Music CD, and a track on the out-of-print LP on New World, Song of the Shepherd: Songs of the Slavic Americans . Technical Notes Label: Columbia Issue Number: 27296-F Matrix Number: 112873 (1A-1); styles Old-Time / Historic, International, Europe; tags ukrainska orchestra michala thomasa"
010_010576.mp3,"I received an e-mail request asking to post some early American country music. Since early country music was what originally led me to collecting traditional music from outside the U.S., I thought: great idea! However, like the rest of the material on Excavated Shellac, I wanted to stick to music that had not already been collected on CD. This was a difficult task. Sure, all my 78s by essential artists like Uncle Dave Macon and the Carter Family were on CD. But, so were slightly more obscure and harder-to-find country records. The three records by the Binkley Brothers Dixie Clodhoppers? On CD . “Texas Quickstep” by The Red Headed fiddlers? On CD . Cousin Emmy? On CD . Then I started combing through the records that I simply had an attachment to…”Methodist Pie” by Bradley Kincaid? On CD , too. “Gonna Swing on the Golden Gate” by Fiddlin’ John Carson? On CD . On and on… Then I remembered this record - the quaint yet lovely “Call of the Whip-Poor-Will” by the Stapleton brothers, recorded by Mitchell and Mason Stapleton in Atlanta, Georgia on April 19, 1928. Not on CD, at least as far as I can tell. It’s always been a favorite of mine for those inexplicable reasons one has for liking a particular song. Technical Notes Label: Columbia Issue Number: 15284-D Matrix Number: 146140 (1B-2); styles Old-Time / Historic, Country; tags stapleton brothers"
010_010578.mp3,"I’m kicking off February with a series of musically intense posts. Get ready. Today, we move over to Central Asia for a blistering solo by Mr. Damirov, performed, I believe, on the garmon , a Russian button accordion commonly used in Azeri folk music. I find this piece to be absolutely perfect - both frenetic and fluid, deeply traditional yet utterly contemporary. The “Dictaphone” label - well, that’s a story in itself. In the US in the mid-1940s or so, someone, somewhere (a record shop? a multilingual entrepreneur?), decided to bootleg music from the Near and Central East, presumably for sale to immigrants in the States, probably around New York City. This someone set up a series of more or less uniform-looking record labels with the same typeset, and little to no pertinent information on them, save for the artist and title. Sometimes, the original title was changed or altered. “Perfectaphone” is the label that I’ve seen most often - that was for Turkish music. “Armenophone” is another that crops up, obviously the Armenian imprint. Then there was “Dictaphone” for music of Azerbaijan, Uzbekistan, and other Central Asian countries - and the rarest, “Kurdophone” for music from Kurdish regions (probably recorded in Turkey, too). The latter two labels are about as rare as the original records that they were bootlegged from. This beautiful Dictaphone record was most likely bootlegged from Russia’s CCCP label, which was a real giant in terms of output. Whomever was running this outfit had a pretty good ear - most everything I’ve heard on all of these labels is really quite good, if not stone beautiful. Yes, Perfectaphones have quite a bit of Turkish popular music from the mid-20th century on there, but also plenty of folk and classically-tinged material. And, surprisingly, as bootlegs they sound pretty nice. For more Damirov, check the Secret Museum’s Central Asia CD . There are some garmon players on YouTube, as well - try here . Technical Notes Label: Dictaphone (originally from CCCP, most likely) Issue Number: No. 15 Matrix Number: n/a; styles Old-Time / Historic, International; tags accordion, temiuv damirov, garmon"
010_010579.mp3,"Now, we move from Azerbaijan to Armenia. Well, not exactly Armenia per se, but Istanbul/Constantinople, where this Odeon recording was made probably in the late teens-early 1920s. While I could not locate any information on the singer, Levon Hampartzoumian (not to be confused with the present-day banker in Bulgaria of the same name) or the accompanying two violinists, the song is a stirring, Armenian classic. It’s true title is transliterated as “Menk Angeghdz Zinvor Enk” and is an example of an Armenian patriotic, revolutionary song. A song sung by many in the past to unite Armenians across the world and give recognition to their struggle, it is still sung today (see here ). The English translation is roughly “Honest Soldiers Are We” (thanks, Tina!), and is associated with the Armenian Revolutionary Federation . I was able to find the lyrics translated into Western Armenian, so you can follow along here . Technical Notes Label: Odeon Issue Number: 46266 Matrix Number: x.c. 2085; styles Old-Time / Historic, International; tags levon hampartzoumian"
010_010580.mp3,"styles Indie-Rock, Pop, Rock, Experimental Pop, Post-Punk, Lo-Fi, Punk; tags the prefab messiahs, art punk, massachusetts, psych pop, bobb trimble, garage, psych, proto-indie, garage rock, lo-fi, 1980s, post-punk, psych-rock, worcester ma, wormtown, lo fi, garage pop"
010_010581.mp3,"styles Indie-Rock, Pop, Rock, Experimental Pop, Post-Punk, Punk; tags the prefab messiahs, art punk, massachusetts, psych pop, bobb trimble, garage, psych, proto-indie, garage rock, lo-fi, 1980s, post-punk, psych-rock, worcester ma, wormtown, lo fi, garage pop"
010_010687.mp3,"styles Avant-Garde, Krautrock, Experimental, Rock, Loud-Rock, Drone, Noise-Rock, Psych-Rock; tags avant-garde, free improv, psych, experimental, psych-rock, psychedelic, krautrock, drone, improv, psych noise, concord ballet orchestra players"
010_010688.mp3,"styles Avant-Garde, Krautrock, Experimental, Rock, Drone, Psych-Rock; tags avant-garde, free improv, psych, experimental, psych-rock, psychedelic, krautrock, drone, improv, psych noise, concord ballet orchestra players"
010_010700.mp3,"The life and long career of renowned Khyal vocalist Pandit Omkarnath Thakur (1897-1967), or Pujya Pandit Shree Omkarnathji Thakur as the record label at right would have it, is documented colorfully elsewhere . Born in poverty, he eventually spent years in Pandit Vishnu Digambar’s music school in Bombay, and became the principal of a music school by age 20. By ca. 1934-1935, when this record was pressed in India, he was already recording masterworks. Blessed with, according to legend, his father’s “precious mantra” written on his tongue, Thakur’s vocal style is immediately dramatic. He improvises and modulates his voice on lyrics and syllables in an almost dizzying fashion (most apparent in Part 2 of today’s post), known as bol taan in Indian classical music. This well-known track was most likely released decades ago on LP - it was also released on a hard to locate Indian CD titled “Golden Milestones” but as far as I can tell, the sound quality on that CD is quite poor. Therefore, I offer both sides of this fine performance here. For more Thakur music on the web, check this post on Mehfil-E-Mausiqi . Technical Notes Label: Columbia Issue Number: VE.1016 Matrix Number: CEI.7358-1, CEI.7359-1; styles Old-Time / Historic, International, Indian; tags pandit omkarnath prakur"
010_010701.mp3,"Returning to South America for a moment, I thought I’d post another pre-tango folk song, this time from gaucho country. Little is known about Juan Rodríguez, except that he settled in Buenos Aires around 1920, and eventually became an artistic director for the fledgling Disco Electra label. According to the information I’ve been able to dig up (most of it from Omar Facelli in Montevideo), Rodríguez recorded approximately 25 records for Disco Electra, most of them stellar examples of criollo folk songs from the River Plate region, accompanied by guitars. He later recorded some for Columbia before passing away ca. 1935. This piece stems from ca. 1928, by my best guess. Disco Electra was, as far as I can tell, an early independent label out of Buenos Aires. Because Victor, Columbia, and Odeon essentially monopolized all the recording in the region, smaller outfits like Disco Electra probably had to work hard to compete. Despite the fact that the quality of their pressings can’t hold a candle to the major labels’, and that they were still recording acoustically until at least 1928-1929 (most companies worldwide had switched to microphone recording by 1926), important music was recorded on Disco Electra…and here’s but one example! Technical Notes Label: Disco Electra Issue Number: 153 Matrix Number: 815; styles Old-Time / Historic, International; tags juan rodrguez"
010_010702.mp3,"Journalist Eddie Dean, in “ Desperate Man Blues ,” says some wise words about rural American musicians recording in the 1920s: “They had three minutes of immortality…You hear, like, not a wasted note.” He speaks the truth. Most early recordings were done in one single take, or perhaps two. In the U.S., for the most part only the best selling artists, generally pop or jazz artists, were allowed multiple takes. Lesser-known or rural musicians and singers had to be prepared to bring their best to the session. Perhaps this is a more salient factor to ponder in terms of global musicians in cities or rural villages, most of whom were never in a million years given more than one chance to record their songs. And Dean was speaking of the U.S. niche country and blues markets of the 1920s. What about the super-niche markets of, say, Malaysia, Uzbekistan, or Tunisia during the first decade of the 20th century? One would imagine that those musicians had even less room for error, if that’s at all possible. Then again, ten to twenty years before U.S. companies were recording their own country’s rural or regional musics, their sister companies in Europe had been traveling much of the world in search of these niche markets and recording thousands of records. Sure, most likely the European engineers had no idea what they were recording and disliked the music, but they were captured, nontheless. Today’s post is an example of the thriving market in the Middle East, ca. 1909-1910. Nearly 100 years old, it is a genuine artifact. Even in beautiful shape, the surface noise that is normal from recordings of this vintage is unavoidable. A tangent: if you are interested at all in old recordings of any stripe, you must learn to love surface noise. It has, in a way, become part of the music itself. I’m speaking of the inherent sound of needle on shellac groove, not necessarily damage to the record itself. (If you’re not already familiar, there’s a whole arcane language that has evolved around 78rpm damage: tics, pops, lams, hairlines, stressed grooves, edge chips…sigh.) Remastered CDs that remove all semblance of surface noise inevitably end up removing much of the music itself, and a crucial part of the listening experience. Mohamed Effendi El-Achek was from Damascus, and recorded this and numerous other songs ca. 1909 or so, in Beirut, which was a center of Middle Eastern recording. He sings over a subtle accompaniment of kanun and violin - the musicians shouting encouragement throughout! (Both sides are included here.) The title translates to “Be Happy, My Heart,” and it is a love song. A total of seven minutes of true immortality. Technical Notes Label: Gramophone Concert Record Issue Number: G.C. 5-12433 Matrix Number: 8106o/8107o; styles Old-Time / Historic, International, Middle East; tags mohamed effendi el-achek"
010_010703.mp3,"Sometimes I catch myself being overly swayed by certain music because of its rawness, or because it seems on its surface completely alien to me, as I close my eyes and ignore that I live in 21st century California. This is not a terrible thing to be swayed by (and perhaps is what keeps me alert), but I am often flung out of that narrow listening mode by music that I might have otherwise passed over that isn’t ostensibly “raw.” Today’s post is one of those recordings. I had found this record years ago and played it once, quickly forgetting about it. Recently, I spun it again and was captivated. Recorded in December of 1927 in Belgrade, Serbia (then Yugoslavia), Steva Nikolič’s brilliant violin playing and the murky, sonorous backup accompaniment are haunting in a way that other “gypsy orchestra” records are not, in my listening experience. ”Gypsy” music - music of the persecuted Roma people - is varied. This piece sounds similar to Hungarian Roma/gypsy music from the same period, but is a far cry from the music of the Roma in Spain, flamenco. The title “Arnautka” is, according to the label, an “Arnaut National Dance.” Arnaut is the Turkish word for Albanian, so this may have roots there as well. Perhaps someone can help us out. Also of interest, this track was recorded in Belgrade by HMV engineer George Dillnutt, who, 25 years before he recorded this track, accompanied Fred Gaisberg on the very first recording expedition to the Near and Far East. Technical Notes Label: Victor (from HMV master) Coupling Number: V-3049 Matrix Number: BK2636; styles Old-Time / Historic, International, Europe; tags steva nikoli"
010_010704.mp3,"I became completely obsessed with Turkish psychedelic music several years ago and began searching out and accumulating Turkish 45s at a rapid clip. Since then, “Anadolu pop” has been discovered so to speak, with excellent reissues on the market by labels like Finders Keepers and Shadoks . One of the first Turkish psych tracks that knocked me out was the Lambaya Püf De single by the great Bariş Manço (you can hear it here , archived on WFMU courtesy of DJ Trouble - or on the stellar Andy Votel compilation Prog Is Not a Four Letter Word ). I noticed at the time that Manço’s song was credited to one Osman Pehlivan. Not long after, I found another version of Lambaya Püf De - a harder-edged cover by Urfali Babi, this time with a song credit to Merhum Osman Pehlivan dan . Who was this person? I gradually pieced it together. This melody, in Turkey, is historic. Today’s post, long overdue and unavailable in any form as far as I can tell, is the original performance by tanbur soloist Osman Pehlivan (1847-1942), from which all of these blistering Turkish psych versions are based. Pehlivan’s wonderful solo was recorded in Istanbul by engineer Edward Fowler ca. July 1928, and still pretty much rocks. The title, loosely translated, means “Anatolian spoon song” which refers to a folk song which would be traditionally accompanied by wooden spoons, which are held in each hand and played a little like castanets. Pehlivan would have been 81 when this was recorded. It’s still commonly performed today. For visual accompaniment, take a look at this performance of the kaşık havası here . Or here . And here are two terrific kaşık players . Even just a few weeks ago, I heard Arif Sag’s version of the song, which is actually titled Osman Pehlivan, and has since been reissued on the new compilation Obsession (and can be heard here , archived by Brian Turner, also on WFMU). The melody will certainly live on. UPDATE : An intrepid reader pointed out to me that a version of this song performed by Pehlivan is available, under a slightly different title, on the Folkways collection “ Folk and Traditional Music of Turkey ” on an out of print LP, or custom made CD. However, if you listen to the sound clip, one can immediately tell that the Folkways recording is a completely different version than this one, which was no doubt recorded much earlier. Technical Notes Label: HMV Coupling Number: AX 853 Face Number: 7-219429 Matrix Number: BF 2129; styles Old-Time / Historic, International; tags tamburac osman pehlivan"
010_010705.mp3,"Back to South America. In the years before WWII, Victor Records in the U.S. was, for the most part, the largest presence in South America when it came to the distribution and recording of music, as a result of an agreement made with its sister company HMV in England (HMV would essentially have the other continents to record). They also had a pressing plant in Argentina, which was a large market for Victor. That’s not to say there wasn’t competition - Odeon, for example, recorded countless records across the continent, many under the moniker Disco Nacional, and there were a smattering of independents - but Victor had the lock. However, after WWII, independents cropped up where only majors had dared to tread (and barely in many cases). One instance would be the Mendez label in Bolivia, featured in an earlier entry . Another would be Peru’s Sono Radio label, where today’s post hails from. I’m not sure when Sono Radio began production (it lasted at least until the 70s), but I’m betting this record stems from ca. 1948-1950 or so. According to reader Efrain Rozas, the phrase ” Muliza con fuga de Huayno ” means that the song begins as a muliza , then ends in the typical Indian huayno style of Peru, with a fuga , a fast section, in the middle. The muliza as a song form was, according to various sources, brought to Peru by Argentine mule drivers (the name muliza comes from mulero , for mule) during the late colonial period (ca. 1760-1810). The Indian huayno sound was incorporated into the music in the mid-20th century and gave the muliza an indigenous quality that it lacked up until then. Another example of older folkloric musical styles being appropriated, adapted, and transformed. While I could find no information on this fine ensemble (violins, woodwinds, brass, and guitar), I was really taken by the strings. Particulary the break at about 1:20 in the piece. Early recorded music from Andean regions seems to have been largely ignored by contemporary record companies. However, Arhoolie has the fine Huayno Music of Peru, Volume 1 , which contains several earlier recordings. There is also this nice site ! I would also recommend Fiona Wilson’s article “Indians and Mestizos: Identity and Urban Popular Culture in Andean Peru,” from the Journal of Southern African Studies 26/2 (2000): 239-253. Technical Notes Label: Sono Radio Issue Number: 1046 Matrix Number: ISR-89; styles Old-Time / Historic, International; tags conjunto medrano"
010_010706.mp3,"There are numerous types of Martiniquan music, but one form that proved quite popular in early recording, even becoming something of a craze, is known as biguine , an orchestrated popular music vaguely similar to calypso or a rhumba, and where the clarinet and trombone have a strong presence. Typically, the clarinet is played with, for lack of a better word, a weepy sound - which you might find similar to the late-1930s Boateng record I posted a while back…an example of direct, cross-Atlantic influence. Most, if not all, early Martiniquan bands recorded in Paris, beginning from about 1930, when the great Alexandre Stellio began recording for Odeon. Sam Castandet appeared on the scene not soon after, and had a recording career that lasted at least until the 1950s. This track has the typical orchestration for a biguine tune, but is meant to be danced as a mazurka - it was recorded ca. 1940. There are a few nice CDs of early music from the “French Antilles.” Au Bal Antillais on Arhoolie, and Music of Martinique on Flyright are two examples. Another that looks like it may be harder to find is Biguine, Valse Et Mazurka Creoles 1929-1940, released on Fremeaux & Associes. Technical Notes Label: Columbia Issue Number: DF 3358 Matrix Number: CL 8841-1P; styles Old-Time / Historic, International; tags biguine, sam castandet et son orchestre antillais"
010_010707.mp3,"I think unaccompanied choirs are often ignored in non-classical 78rpm record collecting - they lack solo instrumental virtuosity, they tend not to be “raw,” and instead appear to be, at least on the surface, overly influenced by religion and/or western harmonic concepts. Even the choir records I have from Africa are probably less desirable, simply because they display the formality of a choir. Perhaps they are avoided for the same reason one might avoid records of British folk songs sung by a Folk Song Society. While all these reasons are valid and make me ruminate far more intensely than I should, I actually enjoy a lot of choir music. It’s still folk music, and I just can’t seem to get rid of it, as I find unaccompanied folk singing to be sort of a wonderful act. Recently, a friend graciously gave me a stack of early Lithuanian records. I ended up discarding nearly all of the 30 or so records - except for the folk song choirs! Which were all recorded poorly on Columbia Records in the 19-teens. Totally unsaleable records! He must have pegged me as an easy mark. I think of Ian Nagoski’s choice of including a recording of a Handel piece on piano smashed between 78s from Vietnam and Greece on his Black Mirror CD. Such seemingly radical sequencing suits me just fine - I believe there should be more of it, but maybe that’s the academic anti-academic taking hold. However, interconnectivity exists wherever you seek to find it. And maybe you’ll find something, as I did, in this Lithuanian Folk Song, recorded acoustically (and distantly) by Columbia in New York City ca. 1917, and performed by Brooklyn’s own Įdainavo Karalienes Aniolu Parapijos Choras. I had some difficulty translating the title, but I believe it’s something to the effect of “Dogs Barking on the Farm.” And if you enjoyed my December post on son huasteco music, Chimatli has a wonderful, media-filled post on the music. Check it out here ! Technical Notes Label: Columbia Issue Number: E3290 Matrix Number: 44619; styles Old-Time / Historic, International, Europe; tags dainavo karalienes aniolu parapijos choras"
010_010829.mp3,genre Rock; styles Rock; tags golden triangle
010_010831.mp3,tags carlos giffoni
010_010832.mp3,tags carlos giffoni
010_010842.mp3,"genre Rock; styles Punk, Rock, Hardcore; tags red dawn ii"
010_010844.mp3,"genre Rock; styles Punk, Rock, Hardcore; tags red dawn ii"
010_010845.mp3,"genre Rock; styles Punk, Rock, Hardcore; tags red dawn ii"
010_010846.mp3,"genre Rock; styles Punk, Rock, Hardcore; tags red dawn ii"
010_010847.mp3,"genre Rock; styles Punk, Rock, Hardcore; tags red dawn ii"
010_010882.mp3,"genre Rock; styles Punk, Rock, Power-Pop; tags the priscillas"
010_010901.mp3,"genre Spoken; styles Radio, Spoken, Interview; tags throbbing gristle"
010_010902.mp3,"genre Spoken; styles Radio, Spoken, Interview; tags throbbing gristle"
010_010931.mp3,"genre Rock; styles Punk, Rock, Hardcore; tags diy, allschool hardcore, leipzig, farmers boulevard"
010_010939.mp3,tags arthurs landing
010_010940.mp3,"styles Avant-Garde, Krautrock, Experimental, Rock, Drone, Psych-Rock; tags avant-garde, free improv, psych, experimental, psych-rock, psychedelic, krautrock, drone, improv, psych noise, concord ballet orchestra players"
010_010941.mp3,"styles Psych-Folk, Post-Rock, Rock, Folk, Space-Rock, Psych-Rock; tags rock, space rock, psych, boston, abunai, psych-rock"
011_011079.mp3,"There are approximately 286 different languages spoken in Cameroon. It’s impossible to guess what percentage of those languages have been represented on vintage 78rpm records. Most of the Cameroonian 78s I’ve found have been in Douala dialect. Today’s post features some vintage African pop in the Basaa (or Bassa) dialect, which is actually spoken in greater numbers than Douala. The label Opika was based in the Belgian Congo, and is equally as important as the Congolese labels Ngoma and Loningisa, and just as rewarding to track down. Amazing African pop, guitar, rumba, and ethnographic recordings from both Congo and Cameroon (as well as high-life in Ghana) were released on Opika. This small label was started ca. 1949 by two brothers from the Greek island of Rhodes, Gabriel Moussa Benetar and Joseph Benetar. The name “Opika” came from “opika pende” in Lingala, a phrase meaning “stand firm.” It’s not clear from my research how long Opika lasted as a company, but probably not much further than the mid- to late 1950s. However, in a very brief period of time, they and their competitor labels left one of the most amazing musical legacies of Africa. These were small labels run by immigrants who truly enjoyed the region’s music. They wanted to fill a void, they wanted to record the best of a variety of local talent, and they succeeded (although it remains to be seen how much the artists were paid for their work). According to a quote from Rumba on the River , Gary Stewart’s fantastic history of Congolese popular music, 600,000 discs a year were being sold in the region in the early 1950s. I could find zero information on Njembe Gwet Paulemond (or Gwet Paulemond Njembe, if you westernize the name), but the aforementioned Rumba on the River contains the best history written so far about those early years in Brazzaville/Kinshasha. Technical Notes Label: Opika Issue Number: 1949 Matrix Number: Part 25978 (M3 164630); styles Old-Time / Historic, International, African; tags njembe gwet paulemond"
011_011082.mp3,"In previous posts, I’ve mentioned Robert Crumb’s volume of international 78rpm records titled Hot Women , which features female vocalists. On it, he included Part 2 of an exceptionally wild recording made somewhere in East Africa in the early 1930s. Today’s post is Part 1 of that fascinating record. Decca Records in the United States began in 1934 (after truly beginning in England in 1929), and kept their maroon label for their international series. A large portion of the music released on that international series was from this hemisphere, but they did release some imported recordings, many of which were taken from German Odeon and Parlophone masters as the label indicates here. Most famously, American Decca found success in repressing Erich von Hornbostel’s influential “Music of the Orient” collection, which contained some recordings from as early as the ‘teens. You can still find a complete set if you’re patient. Much more difficult to track down, however, are examples from Decca’s African series. Unfortunately, without a trip to a vault somewhere in Europe to dig through ancient paperwork (if it exists), and without a vintage catalog which might contain more information, there’s no way to tell where this record was precisely made. It could have been Kenya, it could have been Tanzania, Rwanda/Burundi, or Zanzibar. My best possible guess, considering the strong Arabic influence in the instrumentation (oud, violin, and percussion), is that it is taarab music from Tanzania or Zanzibar, but that is only a guess and nothing more. Or, might the two letter matrix code - BR - stand for Burundi/Rwanda? I’ve a very similar sounding 78 that is definitively from that particular region. But, who knows. What I do know is that this vocalist will jolt you upright and rightly so. This is a one of a kind performance - just listen to her straining near the end of the piece. For more vintage taarab music from the region, definitely check out the beautiful CD Poetry and Languid Charm on Topic . Technical Notes Label: Decca (from Odeon masters) Issue Number: 20140 Matrix Number: Br.O.77; styles Old-Time / Historic, International, African; tags hadija binti abdulla"
011_011083.mp3,"genre Rock; styles Punk, Rock; tags sleepwalkers rip"
011_011084.mp3,"genre Rock; styles Punk, Rock; tags sleepwalkers rip"
011_011085.mp3,"Here is another relic from Southeast Asia in the days before the widespread use of the electric microphone. Voice and music emerge from a deep layer of surface noise. Such is the case with these early recordings: however tweaked and lessened by me, surface noise is inevitably an integral part of the listening experience. In particularly hot and humid areas - perhaps Siam for instance, where this recording was made ca. 1927 - recording engineers would often have to pack their wax masters in dry ice to protect them from melting. Working without electricity…sometimes recording entire orchestras who played into a large horn…carting boxes of heavy equipment and hundreds of wax masters from place to place, perhaps country to country, for sometimes months at a time…the odds seemed against these expeditions. Yet many hundreds of thousands of records, perhaps even several million, were recorded all over the world before the microphone started appearing in recording studios in the mid-1920s. Recording minutiae: originally, this selection was recorded by the Beka record label, and then released by Parlophon. Beka and Parlophon were German companies, owned by the larger entity Carl Lindstrom A.G., which was purchased by the British company Columbia in 1926. The smaller German companies under the Lindstrom banner operated independently of their British owners for several years, until Columbia/Lindstrom eventually fell under the banner of EMI, and Parlophon became known as Parlophon e . This is an example of Thai classical music, featuring a singer (Seeranii) and a small “phin-phaat” ensemble (also transliterated as “pii-phaat”), where a dominant instrument is the traditional Thai xylophone (the rānāt ). You can also distinguish at least one Thai flute (the khlui ), and in the distance (I think!), the classical Thai reed instrument, the pī nai . Thai classical music was originally developed as court music, and many of the instruments used date back 700+ years. The title of the piece translates to “Golden Star.” Many thanks to Philip Yampolsky for discographical insight, and to Pluethipol Prachumphol of the Antique Phonograph and Gramophone Thai Society for help with the translation. Thanks also to Lawrence Ross for additional information on Thai music and helpful translation. Technical Notes Label: Parlophone Issue Number: 212 Matrix Number: 25701; styles Old-Time / Historic, International, Asia-Far East; tags seeranii"
011_011086.mp3,"genre Rock; styles Punk, Rock, Hardcore; tags fucked up"
011_011087.mp3,"genre Rock; styles Punk, Rock; tags surrender"
011_011088.mp3,"genre Rock; styles Punk, Rock; tags surrender"
011_011089.mp3,"genre Rock; styles Punk, Rock; tags surrender"
011_011090.mp3,"The last French Canadian folk music I posted was six months ago, so I thought I might feature another this week - especially since I found myself humming this song repeatedly. When that happens, I feel I have to go straight to the shelves, grab that piece of music, and remind myself of the innate qualities therein. This I did, and here it is for you, too. Joseph Ovila LaMadeleine (1880-1973) was a left-handed fiddler based in Montreal, where he owned a music shop. In the late 1920s, when he was already nearly 50, he began his recording career for Starr Records. For the next 15 years on Starr, he recorded 54 records of wonderfully played reels, quadrilles, and waltzes like this track, which was recorded in the winter of 1937. While this tune is not a fiddle showdown like some of his others, I find it beautifully unpretentious, largely due to the vocal by his daughter Jeannette. Starr Records got its name from the Starr Piano Company of Richmond, Indiana. The Starr Piano Company also produced a little label called Gennett , only one of the greatest, most sought-after record labels in jazz, country, and blues history. The Compo Company (run by the son of Emile Berliner) began pressing the Starr and Gennett labels in Canada in 1919, and gradually began recording as well. The Starr label continued into the 40s, long after Starr Piano left the record business, with the Starr label reserved strictly for Canadian recordings. For more LaMadeleine, there is a track on the Rounder collection Raw Fiddle . You can also visit The Virtual Gramophone and hear quite a few LaMadeleine recordings, albeit at 64kbps. Better than nothing! Technical Notes Label: Starr Issue Number: 16066 Matrix Number: 7968-1; styles Old-Time / Historic, International; tags j o lamadeleine jeannette"
011_011096.mp3,"Over the next several months, you will see a few guests here at Excavated Shellac. I’ve asked a number of like-minded friends, whose collections are varied and excellent, to drop by and give us an example of a favorite piece of music of theirs that revolves at that fast speed. They have provided the words, image, and music. (I have provided the audio cleanup and mix, unless otherwise noted.) Today’s guest is Ian Nagoski, the man behind the fine Dust-to-Digital release Black Mirror , and proprietor of the True Vine Record Shop in Baltimore. Enjoy! - JW Generally regarded as one of the 20th century’s most important Hindustani classical singers, Abdul Karim Khan was born in 1872 into a family of musicians in the village of Kirana in Hayrana state in north-central India. The kirana gharana (school) of singing extends to his ancestors but it is most commonly associated with his style because of his (relatively) prolific teaching, performing and recording in the first part of the 20th century. A notable branch of the school was founded by his cousin, the brilliant, eccentric, hearing-impaired, opium-loving, Sufi-devoted Abdul Wahid Khan who was Pandit Pran Nath’s guru and therefore the originator of the kirana school as it exists in the post-psychedelic United States. Abdul Karim Khan studied sarangi with his family before leaving his home, never to return, as a teenager, in search of a guru. During this time, he approached Bande Khan (grandfather to been player Zia Mohuiddin Dagar and singer Zia Fariduddin Dagar) in search of been lessons. (Sarangi was primarly an accompanist’s instrument and been was a soloist’s instrument.) Bande Khan told him to study singing. As a singing duo with his brother Abdul Haq, Abdul Karim Khan was appointed as a court musician by the raja of Baroda state in Northwest India, but when Abdul Karim fell in love with one of the prince’s daughters, Sardār Māruti Rāo Māne who was his student at the time, the class difference between the royalty and musician-servants forced the two lovers to abscond in order to stay together. They landed further south, in Bombay, where Abdul Karim taught, sang and, in 1905, recorded about thirty performances for the Gramophone company. That same year, his daughter Hirabai Badodekar (later a renowned singer herself) was born. (YouTube clip here .) Over the next twenty years, his style was informed by a number of visits to Karnataka state in the South, close contact with singers in the gwalior gharana , and changes in the economics of music caused by the crumbling of the courts under British colonialism. Abdul Karim Khan saw that a musician could no longer simply inhabit a court as a paid servant, and became an innovator in charging admission for classical concerts. His family moved in 1913 to Pune, where he founded another music school. In 1922, his wife left him, also resulting in a split with Abdul Wahid Khan (who was related to Abdul Karim by marriage). The event is said to have marked a shift in his style to slower, more contemplative singing. Meanwhile, during the period of increasing modernization and the anti-colonial struggle lead by Ghandi (and radical politics generally), Abdul Karim Khan refused to record again until the mid-30s, when he accepted offers from the minor Ruby Company and the dominant and British-owned Gramophone company’s primary competitor, German-based Odeon. From 1934 until 1936, just a year before his death, he recorded several dozen pieces. La Monte Young said in the first issue of Halana that Abdul Karim Khan died on tour in a railway station by simply turning to the man next to him and saying “I’m going now,” then pulling down his turban and dying on the spot. For Young, it was an example of utter mastery and control. Abdul Karim Khan’s voice, like his recorded output, is notable for just this sense of mastery, but both are filled with a lightness and sweetness which one does not often associate with the most serious musicians. He chose repeatedly to sing light pieces, bordering on the folksy, making his name as a singer of the relatively modern and fanciful khayal rather than the older and more devotional dhrupad , and he rarely gave in to the kind of heroic and almost macho qualities one hears in Abdul Wahid Khan’s very few recordings or the most ferocious recordings of Abdul Karim’s most renowned spiritual heir, the brilliant Bhimsen Joshi (YouTube clip here .). He was a noted and early classical exponent of romantic thumris . For me, there is something touchingly feminine about his voice. If you’ll forgive a level of psychological speculation, it feels as if within himself he was reconnecting with his lost daughter and wife (or evoking that kind of unifying bond to his listeners) even in the relatively austere classical performance presented here, made for the Ruby Record Company in March of 1934, just three years before his death, with Shankarrao Kapileshwari (harmonium), Shasuddin Khan (tabla) and Balkrishna Kapileshwari and Dashrath Buwa Mule (tambouras). My copy of this record is a post-war (and probably post-Indian independence) repressing. (HMV acquired Ruby in 1946, so despite going with an indie label, the Brits wound up owning his voice anyway. Such is the music biz.) His music, or some part of it, has been reissued every decade or two since his death, but remains woefully under-heard and certainly under-appreciated in the West. A bio-discography, which I have not yet been able to lay hands on, was authored by Michael Kinnear and published a few years ago in Australia. I’m grateful that a summary of it was posted here . “Ustad Abdul Karim Khan’s recording of the composition ‘Jamuna ke tir’ in Raga Bhairavi stands as one of the great masterpieces of music. When I first heard the recordings of Abdul Karim Khan I thought that perhaps it would be best if I gave up singing, got a cabin up in the mountains, stocked it with a record player and recordings of Abdul Karim Khan, and just listened for the rest of my life.” - La Monte Young http://www.newmusicbox.org/page.nmbx?id=61hf15 Technical Notes Label: Columbia Issue Number: BEX 259 Matrix Number: RS 601; styles Old-Time / Historic, International, Indian; tags ustad abdul karim khan - bhairavi thumri adha tal"
011_011097.mp3,"genre Rock; styles Post-Punk, Rock, Punk; tags vivid sekt"
011_011098.mp3,"genre Rock; styles Post-Punk, Rock, Punk; tags vivid sekt"
011_011099.mp3,"genre Rock; styles Post-Punk, Rock, Punk; tags vivid sekt"
011_011100.mp3,"genre Rock; styles Punk, Rock, Hardcore; tags salted city"
011_011106.mp3,"genre Rock; styles Punk, Rock, Hardcore; tags dead section"
011_011107.mp3,"genre Rock; styles Punk, Rock, Hardcore; tags nerveskade"
011_011108.mp3,"By far, the most popular posts on Excavated Shellac feature African music. In honor of that, I’ve decided to post something from East Africa this week, as a give-the-people-what-they-want goodwill thank you gesture. However, if you’ve come here only looking for African music, please take a look around and try another piece out. You never know what might grab you - perhaps a Bulgarian harmonium track, or a Turkish taxim. One of the main thrusts of this blog is variety of palette, after all. This week’s sonic diversion comes from Uganda, performed by members of the Nyoro/Haya culture. A group of singers accompanied by drum ( ngoma ) and the Nyoro/Haya rattle ( nyimba ). It stems from around the mid-1950s on the beautiful Jambo label. Jambo’s story is very interesting. It was the first independent East African record label, established in Nairobi, Kenya by two British gentlemen, in 1947, under the umbrella of East African Sound Studios, Ltd. They sent tapes to England and had their records pressed by Decca, which were then shipped by air freight back to Nairobi (a three-day flight distance at that time). By 1950, the company had fallen on hard times and there was a management shake-up, after releasing slightly over 200 records. The studio was closed down. East African Sound Studios, Ltd. was taken over by the African Ground Cotton Company. Otto Larsen, a Dane, was asked to help set up and manage a record pressing plant in a new building in Nairobi, and Jambo resumed in the early 50s, continuing to repress the best selling of their 200 or so records. Thus, the birth of the new East African Records, Ltd. Amazingly, Larsen and crew continued to repress those same 200 records until 1955, when Larsen took it upon himself to start a recording studio in a Nissen hut on the property, which was formerly used to make cardboard pots for planting (a side venture of East African Records, Ltd., as was the sale of jukeboxes). Larsen began to travel in the region (Dar Es Salaam, Kampala), making further recordings for Jambo, and recorded much local talent in Kenya, many of whom traveled to audition in Nairobi. Taarab music was recorded, African acoustic guitar, accordion-based pop, Hawaiian waltzes from the Seychelles, and rural Ugandan music, such as we have here - pressed and packaged by Kenyan hands. By 1955, other independent labels were active in the region: Capitol Music Stores, Mzuri, AGS, Rubina and Rafiki, and Munange, to name a few. The majors were active as well: HMV, Columbia, and Gallotone and their subsidiary, Trek. Jambo continued pressing 78s (and 45s) until 1961, when it became Equator Sound Studio. They had released a total of about 1,000 records. Much of the information on Jambo came from Flemming Harrev’s informative article “Jambo Records and the Promotion of Popular Music in East Africa: The Story of Otto Larsen and East African Records Ltd. 1952-1963.” In Perspectives on African Music , Bayreuth African Studies Series 9, edited by Wolfgang Bender, 103-137. Bayreuth, Germany: Eckhard Breitinger, 1989. Technical Notes Label: Jambo Issue Number: EA. 507 Matrix Number: J.R. 1042; styles Old-Time / Historic, International, African; tags salima mguzi and party"
011_011109.mp3,"When you think “yodeling” you think “lederhosen,” right? Corny? Irritating? Music for tourists? I have to admit that to some degree, I do too, partly because Alpine yodeling has been ubiquitous and commercialized in the media for the past fifty years (or more), even without The Sound of Music hammering away at our collective memory. In the elitist world of record collecting, it is completely uncool. It is relentlessly harmonic and romantic. Will I defend it? Sure, why not. Yodeling itself is positively stone age. There are a number of theories regarding its origin, one being that it has something to do with the echo between hills, peaks, and valleys in the Alps, another being that it originated in various cultures with the domestication and subsequent herding of animals. A call and response of rural agrarian peoples. Although echo is an important factor, the latter theory has the most hold in scholarly writing it would seem, though there are still all manner of theories regarding this throat music most commonly associated with Alpine Europe. Nevertheless, the determining factor of yodeling is of course the “epiglottal stop” used as the singer moves from the “low chest voice to the high head voice or falsetto - or vice versa,” as Bart Plantenga described it in his world history of yodeling - the, um, only book-length history of yodeling on the market. Plantenga does yeoman’s work in dispelling the myths about the music (though the fact his book is titled Yodel-Ay-Ee-Oooo doesn’t exactly help the music’s cornball stature), and rightly brings up the fact that nods to, or embraces of, yodeling, are everywhere in musical history - from Beethoven, to Jimmie Rodgers, to Pharaoh Sanders’ work with Leon Thomas on Impulse and Strata-East. One area which is particularly proud of its yodeling history is Tyrol in Austria, which is where this piece stems from, recorded ca. 1930s, and pressed in Vienna. It is a naturjodel , a yodel without words, meaningless in content, devoid of the romantic lyrics that are often associated with Alpine yodels, with a simple guitar and zither accompaniment. While I could find no information on the Baldauf brothers, it’s a musical statement that anyone can digest and respond to. It may even sound…pretty. Technical Notes Label: HMV Issue Number: BA 261 Matrix Number: 70-2108; styles Old-Time / Historic, International, Europe; tags yodel, brder baldauf, yodeling"
011_011110.mp3,"styles Lo-Fi, Jazz, Rock; tags the watery graves of portland"
011_011233.mp3,"genre Experimental; styles Electroacoustic, Experimental; tags reef cohen, universes, yosef-joseph dadoune, yosef-joseph dadoune amp guest star reef cohen"
011_011236.mp3,"unedited and unreleased version; genre Experimental; styles Noise, Avant-Garde, Experimental; tags justice yeldham"
011_011245.mp3,"genre Rock; styles Sludge, Loud-Rock, Rock, Noise-Rock; tags prizehog"
011_011247.mp3,"genre Rock; styles Sludge, Loud-Rock, Rock, Noise-Rock; tags prizehog"
011_011248.mp3,"styles Radio, Radio Art, Spoken, Experimental; tags object collection"
011_011340.mp3,genre Experimental; styles Experimental; tags gen ken montgomery
011_011341.mp3,genre Experimental; styles Experimental; tags gen ken montgomery
011_011344.mp3,"genre Classical; styles Classical; tags choral, choir, classical voice, anonymous choir"
011_011345.mp3,"genre Classical; styles Classical; tags choral, choir, classical voice, anonymous choir"
011_011346.mp3,"genre Classical; styles Classical; tags choral, choir, classical voice, anonymous choir"
011_011393.mp3,genre Experimental; styles Experimental; tags gen ken montgomery
011_011395.mp3,"genre Classical; styles Classical; tags beethoven, daniel veesey"
011_011409.mp3,"genre Rock; styles Indie-Rock, Rock; tags kate ferencz"
011_011411.mp3,"genre Rock; styles Indie-Rock, Rock; tags kate ferencz"
011_011413.mp3,"genre Rock; styles Indie-Rock, Rock; tags kate ferencz"
011_011443.mp3,"styles Pop, Rock, Experimental Pop; tags wm recordings, sound scapes, psychedelic, british, 23 seconds, folktronica, quirky, pop, sound collage, folk, keshco"
011_011444.mp3,"styles Pop, Rock, Experimental Pop; tags wm recordings, sound scapes, psychedelic, british, 23 seconds, folktronica, quirky, pop, sound collage, folk, keshco"
011_011445.mp3,"styles Pop, Rock, Experimental Pop; tags wm recordings, sound scapes, psychedelic, british, 23 seconds, folktronica, quirky, pop, sound collage, folk, keshco"
011_011448.mp3,"genre Rock; styles Indie-Rock, Rock, Garage; tags obits, american, sohrab habibion, alexis fleisig, rick froberg, rock, greg simpson"
011_011449.mp3,"genre Rock; styles Indie-Rock, Rock, Garage; tags obits, american, sohrab habibion, alexis fleisig, rick froberg, rock, greg simpson"
011_011540.mp3,"genre Folk; styles Psych-Folk, Folk; tags garm"
011_011542.mp3,"styles Psych-Rock, Experimental, Improv, Rock, Space-Rock, Post-Rock, Lo-Fi, Unclassifiable; tags american cassette noise network, noise, avant-retard, the lost demension, experimental, avant-garde, lowell ma, drone"
011_011543.mp3,"styles No Wave, Pop, Rock, Experimental Pop, IDM, Electronic, Punk, Lo-Fi; tags american cassette noise network, noise, avant-retard, the lost demension, experimental, avant-garde, lowell ma, drone"
011_011545.mp3,"styles Psych-Folk, Experimental, Rock, Folk, Post-Rock, Lo-Fi, Unclassifiable; tags american cassette noise network, noise, avant-retard, the lost demension, experimental, avant-garde, lowell ma, drone"
011_011546.mp3,"styles Noise, Avant-Garde, Experimental, Rock, Improv, Lo-Fi, Unclassifiable; tags american cassette noise network, noise, avant-retard, the lost demension, experimental, avant-garde, lowell ma, drone"
011_011547.mp3,"styles Avant-Garde, Progressive, Experimental, Rock, Improv; tags american cassette noise network, noise, avant-retard, the lost demension, experimental, avant-garde, lowell ma, drone"
011_011548.mp3,"styles Progressive, Improv, Rock, Experimental; tags american cassette noise network, noise, avant-retard, the lost demension, experimental, avant-garde, lowell ma, drone"
011_011549.mp3,"I’m really happy to announce that we have two phenomenal guest posts over the next two weeks - get ready! Today’s post is from musician David Murray , who not only has a fascinating collection of Chinese opera 78s which he offers to the public over at Haji Maji , but he’s also an expert in Greek rebetika. His post today is very special - an extremely rare record, with his copy in the best known condition. Enjoy! - JW David Murray: I threw on a CD of old rebetika 78s while cooking dinner one night. I’d listened to the CD a couple of times over the years, but never really paid much attention. Somewhere around the fourth song, I suddenly stopped in my tracks. I couldn’t believe how amazing this bouzouki player sounded. Why hadn’t I noticed it before? I listened a few more times. And the next day and the next day, until I eventually resolved to figure out what this was all about (the CD was printed only in Greek). The bouzouki player turned out to be Spyros Peristeris. Peristeris was born in Smyrna in 1900 and was musically trained in Istanbul, playing mandolin, guitar, piano, bouzouki, and other stringed instruments. By the early 1920s, he was living in Greece and working as a musical director for the Odeon/Parlophon labels, supervising recording sessions and often playing various supporting instruments for singers like Andonis Dalgas, Rita Abadzi, Roza Eskenazi, and others. Bouzoukis and rebetika were becoming increasingly popular, and in 1932-1933, Peristeris played on and directed the first recordings of this new genre with the great Markos Vamvakaris . Markos was a self-taught bouzouki player (”My only school was the hashish den.”) who had been playing for only a few years. His playing and singing were rough, and he had a strong rhythmic style that captured the essence of the rebetis character: smoking hashish, fighting, etc. Markos went on to record hundreds of songs and was very popular throughout the 30s and 40s. Peristeris stayed in the background, scouting talent, directing recording sessions, writing and arranging. He, too, played on hundreds of records, sometimes playing under the pseudonym “Georgiades,” sometimes anonymously (including playing the bouzouki on some of Vamvakaris’ own records!). His material covered many styles of rebetika, folk, cabaret, popular, and more, but most of his sought-after recordings come from a run of 50 or so rebetika songs he recorded from about 1934-1940. On these, Peristeris played bouzouki or guitar (in a bouzouki style) with a trio or quartet. His technical grace really stands out with these small, well-recorded groups. The playing is syncopated, fast, highly ornamented and full of twists and turns. A very different sound than Vamvakaris’ strident, pulsing rhythm. The singing on these records were by some of the best Greek vocalists ever recorded: Kostas Roukounas, Zacharias Kazimatis, or Jiorgos Kavouras. All three singers sang in an old school style that was replaced by a simpler rebetika sound. The majority of these records also feature guitarist Kostas Skarvelis and many are his own compositions. Not only was he one of the great songwriters of the rebetika era, he also, along with Kostas Karipis and a few others, played on the vast majority of rebetika recordings. Occasionally a baglama was included and some feature a great, but uncredited, accordion player. Regardless of the exact makeup of the group, these recordings stand out as one of the major strands of influence in rebetika, and popular Greek music in general. Here’s one of my favorites from these sessions. A Skarvelis zeibekiko sung by Kavouras and played in the key of G minor. Translation: Pono, De Me Lypasai (I’m in Pain, Don’t You Feel Pity For Me?) (1937, Kostas Skarvelis gtr., Jiorgos Kavouras vcl., Spyros Peristeris bzk.) My eyes cry for you day after day, My heart aches and breaks into pieces I’m sighing but you don’t pay attention, you’re heartless, you don’t feel pity, You’re having fun with somebody else and you forget what you had promised You don’t even come to see me, You don’t care where I am You only gave me cause to suffer You faded me away, you hurt me, May you not escape from suffering, too - May you experience the same pain in your heart and be ruined. (Thanks to Nikos Politis and Kostas Ladopoulos for the translation.) Technical Notes Label: Parlophone Issue Number: B.21921 Matrix Number: Go 2761; styles Old-Time / Historic, International; tags greek, skarvelis kavouras peristeris, rebetika"
011_011550.mp3,"This week, I am very happy to present another guest post, this time from psychiatrist, psychotherapist, and musician Tony Klein of Uppsala, Sweden. Tony has also produced a fantastic collection of vintage, hard-edged Greek music titled Mortika , available in the US through CD Roots . He’s been a supporter of Excavated Shellac since its inception, and I always appreciate his opinions and musician’s input. When he sent me this piece, words failed me. It was a joy to work on, and it is an absolutely breathtaking piece of music. - JW Tony Klein: Here is one side of a rare disc featuring Signe Flatin Neset (11th December 1912 - 20th July 1975), who in her time was considered to be one of Norway’s best Hardanger fiddlers. Born in Sejord in the part of Western Norway known as Telemark, she was the daughter of fiddler Kjetil Flatin , and married to fiddler Leiv Neset. She was already travelling round the country playing concerts with her father by the age of 14, and first played on the radio in 1934. At the mature age of 47 she was the first woman to take first prize in the national folk music contest ‘landskappsleiken’, and that record remained unbroken for thirty years after her death. She apparently recorded over a hundred tunes, both for Arne Bjørndal’s collection in Bergen, and for Norwegian national radio, NRK, but strangely, there appears to be only one single tune played by her currently available on CD, “Floketjonn” on the CD Folkemusikk Fr å Telemark . The Hardanger fiddle , known in Norwegian as the ‘hardingfele’, is a folk violin mainly associated with Western Norway. There is some controversy over its age, and the earliest known example is dated by some as 1651 (there is an excellent picture of this fiddle in both the later editions of Grove’s Dictionary of Music and Musicians). It has four playing strings like the normal violin, has a flat fingerboard and a rather flattened bridge to facilitate drone playing, and is usually heavily decorated. The main feature which distinguishes it from the conventional violin is the group of four or five sympathetic strings running under the fingerboard and bridge, which is a feature it has in common with the baroque viola d’amore. Further, compared to the normal violin it is usually narrower, with deeper ribs and a more arched belly and back. The form of the instrument was gradually modified to resemble the violin, much due to the work of Eric Johsen Helland (1816-1868). Nowadays it is mostly played at the chin with a chinrest; originally it was mainly held at the chest. There are apparently over 20 known tunings. The most usual is a-d’-a’-e” (melody strings) and d’-e’-f #’ -a’ (sympathetic strings). Folksongs, ’slåtter’ (a generic term for folk dance tunes) and bridal marches are its staple repertory. Particularly in Signe Flatin’s area of origin there is a special kind of tune based on the repetition of two-bar phrases. Our tune seems to be of this kind. Its title, Skuldalsbruri, means ‘The Bride from Skuldal’. This is the title of a ballad which may date from the 18th century and has a familiar, gruesome story: betrothed against her will to a young man of dubious repute, the bride stands up in the boat and declaims a verse in which she lists her fiancé’s misdoings, whereupon she throws herself overboard and is gone forever. The famed fiddler Myllarguten is said to have created the tune based on the verses. This disc was one of five 78s of Hardanger fiddle which I stumbled over at the weekly open-air flea market on Vaksala Torg in Uppsala, Sweden, about 15 years ago. Had I been looking for them I supposed they’d never have shown up! I’m happy to be finally able to share some of this fascinating music on Jonathan’s excellent website. Thanks to Google Books and to two angels, Jessica and Sofia at the Västerbotten Museum in Northern Sweden, who gave me access in no time at all to the relevant page in the International Catalogue of Recorded Folk Music, published in 1954, Jon and I were able to date this recording to 1947, when Signe Flatin was 35 years old. I also wish to acknowledge Grove’s Dictionary of Music and Musicians and the eponymous Norwegian Wikipedia articles on Signe Flatin and Skuldalsbruri for most of the above information. Technical Notes Label: Columbia Issue Number: GN 981 Matrix Number: CN 1606; styles Old-Time / Historic, International; tags hardingfele, hardanger fiddle, hardanger, signe flatin"
011_011551.mp3,"Who couldn’t admire a man like Moe Asch (1905-1986), the farsighted individual who began Folkways Records in 1948? Here was someone who not only understood the value of both current and historical recordings of international folk music at a time when few others did, but against all odds released completely original takes on field recordings ( Tony Schwartz , Sounds of the Junk Yard ), blues ( Elizabeth Cotten , Reverend Gary Davis ), spoken word ( Huey P. Newton , Al Capp ), and contemporary electronic music ( Tod Dockstader , Halim El-Dabh ), just to name a few genres where Folkways tread under Asch’s hand. If you think the amazing Secret Museum of Mankind series started it all, Asch and Henry Cowell were onboard in the 1950s with their multivolume Music of the World’s Peoples , as well as with two collections of early international recordings collected by Erich von Hornbostel , and a familiar little something called The Anthology of American Folk Music . As many doubtlessly know by now, Folkways is now Smithsonian Folkways, and virtually every one of their releases is available through download, on a store-bought CD, or on a custom CD. However, before Asch started Folkways, he manned other labels. First, there was “Asch” and later, “The Disc Company” (whose slogan was “The Folkways of the World on Records”). Disc Company, before going bankrupt ca. 1947 (a whole separate story), released, among other things, a series of five far-reaching box sets of international music on 78rpm, recorded “on location.” Three of them ( Cult Music of Cuba , Folk Music of Ethiopia , and Folk Music of Haiti ) were recorded by ethnomusicologist and general editor of Disc’s “ethnic series,” Harold Courlander . The fourth box set, American Indian Songs and Dances , was recorded by a gentleman named Charles Hoffman. A little mystery surrounds the fifth and final set in the series, the fascinating Folk Music of the Central East USSR - which included today’s musical offering . Courlander was most likely not involved and it was Moe Asch instead who chose the recordings. Where the recordings came from, however, seems to be an unknown. The best guess that has been posited is that they came from Herbert Harris, the man behind another small New York label, Stinson. Harris, a CP member who owned a Soviet-themed movie-house on 46th Street, became the owner of a swath of Soviet 78rpm recordings given to him when the Soviets pulled their exhibit from the 1939 World’s Fair, after the Hitler-Stalin pact. Asch, in the early 40s, had a business relationship with Harris and both Asch Records and Stinson released recordings from Harris’ Soviet collection. Could this group of Central Asian recordings also have stemmed from Harris? Who knows? One interesting tidbit is that, after the bankruptcy of The Disc Company, several of those Disc box sets were eventually reissued by Asch on Folkways, on 10″ and 12″ LPs. Courlander’s Cult Music of Cuba , Folk Music of Ethiopia , and Folk Music of Haiti are three examples. What became of Folk Music of the Central East USSR ? A few tracks made it to the 1951 Folkways release Music of the Russian Middle East , but the rest vanished, and can only be heard on the original Disc 78rpm records. Today’s piece is one of the vanished, featuring a fierce, plaintive vocal by Yusofov (a more accurate spelling of his name). Thanks to intrepid Excavated Shellac reader ‘volkan’ who provided very helpful information, we know that this piece of music is NOT, as it states on the label, from Georgia at all! It is in fact Azeri music, sung in the Azeri language, and performed in the Ashik style (a type of folk poetry), with accompaniment on the tar. And, unless I’m going deaf, there is no accompaniment of the balaban on this track - thanks also to volkan, we can confirm that the balaban is not a cello as stated, it’s a double-reed wind instrument. So, the question is, was this a pressing error? Was the “Song of Stalin” actually not included on the original box set? I double-checked all of Folkways’ historic Central Asian material currently available and this song does not appear on any release. Even Henry Cowell, who wrote the notes to the original box set, could say little about the music as he knew it: Very often well-known old melodies have new words added, as in the case of the Georgian “Song of Stalin” in this album, which is a traditional type of tune. A “traditional type of tune” eh? Not much to go on, Henry. Perhaps others in the fray can help? In the meantime, Woody Guthrie put it best in a letter to Moe Asch: I can’t understand one single word of this Central Eastern lingo, but by hearing these songs I know more about our humanly race than I could learn by reading a thousand Congressional Reports. (Much info gleaned from Peter Goldsmith’s Making People’s Music: Moe Asch and Folkways Records . Washington, DC: Smithsonian Institution Press, 1998.) Technical Notes Label: Disc Issue Number: 1507 Matrix Number: 319-6596; styles Old-Time / Historic, International; tags ashik, islam yusufov"
011_011552.mp3,"In the late 1920s, musicians from across Iraq were being recorded by a variety of companies: Baidaphon of Beirut, Polyphon of Germany, and HMV of England being the Big Three. As usual in those nascent markets, all were competing against each other for shelf space in the shops that sold gramophone records. I chose an early piece from Iraq this week because of the appearance of a terrific Honest Jons release culled from original copies at the EMI Hayes Archive titled Give Me Love: Songs of the Brokenhearted - Baghdad, 1925-1929 . Two lovely songs by Badria Anwar are included on Give Me Love , but today’s post is another of her long lost recordings, from ca. 1928-1929 or so. “Rah Wilfy” translates roughly to “My Lover Is Gone.” She is accompanied by oud, kanun, violin, and percussion. (Thanks to the Pictures Clerk for translation!) While I generally refrain from deep ruminations on this website, I thought I’d just write about Give Me Love as well as some thoughts on current reissues of historic recordings. Nobody asked me, of course, but these issues actually mean a lot to me. (In hindsight, I see I may have gotten long-winded, but what the hell…) First, I think Give Me Love is an important collection. There has not been, until now, any serious survey of Iraqi historical recordings released - certainly not one with such a wide variety of styles. Musically, it is superb in my opinion - the taksims are amazing, the songs beautiful, from Kurdish melodies to Iraqi Jewish songs. I’ve little to say in that arena, as I was simply very impressed with the selection. Because of Honest Jons’ access to the Hayes Archive they were able to use untouched file copies of these exceptionally rare recordings, or perhaps even the metal masters, for their transfers. (For those who are wondering, 78rpm masters have shockingly less surface noise than the final product, the mass-produced gramophone record copy of the master, which often contained loads of garbage, or filler, along with the shellac - Paramount Records used sand and cement in their mix, for instance, making virtually all of their records sound like crap.) That does not happen often. Very few companies exist which still have accessible masters or clean file copies of their original 78s, much less are willing to work with a small label for a release. EMI and Hayes are the major exception. And, the transfers are alive: I’ve listened to Give Me Love a few times now and although I (and my ears) waver a bit on this thought - and I may change my mind still again - I have come to believe that we are finally getting to a point where, taking into account a number of factors, the majority of surface noise can be removed from a 78rpm recording to the actual BENEFIT of the recording itself. There are far too many CDs of historic international folk music (not to mention historic anything ) which have been hampered by overzealous noise reduction in their transfers. Of course, on the flip side, some of these recordings are so rare (I’ve seen around 4 Iraqi records in the past 5 years, say), you have to take what you can get sometimes. In other words, I’d probably buy this if it was dubbed from an old Certron cassette tape. (And as if it even needs to be said, I clearly am in no way a professional engineer - I just do the best I can with what I present on Excavated Shellac. Better the stuff is out there than not, is my opinion. Just wanted to get that out of the way.) On Give Me Love , it sounds like the musicians are next to you. Well, next to you in mono. As I mentioned, achieving this sonic quality depends on a host of important factors: condition of the original record, turntable, tonearm, a wide variety of specialized diamond cut needles of various sizes, analog noise reduction equipment, digital noise reduction equipment, equalization equipment and methods, and the most important factor, a finely tuned ear. It is expensive, time consuming, and surely a monetary loss in the short term. But, I think Honest Jons got it right. And that’s good for both music fans, and scholars of this music. Another thing Honest Jons got right is the design. Because I still prefer the tactile sensation of an LP (a DJ at heart), I purchased their double-LP issue of Give Me Love . Graphically it is beautifully done - and the design is current . While this may seem secondary to many, I believe the presentation of historical music is absolutely vital to its survival. These releases cannot and should not appeal only to the converted, the record collectors, the ethnomusicologists. They have to break through to new audiences, new listeners, people willing to take a chance. Releases like this, if they are to continue, absolutely must at the very least attempt to appeal to younger generations by methods of marketing, distribution, sale, and especially presentation. If not, the consequence is that the releases, the listeners, and by proxy the music, will become even more elitist, more rarified, more segregated - precisely what shouldn’t happen. This doesn’t mean dumbing down these releases, it just means an overhaul. The design of Give Me Love is, well, pretty damn attractive. It makes one feel that this is an important record, filled with mysterious lost music that is different than what one has experienced. With all that said, I’m not above some critique. While comparatively minor, I had a few related problems with Give Me Love - in particular, problems with the notes which accompany the LP. Despite its savvy design, Give Me Love presents itself, rightly I think, as a historical document, and includes a short essay on the backstory behind these recording sessions, with information on some of the artists and quotes from correspondence between HMV employees in Iraq and the home office. Why is it then that there is no detailed recording information (dates, specifically) for any of the tracks? This information could be extremely helpful to those wishing to study further, it would be very brief in terms of space to annotate, and would almost certainly be accessible in the Hayes Archive, as HMV kept scrupulously detailed recording ledgers. Since Honest Jons had full access and permission from EMI, why not list the original record catalog numbers, too? I realize that including this information may go against the whole “reaching out to new audiences” idea I just mentioned (in other words, it might be useless to most consumers), but I think not including it and still attempting to be a historical document is disingenuous. This is new territory they’re working with, and why not go for broke - those adventurous enough to purchase the record may appreciate that detail somehow. Plus, it firmly places these works in a specific place, at a specific time. The rest of my complaints are niggling and petty and I fear I’ve gone on too far as it is. If you’ve read this far, I appreciate your interest…the most important part of this post is of course way up above: the music. Technical Notes Label: HMV Coupling Number: AX 568 Face Number: 7-213737 Matrix Number: BX4397; styles Old-Time / Historic, International, Middle East; tags set badria anwar"
011_011553.mp3,"You wouldn’t get very far exploring traditional Chilean music without running into the cueca . An important symbol of national identity, the cueca’s origins are cloudy (African and Spanish influences are often cited), but the dance seems to have first appeared in the early 19th century, right around Chile’s independence. After having flourished for 200 years or so, in 1979, in the midst of Pinochet’s power over the country, it officially became the national dance. (It is also, interestingly, Bolivia’s national dance.) Despite his attempts however, Pinochet did not succeed in keeping cueca solely as a patriotic symbol. It remains something far more than that, and continues to thrive in Chilean immigrant communities across the world, as well as at home. Usually in 6/8 time, in a major key and featuring guitars, the cueca (short for zamacueca ) is a courtship dance for couples, where the man symbolically plays the rooster and the woman, the hen - both of whom dance with white handkerchiefs. Cuecas were frequently recorded in the 78rpm era though they don’t grow on trees - Odeon and South America’s arm of the RCA Victor label probably recorded in the region the most. Raul Gardy’s cueca is joyful, and he is accompanied by guitars, piano, accordion, and spoons. For more Gardy, you could check out the CD releases Nostalgias de Chile , or Chile Tipico Vol. 3 and Vol. 4 . I can’t vouch for the sound quality, but they’re out there. There is also Jan Sverre Knudson’s article “ Dancing Cueca “With Your Coat On.” I also recommend this interesting 15-minute documentary on a gentleman trying to recapture cueca’s working-class and traditional roots. Lots of history and dancing therein. Technical Notes Label: RCA Victor (Chile) Issue Number: 90-0623 Matrix Number: n/a; styles Old-Time / Historic, International; tags cueca, ral gardy"
011_011556.mp3,"These two tracks of authentic music by Seneca American Indians were recorded 95 years ago, on July 23rd, 1913. Columbia must have kept it in the catalog for some time, as my copy is a pressing from the mid-1920s for their “Children’s Series,” which must have been a 1920s marketing tool for Columbia to regenerate interest in some of their older titles under a new umbrella. “Funeral Chant” is sung unaccompanied, while the “Children’s Chorus” is accompanied by tom-tom. The Seneca recorded another track that day, though it was never released. All we know is the title, scribbled down by an engineer in a Columbia ledger: “Farewell to Minne-ha-ha.” Documentation indicates that this track was recorded in New York. Was it recorded in New York City proper? It looks like it. I scoured New York City papers from that time period and there was no definitive mention of Seneca Indians in town for an event in the summer of ‘13. However, in May of 1913, there was an announcement in the New York Times of a production of “Hiawatha” performed from June 9 to July 5th of that year by the “Indian Players from the Government reservation on Lake Erie” on a theatre on an estate in the Bronx, with the whole event being sponsored by the Women’s Municipal League. The “government reservation” referred to in the article is almost certainly Cattaraugus, a Seneca reservation on the lake established in 1784 - and most probably these are the same Seneca Indians who made this recording. I will be away for the next three weekends, detoxing from the city and hopefully spending most of my time in a contemplative state. However, Excavated Shellac will continue on schedule! So, keep checking back. We aim to please. Technical Notes Label: Columbia Issue Number: A-3057 Matrix Number: 38957 (1-D-2), 38958 (1C-2); styles Old-Time / Historic, International; tags american indian, seneca, native american, seneca indians"
011_011557.mp3,"These two tracks of authentic music by Seneca American Indians were recorded 95 years ago, on July 23rd, 1913. Columbia must have kept it in the catalog for some time, as my copy is a pressing from the mid-1920s for their “Children’s Series,” which must have been a 1920s marketing tool for Columbia to regenerate interest in some of their older titles under a new umbrella. “Funeral Chant” is sung unaccompanied, while the “Children’s Chorus” is accompanied by tom-tom. The Seneca recorded another track that day, though it was never released. All we know is the title, scribbled down by an engineer in a Columbia ledger: “Farewell to Minne-ha-ha.” Documentation indicates that this track was recorded in New York. Was it recorded in New York City proper? It looks like it. I scoured New York City papers from that time period and there was no definitive mention of Seneca Indians in town for an event in the summer of ‘13. However, in May of 1913, there was an announcement in the New York Times of a production of “Hiawatha” performed from June 9 to July 5th of that year by the “Indian Players from the Government reservation on Lake Erie” on a theatre on an estate in the Bronx, with the whole event being sponsored by the Women’s Municipal League. The “government reservation” referred to in the article is almost certainly Cattaraugus, a Seneca reservation on the lake established in 1784 - and most probably these are the same Seneca Indians who made this recording. I will be away for the next three weekends, detoxing from the city and hopefully spending most of my time in a contemplative state. However, Excavated Shellac will continue on schedule! So, keep checking back. We aim to please. Technical Notes Label: Columbia Issue Number: A-3057 Matrix Number: 38957 (1-D-2), 38958 (1C-2); styles Old-Time / Historic, International; tags american indian, seneca, native american, seneca indians"
011_011558.mp3,"styles Pop, Post-Rock, Rock, Experimental Pop; tags wm recordings, the rabbits, netlabels"
011_011574.mp3,"styles Avant-Garde, Experimental, Electronic; tags brunk"
011_011575.mp3,"styles Avant-Garde, Experimental, Electronic; tags brunk"
011_011576.mp3,"styles Avant-Garde, Experimental, Electronic; tags brunk"
011_011577.mp3,"styles Improv, Jazz, Experimental; tags the aperion project"
011_011578.mp3,"styles Improv, Jazz, Experimental; tags the aperion project"
011_011618.mp3,"tags baltimore, cex"
011_011619.mp3,"tags baltimore, cex"
011_011621.mp3,"tags baltimore, thank you"
011_011622.mp3,"tags baltimore, thank you"
011_011623.mp3,"styles Post-Rock, Ambient, Rock, Instrumental; tags baltimore, ecstatic sunshine, guitar"
011_011624.mp3,"tags baltimore, santa dads"
011_011625.mp3,"tags baltimore, santa dads"
011_011630.mp3,"genre Instrumental; styles Compilation, Soundtrack, Instrumental; tags my mind"
011_011637.mp3,"genre Instrumental; styles Compilation, Soundtrack, Instrumental; tags talk me off"
011_011642.mp3,"null; genre Instrumental; styles Compilation, Soundtrack, Instrumental; tags the blacks and the blues"
011_011652.mp3,"genre Rock; styles Rock, Loud-Rock, Noise-Rock, Sludge, Metal; tags tournament"
011_011653.mp3,"genre Rock; styles Rock, Loud-Rock, Noise-Rock, Sludge, Metal; tags tournament"
011_011655.mp3,"Piano, harmony, arrangement & recording: Marco Raaphorst Vocals & melody: Kristin Hersh (CC BY-NC) Photo: Marco Raaphorst (CC BY); tags into infinity, melodiefabriek, found sound, metro, field recording, marco raaphorst, voice-over, marco raaphorst kristin hersh"
011_011656.mp3,"genre Experimental; styles Experimental, Noise, Audio Collage; tags nat roe"
011_011657.mp3,"Composition & recording: Marco Raaphorst CC BY-SA photo: mickou; tags into infinity, melodiefabriek, found sound, metro, field recording, marco raaphorst, voice-over, composer, sound designer"
011_011666.mp3,"genre Rock; styles Punk, Rock; tags the vicious"
011_011667.mp3,tags gorilla angreb
011_011668.mp3,tags gorilla angreb
011_011669.mp3,"genre Rock; styles Punk, Rock, Hardcore; tags never healed"
011_011676.mp3,"genre International; styles International, Latin America; tags cordero"
011_011687.mp3,genre Folk; styles Folk; tags matt keating
011_011688.mp3,genre Folk; styles Folk; tags matt keating
011_011689.mp3,"genre Electronic; styles Chip Music, Electronic; tags little-scale"
011_011690.mp3,"genre Jazz; styles Jazz: Out, Jazz; tags evolutionary jass band"
011_011691.mp3,"genre Spoken; styles Radio, Spoken Weird, Spoken, Interview; tags lumberob"
011_011701.mp3,"styles Experimental, Pop, Experimental Pop, Novelty; tags athens ga, bird names, athens, vermont, chicago, fun, brattleboro"
011_011702.mp3,"styles Experimental, Pop, Experimental Pop, Novelty; tags athens ga, bird names, athens, vermont, chicago, fun, brattleboro"
011_011703.mp3,"genre Spoken; styles Radio, Spoken Weird, Spoken; tags lumberob"
011_011717.mp3,"genre Rock; styles Rock, Metal; tags knyfe hyts"
011_011718.mp3,tags michael sandler
011_011730.mp3,"genre Rock; styles Punk, Rock, No Wave; tags silk flowers"
011_011731.mp3,tags jennifer castellano
011_011736.mp3,"genre Classical; styles Classical; tags classical, romanticism, piano, beethoven, romantic era, michael hawley"
011_011739.mp3,"genre Rock; styles Rock, Garage; tags yikes"
011_011740.mp3,"genre Rock; styles Rock, Garage; tags yikes"
011_011754.mp3,genre Classical; styles Classical; tags nathan eckel
011_011755.mp3,genre Classical; styles Classical; tags david h porter
011_011756.mp3,"genre Classical; styles Classical; tags classical, franz peter schubert, piano, david h porter"
011_011762.mp3,"genre Experimental; styles Experimental; tags san francisco, negativland, sampling"
011_011798.mp3,genre Hip-Hop; styles Hip-Hop; tags its notherground music
012_012019.mp3,"styles Composed Music, Classical, Experimental; tags experimental, no regrets for our youth"
012_012020.mp3,"styles Composed Music, Classical, Experimental; tags experimental, no regrets for our youth"
012_012021.mp3,"styles Composed Music, Classical, Experimental; tags experimental, no regrets for our youth"
012_012022.mp3,genre Jazz; styles Jazz; tags the quadraphonnes
012_012023.mp3,"styles Techno, Spoken, Electronic, Comedy; tags fadt fanfare"
012_012029.mp3,"styles Techno, Spoken, Electronic, Comedy; tags fadt fanfare"
012_012030.mp3,"styles Techno, Spoken, Electronic, Comedy; tags fadt fanfare"
012_012031.mp3,"styles Techno, Spoken, Electronic, Comedy; tags fadt fanfare"
012_012032.mp3,"styles Techno, Spoken, Electronic, Comedy; tags fadt fanfare"
012_012033.mp3,"styles Pop, Experimental Pop, IDM, Electronic; tags silencide"
012_012040.mp3,"styles Pop, Experimental Pop, IDM, Electronic; tags silencide"
012_012041.mp3,"styles Pop, Experimental Pop, IDM, Electronic; tags silencide"
012_012042.mp3,"styles Hip-Hop, Electronic; tags hip hop, downtempo, sampling, nu-jazz, bollywood, space age pop, suhov"
012_012043.mp3,"styles Hip-Hop, Electronic; tags hip hop, downtempo, sampling, nu-jazz, bollywood, space age pop, suhov"
012_012054.mp3,"not quite an instrumental -- has some inobtrusive samples of somebody saying ""okay.."" every so often; styles Hip-Hop, Electronic; tags hip hop, downtempo, sampling, nu-jazz, bollywood, space age pop, suhov"
012_012124.mp3,"genre Experimental; styles Noise, Experimental; tags fellatio del toro"
012_012125.mp3,genre Rock; styles Rock; tags the flat can co
012_012126.mp3,genre Experimental; styles Experimental; tags the yes sirs
012_012131.mp3,"genre Electronic; styles Minimal Electronic, Ambient Electronic, Electronic; tags heather perkins"
012_012150.mp3,"styles Glitch, Unclassifiable, Experimental, Electronic; tags experimental, jeva"
012_012186.mp3,"styles Pop, Rock; tags brad sucks"
012_012187.mp3,"styles Pop, Rock; tags josh woodward"
012_012190.mp3,"styles Rock, Spoken, Metal, Comedy; tags nanowar"
012_012191.mp3,"styles Pop, Rock; tags brad sucks"
012_012192.mp3,genre Rock; styles Rock; tags seiurte
012_012295.mp3,"styles Easy Listening, Electronic, Soundtrack, Instrumental, Lounge; tags 8m2stereo"
012_012297.mp3,"styles Easy Listening, Electronic, Soundtrack, Instrumental, Lounge; tags principle fetterman"
012_012298.mp3,"styles Easy Listening, Electronic, Soundtrack, Instrumental, Lounge; tags soulfool"
012_012299.mp3,"styles Easy Listening, Electronic, Soundtrack, Instrumental, Lounge; tags v-trap feat f master f"
012_012300.mp3,"styles Easy Listening, Electronic, Soundtrack, Instrumental, Lounge; tags sean ryan woodward"
012_012301.mp3,"styles Easy Listening, Electronic, Soundtrack, Instrumental, Lounge; tags jr claiborn"
012_012302.mp3,"styles Easy Listening, Electronic, Soundtrack, Instrumental, Lounge; tags hydropods"
012_012303.mp3,"styles Easy Listening, Electronic, Soundtrack, Instrumental, Lounge; tags mr_melvis featuring r stevie moore"
012_012311.mp3,"styles Noise, Avant-Garde, Experimental, Singer-Songwriter, Folk, Free-Folk; tags chicago no wave, improvisation, u can unlearn guitar, experimental, noise"
012_012312.mp3,"styles Noise, Avant-Garde, Experimental, Singer-Songwriter, Folk, Free-Folk; tags chicago no wave, improvisation, u can unlearn guitar, experimental, noise"
012_012313.mp3,"This was originally created in 2000, for the seminal Andy Au Go Go album "" The Sense of Paris ."" Using Bunnybrains samples, U Can Unlearn Guitar, and the Outhere Brother's dance hall hit, ""Boom Boom Boom."" Later songs feature recordings of Raphaella Seward(Dan Bunny's Daughter)Raphaella really made the album, and of course, manipulation of the music. But she's not on this song. So I'm not sure what I'm on about. I'll add another song, "" The Woebly Cow ,"" Dan Bunny's favorite to the Bunnybrains page. The entire album containing this Drunk and Basted song, and other Bunnyfused works was re-released on Lost Frog Records, as a Bunnybrains LP, "" The Sense of Tokyo .""; styles Noise, Avant-Garde, Experimental, Singer-Songwriter, Folk, Free-Folk; tags chicago no wave, improvisation, u can unlearn guitar, experimental, noise"
012_012314.mp3,"styles Noise, Avant-Garde, Experimental, Singer-Songwriter, Folk, Free-Folk; tags chicago no wave, improvisation, u can unlearn guitar, experimental, noise"
012_012315.mp3,"Eric meyers played guitar, and Simon produced this on the best sounding 4 track ever. Am I right? Maybe I am; styles Noise, Avant-Garde, Experimental, Singer-Songwriter, Folk, Free-Folk; tags chicago no wave, improvisation, u can unlearn guitar, experimental, noise"
012_012316.mp3,"styles Noise, Avant-Garde, Experimental, Singer-Songwriter, Folk, Free-Folk; tags chicago no wave, improvisation, u can unlearn guitar, experimental, noise"
012_012317.mp3,"genre Experimental; styles Electroacoustic, Experimental; tags ophir ilzetzki, electroacoustic, an hour, experimental, contemporary music, avant garde"
012_012414.mp3,"styles Noise, Avant-Garde, Experimental, Singer-Songwriter, Folk, Free-Folk; tags chicago no wave, improvisation, u can unlearn guitar, experimental, noise"
012_012415.mp3,"1998, I had a roommat named Simon Tuzziolli. He bet my friend Eric Meyers that he could get me to lay down seperate guitar and vocal tracks... and he won the bet. Simon on guitar and percussion, me on guitar and vocals. Back in those days, it was Sparky, Eunice and me; styles Noise, Avant-Garde, Experimental, Singer-Songwriter, Folk, Free-Folk; tags chicago no wave, improvisation, u can unlearn guitar, experimental, noise"
012_012416.mp3,"I learned how to play the guitar via short little lessons from my musician friends in New York City. One of these friends, Dean Rispler, was and is an amazingly great guy, who I was fortunate enough to meet. About a year after buying a guitar, and playing regularly, I went over to Dean's place and played him a few songs. He was like, ""Andy, last year you couldn't even play guitar, and now you have all these awesome songs! What gives?"" By this time, he was playing bass for The Voluptuous Horror of Karen Black, and producing albums for many an underground punk and rock band. He later played for Murphy's law, and has had a number of great bands including Tiger Mountain, The Salesmen, and most recently... I'm not sure but I'm sure it's awesome. Anyways, he got the drummer from Stanely on board and we recorded an awesome Demo. I will post those other songs in the singles section. He's a great producer, with a great ear (if a guitar is out of tune, he goes nuts) and a real genuine love of music, which I rarely find. The engineer's name was joe; styles Noise, Avant-Garde, Experimental, Singer-Songwriter, Folk, Free-Folk; tags chicago no wave, improvisation, u can unlearn guitar, experimental, noise"
012_012417.mp3,"styles Noise, Avant-Garde, Experimental, Singer-Songwriter, Folk, Free-Folk; tags chicago no wave, improvisation, u can unlearn guitar, experimental, noise"
012_012418.mp3,"styles Noise, Avant-Garde, Experimental, Singer-Songwriter, Folk, Free-Folk; tags chicago no wave, improvisation, u can unlearn guitar, experimental, noise"
012_012435.mp3,"Jeff Cloke’s view (extreme left, three rows back): Sony stereo ECM-MS907 on adjacent seat to a Sharp MD-MT80H(S) minidisc recorder; genre Experimental; styles Electroacoustic, Experimental; tags keith rowe and seymour wright"
012_012438.mp3,"styles Ambient Electronic, Experimental, Electronic; tags kamran sadeghi"
012_012439.mp3,"styles Ambient Electronic, Experimental, Electronic; tags kamran sadeghi"
012_012440.mp3,"styles Ambient Electronic, Experimental, Electronic; tags kamran sadeghi"
012_012441.mp3,"Chris Trent’s view (right, front row): a pair of Oktava MK-012s to a Tascam DA-P1 DAT machine; genre Experimental; styles Electroacoustic, Experimental; tags keith rowe and seymour wright"
012_012446.mp3,"genre Jazz; styles Jazz: Out, Jazz; tags peter evans tom blancarte and brandon seabrook"
012_012452.mp3,"genre Rock; styles Psych-Rock, Rock, Garage; tags wizzard sleeve"
012_012453.mp3,"David Reid’s view (central, edge of stage): Sony ECM-999PR to a Sony PD150 video camera; genre Experimental; styles Electroacoustic, Experimental; tags keith rowe and seymour wright"
012_012456.mp3,"genre Experimental; styles Improv, Experimental; tags akronfamily"
012_012459.mp3,"genre Experimental; styles Improv, Experimental; tags akronfamily"
012_012565.mp3,"genre Experimental; styles Noise, Experimental; tags silver ninjas"
012_012580.mp3,"genre Experimental; styles Noise, Experimental; tags fellatio del toro"
012_012581.mp3,"genre Rock; styles Post-Punk, Rock, Punk; tags amoeba men"
012_012583.mp3,genre Experimental; styles Experimental; tags bermuda triangles
012_012584.mp3,"genre Experimental; styles Noise, Avant-Garde, Improv, Experimental; tags jeff mcleod"
012_012657.mp3,"genre International; styles International, Asia-Far East; tags japan, etsuko chida, koto"
012_012658.mp3,"styles Avant-Garde, Composed Music, Classical, Experimental; tags igor ballereau"
012_012694.mp3,"Flute by Erin Lesser; styles Avant-Garde, Composed Music, Classical, Experimental, Electroacoustic; tags kenneth kirschner"
012_012738.mp3,"genre Experimental; styles Experimental; tags prince rama of ayodhya, prince rama"
012_012739.mp3,"genre Experimental; styles Experimental; tags prince rama of ayodhya, prince rama"
012_012751.mp3,"styles Rock, Soul-RnB; tags jc brooks the uptown sound"
012_012752.mp3,"styles Rock, Soul-RnB; tags jc brooks the uptown sound"
012_012753.mp3,"styles Rock, Soul-RnB; tags jc brooks the uptown sound"
012_012754.mp3,"styles Rock, Soul-RnB; tags jc brooks the uptown sound"
012_012785.mp3,"Originally recorded by Bascom Lamar Lunsford - February 1928 in Ashland, Kentucky. I learned this song from the Harry Smith Anthology. What I love most about it is its melodic chorus. Although Lunsford simply accompanied himself on banjo, I've added guitar and mandolin to my recording. Lyrics and chords available from Folk Den Project; genre Folk; styles Folk; tags roger mcguinn"
012_012787.mp3,"Uncle Dave Macon “The Dixie Dew Drop,” recorded this song on 5-string banjo, with guitar by Sam McGee in New York City on April 14, 1926. Macon was born in 1870, the son of proprietors of the Macon Hotel, a theatrical boarding house, where he learned many songs from hotel guests. By 1888 he had become a professional entertainer and would record over a hundred songs between 1932 - 1938. This is one of the chain gang songs he performed. It’s a wild interpretation with lots of shouting. The chorus “Won’t get drunk no more” echoes his regret for being busted and having a ball and chain, but doesn’t smack of true remorse. Lyrics and chords available from Folk Den Project; genre Blues; styles Blues; tags roger mcguinn"
012_012788.mp3,"This is a joyful sounding song that belies its lyrics. It really doesn’t sound like he’s never going to see his lover anymore, or if that’s the case he’s pretty darn happy about it. I played it on 5-string banjo, 12-string and 6-string guitars. I remember when I was going to the Old Town School of Folk Music in Chicago, that my guitar and banjo teacher Frank Hamilton traveled to New York to record this and other songs on an album with Pete Seeger called: Nonsuch We were all so proud of Frank! Lyrics and chords available from Folk Den Project; genre Folk; styles Folk; tags roger mcguinn"
012_012789.mp3,"The Packard factory (pictured above) closed in 1956. My grandfather bought one of their last models, being a life long Packard enthusiast. They had been overrun by the big three. Now we are at the point where the big three’s future is in question . This is a traditional song about a mine disaster but it’s fitting for the US auto industry at this time. I changed the lyrics a bit to bring it up to speed and played it on banjo and mandolin. Lyrics and chords available from Folk Den Project; genre Folk; styles Folk; tags roger mcguinn"
012_012790.mp3,"Written in the 1920s before the Great Depression by Jim Cox and made popular by Bessie Smith’s hit record, this song was prophetic of events to transpire in the United States and the world. Now almost 100 years later - here we are again! I played this in the key of B on my Martin D-12-42RM, 5-string banjo and mandolin. The chord notation is in C. Lyrics and chords available from Folk Den Project; genre Blues; styles Blues; tags roger mcguinn"
012_012791.mp3,"In early America, respectable folk in Protestant communities have always regarded the fiddle as the devil’s instrument and dancing as downright sinful. Faced with such a religious prejudice for socializing, young people of the frontier developed the “play-party,” in which all the objectionable features of a square dance were removed or masked so that their grave elders could approve. No instruments were permitted - the dancers sang and clapped their own music. In time, the play-party acquired a life of its own. It became an ideal amusement for teenagers and young married couples. In many a frontier community, the bear hunters, Indian fighters, the rough keel-boat men and the wild cowboys could be seen dancing innocently with their gals, like so many children at a Sunday school picnic. “Skip to My Lou” is a simple game of stealing partners. It begins with any number of couples hand in hand, skipping around in a ring. A lone boy in the center of the moving circle of couple sings, “Lost my partner what’ll I do?” as the girls whirl past him. The young man in the center hesitates while he decides which girl to choose, singing, “I’ll get another one prettier than you.” When he grasps the hand of his chosen one, her partner then takes his place in the center of the ring and the game continues. It’s an ice-breaker, a good dance to get a group acquainted to one another and to get everyone in the mood for swinging around. It’s interesting to note that “loo” is the Scottish word for “love.” The spelling change from “loo” to “lou” probably happened as our Anglo ancestors, and the song, became Americanized. I decided that since I was allowed to play musical instruments, I would use guitar and banjo on this song. Source: The Folk Songs of North America, by Alan Lomax, Doubleday. Recordings on file by: Carter Family, Lead Belly, Mike & Peggy Seeger, Pete Seeger. Lyrics and chords available from Folk Den Project; styles Old-Time / Historic, Folk; tags roger mcguinn"
012_012792.mp3,"Hedy West (April 6, 1938 - July 3, 2005) was an American folksinger and songwriter. Her song “500 miles,” has been covered by Bobby Bare (a Billboard Top 10 hit in 1963), The Highwaymen, The Kingston Trio, Peter, Paul and Mary , Peter & Gordon, The Brothers Four and many others. A great number of Hedy’s songs, including the raw materials for “500 Miles” came from her paternal grandmother Lily West who passed on the songs she had learned as a child. This has a sweet melody and a sad story of poverty and desolation. Lyrics and chords available from Folk Den Project; genre Blues; styles Blues; tags roger mcguinn"
012_012793.mp3,"“Darlin’ Cory” (Roud 5723) is a well-known folk song about a banjo-picking, moonshine-making mountain woman. The first known recording of it was by Clarence Gill as “Little Corey” on 6 January 1927, but it was rejected by the record company and never released.[1] A few months later, folk singer Buell Kazee recorded it as “Darling Cora” on 20 April 1927 (Brunswick 154).[2] Later the same year, it was recorded by B. F. Shelton as “Darlin’ Cora” on 29 July 1927 (Victor 35838) [3] . Other early recordings are “Little Lulie” by Dick Justice (1929) and “Darling Corey” (released as a single) by the Monroe Brothers in 1936.[4] Burl Ives recorded it on 28 May 1941[5] for his debut album Okeh Presents the Wayfaring Stranger. Since then, many artists have recorded it: Roscoe Holcomb, Doc Watson, Bruce Hornsby, The Weavers, Crooked Still, Bill Monroe,[6] Harry Belafonte (as “Darlin’ Cora,” attributed to Fred Brooks),[7], Pete Seeger, and Kingston Trio (on their album At Large, 1959). Lyrics and chords available from Folk Den Project; genre Folk; styles Folk; tags roger mcguinn"
012_012794.mp3,"I bought a mandolin in Ft. Worth Texas on this tour and decided to use it here. I remember hearing this song on a vinyl two record set with a pop-up Christmas scene called “Home For Christmas,” sung by Mahalia Jackson. It has always been a favorite. More From Wikipedia: “Go Tell It on the Mountain” is an African-American spiritual dating back to at least 1865 that has been sung and recorded by many gospel and secular performers. It is considered a Christmas carol because its original lyric celebrates the Nativity: “Go tell it on the mountain, over the hills and everywhere; go tell it on the mountain, that Jesus Christ is born.” In 1963, Peter Yarrow, Noel “Paul” Stookey, and Mary Travers, along with their musical director, Milt Okun, adapted and rewrote “Go Tell It on the Mountain” as “Tell It on the Mountain”, their lyrics referring specifically to Exodus and employing the line “Let my people go,” but implicitly referring to the Civil Rights struggle of the early ’60s. The song was recorded by Yarrow, Stookey and Travers on their Peter, Paul and Mary album In the Wind and was also a moderate hit single for them. (US #33 pop, 1964). Civil rights activist Fannie Lou Hamer used this rewritten version of the song as an anthem during the mid-1960s. Other artists, besides Peter, Paul and Mary, who have recorded the song (chiefly on either Christmas-themed music albums or collections of spirituals or folk songs) include: * The New Christy Minstrels * Simon & Garfunkel * Bob Marley * Mahalia Jackson * Fred Hammond * Kirk Franklin * Candi Staton * Frank Sinatra & Bing Crosby * James Taylor * Cece Winans * Anne Murray * Vanessa L. Williams * Jewel * Dustin Kensrue * Bruce Cockburn * Little Big Town * Sherill Milnes * John Rutter and the Cambridge Singers * Sara Evans * Jim Nabors * Toby Keith * Peter Tosh * The Blind Boys of Alabama * Oh Susanna - for the holiday compilation album, Maybe This Christmas Too? (2003) * Dolly Parton * Carola Häggkvist * Bobby Darin * Art Paul Schlosser (who rewrote the lyrics for kids with the title, “Go Tell it On the Swingset”) * The Gas House Gang Lyrics and chords available from Folk Den Project; genre Folk; styles Folk; tags roger mcguinn"
012_012795.mp3,"Kind of a poignant traveling song. Originally done in 2/4 time, I’ve recorded it in 4/4 with lots of chiming 12-string lead guitar. Lyrics and chords available from Folk Den Project; genre Blues; styles Blues; tags roger mcguinn"
012_012796.mp3,"Joshua Fit de Battle is one of the best known examples of “Negro Spiritual” music. These were songs created by an enslaved people - African Americans who lived in this land for over 300 years - just about the same length of time that the Hebrew people were enslaved in Egypt. American slaves were forbidden to read or write or to gather in groups. Jericho is one of the oldest cities in the world. Located on the Jordan river, one of the few sources of water in a hot dry land, and on major trade routes, it has been battled over many, many times. If you go to Jericho today you find a barren, high hill overlooking the modern city. This hill, or “tell” is a human, not a natural, landmark. It was created by successive destruction and rebuilding of the city. Lyrics and chords available from Folk Den Project; genre Blues; styles Blues; tags roger mcguinn"
012_012797.mp3,"We recorded Old Blue on Dr. Byrds & Mr. Hyde in back 1968. I’d heard it performed live by Gibson and Camp at the Gate of Horn in Chicago in 1961 and had always loved it. There’s a version by Jim Jackson on the Harry Smith Anthology but it’s completely different, a lot more of a blues. When I sing this in concert I ask the audience to clap along, following an unusual pattern. It’s fun to hear them get the syncopation right. But someone always claps in the wrong place and makes everybody laugh. Lyrics and chords available from Folk Den Project; genre Folk; styles Folk; tags roger mcguinn"
012_012798.mp3,"This is another song that I learned at the Old Town School of Folk Music in Chicago. The song originated in Irish Creek, on the Blue Ridge Parkway near South River Virginia in the early 1800s. Joe Clark had a daughter who jilted her lover. The young man is said to have written the song out of spite and jealousy. Lyrics and chords available from Folk Den Project; styles Folk, Americana, Country; tags roger mcguinn"
012_012799.mp3,"On December 1, 2007 the Old Town School of Folk Music in Chicago celebrated its 50th anniversary. This is a song that I learned there 50 years ago. I love sea chanteys and this is one of my favorites! American sailors who sang this disdained any pronunciation other than “Ry oh.” Lyrics and chords available from Folk Den Project; styles Old-Time / Historic, Folk; tags roger mcguinn"
012_012800.mp3,"Blow the Man Down originated in the Western Ocean sailing ships. The tune could have originated with German emigrants, but it is more likely derived from an African-American song Knock a Man Down. Blow the Man Down was originally a halyard shanty. A variant of this is The Black Ball Line (with a more positive view of the Blackball Line as well). Western Ocean Law was Rule with a Fist. “Blow” refers to knocking a man down with fist, belaying pin or capstan bar. Chief Mates in Western Ocean ships were known as “blowers,” second mates as “strikers” and third mates as “greasers.” There are countless versions of Blow the Man Down. The one here is from the Burl Ives Songbook and tells of the Blackball Line. The Black Ball Line was founded by a group of Quakers in 1818. It was the first line to take passengers on a regular basis, sailing from New York, Boston and Philadelphia on the first and sixteenth of each month. The Blackball flag was a crimson swallow-tail flag with a black ball. The ships were famous for their fast passage and excellent seamanship. However, they were also famed for their fighting mates and the brutal treatment of seamen. (Western Ocean seamen were called “Packet Rats”). Many ships bore the name “bloodboat.” Most of the seamen hailed from New York or were Liverpool-Irish. By 1880 the sailing ships were being replaced by steamers and the packets entered other trades or were sold. Thanks to www.contemplator.com for this research. Lyrics and chords available from Folk Den Project; styles Old-Time / Historic, Folk; tags roger mcguinn"
012_012801.mp3,"This is an old Southern spiritual. I performed this with the Chad Mitchell Trio on the Bell Telephone Hour in the early 60s. We did it in this upbeat tempo. There’s a wonderful video of Dr. Bernice Johnson Reagon, Pete Seeger and Jean Ritchie singing it here . Marc Middleton, Bill Shaffer and his wife Mary stopped by to shoot video of this recording session and Mary sang backup on the track. It may be seen on http://www.growingbolder.com Lyrics and chords available from Folk Den Project; genre Folk; styles Folk; tags roger mcguinn"
012_012802.mp3,"So many towns boast a Cripple Creek, it’s hard to know which one this song is referring to. The famous banjo picker Bascom Lamar Lunsford mentioned in his 1927 book “30 and 1 Folksongs From the Southern Mountains” that he knew of a Cripple Creek within five minutes walking distance of his office in the Flat Iron Building in downtown Asheville, North Carolina. Of course everyone claims their own town to be the real Cripple Creek - including the former Gold Rush town, Cripple Creek, Colorado , but the music sounds more like it came from Kentucky or North Carolina. I just sang the choruses. Instead of singing the verses, I played them as the great old Southern instrumental this is. I’ve included the verses below if you want to sing them. There’s a nice Youtube video of Earl Scruggs and his friends doing the song as an instrumental. Click here. Lyrics and chords available from Folk Den Project; genre Folk; styles Folk; tags roger mcguinn"
012_012803.mp3,"The picture above tells the whole story. I learned this song at the Old Town School of Folk Music in the late 50s. If you right click (ctrl click for Apple) and save the image you’ll have a full scan of the page from the book I got at the Old Town School complete with notes and chords. I’m doing it in the key of F# instead of C. It’s a pretty love song for June. Lyrics and chords available from Folk Den Project; styles Folk, Blues; tags roger mcguinn"
012_012804.mp3,"styles Folk, Rock; tags roger mcguinn"
012_012805.mp3,"In keeping with the Folk Den tradition, this is a Christmas song for December. I have wonderful memories of singing this at my grandparents’ house in Chicago with my family in the mid 50s. My grandmother and grandfather would sit at the piano and play together and we would all harmonize, while recording it on a 78 rpm vinyl disc recorder. The melody is truly captivating. Merry Christmas 2007! Lyrics and chords available from Folk Den Project; genre Folk; styles Folk; tags roger mcguinn"
012_012806.mp3,"This is an old spiritual. I first heard it performed by Bob Gibson on the 5-string banjo at the Latin School of Chicago in 1957. His arrangement was more Dixieland style with a fast 2/4 beat. Bob inspired the Limeliters who took a number of his arrangements and made them more sophisticated. It was an honor to record with them on their first RCA album “Tonight In Person” in 1960. I decided to do “This Little Light” with a 12-string Rickenbacker “jingle jangle” feel. This is the first Folk Den song that I’ve recorded using Pro Tools on my new Mac Book Pro 2 Core Duo , and the first one that features my new Martin D-45 on rhythm. Lyrics and chords available from Folk Den Project; styles Old-Time / Historic, Folk; tags roger mcguinn"
012_012807.mp3,"This is a fairly new folk song. The Boll Weevil didn’t come to Texas from Mexico until around 1900. Sharecroppers who sang this song took delight in identifying with this nearly indestructible insect. It gave them great hope! Barry McGuire was visiting the Folk Den and we sang The Ballad of the Boll Weevil together, trading verses. McGuinn & McGuire - sit and sing by the fire. To read more about Barry McGuire’s visit, check out Roadie Report 30 . Lyrics and chords are available from Folk Den Project; genre Folk; styles Folk; tags roger mcguinn amp barry mcguire"
012_012808.mp3,"Buell Kazee recorded this on January 16, 1928 in New York City. The original recording was included on Harry Smith’s “ Anthology of American Folk Music ” Originally released in 1952 on a six LP set and again in 1997 on a six CD set. The “Harry Smith Anthology” was the cornerstone of the folk revival of the 50s and 60s. I didn’t own a copy but learned many of these songs second hand at places like the Gaslight in Greenwich Village. “The Butcher’s Boy” is another of the sad ending songs popular in Appalachian love ballads. I love the G modal banjo tuning on this. Lyrics and chords available from Folk Den Project; styles Folk, Americana, Country; tags roger mcguinn"
012_012809.mp3,"This version of “Fair and Tender Ladies” was recorded at New York’s Bottom Line in 1977. Gene Clark and I were on an acoustic tour of the United States. Gene was playing his beautiful Martin D-45 and I was finger picking my Rickenbacker 370 12-string - dripping with compression. Our songs spanned the music of The Byrds, our solo careers and included some traditional material - including this arrangement, which could easily have been on a 1965 Byrds record. Lyrics and chords available from Folk Den Project; genre Folk; styles Folk; tags roger mcguinn amp gene clark"
012_012810.mp3,"“Glory Glory” appears on Harry Smith’s “Anthology of American Folk Music” as track No. 49 “Since I Laid My Burden Down.” It was originally recorded in Chicago on December 4, 1928 by The Elders McIntorsh and Edwards’ Sanctified Singers. It’s also a song that I recorded with the Byrds on our “Byrdmaniax” album in 1971. Lyrics and chords available from Folk Den Project; genre Folk; styles Folk; tags roger mcguinn"
012_012811.mp3,"""The Great Silkie of Sule Skerry"" is one of numerous tales of the Silkies, or seafolk, known to the inhabitants of the Orkney Islands and the Hebrides. These enchanted creatures dwell in the depth of the sea, occasionally doffing their seal skins to pass on land as mortal men. Legend has it that they then accept human partners, and some families on the islands actually trace their ancestry to such marriages. In more complete versions of the ballad, the Silkie’s forecast of the death of himself and his son eventually come to pass. Thanks to Mudcat Cafe for that information Lyrics and chords available from Folk Den Project; genre Folk; styles Folk; tags roger mcguinn"
012_012812.mp3,"“The House Carpenter” is a popular name for Child Ballad No. 243. The official names are “James Harris,” or “The Daemon Lover.” This ballad may have been partially inspired by an ancient myth that was a catalyst for Richard Wagner’s operatic masterpiece, “The Flying Dutchman.” Lyrics and chords available from Folk Den Project; genre Folk; styles Folk; tags roger mcguinn"
012_012814.mp3,"This is one of my favorite Christmas Carols. I decided to record it as an instrumental on my Rickenbacker 370/12/RM. Originally named “Antioch,” Mason’s original score said “from George Frederick Handel.” The tune is named after the city of Antioch, Syria, where believers were first called “Christians”; (Acts 11:26). Words: Isaac Watts, 1719 Music: Lowell Mason, 1848 Lyrics and chords available from Folk Den Project; genre Folk; styles Folk; tags roger mcguinn"
012_012815.mp3,"“King Kong Kitchie Kitchie Ki Me O” is a version of the old English song “Frog Went A-Courting.” Its first known appearance is in Wedderburn’s Complaynt of Scotland (1548) under the name “The frog came to the myl dur.” There is a reference in the London Company of Stationer’s Register of 1580 to “A Moste Strange Weddinge of the Frogge and the Mouse.” The oldest known musical version is in Thomas Ravenscroft’s Melismata in 1611. Spaeth has a note claiming that the original version of this was supposed to refer to the Duke of Anjou’s wooing of Elizabeth I of England. If the second known version (1611, in Melismata, also reprinted in Chappell) were the oldest, this might be possible — there are seeming political references to “Gib, our cat” and “Dick, our Drake.” But the Wedderburn text, which at least anticipates the song, predates the reign of Queen Elizabeth by nine years, and Queen Mary by four. If it refers to any queen at all, it would seemingly have to be Mary Stuart; Evelyn K. Wells however, in the liner notes to the LP Brave Boys; New England traditions in folk music, (New World Records 239, 1977) suggests that the original may have been satirically altered in 1580 when it was recorded in the register of the London Company of Stationers, as this would have been at the height of the unpopular courtship. I first heard this song on the Harry Smith Anthology: Chubby Parker, “King Kong Kitchie Kitchie Ki-Me-O” (Columbia 15296D, 1928; on Anthology of American Folk Music, CrowTold01) (Supertone 9731, 1930) (Conqueror 7889, 1931) Lyrics and chords available from Folk Den Project; genre Folk; styles Folk; tags roger mcguinn"
012_012816.mp3,"The New Lost City Ramblers were the first to introduce me to this song in the early 60s in New York City. Mike Seeger of the Ramblers had made friends with Dock Boggs who was famous for recording “Sugar Baby” for Brunswick Records in 1926. The song was eventually included on Harry Smith’s Anthology of American Folk Music. Mike gave Boggs the opportunity to come to New York and record again after a long hiatus from the music business. Dock’s style of banjo playing is interesting because he didn’t use the claw hammer approach common to most banjo stylists of Appalachia. Dock used a three finger up-picking technique that was quite unique. This song also appears on “Harry Smith Connection” sung by Jeff Tweedy, Jay Bennett and me - a compilation CD recorded live at the Wolf Trap Farm in October, 1997 The Harry Smith Connection Lyrics and chords available from Folk Den Project; genre Folk; styles Folk; tags roger mcguinn"
012_012817.mp3,"“The Coo Coo” is a “folk-lyric” style song, where verses are interchangeable with verses from other folk songs such as “The Wagoner’s Lad,” and “East Virginia,” which are otherwise unrelated. The first verse can also be heard in “Way Down The Old Plank Road” sung by Dave Macon. “The Coo Coo” was originally recorded by Clarence “Tom” Ashley in Johnson City TN November 23, 1929. This song style possibly developed between 1850 - 1875 in Kentucky. A British version can be found in Cecil Sharp’s collection: “Folk Songs From Somerset.” Lyrics and chords available from Folk Den Project; genre Folk; styles Folk; tags roger mcguinn"
012_012818.mp3,"This song has the same tune as “St. Patrick’s Day in the Morning.” The first part of the tune also sounds a lot like “Squid Jigging Ground,” which was obviously influenced by “St. Patrick’s Day in the Morning.” It’s about a famous battle that took place on Lake Erie during the War of 1812. Charlotte, widow of George III, was reputed to enjoy a nip of “Perry,” or pear brandy; which may have affected her judgement causing the British to lose the battle. Bill Lee adds this bit of history from his 12 years in Ohio schools: Although facing many adverse conditions, including lack of men and materials, Perry and his men successfully completed six vessels by July 1813. These six were joined by others from Buffalo. Two months later, on September 10, 1813, the American squadron commanded by Perry fought a British squadron commanded by Captain Robert Barclay, RN. The Battle of Lake Erie began with Perry aboard his flagship LAWRENCE. In the early stages of the battle, however, LAWRENCE and her crew took most of the enemy’s fire. LAWRENCE was severely damaged and over 80 percent of Perry’s crew were killed or wounded by concentrated British gunfire. In an attempt to change defeat to victory, Perry, carrying his battle flag emblazoned with Captain Lawrence’s dying words, “Don’t Give Up The Ship,” transferred from LAWRENCE to the lightly damaged NIAGARA in a small boat. He took command of NIAGARA and sailed her into the British battle line. The British had also taken heavy casualties from the Lawrence’ fire. Broadsides from the fresh NIAGARA compelled their surrender within 15 minutes of Perry’s transfer. Immediately following his victory at the Battle of Lake Erie, Perry penned the famous words, ‘We have met the enemy and they are ours…” in his report to General William Henry Harrison. Lyrics and chords available from Folk Den Project; genre Folk; styles Folk; tags roger mcguinn"
012_012819.mp3,"On our way up to Oriental North Carolina for a concert, we stopped for “Carolina Bar-B-Que” at a place called “Prissy Polly’s” just south of Winston Salem. The name reminded me of a song we recorded in the Byrds on the “Sweetheart of the Rodeo” album called “Pretty Polly.” I’d known the song since my days at the Old Town School of Folk Music and had always loved the modal tuning on the banjo and guitar in spite of the morbid lyrics. This is a good example of a song used for spreading the news of the day, way back before radio, television or the Internet. The content of the news today is however strikingly similar. Lyrics and chords available from Folk Den Project; genre Folk; styles Folk; tags roger mcguinn"
012_012820.mp3,"Camilla and I were on the road when I remembered this song and thought it would be a good one to record. I used my iBook and free cross platform software called Audacity along with my Samson C01U USB microphone. This is a great mic for the road because you don’t need an interface of any kind to record. You just plug into the USB jack and you’re good to go. We discussed the song and decided make some changes. The original meaning of the song was inspired by John 5:4 in the Bible. “For an angel went down at a certain time into the pool and troubled the water. Then whoever first stepped in after the troubling of the water was made whole of whatever disease he had.” We changed the meaning to reflect Deuteronomy 31:3 “The LORD thy God, he will go over before thee, [and] he will destroy these nations from before thee, and thou shalt possess them: [and] Joshua, he shall go over before thee, as the LORD hath said.” Lyrics and chords available from Folk Den Project; genre Folk; styles Folk; tags roger mcguinn"
012_012821.mp3,"This is a song I recorded with the Chad Mitchell Trio in 1961. It’s a cotton screwing shanty. There was a time in the 1800s when, with the approach of winter, Irish crews would desert their Western Packet ships to head south to work in the cotton stowing ports like Mobile or New Orleans. Lyrics and chords available from Folk Den Project; genre Folk; styles Folk; tags roger mcguinn"
012_012822.mp3,"The other day I heard Camilla playing an old African American spiritual. She was having such a great time singing it at her keyboard, that I thought I’d do it for the Folk Den. Lyrics and chords available from Folk Den Project; genre Folk; styles Folk; tags roger mcguinn"
012_012823.mp3,"In the 15th through the early 17th centuries, music began to be printed and sold. Musical themes spread rapidly throughout Europe, particularly those developed by the troubadours of Provence in earlier centuries. With the coming of the Renaissance, the Church lost some of its power to control ideas. The notion of courtly love, so despised by the clergy, was celebrated once again. Of course it was hardly taken seriously, but its imagery was still powerful and it sounded good. There is a long standing debate over whether England’s King Henry VIII (circa: ) did, in fact, write “Greensleeves,” one of the most celebrated, and certainly most frequently performed, love songs ever written. It’s doubtful whether we can ever know for sure. This much we do know: Henry VIII was well educated and thought of himself as quite the Renaissance man. He played several instruments including organ, harp, and virginals, so he certainly could have picked out the melody. We have a love letter written by him to Anne Boleyn which displays an eloquence (and impatience) that leads one to believe he could have written the song’s lyrics. Lines from this letter such as “struck by the dart of love” sound a bit trite, but it shows he probably knew a decent metaphor when he heard one. Most likely the tune already existed and Henry simply added his own lyrics since this was a perfectly acceptable practice in those days. Henry, no doubt thought of himself as a latter day troubadour wooing his lady love. But, as Anne was to find out, like some other troubadours of olde, Henry was a fickle lover and quickly moved on the next muse. Punning sexual allusions and bawdy language were quite common in the love songs of this period. The Renaissance delighted in images of outdoor lovemaking and thinly disguised it by employing the metaphor of dancing as in Thomas Morley’s song, “Now Is the Month of Maying” (’Barley-break’ is Renaissance-speak for ‘a roll in the hay’) The Spring, clad all in gladness, Doth laugh at Winter’s sadness, fa la, And to the bagpipe’s sound The nymphs tread out their ground, fa la. Fie then, why sit we musing, Youth’s sweet delight refusing, fa la. Say, dainty nymphs, and speak, Shall we play at barley-break? fa la. During the reign of Elizabeth I, Shakespeare, like other playwrights, sprinkled songs throughout his stage plays. We don’t have know the original melodies but, like Greensleeves, they were probably sung to well-known tunes of the day, whichever ones the actors happened to know. Although Shakespeare’s love sonnets are deeply moving, the love songs in his plays tend to be more for laughs. Slow ballads probably didn’t go over well with a rambunctious live audience just waiting for an excuse to throw rotten vegetables! . . . Lyrics and chords available from Folk Den Project; genre Folk; styles Folk; tags roger mcguinn"
012_012824.mp3,"I learned “Housewife’s Lament” at the Old Town School of Folk Music in Chicago around 1958. It’s kind of a bitter portrayal of the lot of women in the not-so-distant past. There is a verse at the end where the poor housewife dies and gets covered with dirt, which is supposed to be funny, but I thought there was enough hardship in this song without adding insult to injury, so I left it out. Lyrics and chords available from Folk Den Project; genre Folk; styles Folk; tags roger mcguinn"
012_012825.mp3,"Bob Gibson sang this on his “Folk Songs of Ohio” album in the early 1950s. It’s funny because it points out the age old adage that a man will chase a woman until she catches him. Men think they have it all under control and are always amazed to find that they have invariably been outwitted by clever, creative women. But hey, what a way to go! Lyrics and chords available from Folk Den Project; genre Folk; styles Folk; tags roger mcguinn"
012_012826.mp3,"Thomas Edison, the father of audio recording recited the first stanza of this poem in testing his new invention, the phonograph in 1877, making this the first audio recording to be successfully made and played back. It was all done on tin foil. They say the song springs from a true story: As a girl, Mary Sawyer (later Mrs. Mary Tyler) kept a pet lamb, which she took to school one day at the suggestion of her brother. A commotion naturally ensued. Lyrics and chords available from Folk Den Project; genre Folk; styles Folk; tags roger mcguinn"
012_012827.mp3,"Sean Murphy has composed a nicely detailed page on Molly Malone. He writes: As well as being known and sung internationally, the popular song ‘Cockles and Mussels’ has become a sort of unofficial anthem of Dublin city. The song’s tragic heroine Molly Malone and her barrow have come to stand as one of the most familiar symbols of the capital. In addition, Molly’s international pulling power is shown by the fact that she scores hundreds of ‘hits’ on the Internet, many of them relating to ‘Irish pubs’ bearing her name. It seems perfectly natural therefore that Molly should have been commemorated by erecting a statue to her in Dublin, which monument has become a familiar landmark at the corner of Grafton Street and Suffolk Street. Let us now travel back in time to see what we can find out about the real Molly Malone. Read the rest of his story here: http://homepage.eircom.net/~seanjmurphy/irhismys/molly.htm Special thanks to Sonnet Simmons for her wonderful vocal on Molly Malone. And Happy Birthday too! Wikipedia: http://en.wikipedia.org/wiki/Molly_Malone Lyrics and chords available from Folk Den Project; genre Folk; styles Folk; tags roger mcguinn"
012_012828.mp3,"styles Pop, Electronic; tags petit mal"
012_012829.mp3,"styles Pop, Electronic; tags petit mal"
012_012831.mp3,"styles Pop, Electronic; tags petit mal"
012_012832.mp3,"styles Pop, Electronic; tags petit mal"
012_012837.mp3,"I remember lying on the floor in front of the big brown cathedral radio at my grandmother's house, listening to The Weavers sing 'On Top of Old Smokey.' It was on the 'Hit Parade' back then, just as popular as Coldplay, Weezer or Black Eyed Peas are today. It's still a great song. I recorded it with my new 7-string Martin, a 5-string banjo and bass, with a few Rickenbacker 12-string licks at the end. Lyrics and chords available from Folk Den Project; genre Folk; styles Folk; tags roger mcguinn"
012_012838.mp3,A traditional spiritual with a meaning for each number. I have placed the meaning next to the verses in parentheses. Lyrics and chords available from Folk Den Project; genre Folk; styles Folk; tags roger mcguinn
012_012839.mp3,"This is a sea chantey that got distilled, and transformed into a love ballad in the Appalachian Mountains. The origin is Scottish, but the lyrical style is obviously from the Southern United States. Many settlers to the New World brought their music with them, only to have it subtly changed over time. Another example of this phenomenon is Jean Ritchie's song 'Nottamun Town,' which only survived by being brought to North America. When, as a Fulbright Scholar she visited Nottingham, England to research the roots of the song, it had completely disappeared in its original form. Appalachian Traditional Music, A Short History: http://www.mustrad.org.uk/articles/appalach.htm Lyrics and chords available from Folk Den Project; genre Folk; styles Folk; tags roger mcguinn"
012_012840.mp3,"This is a comic story about a tragic boat ride down the Erie Canal. I decided to sing this in the style of the late 50s - early 60s college folk groups. I can see the audience sitting an a large hall, the men wearing three button jackets and skinny ties and the ladies in pretty dresses. The Erie Canal opened in 1825. The Ohio and Erie Canal, joining Cleveland and Portsmouth, was completed in 1845. For 25 years these canals were busy trade routes, piloted by burly, aggressive boatmen on long narrow craft. These keelboats were sharp at both ends, built on a keel and ribs. Gradually the railroads replaced the keelboat as a form of commercial transportation and the canal traffic was greatly reduced. Lyrics and chords available from Folk Den Project; genre Folk; styles Folk; tags roger mcguinn"
012_012841.mp3,"A circle song is one that comes back to where it started and begins again. It can go on indefinitely. This is the amusing story of Henry and Maria. Their bucket leaks and she wants him to fix it, but that never happens. A true 'catch 22.' Lyrics and chords available from Folk Den Project; genre Folk; styles Folk; tags roger mcguinn"
012_012842.mp3,"A good old gospel song from the southern United States. This has been recorded by many folk singers and exists in numerous versions. Oh Mary Don't You Weep Mf - If You Miss Me at the Back of the Bus Pb - Oh, Sisters Don't You Weep 1. Sandburg, Carl / American Songbag, Harcourt Brace Jovan…, Sof (1928/1955), p476 (Pharaoh's Army Got Drownded) 2. Leisy, James F. (ed.) / Songs for Pickin' and Singin', Gold Medal Books, sof (1962), p198 3. Carawan, Guy & Candie / Sing for Freedom, Sing Out, sof (1990), p 58 4. Lynn, Frank (ed.) / Songs for Swinging Housemothers, Fearon, Sof (1963/1961), p312 5. Best, Dick & Beth (eds.) / New Song Fest Deluxe, Charles Hansen, Sof (1971/1948), p148 6. Winds of the People, Sing Out, Sof (1982), p 35 7. Blood, Peter; and Annie Patterson (eds.) / Rise Up Singing, Sing Out, Sof (1989/1992), p 63 8. Sandburg, Helga (ed.) / Sweet Music, Dial, Bk (1963), p101 (Pharaoh's Army) 9. Abe and Malka. Mandelblatt, Abe & Malka A. / 100 Guitar Accompanyments, Amsco, Sof (1974), p156 10. Davis, Bill. Sounds of the Smokies, Old Traditions BWD 51471, LP (197?), cut#A.04 11. Halifax Three. Halifax Three, Epic BN 26038, LP (1963), cut#B.06 12. Hurt, Mississippi John. Mississippi John Hurt, Vol. 3. Sacred and Secular, Heritage (England) HT320, LP (1988/reis/), cut# 9 (Mary Don't You Weep) 13. Hurt, Mississippi John. Worried Blues, Piedmount PLP-13161, LP (196?/?), cut# 9 14. Hurt, Mississippi John. Garwood, Donald / Masters of Instrumental Blues Guitar, Oak, Fol (1967), p43 15. Kingston Trio. Close Up, Capitol T 1642, LP (1961), cut#A.04 (Don't You Weep Mary) 16. Kingston Trio. Rediscover the Kingston Trio, Folk Era FE 2001, LP (1985), cut#A.04 (Oh, Mary) 17. Leadbelly. Leadbelly's Last Sessions, Part 4, Folkways FA 2942, LP (196?/?), cut# 11 (Mary Don't You Weep) 18. Leadbelly. Lomax, John & Alan Lomax (eds.) / Leadbelly. A Collection of World Famou, Folkways, sof (1959), p51 (Mary Doncha Weep) 19. Schilling, Jean. Old Traditions, Traditional JS-5117, LP (1967/1974), cut#A.03 (Mary Don't You Weep) 20. Seeger, Pete. Seeger, Pete / American Favorite Ballads, Oak, Fol (1961), p78 21. Sheer, Anita. Anita Sheer, MGM E-4225, LP (196?), cut#B.06 22. Steamboat Entertainers. Galax International, Heritage (Galax) 067, LP (1988/?), cut# 19 23. Taussig, Harry. Taussig, Harry / Folk-Style Guitar, Oak, Sof (1973), p 97 Lyrics and chords available from Folk Den Project; genre Folk; styles Folk; tags roger mcguinn"
012_012843.mp3,"This song is actually made up of two traditional songs combined by Lead Belly. They are prison work songs used for flat weeding. 'Rattler' was the name generally given to the lead search dog on a prison farm. The name 'Old Riley' comes up in at least one other prison song. The line 'Believe I'll do like Old Riley, Old Riley walked de Brazos' appears in 'Ain't No More Cane on the Brazos.' When an inmate tried to break out of prison, he would make his way up the river bed through the shallow water, to lose his scent to the blood hounds who were in hot pursuit. This was called 'walking the water.' Apparently Old Riley was one prisoner who got away. Lyrics and chords available from Folk Den Project; genre Folk; styles Folk; tags roger mcguinn"
012_012844.mp3,I remember watching Roy Rogers when I was a Chicago cowboy in the 1940s. Bob Nolan and the Sons of the Pioneers sang Red River Valley in a movie by the same name. This song always reminds me of my childhood fantasies of riding the range with a cowboy hat and a good chestnut mare. Lyrics and chords available from Folk Den Project; genre Folk; styles Folk; tags roger mcguinn
012_012846.mp3,"I first heard this song at the Gate of Horn in Chicago. Bob Gibson and Bob Camp were a duo for a short time and this was one of thier most intense songs. It’s about The Battle of Wabash River. It was also known as ‘St. Clair’s Defeat’ which was fought on November 4, 1791 between the United States and an American Indian confederacy, as part of the Northwest Indian War (also known as ‘Little Turtle’s War’). The American Indians were led by Michikinikwa (’Little Turtle’) of the Miamis and Blue Jacket of the Shawnees. The Americans were led by General Arthur St. Clair. The Indian confederacy was victorious. The battle was the most severe defeat ever suffered by the United States at the hands of American Indians; indeed, in proportional terms it was the worst defeat that United States forces have ever suffered in battle. As a result, President George Washington forced St. Clair to resign his post, and Congress initiated its first investigation of the executive branch. More information at these URLs: wikipedia.org QM Museum Ohio britannica.com Lyrics and chords available from Folk Den Project; genre Folk; styles Folk; tags roger mcguinn"
012_012851.mp3,"Ruben Ranzo, an inexperienced sailor is shanghaied aboard a whaling ship. The captain's daughter takes pity on him, teaches him navigation and the finer points of sailing, marries him and he becomes the finest sailor on the seas. It has been suggested that Ranzo is a corruption of the name Lorenzo. American whaling ships often recruited Portugese seamen in the Azores, and Ranzo may have been one of these. * The holy stone resembled a vacuum cleaner in shape, but weighed around twenty-five pounds. A round stone was at the end of a handle. Sand was put on the deck and sailors scrubbed to get the gunk out of the wood. Lyrics and chords available from Folk Den Project; genre Folk; styles Folk; tags roger mcguinn"
012_012852.mp3,"This is an old southern spiritual, inspired by the Bible's Revelation chapter 21. Revelation 21 - King James Version ( Public Domain) Lyrics and chords available from Folk Den Project; genre Folk; styles Folk; tags roger mcguinn"
012_012853.mp3,"I first came across this poem in 1981, in San Francisco at my sister-in-law's house. My wife Camilla was looking through a poetry book that she'd owned in high school, and said, 'wouldn't this make a great song?' I got out my 12-string guitar and made up a melody on the spot. 'America For Me' was written by Henry Van Dyke. Born November 10, 1852, in Germantown, Pennsylvania, and educated in theology at Brooklyn Polytechnic, Princeton, and Berlin, Henry Van Dyke worked twenty years as a minister, first in Newport, Rhode Island, from 1879 to 1883 and next in New York until 1899. His Christmas sermons, his essays, and his short stories made him a popular writer. His poems reveal a classical education as well as a common touch in matters of faith. He became Professor of English Literature at Princeton in 1900. During World War I he acted as American Minister to the Netherlands (1913- 1916) and then naval chaplain, for which he was awarded the Legion of Honor. He died April 10, 1933. I respectfully submit this song for the Folk Den, in honor of all Americans, in the face of this great tragedy. Lyrics and chords available from Folk Den Project; genre Folk; styles Folk; tags roger mcguinn"
012_012854.mp3,Lyrics and chords available from Folk Den Project; genre Folk; styles Folk; tags roger mcguinn
012_012855.mp3,"Verses 1 & 2, were written by an anonymous author, Some sources show the author as Martin Luther; this attribution (probably incorrect) is based on the title 'Luther's Cradle Hymn,' given to these words by the composer, James Murray. Verse 3 is by John Thomas McFarland (1851-1913). Thanks to Richard W. Adams for doing this research. 'Mueller,' James R. Murray, 1887 Lyrics and chords available from Folk Den Project; genre Folk; styles Folk; tags roger mcguinn"
012_012856.mp3,"In October of 2000, Camilla and I were on a tour, driving up the East Coast. We stopped in Beaufort, South Carolina because that was where she was born. Camilla went for a walk down a tree lined street in her old hometown and found herself at the church where her mother had been baptized. It was a sentimental time for her, because her mother had just passed away a few months earlier. In the church, she picked up a hymnal. As she was browsing through it, the pastor walked in. She told him about being born there, and that his was the church which her mother had attended. He graciously gave her the hymnal as a remembrance of her mother and Beaufort. After the September 11, 2001 disaster, I was looking for a song that would fit the feeling in America. Camilla picked up the hymnal and found this. The arrangement with the contrapuntal background parts is one that she remembers from her youth. We recorded this in Dublin, Ohio on Camilla’s 50th birthday, with our friend Bill Lee on background vocals. Lyrics and chords available from Folk Den Project; styles Old-Time / Historic, Folk; tags roger mcguinn"
012_012857.mp3,"In the late 60's Peter Fonda would call me up and say, 'Jim, would you come over with your banjo, Justin wants to hear that song about Old Blue again.' I'd drive over the hill to Peter's house and jam a little, and play this song for his son. Lyrics and chords available from Folk Den Project; genre Folk; styles Folk; tags roger mcguinn"
012_012858.mp3,"The term bullgine was derisive shipboard slang for an engine. Sailors didn't like them much, and many still don't today. I recorded this song on the album 'Judy Collins 3' on Elektra Records in 1963. This is a slightly different version, but my banjo part is pretty close to the one I played on Judy's record. This is a rollicking halliards chantey. The Margot Evans was a packet ship, one of the first vessels to guarantee delivery of its mail packets across the Atlantic in a specified amount of time. Lyrics and chords available from Folk Den Project; genre Folk; styles Folk; tags roger mcguinn"
012_012860.mp3,"This is one of the great American folk songs that I learned at the Old Town School of Folk Music in Chicago. I love playing banjo on this song, which according to John Lomax is originally from North Carolina. Cindy is a widely known frolic tune, appearing in many folk music collections and even old elementary school songbooks. Lyrics and chords available from Folk Den Project; genre Folk; styles Folk; tags roger mcguinn"
012_012861.mp3,"What is a 'colly-bird' in the context of the traditional English song 'The Twelve Days of Christmas'? 'On the fourth day of Christmas my true love sent to me four colly-birds, three French hens, two turtle doves and a partridge in a pear tree.' The first edition of the Oxford English Dictionary published the section covering 'colly' in October 1891. It reveals that 'colly' is, or was, an old English word meaning black, from 'coal'. And, it says, a 'colly-bird' is the Blackbird. Lyrics and chords available from Folk Den Project; styles Novelty, Experimental, Sound Effects, Folk, Holiday; tags roger mcguinn"
012_012862.mp3,"styles Pop, Electronic; tags petit mal"
012_012866.mp3,"styles Avant-Garde, International, Experimental; tags kostas vomvolos"
012_012877.mp3,"styles Avant-Garde, International, Experimental; tags kostas vomvolos"
012_012878.mp3,"styles Avant-Garde, International, Experimental; tags kostas vomvolos"
012_012879.mp3,"This is a spiritual I learned many years ago at the Old Town School of Folk Music in Chicago. It refers to a part of the Old Testament where Ezekiel sees a vision of concentric wheels floating in space. They have many properties attributed to flying saucers. It makes one wonder whether people who claim to see flying saucers are seeing into a spiritual dimension. There are many mysteries. I have recorded this song in the new genre Pho-Kop to coincide with the April 1, 2004 release of my new CD 'Limited Edition' where Pho-Kop first appears in the song 'Shady Grove.' Trad., Arr. R. McGuinn / McGuinn Music (BMI) 2004 Lyrics and chords available from Folk Den Project; genre Folk; styles Folk; tags roger mcguinn"
012_012880.mp3,This is a Southwestern play-party song. Play party songs were designed to protect young people from the evil business of square dancing. Any number of couples would join hands and form a ring. The ladies would march around a single man and sing the first part of the song at a slow tempo. The man would chose a partner from the ring and the dancers would skip around them singing 'Two in the middle and I can't dance Josie.' This would continue until all couples were In the center. They would swing left and Right. Lyrics and chords available from Folk Den Project; genre Folk; styles Folk; tags roger mcguinn
012_012881.mp3,"A cowboy love song. All sources point to a cowboy from Duluth, MN whose name is unknown. He was brought to the hospital after being thrown and trampled by what he called 'a terribly bad hoss.' A surgeon, Dr. T.L. Chapman, treated the wrangler for 'bones of both upper and lower legs broken, fractures of the collar bone on both sides, numerous fractures of both arms and wrists, and many scars from lacerations.' As the unknown cowboy convalesced and his strength returned, he sang across the hospital ward in a mellowed tenor voice, and the other patients always called for more. One of the songs he sang was Colorado Trail. Camilla and I have added two new verses to the traditional first verse. I chose this song because we'll be driving from Florida to Colorado in April to play a concert at the King Center for the Performing Arts on the Auraria Campus, in Denver on April 5th. Lyrics and chords available from Folk Den Project; genre Folk; styles Folk; tags roger mcguinn"
012_012882.mp3,Lyrics and chords available from Folk Den Project; genre Folk; styles Folk; tags roger mcguinn
012_012883.mp3,This was originally an American Honky-tonk song but has returned to the United States by way of the Bahama Islands. Lyrics and chords available from Folk Den Project; genre Folk; styles Folk; tags roger mcguinn
012_012884.mp3,"John A. Lomax made his memorable recording. Lomax tells the tale in his remarkable book, Adventures Of A Ballad Hunter, published by MacMillan in 1947: 'A few miles away from College Station (ie the Texas A&M College, where Lomax first began collecting folk songs) runs the Brazos River. The broad bottom lands of that river were covered with large cotton plantations. There, one day in 1908, behind lowered curtains in the home of a bachelor overseer I first saw jazz danced between the sexes. Even this rough man was unwilling to allow the public to know that he permitted young Negroes to dance in the postures now accepted as a matter of course in barrel-houses and honkytonks in cities of the South. I discovered at this time the Ballet Of The Boll Weevil, Dink's Fare You Well, Oh Honey and many 'blues'. Carl Sandburg, whom I place first among all present amateur folk singers, uses regularly the first two songs on his programmes. He says that Dink's song reminds him of Sappho. I found Dink washing her man's clothes outside their tent on the bank of the Brazos River in Texas. Many other similar tents stood around. The black men and women they sheltered belonged to a levee-building outfit from the Mississippi River Delta, the women having been shipped from Memphis along with the mules and the iron scrapers, while the men, all skilful levee-builders, came from Vicksburg. A white foreman volunteered: 'Without women of their own, these levee Negroes would have been all over the bottoms every night hunting for women. That would mean trouble, serious trouble. Negroes can't work when sliced up with razors.' The two groups of men and women had never seen each other until they met on the river bank in Texas where the white levee contractor gave them the opportunity presented to Adam and Eve - they were left alone to mate after looking each other over. While her man built the levee, each woman kept his tent, toted the water, cut the firewood, cooked, washed his clothes and warmed his bed. Down on the dumps nearer the river, clouds of drifting dust swirled from the feet of moving mules and from piles of shifted earth, while the shouts of the muleskinners sometimes grouped themselves into long-drawn-out couplets with a semi-tune - levee camp hollers: I looked all over the corral, Lawd, I couldn't find a mule with his shoulder well. Lawd, they won't 'low me to beat 'em, Got to beg 'em along. But Dink, reputedly the best singer in the camp, would give me no songs. 'Today ain't my singin' day,' she would reply to my urging. Finally, a bottle of gin, bought at a nearby plantation commissary, loosed her muse. The bottle of liquor soon disappeared. She sang, as she scrubbed her man's dirty clothes, the pathetic story of a woman deserted by her lover when she needs him most - a very old story. Dink ended the refrain with a subdued cry of despair and longing - the sobbing of a woman deserted by her man. Lyrics and chords available from Folk Den Project; styles Folk, Blues; tags roger mcguinn"
012_012885.mp3,"This song is well known on both sides of the Atlantic, used on sailing ships as a short haul as well as a forcastle (fo'c'sle) shanty. Lyrics and chords available from Folk Den Project; genre Folk; styles Folk; tags roger mcguinn"
012_012899.mp3,"Some of you may think this song was written by Lead Belly, or Led Zeppelin, or is the name of a now defunct German band, but it's really a traditional American song that may date back to the 18th Century. A case of true love being stronger than blood. Lyrics and chords available from Folk Den Project; genre Folk; styles Folk; tags roger mcguinn"
012_012917.mp3,genre Folk; styles Folk; tags roger mcguinn
012_012918.mp3,genre Folk; styles Folk; tags roger mcguinn
012_012920.mp3,genre Folk; styles Folk; tags roger mcguinn
012_012925.mp3,"Lute by Andrea Damiani; genre Classical; styles Composed Music, Classical; tags lute, baroque, voice, vocal, piano, classical, jazz, soprano, jody pou"
012_012928.mp3,"styles Noise, Avant-Garde, Experimental, Singer-Songwriter, Folk, Free-Folk; tags chicago no wave, improvisation, u can unlearn guitar, experimental, noise"
012_012939.mp3,"styles Noise, Avant-Garde, Experimental, Singer-Songwriter, Folk, Free-Folk; tags chicago no wave, improvisation, u can unlearn guitar, experimental, noise"
012_012942.mp3,"styles Spoken Weird, Spoken, Unclassifiable, Experimental; tags slaughtering slobbersville"
012_012943.mp3,"styles Spoken Weird, Spoken, Unclassifiable, Experimental; tags slaughtering slobbersville"
012_012945.mp3,"styles Folk, Pop, Singer-Songwriter; tags pop, greg houwer, belgian"
012_012946.mp3,"styles Folk, Pop, Singer-Songwriter; tags pop, greg houwer, belgian"
012_012978.mp3,"styles Experimental, Electronic; tags norja"
012_012979.mp3,"styles Jazz: Out, Improv, Jazz, Experimental; tags weasel waltermary halvorsonpeter evans"
012_012980.mp3,"styles Jazz: Out, Improv, Jazz, Experimental; tags weasel waltermary halvorsonpeter evans"
012_012992.mp3,genre Electronic; styles Electronic; tags d-84
013_013000.mp3,"genre Experimental; styles Noise, Sound Collage, Experimental; tags wm berger"
013_013012.mp3,"genre Experimental; styles Noise, Sound Collage, Experimental; tags wm berger"
013_013013.mp3,"genre Experimental; styles Noise, Sound Collage, Experimental; tags wm berger"
013_013017.mp3,"styles Noise, Experimental, Electroacoustic, Rock, Loud-Rock, Electronic, Noise-Rock; tags primate arena"
013_013019.mp3,"styles Noise, Experimental, Electroacoustic, Rock, Loud-Rock, Electronic, Noise-Rock; tags primate arena"
013_013021.mp3,"Strings Of Consciousness has united acoustic music and digital technology. The sound of Strings Of Consciousness is meant and dreamt to be adventurous and creative. Throughout the past few years we have noticed that more and more experimentalists were expressing less and less concern for their potential listeners, forgetting to respect some structures/directions in their composition and most of all lacking humanity. Even if we sculpt and craft our music with a lot of focus on detail and days and days of editing, for us it is important to convey emotions, feelings. Today, 14 musicians form the collective though the heart of Strings Of Consciousness is a string quartet, as its name makes clear, but it is also a direct literary reference to the ""stream of consciousness"", a term that was earlier in the 20th century to illustrate the flow of words echoing the narrator's thoughts. A narrative technique which is dear to the ensemble because of musical freeforms they all feel strongly about. Though we do not believe that free playing equals everyone playing at once. Grace and space are of the utmost importance. Founded by Philippe Petit (BiP_HOp / Pandemonium Rdz.) and Hervé Vincenti and starting life as a small group of musicians from Marseilles, France, the ensemble expanded by recruiting like-minded musicians from across the Globe. Their unique sound has been likened to latter-day Talk Talk, Angelo Badalamenti, Do Make Say Think, Tortoise and Arab Strap often in the same breath. Hervé Vincenti (guitars / samplers / keys) + Abdenor Natouri (double bass) + Andy Diagram (trumpet / electronics) + Karim Tobbi (guitar) + Perceval Bellone (saxophone) + Philippe Petit (laptop) + Lydwine Vanderhulst (piano) ""Our Moon Is Full"" features vocal collaborations from J.G. Thirlwell (Foetus), Scott McCloud (Girls Against Boys), Eugene Robinson (Oxbow), Lisa Smith-Klossner, Pete Simonelli (Enablers), Black Sifichi and Barry Adamson. Contact: http://www.myspace.com/stringsofconsciousness; styles Avant-Garde, Jazz, Experimental, Free-Jazz, Electronic, Improv; tags clinical archives, free-jazz, avant-garde, experimental, various, jazz, improvisation, electronic, strings of consciousness"
013_013022.mp3,"Formed by Austrian saxist Herbert Könighofer and sound artist Norbert Bieber, The Black Hakawati fuses classical jazz elements with lush flying carpets of electronically generated and treated sounds. Ranging from gloomy yet enlightening jazz ballads to edgy, expressive groove monsters their sonic fairy tales conquer the dedicated listener with a passionate love for details and sound. (big image) Previously unreleased, “There’s a Hole at the End of the Tunnel” is a vivid example for TBH’s abilities to create subtle darkness, featuring Klaus Kircher (bass) and Andy Collett (guitar). Contact: http://www.myspace.com/theblackhakawati; styles Avant-Garde, Jazz, Experimental, Free-Jazz, Electronic, Improv; tags clinical archives, free-jazz, avant-garde, experimental, various, jazz, improvisation, electronic, the black hakawati"
013_013023.mp3,"This version is based on a track originally performed and improvised live as part of a working session in which Professor Psygrooves handled electronics, live treatments and effects, and M. Sevrain (aka. Bigmik) played long piano and synth. Then, and exclusively for this compilation, the Professor recorded a drums improvisation and mr. August Engkilde, with his amazing sense of bass playing, added groovy double-bass lines. The resulting piece consists in a ""humanized"" special version, which combines ambient electronics, big dubs, and sound textures with the lively impression of an improbable trio... Credits : Professor Psygrooves (jarring effects label, fr) : electronics, sound treatments, drums, mix, edits Big Mik (mutt productions, fr) : long piano, nordlead synth August Engkilde (brumtone recordings, dk) : double-bass... Notes : * Look at the artists links for more informations and details. http://www.myspace.com/prpsygrooves; styles Avant-Garde, Jazz, Experimental, Free-Jazz, Electronic, Improv; tags clinical archives, free-jazz, avant-garde, experimental, various, jazz, improvisation, electronic, professor psygrooves friends"
013_013024.mp3,"DAMO SUZUKI & NOW - ""The London Evening News"" For this recording: CASPAR GORDON = trombone / synthesizer CRAIG TAMLIN = percussion / trumpet DAMO SUZUKI = voice GILES NARANG = drums JUSTIN PATON = synthesizers / percussion PETER LOWIS = bass guitar YUHI NAKANO = synthesizer In London, 1998, songwriter Justin Paton thought up a new group called NOW, so regular rehearsals were arranged with friends helping out on various instruments and NOW was born. Along the way the NOW line-up has evolved to include the following: ANGELA LAST = bass, voice, synth, guitar, percussion JUSTIN PATON = voice, guitar, synth, percussion, bass RICHARD THOMAS = cello, voice, melodica, percussion On ""THE HEPADABOO"", their second studio album released by the Japanese label Flau, NOW are delving further into the unexplored regions of off-beat pop music. An EP named ""OISHEEDY ANNA"" is also out on Discordance records and their first album, named ""FRISBEE HOTPOT"", was released in 2006 on Pickled Egg records. NOW have worked with visionary underground musicians such as Cans Damo Suzuki (a joint album was released on TRI recordings in 2007, named ""THE LONDON EVENING NEWS"", and got a rave review in The Wire magazine), Charles Hayward (This Heat/Camberwell Now), Mike Watt (The Stooges/The Minutemen/Firehose/Ciccone Youth), Norways' Metronomicon collective and Salvatore, Kaori Tsuchida (The Go! Team), The Klinker club, Resonance FM Radio, the Kosmische club, Rebecca Closure and Man From Uranus, and regularly appeared on CD and vinyl compilations. Their sense of adventure continues to attract interesting collaborations, and has earned them support slots with bands such as Faust, Circle, Tunng, Psapp, Rothko, The Chap, Plaid and A Hawk & A Hacksaw. NOW could be described as catchy, contemporary, inventive, exotic, melodious, harmonious and disharmonious 21st century pop music. Contact: http://www.nowtheband.com http://www.damosuzuki.de http://www.myspace.com/damonow; styles Avant-Garde, Jazz, Experimental, Free-Jazz, Electronic, Improv; tags clinical archives, free-jazz, avant-garde, experimental, various, jazz, improvisation, electronic, damo suzuki now"
013_013025.mp3,"Sergio Ceballos (from RIP KC, Spain): Guitar Bernhard Fasching (from The Blowing Lewinsky, Austria): Drums Dave Schmidt (Sula Bassana, from Zone Six, Austria): Bass, sounds Interkosmos is the new intergalactic psychedelic space jam band contact: info@sulabassana.de http://www.myspace.com/interkosmosjam; styles Avant-Garde, Jazz, Experimental, Free-Jazz, Electronic, Improv; tags clinical archives, free-jazz, avant-garde, experimental, various, jazz, improvisation, electronic, space-rock, interkosmos, psychedelic, rock"
013_013026.mp3,"Benzolnye Mertvecy (Benzol Deadmen) is a Russian jam band, formed in St.Peterburg in 2005. Known for their epileptic live shows and an unbroken stream of releases on indie label Spina rec. Contact: http://www.myspace.com/benzolnyemertvecy; styles Avant-Garde, Jazz, Experimental, Free-Jazz, Electronic, Improv; tags clinical archives, free-jazz, avant-garde, experimental, various, jazz, improvisation, electronic, benzolnye mertvecy"
013_013027.mp3,"Tune : ""Bye bye blues"", by Fred Hamm and Dave Bennett Cédric Piromalli, piano, keyboards. Improviser and teacher. Born in 1976, French. City : Tours I play different kind of music related to improvisation, in differents bands going from classical jazz to improvised music, experimental, noise or pop/rock. Contact: http://www.myspace.com/cedricpiromalli; styles Avant-Garde, Jazz, Experimental, Free-Jazz, Electronic, Improv; tags clinical archives, free-jazz, avant-garde, experimental, various, jazz, improvisation, electronic, cdric piromalli"
013_013028.mp3,"Evgeny Makarov was born in Smolensk, Russia, in 1970. At the age of 15, he started playing the guitar. But he really forms himself playing blues and rock music. His start in free improvisation dates from a tour in Germany in 1995 with the jazz quartet formed by his father Vladislav (who was one of the pioneers in the field of free improvisation during the pre perestroika period.), ""the Vladislav Makarov Quartet"". During the next ten years, he divides his time between theatre and music, he goes on a training course to become an actor at the Dramatic Art Institute of Smolensk and receives his diploma in 1992. Since 2002, he has started composing. In particular he composed for a young French poet who performed in Berlin in the ""Slam Poetry"" evenings. Together with Vladislav Makarov and Valia Chesnais, a group has been launched by Evgeny - the ""New Russian Project"". The group played at the ""Mudd club"" in Berlin and recorded an album ""Hot Summer in Berlin Live "". At the end of the year 2003, he completed his first solo album ""Eleguitarycally"" ,and composes for a theatre-dance show, ""Das alte Kind"". Among his latest projects should be Xtra-trio with Paul Scwingenschlög and ""Trio Corteg"" with Alexei Borisov and Valia Chesnais Among other Makarov' collaborations are the joint projects with the Henry Kaiser, Gary Lucas(USA), Edgard Hirt, M.Veborg(Germany), Gilles Aubry (Switzerland), Markus Godwyn (England) Andrei Izdebski (Poland), Mark Sarazzy (France) Nikolai Rubanov, Dmitri Kahovski, Alexei Borisov, Andrej Bavtchenkov ,Ildar Harissov (Russia ), Anton Nikkila (Finland), Sören Roulf (Sweden), Raul Colosimo (Italy). Evgeny also collaborates with the artist Viktor Nikolaev and dancer Andrey Beresin (Pina Bausch group). Also Evgeny taking part at such wellknown international festivals as SKIF (SPB/Moscow 2004 - 2006), 100 Crad (Berlin 2003), TABU ( Berlin 2007) Contact: http://www.myspace.com/evgenymakarov; styles Avant-Garde, Jazz, Experimental, Free-Jazz, Electronic, Improv; tags clinical archives, free-jazz, avant-garde, experimental, various, jazz, improvisation, electronic, evgeny makarov"
013_013029.mp3,"1986 - 1988: founding member of Fear of God, hardcore-thrash/grindcore-quartett; a few releases, concerts & short tours. 1987 - now: solo-works as dave phillips (dp); humanimalism, voice, body, bruitism, musique concrète, field recordings; a bunch of releases & constantly touring. 1991 - now: member of Schimpfluch-Gruppe, a collective of bruitists & performers dealing with psychophysical tests, trainings & hearings, at the core consisting of Rudolf Eb.er (Runzelstirn & Gurgelstock), Marc Zeier (G*Park), Joke Lanz (Sudden Infant) & dp; bunch of releases & appearances. 1994 - 2004: various trips to Asia for field recordings, especially of insects. 2000 - ?: founding member of OHNE, with Tom Smith (To Live & Shave in L.A.), Daniel Löwenbrück (Tochnit Aleph label, Raionbashi) & Reto Mäder (rm74), a big & a small tour, a few releases. 2004 - now: 'dead peni' one-man-doom/metal/sludge-project, few releases. various collaborations (Randy H.Y. Yau, G*Park, Phroq, John Wiese, Eric Boros, Genetic Transmissions etc.). since 1987: live performances and tours (solo & with various projects) in Switzerland, Germany, Austria, France, Italy, Spain, Belgium, Netherlands, England, Denmark, Norway, Finland, Lithuania, Latvia, Poland, Czech Republic, Slovakia, Slovenia, Russia, Republic of Belarus, Romania, Greece, Canada, USA, Taiwan, Hong Kong, Japan, South Korea, Singapore, Australia, New Zealand. Contact: www.tochnit-aleph.com/dp www.myspace.com/dpdavephillips; styles Avant-Garde, Jazz, Experimental, Free-Jazz, Electronic, Improv; tags clinical archives, free-jazz, avant-garde, experimental, various, jazz, improvisation, electronic, dave phillips"
013_013030.mp3,"Alexander Senko (Russian Federation) - prepared double bass, electric piano, guitar, sound design. Paul Andreev (UK) - trumpet, percussion arranged and mixed by Alexander Senko Branched out in 2004 from the Moscow Acoustic Architecture Studio, JOAN SILVER PIN (aka J.S.P.) naturally summed up the results of long-time collaboration between the Russia most prominent electronic, jazz and rock artists. The interactions between very diverse musicians lead to the creation of so-called genreless music. The ideas come mostly from literature, paintings, movies, etc, and gradually take melodic, harmonic, rhythmic, and timbre shapes without any dominance of genre, style or concept over emotional perceptions by the artists involved. JSP easily talk in riddles with academic, electro acoustic, jazz, rock, ethnic and pop music. They do not create nothing new, but express the common by uncommon means, avoid iterations and affectations. Something closer to post-modern ideology, but in fact it’s just another occurrence of the mature artistic performance. Incorporating electronics, traditional instrumentations, esoteric vocalizations as well as atypical arrangement and production techniques, JSP sonic landscapes can earn the praise among a diverse variety of different audiences. The group relies most often on the experimental ambient aesthetic with subtly changes in content and timbre, mixing a warm, clean fusion of deliberate analog synths, gentle guitars, stark trumpet, smart percussive bits, loose and forceful vocal improvisations. Contact: http://www.myspace.com/jsporchestra; styles Avant-Garde, Jazz, Experimental, Free-Jazz, Electronic, Improv; tags clinical archives, free-jazz, avant-garde, experimental, various, jazz, improvisation, electronic, joan silver pin"
013_013031.mp3,"Live improvisation by Morgan Fisher (keyboards/vocals) (c) Morgan Fisher 2008 This is an excerpt from a live recording of Morgan's Organ #30 at Superdeluxe, Tokyo on July 20, 2006. Morgan's Organ is an ongoing series of monthly solo improvisation concerts by British keyboard player Morgan Fisher, who has lived in Japan since 1985. He has a remarkable collection of rare vintage keyboards. On this recording the following instruments are used: HOHNER CLAVINET/PIANET DUO HARMONA REED ORGAN HOHNER ELECTRA MELODICA GIBSON ECHOPLEX DIGITAL PRO MOOGERFOOGER MURF (photo - MO30-24+23.jpg) The Morgan's Organ concerts have all been recorded and some are now available on iTunes and other online music sites. They will eventually all be available. About artist: (big image) (big image) Morgan Fisher was born in London, England, on January 1st, 1950. 1966 - 1970: played the organ with soul / pop band The Soul Survivors, who in 1967 were renamed The Love Affair. They had a number one hit in 1968 with ""Everlasting Love"". 1972 - 1973: formed progressive rock band Morgan, with singer Tim Staffell (the vocalist with the band Smile, who later became Queen). Recorded two albums and a solo album ""Ivories"". 1973 - 1976: after a brief liaison with Third Ear Band, joined seminal British rock band, Mott the Hoople, whose biggest hit ""All The Young Dudes"" was written and produced by David Bowie. The band later became Mott, after singer Ian Hunter left; then with the addition of vocalist John Fiddler from Medicine Head it was renamed British Lions. 1978: set up a home studio and recorded, by himself, the Hybrid Kids album, an experimental/parody/art-punk covers album. A sequel entitled Claws soon followed. 1980: conceived and produced the unique Miniatures album (51 one-minute tracks by Robert Fripp, Gavin Bryars, Michael Nyman, The Pretenders, XTC, Penguin Cafe Orchestra, Robert Wyatt, The Damned etc). A sequel was released in 2000. Also recorded his first ambient album, Slow Music, with sax supremo Lol Coxhill. 1982: played with Queen on their 1982 tour of Europe, then took a long break from music and travelled in India and the USA. 1985: moved to Japan, where continued to make ambient and improvised music, and evolved a style of abstract photography he calls Light Painting. Japanese artists he has worked with include Yoko Ono, Dip in the Pool, The Boom, Heat Wave, Kina Shoukichi, Kokoo, Haruomi Hosono of Yellow Magic Orchestra. 2005: collaborated with Austrian musician Hans-Joachim Roedelius (of Cluster and Harmonia) on the ambient album Neverless. 2006: Performed with The Minus 5 and Robyn Hitchcock. Composed music for ""A Zen Life"", Michael Goldberg's documentary film on D. T. Suzuki, the renowned Zen scholar. 2007: Arranged and sang on a Soft Machine track for the Delta Saxophone Quartet, England's leading contemporary saxophone quartet. Two exhibitions of light paintings in Tokyo. Contact: http://www.myspace.com/morgansorganmusic http://www.morgan-fisher.com; styles Avant-Garde, Jazz, Experimental, Free-Jazz, Electronic, Improv; tags clinical archives, free-jazz, avant-garde, experimental, various, jazz, improvisation, electronic, morgan fisher"
013_013032.mp3,"This song has two parts. The first one is rather experimental ambient, the last one is (maybe) experimental Jazz ambient. To us it's just another MEDUSADA song. We don't care about genres. This song has been released in a rough demo version without some sounds that you can now hear under a slightly different name on some other NET label this year. We have re-arranged a few sounds, added new sounds (especially some drum sounds and female back. voices) and did a complete new mix and mastering. This is now the final version!!!! Contact: www.infinitus-ensemble.de www.myspace.com/infinitusensemble www.contramusikproduktion.de www.myspace.com/contramusikproduktion; styles Avant-Garde, Jazz, Experimental, Free-Jazz, Electronic, Improv; tags clinical archives, free-jazz, avant-garde, experimental, various, jazz, improvisation, electronic, infinitus ensemble"
013_013033.mp3,"Bluffing The Archons: Synthesizer | Clavinet | Organ | Electric piano | Guitar | Bass | Congas | Drumset | Percussions Contact: http://www.myspace.com/modeloftheinvisible http://www.musicv2.com/artist/model_of_the_invisible; styles Avant-Garde, Jazz, Experimental, Free-Jazz, Electronic, Improv; tags clinical archives, free-jazz, avant-garde, experimental, various, jazz, improvisation, electronic, model of the invisible"
013_013034.mp3,"on this recording: Josef Eriksson - guitar Stefan Larsson - percussion Martin Welander - percussion Contact: http://www.myspace.com/brokenquartet; styles Avant-Garde, Jazz, Experimental, Free-Jazz, Electronic, Improv; tags clinical archives, free-jazz, avant-garde, experimental, various, jazz, improvisation, electronic, broken quartet"
013_013035.mp3,"A blend of jazzy moods, heaviness and ritual electronic music. JD LaCroix (soft & hardware) Eve LaCroix (synths) H:K (guitars) Recorded, mixed & mastered at KillPop! Studio in November 2008. Contact: www.myspace.com/jailhousedog; styles Avant-Garde, Jazz, Experimental, Free-Jazz, Electronic, Improv; tags clinical archives, free-jazz, avant-garde, experimental, various, jazz, improvisation, electronic, tmk"
013_013036.mp3,"BF (Beggars Farm) Live recording ""First Meeting Took Place In A Tram"" from 2002 Heikki Tikas - bass Kalle Tikas - electric piano, analog synthesizer Madis Zilmer - drums Peep Ojaveski - guitar Contact: http://www.myspace.com/beggarsfarmbfmkdk http://mkdk.agentuur.ee/MKDK_records.html; styles Avant-Garde, Jazz, Experimental, Free-Jazz, Electronic, Improv; tags clinical archives, free-jazz, avant-garde, experimental, various, jazz, improvisation, electronic, bf"
013_013038.mp3,"""Populaere Mechanik started around 1980 as a group of people who began making music in the second half of the sixties beat, garage, psycedelic. With the advent of punk in the 70ties they found themselves in the situation of being too old for punk and to young to go on playing rock music like punk never happened. So they had to look elsewhere and found inspiration in jazz, avantgarde and electronics. One big influence was Conrad Schnitzler and his Zodiak Free Arts Lab where some of the original mechanics got their first whiff of freely improvised sound."" Contact: http://www.myspace.com/populaeremechanik http://www.myspace.com/freeartslab; styles Avant-Garde, Jazz, Experimental, Free-Jazz, Electronic, Improv; tags clinical archives, free-jazz, avant-garde, experimental, various, jazz, improvisation, electronic, populaere mechanik"
013_013039.mp3,"""Morviscous are an instrumental five piece based in London and Paris whose compositions plunder the various genres of the 20th Century with a sensibility that belongs to the idiosyncratic British tradition of popular experimental music. Likened to both heritage artists such as Soft Machine and King Crimson and contemporary acts ala Battles and Don Cabellero, Morviscous interpret the influences around them with a distinctive Englishness that’s rare in today’s musical climate. Bottlenecking through the buffers of both the Jazz and Popular traditions, critics agree that MV are starting to ‘demand your attention"". (Mike Barnes, Mojo 177 August 2008) Band Members: Pete Bennie - Jonny Mac - Christian Berg - Adam Coney - Nick Siddall Contact: http://www.myspace.com/morviscous http://www.morviscous.com; styles Avant-Garde, Jazz, Experimental, Free-Jazz, Electronic, Improv; tags clinical archives, free-jazz, avant-garde, experimental, various, jazz, improvisation, electronic, morviscous"
013_013040.mp3,"''INTRENCLANT'' from the OUTWARD BOUND is a live recording at St. Marcus Basilica in Iraclion (June 2008, Iraclion-Greece) Yannis Iliakis : drums He was born in Athens in 1982.He started playing the drums at age 14 in rock bands.In 2001 he started lessons in the Municipal Conservatory of Amarousion-Athens under Nikos Christopoulos.Now he studies under Nikos Sidirokastritis in the Modern Music School of Athens.He has attended lessons & seminars under Simon Goubert, Y.Stavropoulos, Z.Pinakoulakis, Jojo Mayer, V.Karipis, G.Danis and many more. Big influences: Jon Christensen, Tony Oxley, Christian Vander Dimitris Neonakis : guitar Grew up in Iraklio Crete where at the age of 14 he started playing electric guitar with local bands.At the age of 17 he moves to Athens and begins studying the guitar with Akis Tourkogiorgis and Makis Amplianitis.The past few years he also studies Cretan Laouto. Influences: Akis Tourkogiorgis, Makis Amplianitis, Giannis Spathas, John Mclaughlin, Jeff Beck, Mark Knopfler, Terje Rypdal, traditional Cretan musicians. Antonis Tsikandilakis : piano He was born in Heraklion (Crete-Greece) in 1979. He has studied the piano under the guidance of Efi Agrafioti, upper theory of music under the tuition of Minas Alexiadis, Panayiotis Adam and Evaggelos Kokkoris, as well as contemporary music with the help of Sami Amiri. What is characteristic of his relation to the piano is the practice of improvisation. In this field of improvisation he co-exists with Dimitris Neonakis,guitarist, and Yannis Iliakis,drummer, working altogether on compositions of the band Contact: http://www.myspace.com/outwardboundtrio; styles Avant-Garde, Jazz, Experimental, Free-Jazz, Electronic, Improv; tags clinical archives, free-jazz, avant-garde, experimental, various, jazz, improvisation, electronic, outward bound"
013_013041.mp3,"Goat is a unique trio combining an exceptional sonic palette with an expansive sense of space and composition. They propel their music forward with a sharp harmonic and rhythmic sensibility, motivic development and a willingness to embrace spontaneity. With a unique arsenal of loops and electronic gadgetry combined with woodwinds, electric guitar and drumset, Goat embarks on a process that spans elements of rock, jazz and modern classical music. Their music is accessible to a large variety of audiences as they combine seemingly disparate genres of music through an abstract filter, spitting them out into a stark blend, creating a distinctive soundtrack for the imaginations of everyone. The High Priestess is from Goat's newest CD, /Special Agent/ Greg Sinibaldi - tenor sax and ewi/electronics Zach Stewart - guitar/electronics Denali Williams - drums Contact: www.gregsinibaldi.com/goat.htm www.myspace.com/goatisevil; styles Avant-Garde, Jazz, Experimental, Free-Jazz, Electronic, Improv; tags clinical archives, free-jazz, avant-garde, experimental, various, jazz, improvisation, electronic, goat"
013_013042.mp3,"About 永見行崇 (Nagami Yukitaka) Nagami Yukitaka is a piano, organ, percussion player, and composer. Born: 24 September 1972 Birthplace: Izumo City, Shimane Prefecture, Japan 1977: Began playing piano at age 5 1995: Graduated from Kyushu Institute of Design (major in acoustic design) 1996: Began his career as a professional jazz pianist 1998: Moved to New York and learned piano from Barry Harris 1999: Learned to play sabar, a percussion instrument, from Doudou Ndiaye Rose and his family in Senegal 2000: Performed with Cleve Douglass, a jazz vocalist from New York, at Blue Note Fukuoka 2001-2003: Appeared in the musical “The Lion King” by Shiki Theater Company 2004: Appeared on the EBS (Korea) television program “ASIA MUSIC FESTIVAL” 2005: Performed at the opening concert in NGO global village of EXPO 2005 AICHI, JAPAN 2006: Released the first solo album “Michishirube (Milestone)” Nagami has been playing as a pianist (piano, Hammond organ) mainly in jazz. He also plays various percussion instruments like sabar, the folk instrument in Senegal, and has a great knowledge of folk music in Asia, Africa, Brazil, and Latin America. He has played on several occasions with the local musicians. He often plays piano improvisations with calligraphers, yoga swamis and other artists in various areas, while working as a member of his own group or as a solo pianist. He is not only focused on computerized music productions, but actively writes songs for films, radio programs or theaters, making an all-round appeal. Contact: http://nagamiyukitaka.com http://www.myspace.com/nagamiyukitaka; styles Avant-Garde, Jazz, Experimental, Free-Jazz, Electronic, Improv; tags clinical archives, free-jazz, avant-garde, experimental, various, jazz, improvisation, electronic, nagami yukitaka"
013_013043.mp3,"THE STONER Nils Berg - Tenor sax, Bass clarinet, Flute Jonas Östholm - Piano Nils Ölmedal - Kontrabas Jon Fält - Trummor Since their debut in 2004 The Stoner has released three albums, and grown to something of a creative centre of the new nordic jazz movement. With an outstanding charisma they deal with the jazz tradition with a playfulness inspired rather by The Beatles than John Coltrane. - A concert with the Stoner should feel like a good thriller. Exciting, beautiful and unpredictable. Although we play encores, you don't get that at the cinemas. Nils Berg, composer and director of the band, places the music somewhere between The Beach Boys, Broadway and ""the good old swedish angst"". - A couple of our new songs are real heart-achers. Maybe we should find ourselves a shrink. Really, we just want to play music that makes people dance... The Stoner have been touring Sweden extensively, when not on the road in South Africa, Scotland or Russia. The members of the band are far from faithful, two-timing with the swedish jazz elite alongside international stars like Tomasz Stanko, Bobo Stenson and Mando Diao. Press: “A new kind of jazz” “Music that holds more than it excludes – it has groove, beauty and something almost naïvely affirmative to it” (DN) “Listening to this makes me stunned and thoroughly happy. How dare they?” (V-K) “The Stoner stands at the front, staring the future of Swedish Jazz straight in the eye” (dagensskiva.com) “Tenor sax player Nils Berg leads the quartet the Stoner with credit. He turns established concepts on their sides, liberated from all that is prestige” “Audiopharmacologic for the people!” (Svd) Please refer to WWW.THESTONER.COM for sounds, pictures and more info; styles Avant-Garde, Jazz, Experimental, Free-Jazz, Electronic, Improv; tags clinical archives, free-jazz, avant-garde, experimental, various, jazz, improvisation, electronic, the stoner"
013_013044.mp3,"Recorded: November 2007 at: Studio schloter.com, Dieburg, Germany Band members: Reinhard Fenkl-Anspach (as) Guenter Froehlich (g) James Hergott (b) Ralph Schloter (dm, kb, comp) (big image) JUNGFRAUENJOCH is a german formation that was founded some years ago when three musicians got fed up with traditional/oldtime jazz and dissociated from the NoName Jazzband. An acoustic trio with sax/trumpet, bass and drums quite exceptionally was partly pimped with electronics. After a jazz conceptions workshop in 2005 the MK I instrumentation with Albert Bormuth (ts, tp), James Hergott (b) and Ralph Schloter (dm, kb, comp.) was enhanced by Reinhard Fenkl-Anspach (as) and Guenter Froehlich (g). Contact: http://www.jungfrauenjoch.de; styles Avant-Garde, Jazz, Experimental, Free-Jazz, Electronic, Improv; tags clinical archives, free-jazz, avant-garde, experimental, various, jazz, improvisation, electronic, jungfrauenjoch"
013_013045.mp3,"Antoine Guenet : organ, composition Steven Delannoye : saxophone Lander Gyselinck : drums The Strong & Wrong trio was founded in 2008 by pianist/composer Antoine Guenet in order to experiment in complete freedom with music composition and performance. For that purpose, he surrounded himself with two musicians sharing his wish : Steven Delannoye (saxophones) and Lander Gyselinck (drums). Together they are making the fully wrong but strong sound of the modern eclectic punk/free jazz trio. Contact: http://www.myspace.com/strongandwrong; styles Avant-Garde, Jazz, Experimental, Free-Jazz, Electronic, Improv; tags clinical archives, free-jazz, avant-garde, experimental, various, jazz, improvisation, electronic, ag3io strong and wrong"
013_013046.mp3,"""Improvised and executed with closed eyes and open heads..."" Band Members: Zuri Waters (alto sax) Manny Vega (upright bass) Preston Swirnoff (piano, percussion, bells, fender rhodes, organ) David Hurley (Drums, Percussion, Flute/misc. winds, Moog Synth) Contact: http://www.myspace.com/seesawensemble; styles Avant-Garde, Jazz, Experimental, Free-Jazz, Electronic, Improv; tags clinical archives, free-jazz, avant-garde, experimental, various, jazz, improvisation, electronic, seesaw ensemble"
013_013047.mp3,"Musicians : Agathe Vitteau, piano Cédric Lemaire, drums Sébastien Jeser, doublebass Contact: www.myspace.com/bloomktrio; styles Avant-Garde, Jazz, Experimental, Free-Jazz, Electronic, Improv; tags clinical archives, free-jazz, avant-garde, experimental, various, jazz, improvisation, electronic, bloom k trio"
013_013048.mp3,"Floating on the surface are fragments of something that once was whole, now swirling and eddying, carried by a motion that sways from turbulence to dead calm. This is the improvised musical space inhabited by London’s Oli Mayne on Vibraphone, Noel Taylor on clarinet and James’O Sullivan on guitar. ""Any ship, yron, leade, or other goods floating or lying under the water or in the depth, of which there is no possessor or owner, which commonly are called Flotzon, Jetson, and Lagan."" (‘Articles concerning the admiralty of England, and the iurisdiction thereof’, 1591) Flibbity Jibbet www.myspace.com/flibjib omvibraphone www.myspace.com/omvibraphone; styles Avant-Garde, Jazz, Experimental, Free-Jazz, Electronic, Improv; tags clinical archives, free-jazz, avant-garde, experimental, various, jazz, improvisation, electronic, oli mayne noel taylor amp james osullivan"
013_013049.mp3,"Members of the group: Thomas Dubois (piano), David Lara (soprano sax), Jean Rougier (bass) Contact link: http://www.myspace.com/leratdubois; styles Avant-Garde, Jazz, Experimental, Free-Jazz, Electronic, Improv; tags clinical archives, free-jazz, avant-garde, experimental, various, jazz, improvisation, electronic, leratdubois"
013_013050.mp3,"original jazz quartet composition Ali Berkok - Piano, Mark Laver - saxophone, Gord Mowat - bass, Jake Oelrichs - drums Arkana Music is noted for its creative risk taking and virtuosity. Russ Cooper of Panpot.ca described their debut album, Hyprovisation as ""a truly gorgeous discovery packed with remarkable musicianship,"" and John Book of da bookman's blog said ""these guys know how to play with the kind of tenacity which comes from not only knowing your instrument, but knowing how to play music."" Arkana Music is a Toronto based modern jazz quartet focused on improvisation and creative music. All compositions are by Ali Berkok and each piece is written in order to create a different environment, without relying on existing jazz vehicles and devices. Since its inception, Arkana has performed in many of Toronto's established venues such as the Rex Hotel, Cameron House, Tranzac and the Trane Studio, and newer clubs like the Central and Concord Cafe. Arkana has received airplay on international radio and podcasts, reaching as high as 1 on Calgary's CJSW jazz chart. As well, the band was recently featured as the soundtrack to Deartoronto.com coverage of Toronto's ""Nights of Fire"" event. The beginnings of the band date back to collaborations between Ali and saxophonist Mark Laver, which took place at the Banff Centre For The Arts in 2005. Here, Ali and Mark were introduced to a world of techniques outside of the mainstream. Shortly thereafter, while working in Hong Kong, Ali started working on the initial pieces for the band. Arkana Music first appeared in May 2006 at the Concord Cafe in Toronto. Contact: http://www.arkana-music.com http://www.myspace.com/arkanamusic; styles Avant-Garde, Jazz, Experimental, Free-Jazz, Electronic, Improv; tags clinical archives, free-jazz, avant-garde, experimental, various, jazz, improvisation, electronic, arkana music"
013_013051.mp3,"Recording Date: Aug 5, 2008 This track was recorded at Sertso Studio in Woodstock, NY at the time of their 4th release ""You Can't Get There From There"". Ted ""Deadly Tedly"" Orr - midi guitar John ""Geeze"" Lindberg - processed double bass Harvey ""Mudcat"" Sorgen - drums All compositions by Orr/Lindberg/Sorgen Lindy Publishing Company BLOB is a psychedelic experimental jam band, that focuses on recording their spontaneously created journeys that embrace a multiplicity of genres, taking their burgeoning legion of followers to exciting, energy and spirit driven spaces with each foray. BLOB is all about the moment, and those moments are eclectic, honest, and heart pounding. It is full-out instrumental playing within a stream of consciousness mindset that speaks to a world in desperate need of this level of immediate expressionism. Discography The Awakening (2007 out of print) Halloween (2008 clinical archives) Quantum Fugue(2008 Lindy Editions) You Can't Get There From There (2008 unreleased) Ted ""Deadly Tedly"" Orr is a renowned guitar virtuoso and an innovator in the arena of midi guitar performance. He has recorded and/or performed with Sly Stone, George Clinton & P-Funk, Maceo Parker, Fred Wesley, Pee Wee Ellis, Bad Brains, Gary Windo, Karl Berger, Creative Music Sudio Orchestra, Garth Hudson, Ismet Siral, Wadada Leo Smith, Nana Vasconcelos, Trilok Gurtu, Sonny Murray, Hunter S. Thompson,Buddy Miles, Swollen Monkeys, Stanley Jordan, 420 Funk Mob, CacophonicFunk Mob, Winston Grennan, Futu Futu and others. Ted maintains a parallel career as an audio engineer; a unique talent that has given BLOB its public voice. John ""Geeze"" Lindberg has been a seminal figure in the world of creative music for over thirty years, having toured worldwide performing his own work leading ensembles, with the String Trio of New York, and as featured bassist with artists ranging from Anthony Braxton to Wadada Leo Smith. He has released over sixty albums featuring his work. He recently created and produced JazzHopRevolution with hip-hop emcee Rahman Jamaal. Harvey ""Mudcat"" Sorgen has performed and /or recorded with the following artists: Hot Tuna, Ahmad Jamal, Michelle Shocked, Paul Simon, Dewey Redman, Dave Douglas, Mark Feldman, Zakir Hussain, Giovanni Hildago, Wadada Leo Smith, Cameron Brown, Steve Swell, Neil Rolnick, Anthony Braxton, Carter Jefferson, John Stubblefield, Brenda Buffalino, Honi Coles, Daunik Lazro, Todd Reynolds, Derrick Trucks, Roswell Rudd, Phil Lesh, David Torn, The Memphis Pilgtims, Bill Frisell, Fonda/Stevens Group, Carlos Santana, Dry Jack, Art Lande, John D'Earth, NRBQ, Bob Weir, Greg Allman, Marcel Monroe, The Mallards, Sorgen-Rust-Windbiel Trio, Jack DeJohnette, Dave Samuels, Drew Gress, Tony Levin, Pete Levin, Garth Hudson, Jimmy Vivino, among many others. Contacts: www.blobmusic.com www.myspace.com/blobusa www.blobusa.podomatic.com www.johnlindberg.com/BLOB; styles Avant-Garde, Jazz, Experimental, Free-Jazz, Electronic, Improv; tags clinical archives, avant-garde, jazz, electronic, experimental, free-jazz, improvisation, blob, other, eclectic, jam band, psychedelic, expressionism"
013_013052.mp3,"Wozzeck was born on the 11th of September 2007 during the first studio session which became the album actually. The trio exceeds the limits of experimental music using some elements of free improv, free jazz, noise, ambient, psychedelia and even metal. They try not to lose composition ideas nevertheless. Being followers of John Zorn's Painkiller, Zu & Diskaholics Anonymous Trio the musicians create their unique musical world where everyone can find a bit of themselves. Ilia Belorukov – alto saxophone, electronics Mikhail Ershov – bass-guitar Pavel Mikheev – drums Contact: www.myspace.com/wozzeckuniverse; styles Avant-Garde, Jazz, Experimental, Free-Jazz, Electronic, Improv; tags clinical archives, avant-garde, jazz, electronic, experimental, free-jazz, improvisation, wozzeck"
013_013053.mp3,"More infos about track : CD: La Grande Peste Label: Insubordinations [insub26] http://www.insubordinations.net/releases26.html Date: 2008 PHAT is an ENERGIC Free-Rock/Free-Jazz/Noise ""power trio"" founded in october 2006 with Fabien Duscombs (drums, percussion), Marc Perrenoud (basses) et Heddy Boubaker (alto & bass saxophones). It reinvents and re adapts the mixture of the styles with an extreme joy for the most curious and fondest ears of delicacies about ""out-of-limits"" sound experiments . Contact: http://boubaker.net/PHAT; styles Avant-Garde, Jazz, Experimental, Free-Jazz, Electronic, Improv; tags clinical archives, avant-garde, jazz, electronic, experimental, free-jazz, improvisation, phat"
013_013054.mp3,"Renato Ciunfrini: theremin, voice, saxophones, clarinets, viola, live electronics Dario Fariello: alto, tenor and soprano saxophones, electric viola, electric guitar, glockenspiel, objects/percussions Filippo Giuffrè: eclectic guitar, devices, objects, circuit bending, live electronics Enrico Malatesta: drums Contact: http://www.myspace.com/pulsanti; styles Avant-Garde, Jazz, Experimental, Free-Jazz, Electronic, Improv; tags clinical archives, avant-garde, jazz, electronic, experimental, free-jazz, improvisation, pulsanti"
013_013055.mp3,"Korhan Arguden - drums Özün Usta - percussion Umut Caglar - guitar/electronics Korhan Futaci - reeds/fx Kontrol is recorded by konstruKt in istanbul in June, 2008 during the sessions for the album ""maki"" which is released through their home label re:konstruKt, this month. Contact: http://konstruk-t.com/ http://rekonstrukt.com/ http://myspace.com/konstruktist; styles Avant-Garde, Jazz, Experimental, Free-Jazz, Electronic, Improv; tags clinical archives, avant-garde, jazz, electronic, experimental, free-jazz, improvisation, konstrukt"
013_013056.mp3,"Edoardo Marraffa: tenor and sopranino saxophones Chris Iemulo: guitar Stefano Giust: drums Recorded live at Crash, Bologna, February 24th 2008. Crash Trio is a trio of free improvised music. The musicians involved are all experienced and very active in field of improvisation. They worked in many different projects, performing their art, over the years, in theatres, art galleries, universities, schools, concert halls, jazz clubs, social centres, both in Italy and abroad. The trio was born thanks to the Iemulo’s experimental project NeverMetBefore that put together, for the first time, in a live performance, new ensemble of musicians. Recently has been published by the Italian label Setola di Maiale the album Live at Crash, recorded live in January the 2008. Contact: http://www.myspace.com/crashtrio; styles Avant-Garde, Jazz, Experimental, Free-Jazz, Electronic, Improv; tags clinical archives, avant-garde, jazz, electronic, experimental, free-jazz, improvisation, crach trio"
013_013057.mp3,"Como no podia ser de mejor manera tratándose de un grupo de improvisación libre, Trio Lio se formó casi aleatoriamente durante el Festival Homenaje al fallecido músico japonés, residente en Barcelona, Hiroshi Kobayashi en mayo de 2007 a raíz de la actuación de Albert Giménez, con quien a última hora unieron fuerzas el bateria Quicu Samsó y el trompetista Xavier Tort, que tambien participaban cada uno con sus respectivos proyectos: el primero con Aixònoéspànic y los ocasionales Com Més Va, donde coincidía con el segundo. Así pues, se podría decir que Trio Lio, liderado por Albert Giménez (donde toca la guitarra clásica), tan solo existen en escena, desentendiéndose de cualquier noción de ensayo buscando en la aventura de la improvisación más descarnada el desarrollo del diálogo y, con ello, evidenciando el summum de un único lenguaje posible: el musical. Aún teniendo en cuenta su reciente formación, ya cuentan con el primer testimonio de su idiosincrasia: su primer disco ""Òxid/Coure"" (Autoeditado, 2007). El trío lo lidera el veterano guitarrista Albert Giménez, cuya larga trayectoria le ha visto formando parte de bandas experimentales como Neuronium (con un álbum junto a Nico de Velvet Underground), Macromassa y Suck Electrònic, llevando desde entonces una prolífica obra en solitario de nada menos que dieciocho álbumes. Asimismo, Quicu Samsó, el bateria, ha sido miembro de Moisés Moisés, Obmuz, Macromassa y Koniec, así como colaborador de John Zorn y Pascal Comelade. El trompetista Xavier Tort, además de llevar una larga trayectoria componiendo música para cine, militó en bandas como La Orquesta de la Muerte, Giulia y los Tellarini y La Lidia, y ha colaborado con Damo Suzuki (Can), The Linn Youki Project y un largo plantel de bandas independientes de Barcelona. Contact: http://www.myspace.com/triolio; styles Avant-Garde, Jazz, Experimental, Free-Jazz, Electronic, Improv; tags clinical archives, avant-garde, jazz, electronic, experimental, free-jazz, improvisation, trio lio"
013_013058.mp3,"A self-taught musician. Start playing electric bass in 1979 in rock bands such as: Spray; Mandrax; Aix-la-Chapelle; Farinha Master; Cafe Bagdad and K4 Quadrado Azul (wins the national contest from Instituto Português da Juventude/New Culture Values in 1988). Work with theatre company ""O Olho"" in the play ""El - Levando-os aos Ombros em Passo de Marcha Sincopada ao Quarto Tempo (Honor Mention from the award Maria Helena Perdigão, ACARTE, Fundação Calouste Gulbenkian, 1992). Since 1990 change to the doublebass and concentrated only in improvised music, free jazz and electro acoustic. NEW PROJECT COMING ON JANUARY 2008 RED trio with Rodrigo Pinheiro_piano and Gabriel Ferrandini_drums Colaborations: Variable Geometry Orchestra directed by Ernesto Rodrigues/Rodrigo Amado/ Rafael Toral Space Trio/Anisotropus/A Parte Maldita/Gail Brand/Bryan Eubanks/Jon Raskins/Wade Matthews/Bechir Saade/Neil Davidson/Carl Ludwig Hubsch/Heddy Boubaker/Nusch Werchowska/Mathias Pontévia/Mathieu Wechowski/ Katsura Yamauchi/Mats Gustafsson/Matt Bauder/Taylor Ho Bynum/Virginia Genta/David Vanzan/Chris Corsano and Nikolaus Gerszewski. Discography: K4 Quadrado Azul ""K4 Quadrado Azul [Mini Lp, 1990] Feedback 001 (Two tracks with K4 Quadrado Azul) [Lp, 1990] Johnny Guitar Ao Vivo (One track with Cafe Bagdad) [Cd, Johnny Rec 1995] 100% Antena3 (One track with Cafe Bagdad) [Cd, Música Alternativa,1995] Collection d'Univers Spontanés - (One track with VGO live at the Bomba Suicida"" [Cd Insubordinations, 2006] Potlatch ""The Rrose Sélavy Show"" [Cd Insubordinations, 2007] Variable Geometry Orchestra ""Stills"" [Cd, Creative Sources, 2007] Sonic Scope 2008 ""Live At Fonoteca Municipal de Lisboa - (One track with RED trio [Cd, Grain of Sound 22] Contact: http://www.myspace.com/hernanifaustino; styles Avant-Garde, Jazz, Experimental, Free-Jazz, Electronic, Improv; tags clinical archives, avant-garde, jazz, electronic, experimental, free-jazz, improvisation, hernani faustino"
013_013059.mp3,"Andrij Orel (Lviv, Ukraine) improvises quiet/loud Ernst Jandek style blues using mostly a $0 third world guitar and otherwooden things. Played/performed with Yuri Yaremtchuk, The Moglass, Andrey Kiritchenko and Vlad Makarov. Periodically writes for ukrainian left-field music magazines. First solo disc ""Nezvanova Nova III"" (2008) out on Nezvanova Nova label. Contact: http://www.myspace.com/andrijorel; styles Avant-Garde, Jazz, Experimental, Free-Jazz, Electronic, Improv; tags clinical archives, avant-garde, jazz, electronic, experimental, free-jazz, improvisation, andrij orel"
013_013060.mp3,"Kaido Yutaka was born in Tokyo, Japan. He began to play piano at the age of 5, and began to play electric bass at the age of 16. Then, he is performing jazz, popular music and improvised music. Contact: http://www.kaidoyutaka.com http://www.myspace.com/kaidoyutaka; styles Avant-Garde, Jazz, Experimental, Free-Jazz, Electronic, Improv; tags clinical archives, avant-garde, jazz, electronic, experimental, free-jazz, improvisation, kaido yutaka"
013_013061.mp3,"[Prat 1 - Big Cello - 4:16, Part 2 - Big Guitar - 4:50, Part 3 - Mix - 4:50] ""Vlad MAKAROV – is the free improv musician, painter and improviser cello & guitar. He is the pioneer of Russian new improvised music and Russian alternative art. From the different styles; free improvisation, contemporary classic, new jazz, experimental, noise, electro-acoustic music - Makarov’s aesthetic is not postmodernism but the authentic own language for making the art whole. Worked with both Russian and Western alternative music stars; Chris Cutler, Fred Frith, Shelley Hirsch, Henry Kaiser, Phil Minton, LaDonna Smith, Maggie Nicols, Alex Kolkovsky, Vladimir Miller, Ives Robert, Didier Petit, Marc Sarrazy, Jacques Siron, Dror Feiler, Marcus Eichenberger, Mich Gerber, Tomasz Stanko, Erhard Hirt, Alfred Harth, Dror Feiler, Ryoji Hojito a.o. and so Sergey Kuryokhin, S.Letov, Sainkho, V.Ponomareva, V.Gayvoronsky, A.Nesterov, V.Dudkin, A.Aigui, M.Yudenich, N.Sudnik, E.Sivkov, A.Borisov, N.Rubanov, Y.Yaremchuk, D. Kachovsky, R.Stolyar, Ilia Belorukov o.a. …emotional pressure tragic freedom."" Contact: http://www.letov.ru/makarov.html http://www.myspace.com/vladmakarov; styles Avant-Garde, Jazz, Experimental, Free-Jazz, Electronic, Improv; tags clinical archives, avant-garde, jazz, electronic, experimental, free-jazz, improvisation, vlad makarov"
013_013062.mp3,"Recorded by Oscar Foss, 17th of April 2008. Mixed by Adam Pultz Melbye. Adam Pultz Melbye is a Danish double bass player, living in Copenhagen. He is a member of the record company Barefoot Records and has contributed to four records on this label. His playing can be heard in many different constellations, from the trios Melbye/Berre/Brötzmann (featuring the legendary German freejazz pioneer Peter Brötzmann), Jesper Zeuthen 3 and the acoustic free-metal of Sieben/Berre/Melbye to Maria Faust Group and Russian saxophone player Lenny Senderskiy’s Mixture. Contact: www.adampultz.com www.myspace.com/adampultz; styles Avant-Garde, Jazz, Experimental, Free-Jazz, Electronic, Improv; tags clinical archives, avant-garde, jazz, electronic, experimental, free-jazz, improvisation, adam pultz melbye"
013_013063.mp3,"Roman Stolyar - piano, melodica, flutes Ilia Belorukov - alto & baritone saxophones, fluteophone, flute Andrey Popovskiy - acoustic guitar Formed in August 2007 during the work on its first album, Dots & Lines is a creative project appeared as a result of collaboration of Siberian pianist and composer Roman Stolyar and improvisers from Saint Petersburg – saxophonist Ilia Belorukov and guitarist Andrey Popovskiy. Participants of the trio have different professional background and experience, but the tendency to construct their spontaneous improvisations in a way which combines freedom of self-expression with attention to its shape and extreme contact between musicians is the thing which unites them deeply. The music vocabulary of Dots & Lines is a mixture of new classical music, contemporary jazz and ethnic sounds; their intuitive compositions are both expressive and intelligent. The first public appearance of the trio has happened in December 2007 at Jazz.Ru festival in Moscow, and its album has been released on Siberian label Ermatell Records. Contact: http://www.myspace.com/dotslinesmusic; styles Avant-Garde, Jazz, Experimental, Free-Jazz, Electronic, Improv; tags clinical archives, avant-garde, jazz, electronic, experimental, free-jazz, improvisation, dots amp lines"
013_013064.mp3,"Jean-Philippe Feiss: cello, effects Contact: http://www.myspace.com/jeanphilippefeiss; styles Avant-Garde, Jazz, Experimental, Free-Jazz, Electronic, Improv; tags clinical archives, avant-garde, jazz, electronic, experimental, free-jazz, improvisation, big jip"
013_013065.mp3,"""Irk Bee Delay"" an improvisation for solo electric guitar. Tony Renner is a musician and artist from St. Louis, Missouri. ""Irk Bee Delay"" originally came out on Echolocation Recordings in 2008 on a release entitled ""ANAGRAMS: A Tribute to Derek Bailey."" Contact: http://www.myspace.com/tonyrenner http://tonyrenner.blogspot.com; styles Avant-Garde, Jazz, Experimental, Free-Jazz, Electronic, Improv; tags clinical archives, avant-garde, jazz, electronic, experimental, free-jazz, improvisation, tony renner"
013_013066.mp3,"L. Narushevich - guitar V. Bashkov - bas V. Semashko - klarnet Knyaz Mishkin - music band of intuition improvisation. Contact: http://knyazmishkin.narod.ru/ http://www.myspace.com/knyazmishkin1; styles Avant-Garde, Jazz, Experimental, Free-Jazz, Electronic, Improv; tags clinical archives, avant-garde, jazz, electronic, experimental, free-jazz, improvisation, surrism-phonoethics, knyaz mishkin"
013_013067.mp3,"Stringtrek recorded Krakov Concerto live in Krakow in June of 2007, it is released in 2008 on Transmuseq Records in 2008 LaDonna Smith - viola, violine voice, Misha Feigin, classical guitar, voice and poetry ""STRINGTREK Alabama native violinist/violist LaDonna Smith and Russian born, now Kentuckian guitarist, Misha Feigin have rustled and ripened into a sympatico of old soul kindreds, thrashing the bushes, vibrating violas, painting portraits from rhythms and words, from out of the deeps of Russian to the southern soil and the homelands of dreams, and longing for the trails that lead to floating bridges and yokel yens. This new collaboration is called STRINGTREK."" Contact: http://www.myspace.com/stringtrek http://www.mishafeigin.com/ http://www.myspace.com/mishafeigin http://www.myspace.com/ladonnaviola; styles Avant-Garde, Jazz, Experimental, Free-Jazz, Electronic, Improv; tags clinical archives, avant-garde, jazz, electronic, experimental, free-jazz, improvisation, stringtrek"
013_013068.mp3,"Jörgen Adolfsson - altsax, sopransax Andreas Hedwall - trombone Niklas Korssell - drums Gustav Nygren - tenorsax, guitar No school is a trio (sometimes quartet) from Stockholm/Sweden who´s been working in the field of music known as free improvised music, on and off since 2001. The members of No School are: Niklas Korssell plays drums/cymbals and crap, born 1973 has been playing drums ever since. Plays almost every style of music. Maybe most know for his work with swedish popgroup ""The Plan"" or maybe not. Played with improvmasters Mats Gustafsson and Dror Feiler. Jörgen Adolfsson plays soprano and alto sax, born 1951, very famous jazzmaster since the 70´s. Played with groundbreaking swedish freejazz group ""ISKRA"" and played even more out there music with ""Archimedes badkar"". Has also worked with Don Cherry and many more. Grandfather of swedish improv! Andreas Hedwall plays trombone, born in the 60´s sometime. Has played improvised music since he was a teenager and has also played alot of kletzmer music with his group ""Sabbat hela veckan"". Contact: http://www.myspace.com/realnoschool; styles Avant-Garde, Jazz, Experimental, Free-Jazz, Electronic, Improv; tags clinical archives, avant-garde, jazz, electronic, experimental, free-jazz, improvisation, no school"
013_013069.mp3,"Biography: Christophe de Bezenac is a French experimental saxophonist and researcher based in the UK. After studying contemporary improvised musics and composition at the Strasbourg conservatoire, he went to Indonesia to learn West Javanese and Balinese gamelan where he became interested in the perceptual ambiguity of music. Christophe then moved to the UK where he completed a Masters and Doctorate (Improvising Ambiguity: An Ecological Approach to Music-Making) at the University of Leeds, whilst lecturing and becoming actively involved in the music scene. His present research – which draws from ecological psychology, cognitive neuroscience, ethnomusicology and his own performance practice – examines the psychological and physiological mechanisms which promote delusions/illusions of control (leading to the perceptual blurring of self) in music-making. Christophe's related musical interests lie at the fringes of European improvisation, jazz, gamelan, DIY and electroacoustic music. He has performed at numerous international contemporary music and jazz festivals/venues around Europe, collaborating with artists from diverse musical backgrounds, including Christian Sebille, Marc Ducret, Simon Fell, David Murray, Ken Vandemark, Paul Hession, Matthew Bourne, Fred Lonberg-Holm, Frank Vigroux, Chris Sharkey and Dave Kane. Contact: http://www.myspace.com/christophedebezenac; styles Avant-Garde, Jazz, Experimental, Free-Jazz, Electronic, Improv; tags clinical archives, avant-garde, jazz, electronic, experimental, free-jazz, improvisation, christophe de bezenac"
013_013070.mp3,"Recorded by Gilles Aubry at Vivaldisaal, Berlin, June 2008 mixed by Nicolas Wiese at Hyphacility, Berlin, Nov. 2008 (big image) John Hughes - Double Bass Lars Scherzberg - Sopranino Saxophone Nicolas Wiese - Electroacoustics Exclusive track for the «Clinical Jazz» compilation edited from the public recording sessions for the CD «Discard Hidden Layers?» (Schraum08) released Dec. 2008 www.schraum.de Completely improvised. No overdubs. All electroacoustic sound material generated from Hughes / Scherzberg tapes. www.virb.com/triohsw www.myspace.com/triohsw www.generaterecords.net/hughes.html www.creativesourcesrec.com/artists/l_scherzberg.html www.nicolaswiese.com; styles Avant-Garde, Jazz, Experimental, Free-Jazz, Electronic, Improv; tags clinical archives, avant-garde, jazz, electronic, experimental, free-jazz, improvisation, john hughes lars scherzberg nicolas wiese"
013_013071.mp3,"Personal: Ove Volquartz, tenor-&sopranosaxophone, bassclarinet Andreas Düker, git, electronics Martin Tschoepe, bass Christian Dreher, drums, perc. & all kinds of sounds Recorded 17.01.2008 Contact: http://www.myspace.com/ovevolquartz http://www.myspace.com/andreasdueker; styles Avant-Garde, Jazz, Experimental, Free-Jazz, Electronic, Improv; tags clinical archives, avant-garde, jazz, electronic, experimental, free-jazz, improvisation, brainville desperados"
013_013072.mp3,"(For prepered piano, Bb clarinet, tenor sax and percussions) Yaremchuk Yuriy Grigorevich was born in 1951 in Novokuznetsk (Russia). Today he resides in Lviv, Ukraine. In 1978 he completed the Saxophone Class at Jazz Performance Department at Rostov Institute of Art. He performed in Kim Nazaretov’s big band as an instrumentalist. Yaremchuk is both a composer and an instrumentalist; he plays tenor-sax, soprano-sax, clarinet, percussion, piano; he is a master of voice performance as well. He is working in different genres (free jazz, contemporary music, improvised music), contemporary technique of sax play (multiphone, slap, double staccato). He can be recognized by his bright sound and brisk technique; in his solo concerts he prefers free improvisation with the use of contemporary playing technique. His music has sufficient rhythm and melody; it is full of humor and philosophy. Yuriy Yaremchuk wrote music for theater, participated in numerous avant-garde performances with artists, actors and modern dancers. In different projects he performed together with a number of famous jazz musicians: Claudia Binder and Marcus Eichenberger (Switzerland); Jim Menesis, Ray Andersen, Fred Frith, William Parker, Hamid Drake and Rob Brown (USA); Klaus Kugel, Heinz-Erich Godecke and Hans Shutler, Alex Nowic, Vladimir Chekasin, Arkadij Shilkloper (Germany); Vladimir Miller (GB); Dror Feiler (Sweden); Tatashi Endo (dancer, Japan); Sainho Namchilak (Irland); Ezas Mikashys and Vladimir Tarasov (Lithuania); Vyacheslav Nazarov, German Lukyanov, Vladimir Volkov, Vyacheslav Gayvoronsky, Andrei Razin, Sergey Letov, Vladimir Makarov, Mikhail Zhukov (Russia); Alexander Nesterov (Ukraine); Ken Wandermark and Tim Daysi (USA) and many others. A participant of numerous jazz festivals, happenings, events, fests of new improvised music. Contact: http://www.3yar.com.ua http://www.letov.ru/Yaremchuk/ http://www.myspace.com/yuriyaremtchuk; styles Avant-Garde, Jazz, Experimental, Free-Jazz, Electronic, Improv; tags clinical archives, avant-garde, jazz, electronic, experimental, free-jazz, improvisation, yuri yaremtchuk"
013_013073.mp3,"Track ""Esoteric"" is an overdubbed piece for 2 soprano saxophones, recorded in Hägersten, Stockholm. Per Gärdin: Soprano and alto saxophones, improviser, composer. Works in improvising and jazz contexts, based in Stockholm, Sweden. Contact: www.myspace.com/pergrdin; styles Avant-Garde, Jazz, Experimental, Free-Jazz, Electronic, Improv; tags clinical archives, avant-garde, jazz, electronic, experimental, free-jazz, improvisation, per gardin"
013_013074.mp3,"Recorded live at The Vortex Jazz club in London, UK 15/6/08 Rick Jensen-Tenor Sax Phil Somervell-Piano Colin Somervell-Bass Paul May-Percussion About The Rick Jensen Trio: The Rick Jensen Trio was started in 1999, We are an improvising group, all of our music is spontaneous, making every performance completely unique. Many different musicians have played with the band, some only once and others have stuck around for a couple of years. Originally formed in Wellington, New Zealand, we are now based London and there are various musicians who come and go from the group, the line-up can change with each performance.The group isn't always a trio but thats usually what it works out to be. We've experimented with all kinds of combinations and instrumentation, often dictated by who was around and able to perform.The group has been as large as 6 and as small as 2. We are essentially a live band and perform as often as possible. We have 16 releases most of which were released in limited edition CDRs and are no longer in print, currently available is ""A Fundamental Problem""(available for download from http://myformicatable.blogspot.com/ ) ""High Tension"" a limited CDR and 4 older releases are still available from Postmoderncore records. We are currently working on future releases. Rick is also a member of I-C-E an improvising clarinet ensemble, Nova Scotia a free form abstract trio, The Radioactive Ensemble an international music/art collective and performs in other collaborative projects. He is a photographer and has had over 20 exhibitions in NZ and the U.K. and is currently working on publishing his first book. Contact: www.myspace.com/therickjensentrio; styles Avant-Garde, Jazz, Experimental, Free-Jazz, Electronic, Improv; tags clinical archives, avant-garde, jazz, electronic, experimental, free-jazz, improvisation, the rick jensen trio"
013_013075.mp3,"Recording made recently at The Stain in Brooklyn, NY on Nov. 20th, 2008. This is a duet -Blaise Siwula alto sax and Sten Hostfalt guitar. This is best described as free form jazz. We have been perofrming for the past year in and around NYC. Contact: http://www.myspace.com/blaisesiwulastenhostfalt http://www.myspace.com/blaisesiwula http://www.myspace.com/stenhostfalt http://www.stenhostfalt.com/ http://home.earthlink.net/~bbrjsiwula/; styles Avant-Garde, Jazz, Experimental, Free-Jazz, Electronic, Improv; tags clinical archives, avant-garde, jazz, electronic, experimental, free-jazz, improvisation, blaise siwula and sten hostfalt"
013_013076.mp3,"Today, we’ll go back to Japan, around the early 1920s. Still very much in the acoustic recording era before electric microphones, this is a classic example of min’yō , the generic name for Japanese folk music, passed down locally through oral tradition. Min’yō, however, is a late 19th century term used as an umbrella for a variety of folk music: traditional work songs, dance songs, and the like. Interestingly, it is a direct transliteration of the German volkslied . Usually most min’yō song titles start with a place name, as does this one: Yasugi, a town in the Shimane prefecture on Honshū island. Yasugi Bushi simply means “song from Yasugi” in English. It became popular in the early 20th century, especially when accompanied by a dance of the same name, which imitated the movement of scooping down to catch loach fish. It is sometimes known as the “loach catching song.” The beautifully expressive Shimizu Itoko is the singer of the piece, and she is accompanied by Okui Ichisaburou on shamisen, Akizuki Daimaru on the koto, Hirotani Omann on the taiko drum, and Hiramoto Shoichi on the tsuzumi drum. You’ll also hear some of the traditional pitched exclamations throughout the song, known as kakegoe . Many thanks to Makoto and Lena Watanabe for translation assistance. Technical Notes Label: Nipponophone Issue Number: 16728 Matrix Number: same, with 1-A-1; styles Old-Time / Historic, International; tags shimizu itoko"
013_013077.mp3,"Back to India so soon? Yes, I’ve focused on the music of India several times over the past 17 months on Excavated Shellac, but haven’t until now posted an example of a Indian soloist in the South Indian, Carnatic classical tradition. The partially blind violinist Dwaram Venkataswami Naidu was born in 1893 in Bangalore, and rose to fame as a professor of music at the Maharajah’s College in Vizianagaram, the first college in India established to promote music. In 1936, he had become the principal of the school and by 1938 was giving solo, improvisatory concerts. He died in 1964. Naidu’s technique is renowned. Much has been written about him and how he fits into the history of Carnatic music, but certain words crop up often when discussing his technique: “simple,” “deceptively simple” and even “minimal.” He was known to be a listener of Western and Hindustani music, and would imbue his solos with occasional flourishes from outside influences – without disturbing his own music’s tradition. This was one of the very first Indian records I’ve ever owned, found in a heap at the bottom of an apartment complex I lived in around 1993, in New York City. While I am by no means an expert, this record made me appreciate Carnatic soloing, and Indian classical music in general. This piece is a “thanam” (or taanam ), an improvisatory section of the Kalyani raga. I believe it was recorded sometime in the 1940s or so. There is a subtle, uncredited accompanist on the veena. News: by the end of the month, I will be adding catalog and matrix numbers (the numbers/letters that are stamped or etched into the “dead wax”) for each record, at the end of each post (including old posts). While this is of zero interest to most people and can be ignored, these numbers can be very helpful to pinpoint dates and recording locations by historians and collectors, and can help flesh out some of the info on Excavated Shellac. And next week, we will return to Africa with a beautiful piece of music. It will be a limited download, so get ready…all will be revealed… Technical Notes Label: HMV Issue Number: N.8970 Matrix Number: OMC. 11839-1; styles Old-Time / Historic, Indian, International, South Indian Traditional; tags violin, professor dwaram venkataswami naidu"
013_013078.mp3,"Welcome to Excavated Shellac. I feel like I have to say that every once in a while, both for anyone new who may have found themselves here, and for myself, to keep my motivation going. Excavated Shellac has been online for 18 months now, and I have shared a total of 81 different records. I still think it remains a unique spot – on the web, at least. I could conceivably do this for a long time, though I have no idea how long I will continue – just as I have no idea how long I will continue the collecting, the scheming, the acquiring, the hunting for these pieces of music that make me happy. I’ve been away for the past few weeks, so I wanted to say thank you to those who continue to stop by and listen, and for allowing me to indulge. With that, we’re off to Uzbekistan, after World War II. Before 1917 and the Russian Revolution, quite a bit of recording was made in the Caucasus region and Central Asia, as European record companies were interested (somewhat amazingly) in exploring new markets in places like Tashkent and Tbilisi. Few original copies of those very early recordings have turned up (for a sample, I would recommend the Topic CD Before the Revolution ). And, according to much of what I’ve been reading, very little recording was made in Central Asian regions between 1917 and the Second World War. However, in the early 1950s, the Russian label CCCP recorded “ethnic” folk music on 78 from the Caucasus to Central Asia and beyond. Some was imported into the United States even, with English translations on the label, presumably for immigrant communities or sold in Russian record stores. Still, even those are quite difficult to find today. Zainab Palvanova’s piece, sung in Uzbek, is translated as “Glory” and she is accompanied by a “folk instruments orchestra” led by Y. Radzhabov. The folk instruments I can detect are at least one long-necked lute (probably a tar or dutar), the nay flute, at least one fiddle, and the unmistakable sound of the doira frame drum. It’s from ca. 1955. For music from the CCCP label during this period, the Secret Museum’s Central Asia CD is heartily recommended. Technical Notes Label: CCCP Issue Number: 24932 (a) Matrix Number: 24932/4-1; styles Old-Time / Historic, International; tags zainab palvanova"
013_013079.mp3,"Over the next couple of weeks, I thought I’d revisit some music from regions I hadn’t been back to since the early days of the blog. With the spirit of Lydia Mendoza in mind, and after a recent viewing of Chulas Fronteras instigated by my friend Chimatli , I thought I’d spin some more early Tejano music from the Texas-Mexico border. Alejandro Luna and Regino Delgado recorded several sides for Victor’s Depression-era, budget-conscious subsidiary label Bluebird in the mid-1930s, including this one, “Sal A Tus Puertas” (meaning “Come To Your Doors” – thanks, Dax). This particular track was recorded at the Texas Hotel in San Antonio on January 25th, 1935, and the duo accompany themselves on guitar and bajo sexto. The Bluebird “ethnic” series began in about 1934 and lasted until 1939, totalling about 1400 records. The recording industry had been crushed by the Depression, but Victor, in large part due to their Bluebird subsidiary (which also released country, blues, jazz and pop), were able to ride out the difficult times. For example, in the late-teens, it was not uncommon for a 78rpm record to cost $1.00, or even $1.25. Very pricey, considering. Well, by the early 30s, with sales in the tank and record companies folding left and right, Bluebird records went on sale for 35 cents. Finding Mexican or cajun records on the Bluebird ethnic series is possible, but it is quite difficult to find them in decent condition. Today’s track has some wear, but we embrace surface noise here at Excavated Shellac, though we try to soften it up just a little bit! Plus, it’s an enjoyable piece of music that has not yet been compiled or written about… Technical Notes Label: Bluebird Issue Number: B-2317 Matrix number: n/a; styles Old-Time / Historic, International, Latin America; tags luna y delgado"
013_013080.mp3,"Allow me to present to you to a type of music that has a special place in my heart: the Nasib , or “Song of Fate” from Indonesia and Malaysia…part of what once was the Dutch East Indies. ‘Nasib’ in Malay means ‘fate.’ The Nasib song is an aching, slow lament; a deeply melancholic popular song type which is built around the singer’s misfortune in life. On the surface, this description would make the Nasib similar to the fado, rebetika, or blues, but that would be a mischaraterization. The origins of the Nasib derive, in fact, from Indonesian/Malaysian stambul theater music. Stambul theater (also referred to as bangsawan ) developed in the late 19th century and was an urban affair, where theatrical groups would perform musical dramas, many with stories which had origins in India or the Middle East. Stambul songs were most popular from 1920-1935. The Nasib is sung by a singer who is in fact playing – or at the very least channeling – a character or situation from these classical stories, rather than singing her own blues. Interestingly, much of the stambul music that I’ve heard from that era is quite cultured – operatic, even. However, the Nasibs, although derived from stambul, are a different thing altogether. The operatic aspect has gone out the window, and what we have here is swooning sadness – the Nasib adopted to a bar band setting! Today’s Nasib features Miss Inah singing “Sesalken Oentoeng” (a Dutch transliteration of the Malay “Sesalkan Untung”), which more or less means “I Regret My Luck.” She is accompanied by her smooth yet lurching Malay Entertainers on harmonium (another Indian connection), saxophone, bass, and percussion. And what about this tantalizingly obscure and beautifully designed label “Extra” – of which this appears to be the sixth release? From the wonderful choice of typefaces, the baby blue color, the looming image of a mountain (Mount Kerinci, the highest peak in Sumatra, most likely), and the overlapping letters H, M, and V, in a skeleton font – the whole label reeks of mystery! It turns out that the Extra label was based in Palembang, Indonesia, in the south of Sumatra, and was in operation during the early 1940s, before the Japanese occupation. Right off the bat, this clues us in to the fact that the record, despite the band’s name being the Malay Entertainers, is most likely from Indonesia as opposed to Malaysia (the ethnic Malay group is found in both countries). How many records did Extra make? Collectors have traced only nine releases. There may be more, though I’m betting the number is low. It’s also unclear the relationship between Extra and HMV. The matrix numbers on this record (the numbers separate from the catalog numbers on the record, indicating masters and often takes) are clearly HMV matrix numbers. But, we do not know if these songs were also released by HMV, or if Extra was the sole entity releasing these tracks. Extra records were pressed in India. Which brings us to another issue: why in the hell does this record, which is in absolutely mint condition, sound so rough? There are a couple of reasons, familiar to collectors but perhaps not to anyone else. One, the record could have been pressed using a worn stamper. The early recording process yielded negative masters. From a negative master, a positive, metal-coated ”mother” was created (these sound pristine). The metal mother was used to make a stamper – a negative version of the mother – and then your store-bought records were made from the stampers. When one stamper wore out, another stamper was made from the metal mother. Sometimes, however, companies let their stampers become wrecked before they replaced them. The result was, as you could imagine, a really crappy sounding record. Another reason could be that there’s too much garbage in the shellac mix. Again, the bane of collectors, but bears ranting about even if you’re not ensconced in that kind of minutiae. So, those metal mothers I was talking about sounding pristine in the previous paragraph? Well, something else happens between the recording process and the resulting 78rpm record. Since 78rpm records were made to be played on acoustic, wind-up gramophone players, record companies were quite aware that the sharp steel needles used to play 78s wore down the records very quickly. So, they made better needles, right? Er, no. Instead, they added junk into their shellac mix – carborundum, cement, sand – which was supposed to wear down the gramophone needle as it moved through the grooves! This is the main reason why surface noise exists on clean 78s. When I look at this Extra record, I can actually SEE the junk in the shellac on the record’s surface. But, sometimes you gotta take what you can get! Technical Notes Label: Extra Record Issue Number: SE-6 Matrix Number: 0MG-6969-1 I am indebted to Philip Yampolsky for much of the information in this post. Mr. Yampolsky is a renowned expert in the music of the region, and the person behind the staggering 20-volume Music of Indonesia series for Smithsonian Folkways; styles Old-Time / Historic, International, Asia-Far East; tags miss inah the sweet malay entertainers"
013_013081.mp3,"“She’s Still Alive” That is the English translation of today’s track from the great Lili Labassi (spelled L’Abassi on the label, and also known as ‘Lili El Abbassi’), a well-known Jewish chaabi singer and violinist from Algeria. This piece was released in the early 50s on the French Pacific label in their “Collection Musique Orientale” series, and was likely distributed in both North Africa and Algerian enclaves throughout 1950s Europe (Marseilles, for instance). Labassi began his 78rpm-era recording career in 1929 with HMV. He later recorded with Polyphon in the 1930s, Columbia, and finally Pacific. Chaabi, what Labassi is known for, is a loose term essentially meaning “popular” or “of the people.” There is chaabi from Algeria, such as we have here, but there is also chaabi from Morocco as well. Algerian chaabi developed in Algiers and is indelibly linked to the masterful Hadj Mohamed El Anka , considered the father of the genre. His chaabi was an older style, employing rootsy folk melodies and poetry. But by the mid-1950s and the start of the Algerian War (1954-1962), a modern chaabi style had become popularized. Labassi was a contemporary of El Anka, but I think this piece seems to fall right in between the rootsy and the modern. Playing violin and singing, Labassi is accompanied by oud, piano, kanun, and percussion. Both sides are included on this track, and you’ll hear why I decided to include both – not just because it’s a lengthy piece and it would be necessary to include both sides anyway, but because the second side (beginning at about 2:47) is the more improvisatory side, with Labassi showing off his considerable vocal skills. This was very common in recordings in North Africa and the Middle East, when it came to extended, 2-sided songs – time would nearly always be made for improvisation, or a brief ‘taxim.’ Technical Notes Label: Pacific Issue Number: CO 7036 Matrix Number: AI-0372-2/AI-0373-2 Thanks to Karim Boughida for the title translation [updated and changed 10/14, as Karim listened to the song and realized that the title's meaning was different]! For more Lili Labassi, try the Secret Museum’s North Africa volume . In 1998-1999, two volumes of a CD set of Labassi’s work titled “Le Genie Du Chaabi” was released, but it seems all but impossible to find now. I have no idea about sound quality, either… And the new Honest Jons release is upon us. It looks wonderful, and it includes a track by the one, the only, Rizeli Sadik . Hmmm, I wonder where I’ve heard that name before…; styles Old-Time / Historic, International, African, North African; tags lili labassi"
013_013082.mp3,"First item of business: a huge thanks to painter, sound artist, and friend of the site Steve Roden for his write-up on Excavated Shellac in The Wire this week (found here ). A generous gesture, and I appreciate it. And now, some music to greet your week with, and to play loudly. Georgian polyphonic singing is an art that apparently pre-dates Christianity, though it’s used in Orthodox religious practice as well, having been brought to the church most likely through the influence of folkloric tradition. It’s a positively ancient type of music that, since 2001, has been protected from extinction by UNESCO as a “Masterpiece of the Oral and Intangible Cultural Heritage.” There are disagreements about the precise origins of polyphonic singing in Georgia, although many traditional Georgian choral songs actually date back to a “cult of the grapevine.” There are work songs, songs for festivals, and “table songs” – songs for singing around the table, so to speak: with food and wine. There are several types of polyphonic singing as well: complex polyphony from the Svaneti region in northwestern Georgia, three-part polyphony from western Georgia, and two-part polyphony over a bass drone, which is from Kakheti. They frequently take unconventional harmonic turns. Today’s piece, the Chakrulo, is a table song, and is from the Kakheti region, featuring two soloists (N. Togonidze and I. Mchediishvili) and the aforementioned bass, choral drone. The recording was organized by Georgian composer Shalva Mshvelidze, who since 1930 had been traveling around Georgia recording folk music. This was most likely recorded in Kakheti in the 50s, and supervised by Mshvelidze (rather than “led by” him, as the label states – that’s my guess, though I could be wrong). It is also worth bringing up the influence of the Soviet state on such recordings of folk music: it was everpresent. Perhaps with Georgian music, a little less (a sizeable portion of Georgian choral music is made of vowel syllables as opposed to words – less content to worry about!), but certainly all aspects of religion were removed from most folk ensemble recordings. Then again, CCCP released recordings of choir music from the small town of Martvili (then known as Gegechkori), known for its ancient monastery, at around the same time. One thing is for certain, earlier Georgian choral music first recorded by the Gramophone company in the early part of the 20th century features voices that are incredibly raw - though the types of songs and styles are the same. By the same token, a 1988 recording of the Chakrulo by the Rustavi Folk Choir is exceptionally polished. I believe this piece, whatever influence the Soviet monolith had on it, is moving, and exceptional. The concept of “authenticity” is always tricky – when in doubt, lead with your ears. For early Georgian choral music, we are lucky to have the CD Drinking Horns and Gramophones , released on the Traditional Crossroads label. Technical Notes Label: CCCP Issue Number: 28165 (a) Matrix Number: 28165/3-1; styles Old-Time / Historic, International; tags georgian state folk song and dance ensemble"
013_013083.mp3,"Some of the loudest instruments known to man are double-reed folk instruments in the woodwind family. There’s the dulzaina in Spain, the nadaswaram in India, the bombarde in France, the suona in China, among others. They are classically difficult to play – without continuous practice, a player’s mouth can get tired in a very brief period of time, due to the immense amount of air pressure needed to make a single sound, much less sustain a note. Some even demand circular breathing. Double-reed instruments developed over centuries, beginning in the Middle Ages, as instruments to be used primarily outdoors. The zurna is the Turkish, or more precisely the Anatolian, double-reed folk instrument, in the shawm group of double-reeds. Similar variations of the zurna exist throughout the Near East. The word itself derives from the Persian “Surnay” - ”Sur” meaning “wedding” or “festival”, and “nay” meaning reed or flute. It has 5-7 wide finger holes and can be as small as 14 inches long. It’s an important instrument in Turkish folk music, and I have to say it was interesting to read how writers in the past have tried to grapple with describing its sound. “…A wide-mouthed clarinet, emitting strident, nasal sounds” was how Ottoman scholar Robert Mantran described it. “A kind of shrill pipe” was how H. C. Hony’s 1957 Turkish-English dictionary defined it. It may have been simply noise to those poor souls, but I find it a terrific combination of jarring and captivating. Today’s post is an exceptional, scorching workout on the zurna with accompaniment on oud and percussion (not the usual davul drum); a sparkling recording made in 1930 by the German Polydor company, and also released on a next-to-unknown Turkish series on the American Brunswick label. Interestingly, this recording was bootlegged in the late 40s/early 50s on a small label called Kurdophone, which was part of a family of labels I’ve discussed in other entries (Dictaphone, Perfectaphone, etc.). That is not to say it is common, I’m afraid! As to whether or not it’s definitively Kurdish, I cannot say. My hunch is that it is not, though perhaps some experts can comment. I could find nothing concrete about the soloist, Emin Efendi, except that he was considered a great, along with another zurna master who recorded later for Columbia, Sabahattin Tanınmış. I believe “Hale” in the title refers to halay , the traditional dance. Please see more information on this track from the always helpful volkan, in the comments section. I would also recommend the Bo’Weavil release of zurna melodies by Zadik Zecharia. Technical Notes Label: Brunswick Issue Number: 45011 Matrix Number: 1106 BN (Polydor matrix); styles Old-Time / Historic, International; tags zurna, emin efendi"
013_013084.mp3,"After a long break, we’re back in mountainous Basque country – País Vasco – continuing the theme of woodwinds that aren’t particularly well-known in the West. As I’ve mentioned before, I’m always amazed at the variety of Spanish folk music captured on 78. According to Paul Vernon in Arte Regional , it’s quite possible that no other single country except for the United States had such a wide range of regional styles. The fact that such a broad palette of recordings were made makes sense for several reasons. First, Spain was quite accessible in the early 20th century by record companies in operation in Europe (England, Germany and France – and Spanish independents). But second, and just as important, many of Spain’s rural regions, while comparatively close for engineers to travel to, were remote, autonomous communities. Real roots music was recorded in Spain during those years. Well, phenomenal roots music was recorded throughout the vast majority of European countries during this period (with a few notable exceptions) and it’s all tough to locate, let’s face it. The txistu is the three-holed, Basque wooden flute, which can be held and played with one hand, so the player can usually play a drum at the same time. Instrumental Basque music during this period was used mainly for dancing – which is obvious in the title to this track, “Fandango Contradanza.” To many listeners this music might sound like processional or formal fife and drum music – but indeed it is authentic, traditional folkdance music. The Txistularis (”txistu players”) Hermanos Landaluce were a trio, it appears – with Sr. Elola on the tamboril drum, I’m betting. They recorded this and several other tracks in Barcelona, on December 12th, 1928, for HMV. Gramophone’s engineer for this session was H.E. Davidson, the man who managed to record some of the most important Spanish folk music in history - peasant songs from La Montaña, Valencia, and Asturias, actual cave-dwelling gypsies in Andalucia, a true, live “Saetas” flamenco recording made from a bell tower - radical stuff for the company used to planting recording horns in front of Caruso and Chaliapin. Not that you would know it, as next to none of it is available in any format today. One person did notice the music at the time, however: Rodney Gallop, a British ethnomusicologist before the term was coined, was particularly interested in music from Spain and the Basque region (his Book of the Basques , originally published in 1930, is still in print today). Gallop was one of the first – perhaps THE first – person to champion international folk musics on commercial 78rpm records and it’s a shame he isn’t known more today. He had his particular tastes for sure, but his series of articles for The Gramophone in the 1930s are pieces I turn to for inspiration, once I had read of their existence (thanks to Paul Vernon’s articles and books mentioning Gallop, I found copies of my own). In fact, in the November 1930 issue of The Gramophone , Gallop recommends two Basque recordings by this very band, including this record, to his staid, British audience. For more of Gallop’s legacy and Spanish regional music from this era, seek out the Voice of Spain CD on Heritage, the only broad collection of Spanish regional 78s from this period that I know of (though there are 3-4 nice cuts scattered about the Secret Museum series). Unfortunately, while it contains terrific music from nearby Asturias and Santander, it does not contain any of the Basque recordings that Gallop loved so much. Technical Notes Label: HMV Coupling Number: AE 2467 Face Number: 2-260706 Matrix Number: BJ1692; styles Old-Time / Historic, International, Europe; tags txistularis hermanos landaluce y sr elola"
013_013085.mp3,"I’m pleased to present another guest post this week – this time from David Seubert, the curator of the Performing Arts Collection at the University of California, Santa Barbara. David is the man behind the groundbreaking and renowned Cylinder Preservation and Digitization Project , which I’m sure many readers of this blog know quite well. He is also the current president of ARSC, the Assocation of Recorded Sound Collections (at whose conference we were introduced, several years back), and involved in their Copyright and Fair Use Committee which is trying to garner support to make changes to U.S. copyright law as it pertains to pre-1972 recordings in particular. In short – a rock star in the 78rpm world. – JW For my first guest post for Excavated Shellac, I’ve chosen a recording of Parisian accordion music by Charles Péguri. Since this is my first (but hopefully not last) guest post, I wanted to pick a disc that is interesting on many levels. First, it’s good music, which always seems to be the number one prerequisite for a record to appear on Excavated Shellac – obscurity never is an end in itself. That being said, as a record nerd I also love all the strange and obscure early French record labels like Disque Aérophone. There seems to be no end to their bewildering variety. This disc also highlights one of the newest collections to come to the UCSB library, where I curate the collection of historic recordings. Charles Péguri (1879-1930) is the accordionist and composer who is credited as one of the inventors of the musette style of French music popular in the late 19th and early 20th centuries. The musette, a type of bellows-powered bagpipe from the Auvergne region of central France became popular in the Bal-musettes, small Parisian dance halls that catered to the Auvergnat immigrants in Paris in the late 19th century. Later, when Italians like Charles Péguri (whose father, an accordion maker, emigrated from Piedmont in the 1870s) brought their accordions to the dance halls and began playing the traditional minor-key dance forms, one of the world’s classic forms of accordion music was born. Piétro , performed and probably written by Péguri, is an example of this quintessential style of Parisian accordion music that can still be found being played by buskers in the Paris Métro today. Musette records remained popular through the 1940s, but this early example on Disque Aérophone dates from around 1911. All the Aérophones I’ve seen, including this one, are 27 cm (10 3/4″) discs. Some have paper labels and some have etched labels. Surprisingly (or not, since Aérophone was a French company), some Aérophones like this one are lateral cut and others are vertical. Aérophone discs aren’t common, but they aren’t impossibly rare either. This and about 20 other Aérophones are a recent acquisition by UCSB and are part of the Bruce Bastin/Interstate Music collection. Folklorist Bruce Bastin founded Interstate Music in the 1970s to reissue folk, jazz, country, blues, and ethnic recordings on LP. Over the years, he issued some 850 compilations on LP and CD, featuring music from The Americas and the Caribbean, Europe, Asia, and Africa. His compilations of ethnic music primarily appeared on his Harlequin and Heritage imprints. Ethnic 78s are one of the focal points of UCSB’s collection and the library recently acquired a large portion of Bastin’s collection, consisting of about 10,000 78rpm ethnic and folk recordings from Latin America and Europe, as well as recordings in popular traditions, such as the Argentine tango. This disc is one of hundreds of similar recordings from continental Europe in the collection that falls outside the conventional boundaries of European classical and popular music. Thanks to Jon for the opportunity to share one of our records and I hope you enjoy the selection. Feel free to send feedback or ask me any questions. - David Seubert, UC Santa Barbara Technical Notes Label: Disque Aérophone Issue/Matrix Number: 874 Note: The French Fremeaux company offers an entire CD of early Péguri recordings which is currently in print. It contains a version of Piétro which may or may not be the same one offered here (we were unable to locate a copy in time). Regardless, we still thought it was important to highlight this important early recording and label; styles Old-Time / Historic, International, Europe; tags charles pguri"
013_013086.mp3,"Years ago, when I was completely green when it came to collecting 78s, I sought out arcane knowledge* wherever I could find it. And since I was broke most of the time, I had nothing but time to spend listening to more experienced collectors talk and talk (and play records). During that period, I was getting into early American jazz, blues, and country, but really had no idea where to begin. These collectors were equally irascible and incredibly generous. There was, however, one piece of dubious information that was drilled into me: red Columbias are a waste of your time, son. The mere mention of a “red Columbia” would make older collector’s eyes roll. I’d hear things like, “I drove all the way down to Philly for that estate sale – and all they had were red Columbias!” or “The guy wanted $5 each for all his red Columbias!” They were the most plentiful 78rpm record around (and probably still are), and the vast majority of what you’d find would be Doris Day, Frank Sinatra, big band…top sellers. It wasn’t until a few years down the road that I realized that the red label Columbia 78 wasn’t to be ignored whatsoever - that everything I’d heard up to that point was an elitist myth. The American Columbia imprint was ravaged by the Depression like many other labels, and it vanished by the early 1930s (after beginning around the turn of the century). By 1939, it had been resurrected with a new red label. And yes, while it is true that it quickly became a profitable bastion of mid-20th century popular music, the red label Columbia, at least in some ways, continued where the old-school Columbia label left off when it came to international folk music. They resurrected Syrian and Egyptian recordings from the 1920s Columbia “X” (for “export”) series, and brought them back to life. They reissued fado records from Portugal, tough to find and out of print for years. And with Greek music – forget about it. The red Columbia label issued loads of amazing rebetika and Greek folk – recordings originally made in Greece and pressed on the European Columbia imprint (by then run by HMV) in the 30s, as well as more current, and often no less rootsy, recordings made in the United States by Greek immigrants. Which leads me to today’s offering, another continuation of our 4-week exploration into aerophones. Clarinet master Kostas Gadinis was born sometime between 1885 and 1890 in the town of Siátista, in West Macedonia. He immigrated to the United States ca. 1915, and began recording as soon as the early 1920s. Legend has it that Benny Goodman and Dave Tarras saw Gadinis play live, and were suitably blown away, with Goodman referring to him as the “Benny Goodman of Greece.” This terrific instrumental rebetika track, in the sabah dromo (or maqam), was recorded October 22, 1940 in New York, with John K. Ginaros on accordion, and unknown accompanists on oud and drum. The title “Aebali” is better translated as “Aïvali” in Greek or “Ayvalık” in Turkish, and is the name of a town located on the northwest coast of Turkey which had a large Greek population until the end of the Ottoman Empire. This song was apparently also released under the title “Remembrance of Aebali Village.” Gadinis died in 1987. Technical Notes Label: Columbia Issue Number: 7209-F Matrix Number: CO 28951 Thanks to Tony K. for info, as always – and thanks to Dave M. for turning me on to Gadinis’ work to begin with. For more Gadinis on CD, there are a couple of tracks on Topic’s Blowers From the Balkans CD. There is also an entire CD of Gadinis’ work on the Greek Falireas label, but it appears they are not yet equipped to take credit card orders. *” I wanna keep my place in this old world – keep my place in the arcane knowledge” – Jonathan Richman, “Old World”; styles Old-Time / Historic, International, Europe; tags kostas gus gadinis"
013_013087.mp3,"Today’s post brings me back to my favorite music from Egypt – that is, classical works from the era before electricity. Yes, they sound far, far away, but the magic contained therein is worth the effort. The renowned singer Sheikh Sayed El-Safti* (1875-1939) apparently began recording as early as 1907, possibly for the German independent Favourite label at first. Around ca. 1913 he recorded at least 2 dozen records for the Odeon company. He also recorded for Pathé ca. 1926, Polyphon, Columbia, and the Lebanese independent label Baidaphon in the late 1920s. His last recordings appear to have been ca. 1931. El-Safti specialized in several song types: the mawwal, a non-metric vocal improvisation on 4-7 lines of colloquial text, the dawr, a song type from the 19th century noted for the choral responses that occur in response to the soloist’s improvisation in its second part (the ghusn) , and the muwashah, a strophic song type in classical Arabic which originated in Al-Andalus. (These are simplistic definitions for what is a deep and detailed school of music, but I offer them to illustrate El-Safti’s virtuosity.) This piece, however, is a qasida - a classical Arabic poem. It’s English translation is “In the Path of God.” El-Safti is accompanied here by a small ensemble of violin, kanun, and ney. As to when it was recorded, it’s difficult to say. It was released on the German Parlophon label, which may (or may not) indicate that it was originally released on another German label (Baidaphon, Beka – perhaps even Odeon or Favourite). Therefore it truly could have been recorded anytime between ca. 1907 and ca. 1925 – a fascinating time in terms of recorded music in the Middle East. Technical Notes Label: Parlophone Issue Number: Bx 5708-I Matrix Number: 1344 * Also commonly spelled Sayyid al-Safti , Said el Safti and Sayed Safti; styles Old-Time / Historic, International, Middle East; tags sheikh sayed el-safti"
013_013088.mp3,"Approximately 24 million people in Africa now speak the Hausa language, from Western Africa across the continent to Eritrea. However, it’s in northern Nigeria and the country of Niger where you’ll find the majority of speakers. It is an Afro-Asiatic language, which means it’s in the same general family as Berber languages and the Arabic of Egypt – languages spoken in the northern part of the continent. It can be written in an Arabic script, known as Ajami. As far as research shows, the first commercial Hausa recordings were made in the Britain in the late 1920s when the Zonophone company, by then an arm of HMV, began releasing the very first recordings for African consumption (as opposed to ethnographic recordings made for study, or for the amusement of Europeans) – most if not all of Zonophone’s releases were actually recorded in England by native Africans, with the records being shipped back to West Africa for sale. There was also at least one Hausa song, recorded in Britain by native Hausa speakers, released on the small Duophone label as well. Odeon may have recorded Hausa material as well, on location, in the late 1920s. In the 1930s, 5 more Hausa recordings were made by Parlophone (by then also an HMV company) on their PO series – raw, rural music featuring the Hausa people’s fiddles, the goje or the kukkuma , with titles written in both Roman characters and Ajami script on the labels. HMV continued releasing Hausa recordings on their JZ series from 1937 onwards. By the early 1950s when this record was made, HMV had been joined by a cavalcade of competitors in the West African 78rpm market: mainly French labels such as Philips, Fiesta, Le Chant du Monde, Voice of Africa, Africa Vox, but also Decca, and near-lost independent labels such as Bassophone, Palmo-Tone, Nugatone…it’s quite amazing. There was a tremendous amount of recording going on, particularly in Ghana, Nigeria, and Sierra Leone. But labels also went beyond the popular Creole groups of Sierra Leone and the high-life bands of Ghana and Nigeria, presumably to satisfy emerging markets, or simply smaller ones. HMV’s green-labeled TM series added recordings from Togo, as well as those in less-popular West African dialects like Adangbe and Awuna. Which brings us to this Hausa recording, made for HMV and on the TM series. The guitars show an influence of West African pop, but the voices sound real and unpolished. The singers are accompanied by two (?) guitars, drum, and percussion (perhaps a bottle). Alas, I could find no information on Salifu Titah. Technical Notes Label: HMV Issue Number: TM.1084 Matrix Number: OAB-3699-1 For more on the story of West African recording, there is Craig Taylor’s Savannaphone website, Paul Vernon’s article on the subject, and John Cowley’s excellent piece, “ uBungca (Oxford Bags) .”; styles Old-Time / Historic, International, African; tags hausa, salifu titahs band"
013_013089.mp3,"A fiddle masterpiece by a master fiddler. Pawlo Humeniuk was born ca. 1884 in Pidvolochys’k, in the Ukraine, immigrated to the United States around 1902, and began recording for Okeh records in late 1925. Legend has it that Humeniuk was in the store of Myron Surmach, a sheet music and record retailer, when an Okeh records representative came in to query Surmach on whether he knew of anyone who could play “village music,” whereupon Surmach immediately introduced Humeniuk. After several sides for Okeh, Humeniuk and his group of musicians (most of whom are anonymous, still) moved to Columbia Records for a stint that lasted about 10 years, until 1936. He made a few more records in 1940 and his career on records was over. Humeniuk died in 1965, leaving an amazing legacy of early Ukrainian folk music. Today’s track is a combination of a kozachok (or kozak ) and a trepak. The kozachok is derived from the word “Cossack” – and both dances are classically in 2/4 time. In other words, they can be raucous, uptempo numbers for social dancing! Besides Humeniuk’s outstanding fiddling, what makes this track particularly interesting is the addition of the cymbalom, a hammered dulcimer (played by one Ivan Lysechko, the only other known player besides Humeniuk on these sessions). For more Humeniuk, check out Arhoolie’s King of the Ukrainian Fiddlers . And a special thanks to Ian Nagoski, for his nice write-up on Excavated Shellac included in his article Pearl Diving , in the latest Arthur Magazine . Sadly, it looks like Arthur is hurting financially like so many others – which is not a good thing, as it has consistently been an entertaining and informative magazine. You can download a .pdf of the issue (and donate to the cause) on their website. Technical Notes Label: Columbia Issue Number: 27104-F Matrix Number: 108160 (2-A-5); styles Old-Time / Historic, International, Europe; tags fiddle, ukrainska orchestra pawla humeniuka"
013_013090.mp3,"In previous posts I’ve raved about how the American green Columbia label released some of the very finest Irish, Ukrainian, and Polish folk music from the late 1920s through the early 1930s. Their “F” series (records where the catalog numbers ended in the letter F) stood for “foreign.” Despite the name, the vast majority of recordings on the F series were recorded in North America and marketed to North American immigrant populations. And in terms of output, no market was catered to more than the Italian-American market. Columbia released 1,292 “Italian” records in the F series. Only Polish and Greek records came remotely close, with 799 and 696 releases, respectively. Giovanni Vicari (1905-1985) was an undisputed mandolin and banjo master, and recorded mazurkas, tangos, and folk melodies from Naples and Sicily, the earliest of which were for Columbia. According to possibly apocryphal legend, he rarely left New York’s Little Italy during his life, and still played for friends in local barber shops and the like. He had to have gotten out of the neighborhood a bit however, as he seems to be the same Giovanni Vicari who played mandolin on several Vivaldi pieces conducted by Leonard Bernstein for a 1958 session. Vicari apparently had many students as well, one of whom was filmmaker and 78 collector Terry Zwigoff. In the 1940s, Vicari had something of a parallel career, recording Latin music for the Harmonia label under the name “Juan Vicari y su Genial Orquesta”! When I imagine New York City and its immigrant communities in the 1920s, I can really picture this recording being part of a traveling art form. The record company was located in New York, the artist was in New York, it was recorded in New York, and it was sold in Italian-American neighborhood shops in New York to Italian-Americans – with the New York metropolitan area still having the largest concentration of Italians in North America. The music went from neighborhood to neighborhood, from the shop to homes, and into the ears of families, friends and passers-by – all in a very short radius of one another. It reminds me of my favorite film about New York City and the traveling art form: Style Wars . The art of graffiti writers on subway trains went from borough to borough, day after day, communicating a certain message in a certain language to other graffiti writers. (That film had a major impact on me when I saw its premiere on PBS at age 11, and was partially responsible for me moving to NYC seven years later.) Perhaps the recording will only ever be a traveling artifact – the music itself is the art form. This piece, “Doll’s Eyes,” was recorded in New York in June of 1928, when Vicari was just 23 years old. It’s got a beautiful sound to accompany the adroit banjo playing - nice and loud. For more Vicari, check out Rounder’s CD Italian String Virtuosi . Technical Notes Label: Columbia Issue Number: 14407-F Matrix Number: 109406 (2-A-1); styles Old-Time / Historic, International, Europe; tags banjo, giovanni vicari"
013_013091.mp3,"Chung-Vô-Diệm, the title of this recording which dates from Vietnam (then Indochina) around the 1930s, is the name of a woman in a legendary Vietnamese fable. Her story is something along the lines of “Beauty and the Beast.” Numerous variations must exist, but this is how it was related to me: Chung-Vô-Diệm made a tragic error while living on Earth, so after she had died, she was dealt a punishment. She was sent back to Earth to live as a horrifically ugly person. She found her home in the mountains, living with a fairy goddess, isolated from the rest of society. While living in the mountains, she trained as a warrior under the goddess, and became blessed with incredible powers that soon became known throughout the country. It was said one arrow from her bow could destroy an entire army of foot soldiers. Meanwhile, the Emporer had found out about Chung-Vô-Diệm. He summoned her to be his wife and help fight the invading armies. Although she was reluctant to leave because of her shocking appearance, she decided to accept, and wore a covering over her face. The arrival of this famous warrior was was highly anticipated, and she was carried on a throne to the Emperor. Soon, she was defeating throngs of soldiers with her bow. Eventually, it was time for the Emperor and Chung-Vô-Diệm to consumate their marriage. When the Emperor came to her room that night and Chung-Vô-Diệm removed her covering, he ran screaming in fright. He was so repelled by her appearance that he jailed Chung-Vô-Diệm, keeping her in solitary confinement like an animal. Chung-Vô-Diệm longed for her home in the mountains with her caretaker the fairy goddess, and she escaped. Time passed. The country was attacked again. This time, the Emperor needed Chung-Vô-Diệm desperately. However, he knew he could not treat her badly as he did before. He knew he had to apologize. He summoned her again and she returned to the city, but she refused to accept his apology. She said, “If you are truly sorry, you must show humility. Bow.” To her surprise, the Emperor bowed in front of her, and stayed bowed outside her bedroom door for days on end. Finally, Chung-Vô-Diệm opened the door and let the Emperor in. To his surprise, her ugly appearance had disappeared, and she had turned into a beautiful woman. It turned out that the spell placed on Chung-Vô-Diệm could not have been broken unless someone truly loved her. Unfortunately, there is little information on both the story of Chung-Vô-Diệm, or Vietnamese 78rpm records as a whole, in English. Most likely, this record is part of a multi-volume set, much like how Chinese opera was distributed across the region (though very often they are not found intact today). Clues to this are on the label. Both sides of the label are labeled “thứ I” or “part 1.” On the upper left is “Tân-Thình” which most likely refers to a particular chapter in the story. As for the performers, underneath the title is written “Ca Tử-dại.” However, that could be the name of the person singing, or the name of the character that is singing, or another name entirely. The singers are accompanied by a fiddle (probably the two-stringed Ðàn Nhi ), a flute (the s áo or tiêu ), a plucked lute of some kind, and woodblock percussion (probably the song loan ). I’m including both sides of this record for this week’s post, with many thanks to Lien Nguyen, Kathie Han, and Phillip Phan, for help with translation and meaning. Technical Notes Label: Odeon Issue Number: 157.524 Matrix Number: Tub 265/Tub 266; styles Old-Time / Historic, International, Asia-Far East; tags unknown"
013_013092.mp3,"In the late 1920s, the Victor company decided to begin producing recordings of music geared specifically to Slovakian immigrants in the United States. It was a short-lived effort, yet it yielded some fascinating music, most of which was performed by a cache of immigrants (quite probably coal miners) from western Pennsylvania. I’ve heard other Slovenian/Slovakian 78s, but nothing matches the wild, almost primitive energy of these Victor recordings, which don’t turn up too often. The Pachač a Juskanič Slovenská Orkestra recorded this, Part One of their “harvest” čardáš , on December 6, 1929, in New York – the same date they recorded the bulk of their entire output (the group would later record a few more releases in that dark year for the American recording industry, 1932). The čardáš is a closed-circle folk dance in 2/4 time which originated in Hungary, but has close gypsy connections according to Richard Spottswood, in the notes to his excellent CD Slovak Csardas: Dance Tunes from the Pennsylvania Coal Mines . In his opinion, the Slovakian music on Victor from this period may be a peek into what music from the area may have sounded like in the nineteenth century. There are several tracks by the Pachač a Juskanič Slovenská Orkestra on Mr. Spottswood’s CD, but this track remains unreleased. Listen close for the whistling! Technical Notes Label: Victor Issue Number: V-22038 Matrix Number: n/a; styles Old-Time / Historic, International, Europe; tags pacha a juskani slovensk orkestra"
013_013096.mp3,"styles Sound Collage, Experimental, Dance, Electronic, Audio Collage; tags otis fodder"
013_013097.mp3,"styles Sound Collage, Experimental, Dance, Electronic, Audio Collage; tags jeffrey letterly, urban inbreed"
013_013098.mp3,"styles Sound Collage, Experimental, Dance, Electronic, Audio Collage; tags kaffeinik"
013_013100.mp3,"styles Sound Collage, Experimental, Dance, Electronic, Audio Collage; tags music for podcasts, podsafe, ambient, podcast, synthwave, library music, instrumental, retrowave, tracks to sync, podcast music, wm recordings, electronic, experimental pop, experimental, lee rosevere"
013_013101.mp3,"styles Sound Collage, Experimental, Dance, Electronic, Audio Collage; tags chicky and chenard"
013_013135.mp3,"styles Chip Music, Psych-Rock, Rock, Electronic; tags chip music, bud melvin"
013_013136.mp3,"styles Chip Music, Psych-Rock, Rock, Electronic; tags chip music, bud melvin"
013_013149.mp3,genre Spoken; styles Spoken; tags readings from the lesbian herstory t-shirt archive
013_013151.mp3,"tags xxxmacarena, tony conrad"
013_013160.mp3,"styles Experimental, Electroacoustic, Rock, Electronic, Techno, Lo-Fi, Field Recordings; tags blectum from blechdom, blevin blectum, acousticelectronicexperimental, electronic, bay area"
013_013216.mp3,"styles Instrumental, Sound Collage, Ambient, Experimental; tags die elektrischen"
013_013219.mp3,"styles Pop, Rock; tags monk turner, bedroom pop, concept album, soul, pop, concept, hip hop, rock"
013_013222.mp3,genre Electronic; styles Electronic; tags microtonner
013_013223.mp3,"styles Hip-Hop, Experimental; tags earl grey and the legomen"
013_013226.mp3,genre Electronic; styles Electronic; tags schaua
013_013318.mp3,"genre Electronic; styles Ambient Electronic, Electronic; tags g alamo"
013_013322.mp3,"styles Pop, Rock; tags irreversveis"
013_013323.mp3,"styles Jazz, Rock; tags red lion"
013_013324.mp3,genre Pop; styles Pop; tags flu
013_013343.mp3,"genre Rock; styles Punk, Goth, Rock; tags the damned"
013_013439.mp3,"styles Pop, Rock; tags allison crowe"
013_013441.mp3,"styles Pop, Electronic; tags troupe"
013_013443.mp3,"styles Electroacoustic, Experimental, Electronic; tags nest"
013_013444.mp3,"genre Rock; styles Psych-Rock, Rock, Garage; tags cyclone 60"
013_013445.mp3,"genre Rock; styles Psych-Rock, Rock, Garage; tags cyclone 60"
013_013517.mp3,"styles Noise, Experimental, No Wave, Novelty, Rock, Electronic, Sound Effects, Punk, Holiday; tags holiday music, hazardous guadalupe"
013_013519.mp3,"styles Noise, Experimental, Pop, Rock, Experimental Pop, Electronic, Lo-Fi; tags avant garde, experimental, noise, san francisco, big city orchestrae, big city orchestrae womens auxiliary, american cassette noise network, baltimore, adrien barbobott"
013_013520.mp3,"styles Noise, Experimental, Pop, Rock, Experimental Pop, Electronic, Lo-Fi; tags avant garde, experimental, noise, san francisco, big city orchestrae, big city orchestrae womens auxiliary, american cassette noise network, baltimore, marissa magic"
013_013521.mp3,"styles Noise, Experimental, Pop, Rock, Experimental Pop, Electronic, Lo-Fi; tags avant garde, experimental, noise, san francisco, big city orchestrae, big city orchestrae womens auxiliary, american cassette noise network, baltimore, katherine plummer"
013_013522.mp3,"styles Noise, Experimental, Pop, Rock, Experimental Pop, Electronic, Lo-Fi; tags avant garde, experimental, noise, san francisco, big city orchestrae, big city orchestrae womens auxiliary, american cassette noise network, baltimore, stone pillow"
013_013549.mp3,"genre Rock; styles Rock, Garage; tags das black milk"
013_013552.mp3,"styles Pop, Post-Rock, Rock; tags garmisch partenkirchen"
013_013553.mp3,"styles Pop, Electronic, Glitch; tags rob hunter"
013_013554.mp3,"styles Jazz, Electronic; tags mike link amp harvey taylor"
013_013565.mp3,"styles Electroacoustic, Trip-Hop, Experimental, Electronic; tags crepusculum"
013_013568.mp3,"styles Soul-RnB, Electronic; tags deutscheunschuld"
013_013569.mp3,"styles Electroacoustic, Ambient Electronic, Experimental, Electronic; tags bersarin-quartett"
013_013570.mp3,"styles Pop, Rock; tags bsk"
013_013572.mp3,"genre Experimental; styles Improv, Experimental; tags randy lee sutherland"
013_013573.mp3,"genre Experimental; styles Improv, Experimental; tags randy lee sutherland"
013_013703.mp3,"styles Avant-Garde, Experimental, Pop, Experimental Pop, Electronic; tags wm recordings, electropop, happy elf, pop, the netherlands"
013_013704.mp3,"styles Avant-Garde, Experimental, Pop, Experimental Pop, Electronic; tags terry douglas"
013_013705.mp3,"styles Avant-Garde, Experimental, Pop, Experimental Pop, Electronic; tags music for podcasts, podsafe, ambient, podcast, synthwave, library music, instrumental, retrowave, tracks to sync, podcast music, wm recordings, electronic, experimental pop, experimental, lee rosevere"
013_013712.mp3,"genre Rock; styles Space-Rock, Psych-Rock, Post-Rock, Rock; tags clinical archives, austria, space-rock, spain, psychedelic, germany, rock, interkosmos"
013_013713.mp3,"genre Rock; styles Space-Rock, Psych-Rock, Post-Rock, Rock; tags clinical archives, austria, space-rock, spain, psychedelic, germany, rock, interkosmos"
013_013795.mp3,"genre Rock; styles Punk, Rock; tags ism"
013_013796.mp3,"via Domination Recordings : Now available for free download is the first single ""Over"" from Breez Evahflowin's upcoming album ""Breez Deez Treez"" to be released this Summer on Domination Recordings. Breez Evahflowin a founding member of the Stronghold underground rap collective, emerged as a leading force in the New York and national battle rap scenes during the late '90s and has gone on to work with some of the illest artists in the underground hip hop scene (including Vast Aire, Slug, Chali 2na & The Molemen). The exclusive single ""Over"" is produced by Dave ""Daveytree"" Archuletta and features guest lyrics from Harlem's very own Swave Sevah (The Source Magazine ""Best Unsigned Hype"" of 2008), and introducing veteran Bill T. Jones performer Shaneeka Harrell on vocals in her hip-hop debut; styles Hip-Hop, Soul-RnB; tags breez evahflowin"
013_013797.mp3,"styles Hip-Hop, Soul-RnB; tags shorty raw"
013_013806.mp3,"styles Dance, Soul-RnB, Electronic, Funk, Hip-Hop, Techno; tags manuele atzeni"
013_013807.mp3,"styles Dance, Soul-RnB, Electronic, Funk, Hip-Hop, Techno; tags manuele atzeni"
013_013847.mp3,genre Electronic; styles Electronic; tags kania tieffer
013_013848.mp3,"Anyway, music information. Its a solo baritone piece called ""A Good Engine"". The title is a phrase used by a friend in describing the baritone saxophone and as I wanted to dedicate the piece to Harry Carney of the Ellington orchestra, the main reason I play baritone, it seemed even more fitting. Although it is predominantly improvised, it does have two structural elements. The first is trying to ensure that the developments in the piece are distinct and in some unrelated to what has gone before, an attempt to echo what Carney was playing with Ellington and how the pieces would change from blues, to swing, to ballads and so on, though the changes in my piece aren't necessarily based on those musical ideas. The second element is the use of phrases from 'Sophisticated Lady' throughout as a springboard for the improvisation, given this was the tune that Harry Carney was most known for playing. I suppose, in a way, this piece also gives a slight nod to Mr Ellington, an inspiration, direct or otherwise, to those of us who play jazz related music."" David O'Connor is London based sax player/flautist who is open to invention and is very fond of cats and ducks. Contact: www.myspace.com/davidoconnorsax; styles Avant-Garde, Jazz, Experimental, Free-Jazz, Improv; tags clinical archives, improvisation, jazz, various, free-jazz, experimental, avant-garde, electronic, david oconnor"
013_013849.mp3,"Michele Spanghero : doublebass Ugo Boscain : contrabass clarinet The project MIMESYS was born from the common interest of the two Italian musicians Michele Spanghero (double-bass) and Ugo Boscain (contrabass clarinet) for the low pitched and unusual sounds. The Mimesys Duo is mainly concerned with improvised music, using a language within classical contemporary music and european jazz. Great importance is given to the timbric experimentation and to the uncommon sonorities produced by the instruments through the use of extended techinques. The sounds are convulsively brought to a musical and emotional mimetic absorbtion (therefore the name Mimesys for the duo). Contact: www.myspace.com/mimesys; styles Avant-Garde, Jazz, Experimental, Free-Jazz, Electronic, Improv; tags clinical archives, improvisation, jazz, various, free-jazz, experimental, avant-garde, electronic, mimesys"
013_013850.mp3,"Composed and performed by J. Filipe Recorded in Porto, Portugal, 2008 ""Joao Filipe is a Portuguese percussionist and experimental musician with explorations and participations within several genres of music production. From punk-rock, industrial, electro-acoustic experimentalism, ambient, jazz, his influences seem as diverse as his work. Now, with his solo adventure, the idea is to explore to the maximum the percutive potencial of objects and unusual instruments, with techniques that are not very common. Almost as a mind game of tensions and empty spaces, his compositions flow along the improvised and the organized, layer by layer, until they reach a final form... or something that appears to be one!"" Contact: http://www.myspace.com/joaofilipe0; styles Avant-Garde, Jazz, Experimental, Free-Jazz, Electronic, Improv; tags clinical archives, improvisation, jazz, various, free-jazz, experimental, avant-garde, electronic, joao filipe"
013_013851.mp3,"""Chihuahua"" is a ""situationist"" improvised work in which Siegel plays electric guitar along with the two chihuahuas present in the room. Contact: http://www.myspace.com/sabrinasiegel; styles Avant-Garde, Jazz, Experimental, Free-Jazz, Electronic, Improv; tags clinical archives, improvisation, jazz, various, free-jazz, experimental, avant-garde, electronic, sabrina siegel"
013_013852.mp3,"Stefano Giust: drums, laptop Vittorino Curci: alto sax Stefano Giust was born in Switzerland, in 1968, he is a self-taught musician, improviser, performer and composer of electronic/acousmatic music. He has started to recording his music at the age of 14. Since that period he has recorded 76 albums, as a leader and co-leader, with projects of improvisation, avant-jazz and electronic music. His work develops into many different experimental achievements, in which improvisation and indeterminate music hold a central role. He looks upon contemporary improvisation as an open process compatible with any idiom and musical situation. Among others he has played with Gianni Gebbia, Luc Ex, Vincenzo Vasi, Roy Paci, Roberto Bellatalla, Edoardo Marraffa, Andy Diagram, Sakis Papadimitriou, Edoardo Ricci, Patrizia Oliva, Carlo Actis Dato, Xabier Iriondo, Renato Ciunfrini, Gianni Lenoci, Roberto Ottaviano, Luca Miti; with projects Camusi, Crash Trio, Blistrap (UK), Ògun, Papiers Collés, Ipersensity, L'Amorth Duo, Rediffusion (UK), Gbur and many others. He has toured Italy, United Kingdom, The Netherlands, France, Germany, Spain, Portugal, Switzerland, Austria, Slovenja, Belgium. As acousmatic/electronic composer, some of his works have been used and commissioned by experimental film directors and video-artists like Gorazd Krnc, Toni Mestrovic, Alessandro Amaducci, Sammlerfamilie/Filoart, Fabrizio Personeni, Tullio De Gennaro, Renzo Cevro-Vukovic, Giovanni Andreotta, Soda, Iris Ollschewski and others. In 1993 he founded the radical label Setola di Maiale - unconventional music, a catalogue of avant-garde musicians that today has produced about 140 discs and involved about 200 musicians. Vittorino Curci is a musician, writer and festival promoter. He has played with Joëlle Léandre, Gianluigi Trovesi, Giancarlo Schiaffini, Steve Lacy, Yves Robert, Peter Kowald, Gunther Sommer, Conny Bauer, Evan Parker, Maggie Nicols, Sergej Kuryokhin, Vyacheslav Gayvoronsky, Pino Minafra, Roberto Ottaviano, Gianni Lenoci, Marcello Magliocchi, Eugenio Colombo, Mario Schiano, Antonello Salis, Ernst Reijseger and more. Contact: http://www.myspace.com/stefanogiust http://www.setoladimaiale.net/; styles Avant-Garde, Jazz, Experimental, Free-Jazz, Improv; tags clinical archives, improvisation, jazz, various, free-jazz, experimental, avant-garde, electronic, stefano giust amp vittorino curci"
013_013853.mp3,"solo electric tenor banjo Multifaceted cellist, engineer & producer Christopher Hoffman has perfomed or recorded with Needers & Givers, Pagoda, Ryan Scott, Clare Muldaur, Christina Courtin, Ryan Adams, John Zorn, Haale Devotchka, Henry Threadgill, John Ellis, Anat Cohen, Jenny Scheinman, Fred Lonberg-Holm, Butch Morris, Nate Wooley, Otomo Yoshide, Teddy Thompson, Dar Williams, Scott Rosenberg, Young Love, Anistar, Mat Maneri and Elizabeth & The Catapult. Contact: http://www.christopherhoffman.com http://www.myspace.com/christopherhoffman; styles Avant-Garde, Jazz, Experimental, Free-Jazz, Electronic, Improv; tags clinical archives, improvisation, jazz, various, free-jazz, experimental, avant-garde, electronic, christopher hoffman"
013_013854.mp3,"'Ilton JN attempts to combine the sounds of techno with the methodology of improvisation and the form of pop. Please be in touch if you would like to hear more: www.myspace com/iltonjoan; styles Avant-Garde, Jazz, Experimental, Free-Jazz, Electronic, Improv; tags clinical archives, improvisation, jazz, various, free-jazz, experimental, avant-garde, electronic, ilton jn"
013_013855.mp3,"John Ferguson is an electronic musician. His work is inspired by notions of instability, and focuses on tactile approaches to the live manipulation of audio/visual materials. Predicated on listening and real-time(re)negotiation, his combinations of hacked electronics, wireless gaming controllers and custom software/mechanical systems are frequently loud and exuberant. But the resistance inherent within these instrumental ecologies significantly affects the compositional process, raising issues of causality, agency and legibility, whilst foregrounding ambiguity as an alternative to functionalism in interface design. Contact: http://www.johnrobertferguson.com http://www.tronlennon.co.uk http://www.myspace.com/fergalstrandy; styles Avant-Garde, Jazz, Experimental, Free-Jazz, Electronic, Improv; tags clinical archives, improvisation, jazz, various, free-jazz, experimental, avant-garde, electronic, john ferguson"
013_013856.mp3,"d'incise: laptop & objects cyril bondi: drums, percussions patricia bosshard: violin & electronic Diatribes is a free improve bande from Geneva, CH. Created in 2004 as trio, it became a duo+guest(s) in 2008. They are as influenced by 70's freejazz as by contemporay & electroacosutic improvisation, and stand on a strong libertarian statement. Diatribes is the home-band from INSUBORDINATIONS netlabel. http://diatribes.insubordinations.net http://www.insubordinations.net Patricia Bosshard is violin player from Lausanne, CH. SHe is involved in many projects with electronic musicians and video artists. http://www.patriciabosshard.net Contact: http://www.myspace.com/diatribesimprovisors; styles Avant-Garde, Jazz, Experimental, Free-Jazz, Electronic, Improv; tags clinical archives, improvisation, jazz, various, free-jazz, experimental, avant-garde, electronic, diatribes patricia bosshard"
013_013857.mp3,"members: John Ferguson (electric guitar and live electronics) http://www.fergalstrandy.co.uk/ http://www.tronlennon.co.uk http://www.myspace.com/fergalstrandy Bennett Hogg (violin) http://www.myspace.com/bennetthogg http://www.ncl.ac.uk/sacs/staff/profile/bennett.hogg; styles Avant-Garde, Jazz, Experimental, Free-Jazz, Electronic, Improv; tags clinical archives, improvisation, jazz, various, free-jazz, experimental, avant-garde, electronic, wormhole"
013_013858.mp3,"A freely-improvised piece of musique-concrete performed straight to open stereo mic by: Pleasure-Drenching Improvers, who are: THF Drenching - Dictaphones Sonic Pleasure - Bricks Contact: www.fenlandhibrow.co.uk; styles Avant-Garde, Jazz, Experimental, Free-Jazz, Electronic, Improv; tags clinical archives, improvisation, jazz, various, free-jazz, experimental, avant-garde, electronic, pleasure-drenching improvers"
013_013859.mp3,"Vortex is an improvised music duo. This discreet duo had more than 5 years age. Sebastien Cirotteau Heddy Boubaker Contact: http://boubaker.net/Vortex; styles Avant-Garde, Jazz, Experimental, Free-Jazz, Electronic, Improv; tags clinical archives, improvisation, jazz, various, free-jazz, experimental, avant-garde, electronic, vortex"
013_013860.mp3,"Performance Instructions Each performer must select a path from the central home point to one of the five destination points. Each path is different and varies from a straight, direct path to a labyrinthine, indirect path. Each performer should select a path most suitable to them. Each performer must select a different path and if in the case where two performers wish to select the same path, a settlement must be m ade to accommodate everyone as best as possible. Each performer interprets the forms and textures along their selected path as the basis for free improvisation. Consider assigning your own timbre, duration, articulation, pitch, melodic or harmonic structure, etc. to the forms and textures. The only given assignment to these forms and textures is volume: dense = loud; sparse = quiet; white = silence. Since each of the five paths are different lengths, consider assigning tempo to the length of your chosen path: 1) straight line = slowest to 5) labyrinthine line = fastest. Also consider the following pitch ranges: 1) straight line = lowest range to 5) labyrinthine line = highest range. The duration of the piece is five minutes. Each path has been marked 1–5 providing a visual guide for following the time (one notch for each minute). Since the destination point for all paths is black and ends abruptly with a white border, all performers should p lay as loud and frenzied as possible during this time and stop abruptly together on cue. During this last burst, change the manner in which you use your instrument and make sounds completely different from what you played before. The red outline along your path will indicate when to begin this activity. Performers True Rosaschi: piano Geoff Dyer: saxophone Jen Baker: trombone Carolyn Tyler: cello David Rosenfeld: violin Conductor Brian Schorn Brian Schorn Bio Brian Schorn is an interdisciplinary artist. He received an MFA in Electronic Music and Recording Media from Mills College where he studied with Pauline Oliveros, Fred Frith, Alvin Curran, Maggie Payne and Chris Brown. In addition, he has MFA degrees in graphic design, photography and creative writing. Schorn's music has been performed in France, Austria, The Netherlands, New York and elsewhere throughout the United States. He has performed with composers and artists such as Cecil Taylor, Maryanne Amacher, Steina Vasulka and Ke n Butler. Schorn's music appears on the compilation CDs Open Source/Open Ear and The Last Signal. His 60 second composition, Under a Submersive Sun, toured the Midwest with the 60x60 Project in 2006. In 2007, he was an artist-in-residence at I-Park Artist's Enclave where he composed and performed a new work using field recordings and shamanic ceremony. In 2008, his first internet release of electronic, text-sound compositions were made available at www.cyclene.com. In 2009, Schorn's graphic scores and creative writing will be published in Notations21: An Anthology of Innovative Notation. Contact: www.myspace.com/brianschorn; styles Avant-Garde, Jazz, Experimental, Free-Jazz, Electronic, Improv; tags clinical archives, improvisation, jazz, various, free-jazz, experimental, avant-garde, electronic, brian schorn"
013_013861.mp3,"Stefano Scippa ( soprano sax / laptop ) http://www.stefanoscippa.com/ http://www.myspace.com/stefanoscippa Dicofone DICOFONE ( tenor sax / bass clarinet / laptop ) http://www.myspace.com/dicofon Note: Recorded live at the premiere multimedia show THE SOUND OF THE UNIVERSE COMING THROUGH MY WINDOW, Academy of Fine Arts - Bologna 2004 November 13th; styles Avant-Garde, Jazz, Experimental, Free-Jazz, Electronic, Improv; tags clinical archives, improvisation, jazz, various, free-jazz, experimental, avant-garde, electronic, stefano scippa amp dicofone"
013_013893.mp3,"genre Rock; styles Lo-Fi, Rock; tags crash normal"
013_013894.mp3,"genre Rock; styles Lo-Fi, Rock; tags crash normal"
013_013896.mp3,"by Henry Krutzen (piano: Jean-Louis Aucremanne) Henry Krutzen studied percussion, saxophone and harmony in various schools and jazz clinics in Belgium. He also plays harmonica, recorder, piano, keyboards and some ethnic instruments (reita, balafon, ken, shanaï...). He took part of many musical projects: jazz, new wave, heavy metal, experimental, chanson française, world music and progressive Rock.In 2001, he moved to Brazil where he is living now in João Pessoa, at the North-East coast. Contact: http://www.henrykrutzen.com/ http://www.myspace.com/henrykrutzen2; styles Avant-Garde, Jazz, Experimental, Free-Jazz, Electronic, Improv; tags clinical archives, improvisation, jazz, various, free-jazz, experimental, avant-garde, electronic, henry krutzen"
013_013897.mp3,"info: No genre no style every genre every style Contact: http://www.themallets.eu http://www.myspace.com/themallets; styles Avant-Garde, Jazz, Experimental, Free-Jazz, Electronic, Improv; tags clinical archives, improvisation, jazz, various, free-jazz, experimental, avant-garde, electronic, the mallets"
013_013898.mp3,"Workman on an actual ""assembly line"", Giustino Di Gregorio has always been interested in the idea of deconstruction-reconstruction-(s)composition. During his childhood his grandfather Gabriele Olivieri, a carpenter, taught him the creative manipulation of wood. Later on he applied these theories to the field of 8mm cinematography and, as result, improved his sensibility towards ""decomposition"". The approach in his present musical experiments, initiated by the enormous possibilities of modern technology, beget in him a frantic and voracious need to throw everything together (""saccheggio sonoro a 360°"") without discriminating any musical sources, but with a particular interest to '50s/'60s blues and jazz. Giustino has developed a very original style in which plagiarism and schizophrenia chase one another generating an undeniable sonic-alchemic balance. Vera e propria mente-campiona-menti Contact : http://www.myspace.com/areasprut http://www.myspace.com/secondopiano; styles Avant-Garde, Jazz, Experimental, Free-Jazz, Electronic, Improv; tags clinical archives, improvisation, jazz, various, free-jazz, experimental, avant-garde, electronic, giustino di gregorio"
013_013899.mp3,"Original composition by Marc Sarrazy released on the CD ""Intranquillite"", Linoleum productions 2008, remixed by Laurent Rochelle with special guests Piano: Marc Sarrazy Kaplas: Laurent Rochelle Vocals: Alima Hamel Strings: David Thompson Remixed by Laurent Rochelle Contact: www.linoleum-records.com www.myspace.com/marcsarrazy www.myspace.com/laurentrochelle; styles Avant-Garde, Jazz, Experimental, Free-Jazz, Electronic, Improv; tags clinical archives, improvisation, jazz, various, free-jazz, experimental, avant-garde, electronic, marc sarrazy"
013_013900.mp3,"Composed by Claudio Nunez From the album ""paseando por lomas"" musica ano(na)dada 2004 Claudio Nunez: acoustic & electric guitars, fretless bass Catalina Nunez (3 years old) : voice Agustin Nunez (7 years old) : voice & percussion Recorded in 2004 in Buenos Aires Claudio Nuñez was born in Buenos Aires in 1959. He studied classical guitar during the 70's, composition with Hilda Dianda and obtain a choral conductor degree in 1980. Lived in USA between 1981 and 2004. Has 7 cd: ""algunas revelaciones sobre el tango chino"", ""la zappatilla de zappa"" ""el zen del tango - el tango del zen"", ""paseando por lomas"", ""solos en la madrugada"" ""freejazz on monday"" y ""freejazz on sunday"". Has participated in several projects in Los Anegeles (Dannie Cove Big Band, Storacci Sextet, Carlos Miralles group, Bhrama Nada and the Nuñez/Tomlinson/Weiss trio), and in New York (Nuñez-Bagnato duet, the Charlie Martins quartet and several versions of the Claudio Nunez trío, quartet or quintet with people like Sam Hendrix, John Riley, Larry Granadier, Matt Wilson, Charles Gayle, William Parker, George Fernandez, etc, covering the space modern jazz to free jazz and avant-garde classical to indian classical music and new tango sites: http://www.myspace.com/claudionunez http://www.myspace.com/musicaanonadada; styles Avant-Garde, Jazz, Experimental, Free-Jazz, Electronic, Improv; tags clinical archives, improvisation, jazz, various, free-jazz, experimental, avant-garde, electronic, claudio nunez"
013_013901.mp3,"Artists Statement: ""I am a pianist/composer/sound collage artist whose work falls between the cracks of several different genres, though I manage to find an audience with the ""dark-ambient"" and ""experimental"" crowds. My approach is to combine original piano music with found-sound samples, which I process electronically to simulate subconcious states. I'm particularly interested in the effects of recontextualized speech samples and how they interact with each other to create new meanings. I also try to exploit the musical qualities of speech and aim to put the spoken voice on equal footing with musical (and other) sounds. The resulting work invariably suggests a narrative, though I try not to impose a particular story upon the the listener, preferring instead the individual and subjective interpretations of imaginative minds. ""Mistress of Ceremonies"" is an excerpt from an upcoming audio release- my fifth collection of pieces- entitled ""Ritual Research"", scheduled for early 2009."" Contact: http://www.joefrawleymusic.info http://www.myspace.com/joefrawley; styles Avant-Garde, Jazz, Experimental, Free-Jazz, Improv; tags clinical archives, improvisation, jazz, various, free-jazz, experimental, avant-garde, electronic, joe frawley"
013_013902.mp3,"Intuitive improvisation is magic that braces musicians altogether with the audience. This type of music, once played, can be never repeated. Alissid Jazz is a band that has been known for the bright imaginary of their compositions and themes. Spontaneous, emotional improvisations, various musicians with all sorts of unexpectedly exotic musical instruments at the performances of Alissid Jazz is a usual thing, just like it’s usual for someone to play only what’s learned by heart. The joint performances of Alissid Jazz and the famous Tuvan shaman Nikolay Oorjak (throat singing) grew into a self consistent project and a CD album “Oorjazz!” that is being sold through the Internet all over the world. “Autumnish” is a live studio realtime-recorded improvisation. Contact: http://www.myspace.com/alissidjazz http://www.alissidjazz.com; styles Avant-Garde, Jazz, Experimental, Free-Jazz, Electronic, Improv; tags clinical archives, improvisation, jazz, various, free-jazz, experimental, avant-garde, electronic, alissid jazz"
013_013903.mp3,"Raga+Electronica Jam anko (vo,g) yoshino (sitar) yamanaka (bass) mitunaga (dr) Contact: http://www.myspace.com/tranko http://members.jcom.home.ne.jp/a.nko/; styles Avant-Garde, Jazz, Experimental, Free-Jazz, Electronic, Improv; tags clinical archives, improvisation, jazz, various, free-jazz, experimental, avant-garde, electronic, tranko"
013_013904.mp3,"Gilad Atzmon : sax, clarinet & electronics Asaf Sirkis: dr Frank Harrison: piano, fender & elec' Yaron Stavi: elec' bass & dbl. bass GILAD ATZMON - MUSICIAN, COMPOSER, PRODUCER, EDUCATOR, WRITER... Gilad Atzmon was born in Israel in 1963 and had his musical training at the Rubin Academy of Music, Jerusalem (Composition and Jazz) A multi-instrumentalist he plays Soprano, Alto, Tenor and Baritone Saxes, Clarinet, Sol, Zurna and Flutes. Until 1994 he was a producer-arranger for various Israeli Dance & Rock Projects, performing in Europe and the USA playing ethnic Jewish soul music. Highly involved in the Israeli musical scene he recorded for 'Ofra Haza' , Yeuda Poliker and many others. He also toured with Memphis Slim and supporting many international jazz names such as Jack De Johnette, Michel Petrucciani, Richie Byrach and many others. Coming to the UK in 1994, Atzmon recovered an interest in playing the music of the Middle East, North Africa and Eastern Europe that had been in the back of his mind for years. He founded the Orient House Ensemble in London and started re-defining his own roots in the light of political reality. Since then the Orient House Ensemble has toured all over the world.The Orient House Ensemble includes Asaf Sirkis on Drums, Yaron Stavi on Bass and Frank Harrison on keys. Also a prolific writer, Atzmon's essays are widely published his novel 'Guide to the perplexed' and 'My One And Only Love' have been translated into 24 languages all together. Over the years Gilad Atzmon's music has moved more and more towards a cultural hybrid. As a bandleader and reed player he has been amazing his listeners with his powerful personal style that combines great bebop artistry and Middle-Eastern roots in a sophisticated, sometimes ironical manner. Influenced by Coltranes powerful approach on the sax, Gilad's live performances are simply breathtaking and overwhelming. As a member of the Blockheads, Gilad has also recorded and performed with such as Ian Dury, Robbie Williams, Sinead O'Connor and Paul McCartney. Gilad has also recorded with Robert Wyatt, the Waters Boys and many others. In 2007 Gilad extended his role as a Producer, working with outstanding singer-songwriter Sarah Gillespie to produce her debut album due to be released in September 2008. www.sarahgillespie.com Further projects are planned for 2008 Contact: http://www.myspace.com/giladatzmon http://www.gilad.co.uk/; styles Avant-Garde, Jazz, Experimental, Free-Jazz, Electronic, Improv; tags clinical archives, improvisation, jazz, various, free-jazz, experimental, avant-garde, electronic, gilad atzmon"
013_013905.mp3,"About _ : 1. I can't play musical instruments. 2. I'm a student studying Japanese contemporary literature. 3. So I don't know a theory of the music at all. 4. I don't have most of the machine for recording. 5. I hardly know English. 6. All my music is certain plagiarism. 7. Thank you. Contact: http://www.myspace.com/deconstructivism; styles Avant-Garde, Jazz, Experimental, Free-Jazz, Improv; tags clinical archives, improvisation, jazz, various, free-jazz, experimental, avant-garde, electronic, columbus"
013_013926.mp3,genre Electronic; styles Electronic; tags invisible china
013_013933.mp3,"styles Instrumental, Sound Collage, Ambient, Experimental; tags field recordings, jen boyd"
013_013934.mp3,"styles Instrumental, Sound Collage, Ambient, Experimental; tags field recordings, phonography, hang, aaron ximm, quiet american"
013_013975.mp3,"styles Minimal Electronic, Composed Music, Classical, Electronic; tags victoire"
013_013980.mp3,"styles Country, Folk, Singer-Songwriter; tags lonesome bob"
013_013981.mp3,"styles Minimal Electronic, Experimental, Electronic; tags aemae"
013_013982.mp3,"styles Minimal Electronic, Experimental, Electronic; tags die elektrischen"
013_013983.mp3,"styles Minimal Electronic, Experimental, Electronic; tags gerritt"
014_014000.mp3,tags kelly hogan amp rockateens
014_014003.mp3,"styles Experimental, Novelty, Comedy, Country, Spoken; tags kid-friendly, childrens music, for kids, children, the cornell hurd band"
014_014004.mp3,tags andre williams amp 2 star tabernacle
014_014005.mp3,tags kelly hogan
014_014006.mp3,tags jay farrar
014_014007.mp3,tags freakwater
014_014010.mp3,"styles Americana, Rock, Country; tags ben weaver"
014_014011.mp3,tags cary hudson
014_014012.mp3,tags nora oconnor
014_014013.mp3,genre Spoken; styles Spoken; tags neal pollack
014_014153.mp3,"styles Electro-Punk, Experimental, Ambient Electronic, Rock, Electronic, Punk; tags mexico, latin america, electronic, vate"
014_014156.mp3,"genre Rock; styles Rock, Shoegaze; tags shoegaze, screen vinyl image"
014_014158.mp3,"genre Rock; styles Rock, Shoegaze; tags shoegaze, screen vinyl image"
014_014159.mp3,"styles Electro-Punk, Experimental, Ambient Electronic, Rock, Electronic, Punk; tags mexico, latin america, electronic, vate"
014_014160.mp3,"styles Electro-Punk, Experimental, Ambient Electronic, Rock, Electronic, Punk; tags mexico, latin america, electronic, vate"
014_014262.mp3,"genre Rock; styles Punk, Rock; tags sea monster"
014_014263.mp3,"A sample of the work within the Chill ánd Go collective, based in Marimba sounds and a tamale vendor announcement. A sound stamp from Mexico City; styles Electro-Punk, Experimental, Ambient Electronic, Rock, Electronic, Punk; tags mexico, latin america, electronic, vate"
014_014264.mp3,"styles Electro-Punk, Experimental, Ambient Electronic, Rock, Electronic, Punk; tags mexico, latin america, electronic, vate"
014_014265.mp3,"styles Electro-Punk, Experimental, Ambient Electronic, Rock, Electronic, Punk; tags mexico, latin america, electronic, vate"
014_014266.mp3,"styles Electro-Punk, Experimental, Ambient Electronic, Rock, Electronic, Punk; tags mexico, latin america, electronic, vate"
014_014373.mp3,genre Hip-Hop; styles Hip-Hop; tags mr skurge khingass
014_014374.mp3,"styles Hip-Hop, Soul-RnB; tags infinito 2017"
014_014375.mp3,"styles Hip-Hop, Soul-RnB; tags infinito 2017"
014_014376.mp3,"styles Hip-Hop, Soul-RnB; tags infinito 2017"
014_014377.mp3,genre Hip-Hop; styles Hip-Hop; tags storm the unpredictable
014_014627.mp3,"styles Old-Time / Historic, Folk; tags zeke healy"
014_014628.mp3,tags l-g and duncan
014_014629.mp3,tags l-g sus and jakob olausson
014_014633.mp3,"styles Old-Time / Historic, Folk; tags zeke healy"
014_014635.mp3,"styles Electroacoustic, Experimental, Electronic; tags pussyfinger"
014_014650.mp3,"styles Electroacoustic, Experimental, Electronic; tags pussyfinger"
014_014651.mp3,"styles Folk, Rock, Singer-Songwriter; tags andy wagner"
014_014654.mp3,"styles Noise, Punk, Rock, Experimental; tags cool devices"
014_014657.mp3,"styles Progressive, Rock, Experimental; tags progressive, experimental, rock"
014_014658.mp3,"styles Rock, Industrial, Electronic; tags nine inch nails"
014_014659.mp3,"styles Rock, Industrial, Electronic; tags nine inch nails"
014_014662.mp3,"styles Disco, Soul-RnB, Electronic; tags team9"
014_014664.mp3,"styles Pop, Easy Listening; tags curt smith"
014_014665.mp3,"styles Folk, Indie-Rock, Rock; tags casey meehan, rock, indie-rock, folk, jitney"
014_014683.mp3,tags meanest man contest
014_014685.mp3,"styles Post-Punk, Pop, Rock, Punk; tags must have been tokyo"
014_014686.mp3,"styles Pop, Electronic; tags tone"
014_014687.mp3,tags meanest man contest
014_014688.mp3,"styles Folk, Rock, Singer-Songwriter; tags jay bennett"
014_014689.mp3,"styles Pop, Electronic; tags tim puma mimi"
014_014753.mp3,"genre Rock; styles Psych-Rock, Loud-Rock, Rock, Noise-Rock; tags barcelona, magik markers"
014_014755.mp3,"genre Rock; styles Psych-Rock, Loud-Rock, Rock, Noise-Rock; tags barcelona, magik markers"
014_014756.mp3,"genre Rock; styles Psych-Rock, Loud-Rock, Rock, Noise-Rock; tags barcelona, magik markers"
014_014757.mp3,"genre Rock; styles Psych-Rock, Loud-Rock, Rock, Noise-Rock; tags barcelona, magik markers"
014_014759.mp3,"genre Experimental; styles Electroacoustic, Experimental; tags clinical archives, electroacoustic, electronic, live, experimental, noise, violet"
014_014994.mp3,"genre Electronic; styles Techno, Electronic; tags markojux"
014_014995.mp3,"genre Electronic; styles Techno, Electronic; tags lance harrison"
014_014996.mp3,"genre Electronic; styles Techno, Electronic; tags markojux amp stuart mckeown"
014_014999.mp3,"styles Country, Folk; tags trailer bride"
015_015000.mp3,"styles Country, Folk; tags trailer bride"
015_015084.mp3,"styles Avant-Garde, Classical, Experimental, Electronic, 20th Century Classical, Unclassifiable; tags hanns ahring - jean quist - maren schram"
015_015085.mp3,"styles Avant-Garde, Classical, Experimental, Electronic, 20th Century Classical, Unclassifiable; tags hanns ahring - jean quist - maren schram"
015_015086.mp3,"genre Folk; styles Folk, Singer-Songwriter; tags jim reid"
015_015087.mp3,"genre Rock; styles Space-Rock, Post-Rock, Rock; tags clinical archives, space-rock, psychedelic, rock, squadra omega"
015_015088.mp3,genre Experimental; styles Experimental; tags john king amp stephan moore
015_015214.mp3,"Matt Bauder - sax; Aaron Siegel - percussion; Katherine Young - bassoon; Alex Chechile - electronics; Woody Sullender - banjo; Jeremiah Cymerman - clarinet; genre Experimental; styles Improv, Experimental; tags telluric currents series preview"
015_015215.mp3,"Matt Bauder - electronics; Alex Chechile - electronics; Aaron Siegel - percussion; genre Experimental; styles Improv, Experimental; tags telluric currents series preview"
015_015216.mp3,"Matt Bauder - sax; Jeremiah Cymerman - clarinet; Katherine Young - bassoon; genre Experimental; styles Improv, Experimental; tags telluric currents series preview"
015_015225.mp3,genre Rock; styles Rock; tags el jesus de magico
015_015226.mp3,genre Rock; styles Rock; tags el jesus de magico
015_015228.mp3,genre Rock; styles Rock; tags el jesus de magico
015_015229.mp3,genre Rock; styles Rock; tags el jesus de magico
015_015232.mp3,genre Rock; styles Rock; tags el jesus de magico
015_015233.mp3,genre Rock; styles Rock; tags el jesus de magico
015_015234.mp3,"genre Rock; styles Loud-Rock, Rock, Noise-Rock; tags talk normal"
015_015308.mp3,"genre Rock; styles Punk, Rock; tags 16 band"
015_015310.mp3,"genre Rock; styles Punk, Rock; tags 16 band"
015_015312.mp3,"styles Spoken Word, Jazz, Spoken; tags clinical archives, jazz, spoken word, experimental, improvisation, surrism-phonoethics, knyaz mishkin"
015_015313.mp3,"styles Spoken Word, Jazz, Spoken; tags clinical archives, jazz, spoken word, experimental, improvisation, surrism-phonoethics, knyaz mishkin"
015_015314.mp3,"styles Spoken Word, Jazz, Spoken; tags clinical archives, jazz, spoken word, experimental, improvisation, surrism-phonoethics, knyaz mishkin"
015_015426.mp3,"styles Jazz, Experimental, Electroacoustic, Rock, Improv; tags fred lonberg-holm"
015_015427.mp3,"styles Jazz, Experimental, Electroacoustic, Rock, Improv; tags metalux"
015_015429.mp3,"styles Jazz, Experimental, Electroacoustic, Rock, Improv; tags ernst karel brent gutzeit jason soliday"
015_015430.mp3,"styles Jazz, Experimental, Electroacoustic, Rock, Improv; tags lozenge"
015_015431.mp3,"styles Jazz, Experimental, Electroacoustic, Rock, Improv; tags orerar"
015_015572.mp3,"styles Instrumental, Improv, Ambient, Experimental; tags pineresin"
015_015573.mp3,"styles Instrumental, Improv, Ambient, Experimental; tags pineresin"
015_015574.mp3,"styles Instrumental, Improv, Ambient, Experimental; tags pineresin"
015_015575.mp3,"styles Instrumental, Improv, Ambient, Experimental; tags pineresin"
015_015577.mp3,"styles Sound Collage, Radio, Experimental, Pop, Radio Art, Experimental Pop, Electronic, Spoken; tags ergo phizmiz, surrism-phonoethics"
015_015621.mp3,"styles Improv, Rock, Experimental; tags bennoune"
015_015624.mp3,"genre Experimental; styles Avant-Garde, Experimental, Musique Concrete; tags repetophile"
015_015626.mp3,tags glockenspiel
015_015627.mp3,genre Classical; styles Classical; tags neal and nancy odoan
015_015630.mp3,genre Classical; styles Classical; tags neal and nancy odoan
015_015647.mp3,genre Electronic; styles Electronic; tags agents del futuro
015_015649.mp3,genre Electronic; styles Electronic; tags agents del futuro
015_015667.mp3,tags agripon
015_015669.mp3,"genre Folk; styles Folk, Singer-Songwriter; tags instrumentals, experimental pop, post punk, experimental rock, soundtracks, lo fi, nicky, impro, cook, nicky andrews, ukelele, nicky cook, singer songwriter, tabla"
015_015670.mp3,"genre Folk; styles Folk, Singer-Songwriter; tags instrumentals, experimental pop, post punk, experimental rock, soundtracks, lo fi, nicky, impro, cook, nicky andrews, ukelele, nicky cook, singer songwriter, tabla"
015_015718.mp3,"styles Noise, Lo-Fi, Rock, Experimental; tags oso el roto"
015_015720.mp3,"styles Pop, Lo-Fi, Rock, Experimental Pop; tags manuel j grotesque"
015_015721.mp3,"styles Avant-Garde, Free-Jazz, Jazz, Experimental; tags flow trio"
015_015722.mp3,"styles Avant-Garde, Rock, Experimental; tags talibam"
015_015729.mp3,"styles Pop, Lo-Fi, Rock, Experimental Pop; tags manuel j grotesque"
015_015736.mp3,"styles Pop, Lo-Fi, Rock, Experimental Pop; tags manuel j grotesque"
015_015737.mp3,"styles Psych-Folk, Country, Americana, Folk, Freak-Folk, Bluegrass; tags the holy modal rounders"
015_015738.mp3,"styles Country, Pop, Americana, Jazz; tags for kids, levitts, bubblegum pop, kid-friendly, sunshine pop, youth performance, childrens music, pop, children"
015_015739.mp3,"styles Avant-Garde, Jazz: Out, Jazz, Jazz: Vocal, Experimental; tags lindha kallerdahl"
015_015740.mp3,genre Electronic; styles Electronic; tags carson day
015_015800.mp3,"styles Psych-Folk, Pop, Rock, Experimental Pop, Folk, Psych-Rock; tags bobb trimble, rock, psych-rock, obscure, psychedelic, psych-folk, psych, psychedelia, psych pop"
015_015801.mp3,"styles Psych-Folk, Pop, Rock, Experimental Pop, Folk, Psych-Rock; tags bobb trimble, rock, psych-rock, obscure, psychedelic, psych-folk, psych, psychedelia, psych pop"
015_015802.mp3,"styles Psych-Folk, Pop, Rock, Experimental Pop, Folk, Psych-Rock; tags bobb trimble, rock, psych-rock, obscure, psychedelic, psych-folk, psych, psychedelia, psych pop"
015_015803.mp3,"styles Psych-Folk, Pop, Rock, Experimental Pop, Folk, Psych-Rock; tags bobb trimble, rock, psych-rock, obscure, psychedelic, psych-folk, psych, psychedelia, psych pop"
015_015804.mp3,"genre Spoken; styles Radio, Spoken, Interview; tags bobb trimble, rock, psych-rock, obscure, psychedelic, psych-folk, psych, psychedelia, psych pop"
016_016009.mp3,"styles Ambient Electronic, Ambient, Electronic, Instrumental, Minimal Electronic; tags century of aeroplanes"
016_016010.mp3,"styles Sound Collage, Experimental, Spoken, Sound Poetry, Poetry; tags mellsch"
016_016011.mp3,"styles Sound Collage, Experimental, Spoken, Sound Poetry, Poetry; tags mellsch"
016_016012.mp3,"styles Sound Collage, Experimental, Spoken, Sound Poetry, Poetry; tags mellsch"
016_016013.mp3,"styles Sound Collage, Experimental, Spoken, Sound Poetry, Poetry; tags mellsch"
016_016037.mp3,"styles Experimental, Psych-Folk, Folk, Drone; tags silvester anfang"
016_016038.mp3,"styles Folk, Experimental, Electroacoustic; tags toy instruments, kiila"
016_016039.mp3,"styles Folk, Experimental, Electroacoustic; tags toy instruments, kiila"
016_016041.mp3,"styles Improv, Experimental, Electronic; tags finland, psych-folk, free-folk, finnish underground, es sami snpkkil"
016_016042.mp3,"genre Pop; styles Pop, Experimental Pop; tags wio"
016_016043.mp3,"genre Pop; styles Pop, Experimental Pop; tags wio"
016_016044.mp3,"genre Electronic; styles Minimal Electronic, Electronic; tags shifts"
016_016052.mp3,"genre Electronic; styles Chip Music, Techno, Electronic; tags starpause"
016_016058.mp3,"Early this morning I heard somebody calling me, It wasn't my baby, that black snake's biting me. Gonna take my razor, cut my honeysuckle vine, Some black bee just stole that honey of mine. I rather have my head in a trough (?), my body on some railroad track, Than to have that black bee, biting me in my back. It's raining in my kitchen, lightning on my wall, I know by that some mule is kicking in my stall; styles Old-Time / Historic, Blues; tags blind blake leola wilson"
016_016061.mp3,"genre Rock; styles Post-Rock, Rock, Indie-Rock; tags de portables"
016_016131.mp3,"styles Avant-Garde, Experimental, Pop, Rock, Loud-Rock, Experimental Pop, Noise-Rock; tags rusty toolkit"
016_016132.mp3,"styles Avant-Garde, Experimental, Pop, Rock, Loud-Rock, Experimental Pop, Noise-Rock; tags rusty toolkit"
016_016133.mp3,"styles Avant-Garde, Experimental, Pop, Rock, Loud-Rock, Experimental Pop, Noise-Rock; tags rusty toolkit"
016_016134.mp3,"styles Avant-Garde, Experimental, Pop, Rock, Loud-Rock, Experimental Pop, Noise-Rock; tags rusty toolkit"
016_016135.mp3,"styles Experimental, Ambient Electronic, Ambient, Electronic, Instrumental, Minimal Electronic; tags music for podcasts, podsafe, ambient, podcast, synthwave, library music, instrumental, retrowave, tracks to sync, podcast music, wm recordings, electronic, experimental pop, experimental, lee rosevere"
016_016136.mp3,"styles Experimental, Ambient Electronic, Ambient, Electronic, Instrumental, Minimal Electronic; tags music for podcasts, podsafe, ambient, podcast, synthwave, library music, instrumental, retrowave, tracks to sync, podcast music, wm recordings, electronic, experimental pop, experimental, lee rosevere"
016_016137.mp3,"styles Experimental, Ambient Electronic, Ambient, Electronic, Instrumental, Minimal Electronic; tags music for podcasts, podsafe, ambient, podcast, synthwave, library music, instrumental, retrowave, tracks to sync, podcast music, wm recordings, electronic, experimental pop, experimental, lee rosevere"
016_016160.mp3,"genre Electronic; styles Electronic; tags bg, scrambled mache"
016_016166.mp3,"styles Musique Concrete, Experimental, Electronic; tags noise, marko and myky, electronic"
016_016167.mp3,"styles Musique Concrete, Experimental, Electronic; tags noise, marko and myky, electronic"
016_016276.mp3,"genre Experimental; styles Sound Collage, Avant-Garde, Experimental, Musique Concrete; tags gen ken montgomery and monty cantsin"
016_016277.mp3,genre Classical; styles Classical; tags michal hambourg
016_016278.mp3,"styles Free-Jazz, Improv, Jazz, Experimental; tags cooper-moore"
016_016279.mp3,"styles Jazz: Out, Jazz, Experimental, No Wave, Rock, Punk; tags zs"
016_016280.mp3,"styles Jazz: Out, Jazz, Experimental, No Wave, Rock, Punk; tags zs"
016_016302.mp3,"genre Rock; styles Punk, Rock, Garage; tags after party"
016_016304.mp3,"styles Old-Time / Historic, Blues; tags blind lemon jefferson"
016_016306.mp3,"genre Rock; styles Rock, Garage; tags dan melchior und das menace"
016_016307.mp3,"genre Rock; styles Rock, Garage; tags dan melchior und das menace"
016_016308.mp3,"genre Rock; styles Rock, Garage; tags dan melchior und das menace"
016_016309.mp3,"genre Rock; styles Rock, Garage; tags dan melchior und das menace"
016_016310.mp3,"genre Rock; styles Rock, Garage; tags dan melchior und das menace"
016_016311.mp3,"genre Rock; styles Rock, Garage; tags dan melchior und das menace"
016_016312.mp3,"genre Spoken; styles Radio, Spoken, Interview; tags dan melchiors broke revue"
016_016314.mp3,"genre Rock; styles Rock, Garage; tags dan melchiors broke revue"
016_016320.mp3,"genre Rock; styles Rock, Garage; tags dan melchiors broke revue"
016_016321.mp3,"genre Rock; styles Rock, Garage; tags dan melchiors broke revue"
016_016322.mp3,"genre Spoken; styles Radio, Spoken, Interview; tags dan melchior"
016_016323.mp3,"genre Rock; styles Rock, Garage; tags dan melchior"
016_016324.mp3,"genre Rock; styles Rock, Garage; tags dan melchior"
016_016325.mp3,"genre Rock; styles Rock, Garage; tags dan melchior"
016_016326.mp3,"genre Spoken; styles Radio, Spoken, Interview; tags dan melchior"
016_016327.mp3,"genre Rock; styles Rock, Garage; tags dan melchior"
016_016328.mp3,"genre Rock; styles Rock, Garage; tags dan melchior"
016_016329.mp3,"genre Rock; styles Rock, Garage; tags dan melchior"
016_016330.mp3,"genre Spoken; styles Radio, Spoken, Interview; tags dan melchior"
016_016331.mp3,"genre Rock; styles Rock, Garage; tags dan melchior"
016_016332.mp3,"genre Rock; styles Rock, Garage; tags dan melchior"
016_016333.mp3,"genre Rock; styles Rock, Garage; tags dan melchior"
016_016335.mp3,"genre International; styles International, Asia-Far East; tags lo ka ping"
016_016356.mp3,"genre Classical; styles 20th Century Classical, Classical; tags paul jacobs"
016_016379.mp3,genre Old-Time / Historic; styles Old-Time / Historic; tags arthur collins and byron g harlan
016_016396.mp3,genre Classical; styles Classical; tags feodor chaliapin
016_016397.mp3,genre Classical; styles Classical; tags bruno walter
016_016407.mp3,"Edison 3497 4-minute cylinder 1918; styles Old-Time / Historic, Spoken; tags premier quartet and company"
016_016420.mp3,genre Classical; styles Classical; tags ferruccio busoni
016_016440.mp3,genre Experimental; styles Experimental; tags nadja
016_016446.mp3,"styles Noise, Free-Jazz, Jazz, Experimental; tags total system failure"
016_016447.mp3,"genre Jazz; styles Free-Jazz, Jazz; tags radon, steve mackay and the blue prostitutes"
016_016451.mp3,"genre Jazz; styles Free-Jazz, Jazz; tags radon, steve mackay and the blue prostitutes"
016_016463.mp3,"styles Indie-Rock, Experimental, Pop, Synth Pop, Rock, Experimental Pop; tags gjo"
016_016464.mp3,"styles Indie-Rock, Experimental, Pop, Synth Pop, Rock, Experimental Pop; tags family perez-hita"
016_016482.mp3,"styles Noise, Experimental, Electronic; tags computer jesus refrigerator"
016_016492.mp3,"styles Noise, Experimental, Ambient, Drone, Electronic, Instrumental, Musique Concrete; tags electronic, salakapakka sound system"
016_016493.mp3,"styles Noise, Experimental, Ambient, Drone, Electronic, Instrumental, Musique Concrete; tags electronic, salakapakka sound system"
016_016770.mp3,"genre Rock; styles Lo-Fi, Rock; tags light echoes"
016_016773.mp3,"styles International, Country, Americana, Celtic, Bluegrass; tags banjo, fiddle, old-time, united kingdom, americana, traditional, celtic, britain, appalachian, folk, england, scotland, mountain music, bluegrass, shake that little foot, musique celtic"
016_016774.mp3,"styles International, Country, Americana, Celtic, Bluegrass; tags banjo, fiddle, old-time, united kingdom, americana, traditional, celtic, britain, appalachian, folk, england, scotland, mountain music, bluegrass, shake that little foot, musique celtic"
016_016775.mp3,"styles International, Country, Americana, Celtic, Bluegrass; tags banjo, fiddle, old-time, united kingdom, americana, traditional, celtic, britain, appalachian, folk, england, scotland, mountain music, bluegrass, shake that little foot, musique celtic"
016_016776.mp3,"styles International, Country, Americana, Celtic, Bluegrass; tags banjo, fiddle, old-time, united kingdom, americana, traditional, celtic, britain, appalachian, folk, england, scotland, mountain music, bluegrass, shake that little foot, musique celtic"
016_016856.mp3,"styles Noise, Experimental, Rock, Hardcore, Punk; tags total abuse"
016_016857.mp3,"styles Noise, Experimental, Rock, Hardcore, Punk; tags total abuse"
016_016858.mp3,"styles Noise, Experimental, Rock, Hardcore, Punk; tags total abuse"
016_016860.mp3,genre Spoken; styles Spoken; tags alan licht
016_016867.mp3,"genre Experimental; styles Avant-Garde, Experimental; tags to live and shave in la"
016_016929.mp3,"styles Jazz, Classical, Experimental, Free-Jazz, Improv, 20th Century Classical; tags claudio nuez"
016_016930.mp3,"styles Radio, International, Middle East, Spoken, Talk Radio; tags liminal spaces"
016_016931.mp3,"styles Pop, Experimental Pop, Electronic; tags city center"
016_016932.mp3,"styles Pop, Experimental Pop, Electronic; tags city center"
016_016933.mp3,"styles Pop, Experimental Pop, Electronic; tags city center"
016_016987.mp3,genre Classical; styles Classical; tags madeleine de valmalte
016_016988.mp3,genre Experimental; styles Experimental; tags cromagnon
016_016998.mp3,tags tusk lord
016_016999.mp3,tags tusk lord
017_017000.mp3,genre Folk; styles Folk; tags tusk lord
017_017120.mp3,"styles Experimental, Audio Collage, Electronic; tags chenard walcker"
017_017122.mp3,"styles Experimental, Audio Collage, Electronic; tags chenard walcker"
017_017123.mp3,"styles Experimental, Audio Collage, Electronic; tags chenard walcker"
017_017133.mp3,"styles Chiptune, Chip Music, Pop, Electronic; tags nullsleep, 8bitpeoples, chiptune, post-punk, synthpop, drone, chip music, electronic, new wave, industrial, post-cyberpunk"
017_017173.mp3,"genre Experimental; styles Avant-Garde, Experimental; tags jon rose"
017_017349.mp3,"genre Rock; styles Indie-Rock, Rock; tags clinical archives, other, rock, folk, experimental, indie-rock, keith morris the crooked numbers"
017_017350.mp3,"genre Rock; styles Indie-Rock, Rock; tags clinical archives, other, rock, folk, experimental, indie-rock, keith morris the crooked numbers"
017_017352.mp3,"styles Experimental, International, Audio Collage, Electronic; tags lucky dragons"
017_017353.mp3,"styles Experimental, International, Audio Collage, Electronic; tags lucky dragons"
017_017354.mp3,"genre Rock; styles Loud-Rock, Rock, Noise-Rock; tags zoo"
017_017479.mp3,"styles Pop, Lo-Fi, Rock, Experimental Pop; tags michael stasis"
017_017481.mp3,"styles Ambient Electronic, Drone, Experimental, Electronic; tags telecult powers"
017_017482.mp3,"styles Ambient Electronic, Drone, Experimental, Electronic; tags telecult powers"
017_017501.mp3,"styles Experimental, Audio Collage, Electronic; tags chenard walcker"
017_017502.mp3,"styles Experimental, Audio Collage, Electronic; tags chenard walcker"
017_017577.mp3,"genre Rock; styles Punk, Psych-Rock, Rock; tags montreal, lofi, abstract, the pink noise, minimal"
017_017578.mp3,"genre Rock; styles Punk, Psych-Rock, Rock; tags montreal, lofi, abstract, the pink noise, minimal"
017_017581.mp3,"genre Rock; styles Psych-Rock, Rock; tags the shining path"
017_017583.mp3,"styles International, Drone, Experimental, Electronic; tags dj ilya monosov the 21st century punks"
017_017592.mp3,"genre Rock; styles Rock, Metal; tags noiz complaint"
017_017628.mp3,"genre Electronic; styles Electronic; tags spain, burdeos, sevilla"
017_017630.mp3,"genre Electronic; styles Electronic; tags spain, burdeos, sevilla"
017_017638.mp3,genre Spoken; styles Spoken; tags jalikebba kuyateh and the toubabs
017_017639.mp3,"styles Glitch, Unclassifiable, Experimental, Electronic; tags experimental, jeva"
017_017640.mp3,"styles Pop, Lo-Fi, Rock, Experimental Pop; tags michael stasis"
017_017669.mp3,"styles Free-Folk, Experimental, Folk; tags ilya monosov"
017_017670.mp3,"styles Free-Folk, Experimental, Folk; tags ilya monosov"
017_017671.mp3,"7"" out later in 2009. Dj Ilya M and the Hedonic Islands. All beats, music, and production by Dj I (Ilya E. Monosov), with guest MCs. Mastering by Preston Swirnoff. Additional live instruments by Ilya Monosov on guitar, organ, bass, synth, keyboards, electronics, turntable, effects, hurdgygurdy, etc and by Prince Zohar aka. Preston Swirnoff on organ, synth, percussion, and etc. MCs: Dudley Perkins and Georgia Muldrow, Dilan (100% ghetto sound system/kabo); styles Hip-Hop, Experimental; tags dj ilya monosov and the hedonic islands"
017_017673.mp3,"styles Americana, Rock, Country; tags alternative, navel, rock"
017_017674.mp3,"genre Classical; styles Composed Music, Classical; tags luke dubois and mivos quartet"
017_017748.mp3,"styles Sound Collage, Experimental, Electronic; tags brooklyn, guardian alien, greg fox, drummers, infinite limbs, liturgy, experimental brooklyn, dan deacon ensemble, gdfx"
017_017762.mp3,"styles Minimal Electronic, Electronic, Experimental, Drone; tags the shining path"
017_017763.mp3,genre Classical; styles Classical; tags paavali jumppanen
017_017764.mp3,genre Classical; styles Classical; tags claremont trio
017_017769.mp3,"styles Sound Collage, Experimental, Electronic; tags brooklyn, guardian alien, greg fox, drummers, infinite limbs, liturgy, experimental brooklyn, dan deacon ensemble, gdfx"
017_017774.mp3,genre Classical; styles Classical; tags gardner chamber orchestra
017_017775.mp3,Corey Cerovsek - violin Kim Kashkashian - viola; genre Classical; styles Classical; tags gardner chamber orchestra
017_017776.mp3,Paula Robinson - flute; genre Classical; styles Classical; tags gardner chamber orchestra
017_017779.mp3,"styles Blues, Jazz; tags julius hemphill sextet"
017_017780.mp3,genre Classical; styles Classical; tags russell sherman
017_017783.mp3,genre Classical; styles Classical; tags gleb ivanov
017_017784.mp3,"styles Pop, Rock, Indie-Rock; tags rock, indie rock, pop, the notes and scratches, the notes scratches"
017_017787.mp3,genre Classical; styles Classical; tags orion string quartet
017_017789.mp3,genre Classical; styles Classical; tags robert levin ya-fei chuang
017_017790.mp3,genre Classical; styles Classical; tags viviane hagner
017_017977.mp3,"genre Experimental; styles Experimental; tags montreal, aids wolf"
017_017978.mp3,"genre Rock; styles Rock, Loud-Rock, Noise-Rock, Punk, Sludge; tags black feelings"
018_018035.mp3,"genre Experimental; styles Noise, Experimental; tags metis yeti"
018_018036.mp3,"genre Experimental; styles Noise, Experimental; tags metis yeti"
018_018057.mp3,"styles Noise, Avant-Garde, Experimental, Electronic, Glitch, Breakcore - Hard, Unclassifiable; tags computer jesus refrigerator"
018_018099.mp3,genre Hip-Hop; styles Hip-Hop; tags advantage music group
018_018101.mp3,"genre Folk; styles Folk, Singer-Songwriter; tags jim bryson"
018_018102.mp3,"genre Folk; styles Folk, Singer-Songwriter; tags jim bryson"
018_018103.mp3,tags hilotrons
018_018104.mp3,tags andrew vincent
018_018105.mp3,"styles Folk, Indie-Rock, Rock, Singer-Songwriter; tags andrew vincent and the pirates"
018_018106.mp3,"styles Glitch, Unclassifiable, Experimental, Electronic; tags experimental, jeva"
018_018107.mp3,"Steve Mackay on his first visit to Portugal, where he happened to find Kamilsky at a Eurolines bus station. He agreed to join Steve and USS, if we ""gave him some change"". Said Mackay of the session: ""Miguel, where's my f*** headphones?""; styles Jazz: Out, Jazz, Experimental; tags united scum soundclash"
018_018108.mp3,"styles Jazz: Out, Jazz, Experimental; tags united scum soundclash"
018_018113.mp3,"styles Folk, Indie-Rock, Rock, Singer-Songwriter; tags flecton big sky"
018_018136.mp3,"genre Experimental; styles Experimental; tags clinical archives, electronic, experimental, yoko absorbing"
018_018137.mp3,"genre Experimental; styles Experimental; tags clinical archives, electronic, experimental, yoko absorbing"
018_018140.mp3,"styles Spoken Weird, Spoken, Unclassifiable, Experimental; tags acapella, beatbox, accapella, dokaka"
018_018141.mp3,"styles Spoken Weird, Spoken, Unclassifiable, Experimental; tags acapella, beatbox, accapella, dokaka"
018_018142.mp3,"styles Spoken Weird, Spoken, Unclassifiable, Experimental; tags acapella, beatbox, accapella, dokaka"
018_018285.mp3,"genre Experimental; styles Experimental; tags clinical archives, electronic, experimental, djet"
018_018286.mp3,"genre Experimental; styles Experimental; tags clinical archives, electronic, experimental, djet"
018_018287.mp3,"genre Experimental; styles Experimental; tags clinical archives, electronic, experimental, djet"
018_018288.mp3,"genre Spoken; styles Radio, Spoken, Interview; tags silver apples"
018_018289.mp3,"styles Psych-Rock, Pop, Rock, Synth Pop; tags silver apples"
018_018290.mp3,"genre Spoken; styles Radio, Spoken, Interview; tags silver apples"
018_018291.mp3,"genre Spoken; styles Radio, Spoken, Interview; tags silver apples"
018_018292.mp3,"styles Psych-Rock, Pop, Rock, Synth Pop; tags silver apples"
018_018293.mp3,"styles Psych-Rock, Pop, Rock, Synth Pop; tags silver apples"
018_018294.mp3,"genre Spoken; styles Radio, Spoken, Interview; tags silver apples"
018_018295.mp3,"styles Psych-Rock, Pop, Rock, Synth Pop; tags silver apples"
018_018296.mp3,"genre Spoken; styles Radio, Spoken, Interview; tags silver apples"
018_018298.mp3,"styles Psych-Rock, Pop, Rock, Synth Pop; tags silver apples"
018_018299.mp3,"genre Spoken; styles Radio, Spoken, Interview; tags silver apples"
018_018300.mp3,"styles Psych-Rock, Pop, Rock, Synth Pop; tags silver apples"
018_018321.mp3,genre Experimental; styles Experimental; tags paul klee and the bounceboys
018_018324.mp3,"genre Electronic; styles Trip-Hop, Electronic; tags clinical archives, trip-hop, zero consequences"
018_018328.mp3,genre Experimental; styles Experimental; tags amolvacy
018_018329.mp3,genre Experimental; styles Experimental; tags amolvacy
018_018330.mp3,genre Experimental; styles Experimental; tags amolvacy
018_018331.mp3,genre Experimental; styles Experimental; tags amolvacy
018_018332.mp3,genre Experimental; styles Experimental; tags amolvacy
018_018333.mp3,genre Experimental; styles Experimental; tags amolvacy
018_018334.mp3,"styles Radio Theater, Spoken, Experimental; tags new orleans, flossie and the unicorns"
018_018335.mp3,"styles Radio Theater, Spoken, Experimental; tags new orleans, flossie and the unicorns"
018_018383.mp3,"genre Rock; styles Punk, Rock, Garage; tags impediments"
018_018384.mp3,"genre Rock; styles Punk, Rock, Garage; tags impediments"
018_018385.mp3,"styles Jazz: Out, Jazz, Experimental; tags radon, steve mackay and the radon ensemble"
018_018387.mp3,"genre Spoken; styles Poetry, Spoken; tags nikki giovanni"
018_018394.mp3,"styles Folk, Pop, Experimental Pop; tags learning music"
018_018557.mp3,"genre Jazz; styles Jazz: Out, Jazz; tags curlew"
018_018558.mp3,"genre Jazz; styles Jazz: Out, Jazz; tags curlew"
018_018559.mp3,"George Cartwright composition, arranged by Tom Cora; genre Jazz; styles Jazz: Out, Jazz; tags curlew"
018_018566.mp3,"genre Jazz; styles Jazz: Out, Jazz; tags curlew"
018_018567.mp3,"genre Experimental; styles Avant-Garde, Improv, Experimental; tags courtismoore"
018_018588.mp3,genre Pop; styles Pop; tags nicad
018_018590.mp3,genre Pop; styles Pop; tags nicad
018_018591.mp3,genre Pop; styles Pop; tags nicad
018_018593.mp3,genre Pop; styles Pop; tags nicad
018_018595.mp3,"Some of these days - from ""Honky tonk"" Performed by: Sophie Tucker Composed by: Shelton Brooks Record format: Edison Amberol cylinder Release number: 4M-691 (A- .4) Release date: June 1911 NPS object catalog number: EDIS 35979 (via archive.org ); styles Old-Time / Historic, Jazz, Jazz: Vocal; tags sophie tucker"
018_018597.mp3,"(via archive.org ); styles Old-Time / Historic, Jazz, Jazz: Vocal; tags sophie tucker and al jolson"
018_018598.mp3,"(via archive.org ); styles Old-Time / Historic, Jazz, Jazz: Vocal; tags sophie tucker"
018_018599.mp3,"(via archive.org ); styles Old-Time / Historic, Jazz, Jazz: Vocal; tags sophie tucker"
018_018603.mp3,"(via archive.org ); styles Old-Time / Historic, Jazz, Jazz: Vocal; tags sophie tucker"
018_018615.mp3,"styles Folk, Rock, Punk; tags the taxpayers"
018_018660.mp3,"genre Experimental; styles Noise, Experimental; tags caldera lakes"
018_018661.mp3,"genre Experimental; styles Noise, Experimental; tags caldera lakes"
018_018662.mp3,"styles Noise, Sound Collage, Industrial, Experimental, Comedy, Rock, Spoken; tags jed hershon"
018_018663.mp3,"styles Noise, Sound Collage, Industrial, Experimental, Comedy, Rock, Spoken; tags jed hershon"
018_018664.mp3,"styles Noise, Sound Collage, Industrial, Experimental, Comedy, Rock, Spoken; tags jed hershon"
018_018696.mp3,"styles Noise, Avant-Garde, Experimental, Black-Metal, Electroacoustic, Ambient, Rock, Hardcore, Electronic, Drone, Instrumental, Minimal Electronic, Punk, Unclassifiable, Metal; tags national grid"
018_018697.mp3,"styles Noise, Avant-Garde, Experimental, Black-Metal, Electroacoustic, Ambient, Rock, Hardcore, Electronic, Drone, Instrumental, Minimal Electronic, Punk, Unclassifiable, Metal; tags national grid"
018_018698.mp3,"styles Noise, Avant-Garde, Experimental, Black-Metal, Electroacoustic, Ambient, Rock, Hardcore, Electronic, Drone, Instrumental, Minimal Electronic, Punk, Unclassifiable, Metal; tags national grid"
018_018703.mp3,"genre Spoken; styles Radio, Spoken, Interview; tags jessie evans"
018_018705.mp3,"styles International, Rock, Easy Listening, Lounge, New Wave; tags jessie evans"
018_018817.mp3,genre Jazz; styles Jazz; tags gabe noel
018_018819.mp3,"Charles Altura - guitars Gene Coye - drums Tigran Hamasyan - piano Nat McIntosh - sousaphone Gabe Noel - bass / cello / pump organ Jessica Vautor - vocals Ben Wendel - bassoon; styles Jazz, Experimental, Pop, Rock, Experimental Pop, Unclassifiable; tags my moon boots"
018_018820.mp3,"genre Experimental; styles Sound Collage, Experimental; tags vosotros"
018_018821.mp3,genre Folk; styles Folk; tags learning music
018_018824.mp3,"genre Rock; styles Post-Rock, Rock, Psych-Rock"
019_019170.mp3,"genre Rock; styles Loud-Rock, Rock, Noise-Rock; tags whitman"
019_019171.mp3,"genre Rock; styles Loud-Rock, Rock, Noise-Rock; tags zombience"
019_019172.mp3,"genre Rock; styles Rock Opera, Rock; tags special moments"
019_019173.mp3,"genre Rock; styles Rock Opera, Rock; tags special moments"
019_019174.mp3,"genre Rock; styles Rock Opera, Rock; tags special moments"
019_019189.mp3,"genre Rock; styles Rock Opera, Rock; tags special moments"
019_019190.mp3,"styles Psych-Folk, Pop, Rock, Experimental Pop, Folk, Psych-Rock; tags experimental brooklyn, gary war, experimental rock, experimental, experimental pop"
019_019191.mp3,"styles Psych-Folk, Pop, Rock, Experimental Pop, Folk, Psych-Rock; tags experimental brooklyn, gary war, experimental rock, experimental, experimental pop"
019_019193.mp3,genre Experimental; styles Experimental; tags tom carter
019_019195.mp3,"genre Rock; styles Loud-Rock, Rock, Noise-Rock; tags lucky dragons"
019_019323.mp3,tags the twin atlas
019_019324.mp3,"styles Psych-Folk, Pop, Rock, Experimental Pop, Folk, Post-Rock, Lo-Fi; tags learning music"
019_019325.mp3,"This track is an excerpt recording from an audio installation by Shawn Greenlee, running Feb. 20 - March 15, 2009 at the RISD Museum (Faculty Biennial) in Providence, RI. Occasions produces subtle interactions of delicate, synthetic tones mediated by the resonance of space and the reception of the listener. It is a long form, audio-installation utilizing a 12-channel speaker array to project sound in an exhibition space. Each of the twelve speakers produces a unique sine wave gliding between established frequencies. The twelve speakers are divided into two groups which move asynchronously thus creating a fluctuation in acoustic and psychoacoustic phenomena as the glissandi interact. When listening, what one will notice most obviously are several beating frequencies and difference tones - and that the perception of these is in large part due to where the listener positions herself in relationship to the speakers; styles Noise, Avant-Garde, Experimental, Electroacoustic, Ambient, Electronic, Instrumental; tags providence, computer music, experimental, bent, noise, shawn greenlee, sound art"
019_019326.mp3,"genre Rock; styles Loud-Rock, Lo-Fi, Rock, Noise-Rock; tags holy cobras"
019_019327.mp3,"genre Rock; styles Loud-Rock, Lo-Fi, Rock, Noise-Rock; tags holy cobras"
019_019398.mp3,"genre Rock; styles Punk, Rock; tags new zealand, the mint chicks"
019_019399.mp3,"genre Rock; styles Punk, Rock; tags new zealand, the mint chicks"
019_019400.mp3,"genre Rock; styles Punk, Rock; tags new zealand, the mint chicks"
019_019402.mp3,"styles Noise, Avant-Garde, Experimental, Electronic; tags pleasurehorse"
019_019404.mp3,"genre Rock; styles Punk, Rock; tags fnu ronnies"
019_019414.mp3,"genre Pop; styles Pop, Experimental Pop; tags clinical archives, other, experimental pop, orquestra popular de paio pires"
019_019424.mp3,"styles Jazz, Classical, Rock, Rock Opera, Opera, Metal; tags diablo swing orchestra"
019_019426.mp3,"styles Minimal Electronic, Pop, Experimental Pop, Electronic; tags nobara hayakawa"
019_019428.mp3,"styles Folk, Electronic; tags atlas sound"
019_019429.mp3,"styles Folk, Electronic; tags atlas sound"
019_019650.mp3,"genre Rock; styles Lo-Fi, Rock; tags the netherlands, borre zon"
019_019651.mp3,"genre Rock; styles Lo-Fi, Rock; tags the netherlands, borre zon"
019_019652.mp3,"genre Rock; styles Lo-Fi, Rock; tags the netherlands, borre zon"
019_019653.mp3,"styles International, Experimental, Rock, Drone, Space-Rock, Indian, Post-Rock; tags fi"
019_019656.mp3,"genre Rock; styles Punk, Rock, No Wave; tags tv ghost"
019_019667.mp3,genre Folk; styles Folk; tags harris newman
019_019672.mp3,"genre Jazz; styles Jazz: Out, Free-Jazz, Jazz; tags nels cline, nels clinewally shoupchris corsano"
019_019678.mp3,"genre Folk; styles Folk, Psych-Folk; tags nick castro"
019_019679.mp3,"genre Spoken; styles Radio, Spoken, Interview; tags deerhunter"
019_019680.mp3,"genre Folk; styles Folk, Psych-Folk; tags nick castro"
019_019681.mp3,"genre Experimental; styles Improv, Experimental; tags marco cappelli"
019_019683.mp3,"styles Minimalism, Psych-Folk, Folk, Experimental; tags nonloc"
019_019686.mp3,"genre Rock; styles Psych-Rock, Rock; tags plants"
019_019687.mp3,"genre Pop; styles Pop, Experimental Pop; tags clinical archives, electronic, psychedelic, psy-folk, experimental pop, other, post-rock, now"
019_019688.mp3,"genre Pop; styles Pop, Experimental Pop; tags clinical archives, electronic, psychedelic, psy-folk, experimental pop, other, post-rock, now"
019_019772.mp3,"styles Noise, Industrial, Experimental, Pop, Rock, Experimental Pop; tags invaders from sears"
019_019773.mp3,"styles Noise, Industrial, Experimental, Pop, Rock, Experimental Pop; tags invaders from sears"
019_019774.mp3,"styles International, Dubstep, Reggae - Dub, Electronic; tags volatil"
019_019776.mp3,"styles International, Reggae - Dub, Electronic; tags volatil"
019_019777.mp3,"styles Avant-Garde, Composed Music, Classical, Experimental, Musical Theater, Spoken; tags kyle gann"
019_019959.mp3,"styles Punk, Lo-Fi, Rock, Experimental; tags the lowdown"
019_019960.mp3,"genre Rock; styles Psych-Rock, Krautrock, Rock; tags the vocokesh"
019_019961.mp3,"styles Instrumental, Ambient, Experimental, Electronic; tags thuja"
019_019963.mp3,"styles Psych-Rock, Rock, Experimental; tags tsurubami"
019_019964.mp3,"genre Rock; styles Psych-Rock, Krautrock, Rock; tags the vocokesh"
019_019988.mp3,"genre Experimental; styles Improv, Experimental, Drone; tags ashtray navigations"
019_019990.mp3,"genre Experimental; styles Improv, Experimental, Drone; tags ashtray navigations"
019_019991.mp3,"genre Experimental; styles Improv, Experimental, Drone; tags ashtray navigations"
019_019993.mp3,"styles Avant-Garde, Experimental, Pop, Ambient, Experimental Pop, Instrumental; tags hexlove"
019_019994.mp3,"styles International, Experimental, Middle East, Electronic, Sound Poetry; tags medianti"
020_020045.mp3,"styles Blues, Country, Rock, Garage, Lo-Fi; tags jawbone"
020_020046.mp3,"genre Experimental; styles Avant-Garde, Experimental; tags alex waterman robert ashley"
020_020049.mp3,tags family of the year
020_020052.mp3,"styles Folk, Indie-Rock, Rock, Singer-Songwriter; tags sydney wayser"
020_020060.mp3,"styles Noise, Experimental, Ambient, Drone, Electronic, Instrumental, Musique Concrete; tags electronic, salakapakka sound system"
020_020439.mp3,"styles Alternative Hip-Hop, Hip-Hop, Electronic; tags raleigh moncrief"
020_020440.mp3,tags matthewdavid
020_020442.mp3,"genre Rock; styles Loud-Rock, Rock, Noise-Rock; tags slasher risk"
020_020451.mp3,"genre Jazz; styles Jazz; tags clinical archives, sandro marinoni stefano roncarolo with roberto padovan, jazz"
020_020459.mp3,genre Hip-Hop; styles Hip-Hop; tags zona mc
020_020559.mp3,"genre Experimental; styles Electroacoustic, Experimental; tags ophir ilzetzki, electroacoustic, an hour, experimental, contemporary music, avant garde"
020_020560.mp3,"styles Dance, Pop, Electronic; tags wm recordings, electropop, happy elf, pop, the netherlands"
020_020561.mp3,"styles Dance, Pop, Electronic; tags daghoti"
020_020562.mp3,"styles Dance, Pop, Electronic; tags dj th"
020_020563.mp3,"styles Dance, Pop, Electronic; tags music for podcasts, podsafe, ambient, podcast, synthwave, library music, instrumental, retrowave, tracks to sync, podcast music, wm recordings, electronic, experimental pop, experimental, lee rosevere"
020_020780.mp3,"genre Experimental; styles Experimental; tags pulse emitter, synthesizer, synth"
020_020813.mp3,"genre Spoken; styles Spoken Weird, Spoken; tags blaster al ackerman"
020_020814.mp3,"genre Spoken; styles Spoken Weird, Spoken; tags blaster al ackerman"
020_020815.mp3,"genre Spoken; styles Spoken Weird, Spoken; tags blaster al ackerman"
020_020816.mp3,"genre Experimental; styles Noise, Experimental; tags harrius"
020_020936.mp3,"genre Rock; styles Psych-Rock, Rock; tags hopewell"
020_020937.mp3,"genre Rock; styles Psych-Rock, Rock; tags hopewell"
020_020939.mp3,"styles Experimental, Novelty, Kid-Friendly, Synth Pop, Pop, Electronic, Instrumental; tags childrens music, kid-friendly, a smile for timbuctu, children, experimental pop, for kids, instrumental, synth pop, kazoomzoom, electronic, electronica, italy"
020_020952.mp3,"styles Jazz: Out, Jazz, Experimental, Improv, Unclassifiable; tags john butcher"
020_020960.mp3,"styles Indie-Rock, Pop, Synth Pop, Rock, Experimental Pop, Folk; tags learning music"
021_021210.mp3,"styles Indie-Rock, Pop, Rock, Folk, Lo-Fi; tags yukon"
021_021212.mp3,"styles Indie-Rock, Pop, Rock, Folk, Lo-Fi; tags yukon"
021_021213.mp3,"styles Noise, Experimental, Spoken Weird, Spoken, Improv; tags ma la pert, tony conrad"
021_021214.mp3,"styles Ambient Electronic, Drone, Experimental, Electronic; tags telecult powers"
021_021215.mp3,"styles Ambient Electronic, Drone, Experimental, Electronic; tags telecult powers"
021_021216.mp3,"styles Ambient Electronic, Drone, Experimental, Electronic; tags telecult powers"
021_021217.mp3,"styles Ambient Electronic, Drone, Experimental, Electronic; tags telecult powers"
021_021218.mp3,"styles Ambient Electronic, Drone, Experimental, Electronic; tags telecult powers"
021_021219.mp3,"Javelin cruised into the dublab studio for a stunning session in support of the DUBLAB DECADE PROTON DRIVE fundraiser. Their new, live action is like a day-glo disco soundsystem energetically exploding into a million rays of right-on light. Dig this version of “on it on it” and look forward to a full-flossed-out final version on Javelin’s upcoming release on Luaka Bop due in April 2010. Expect hall & oates (haulin’ oats). Infinite thanks to Javelin for their creativity and support of dublab. We hope their positive energy inspires you to take action and give a proton grant today !; tags javelin, brooklyn, providence"
021_021220.mp3,"styles Folk, Pop, Experimental Pop, Synth Pop; tags learning music"
021_021334.mp3,"styles Pop, Lo-Fi, Rock, Experimental Pop; tags mrmrsbrian"
021_021335.mp3,"styles Pop, Lo-Fi, Rock, Experimental Pop; tags kobayashii breda and wo0"
021_021336.mp3,"styles Pop, Lo-Fi, Rock, Experimental Pop"
021_021337.mp3,"styles Pop, Lo-Fi, Rock, Experimental Pop; tags greenmeanslove"
021_021338.mp3,"styles Sound Collage, Experimental, Electronic; tags iso brown"
021_021392.mp3,"styles Sound Collage, Pop, Experimental Pop, Experimental; tags swe feat b-mor7"
021_021393.mp3,"styles Sound Collage, Pop, Experimental Pop, Experimental; tags el cubist feat nongenetic"
021_021394.mp3,"styles Sound Collage, Pop, Experimental Pop, Experimental; tags flowtation addvice"
021_021395.mp3,"styles Sound Collage, Pop, Experimental Pop, Experimental; tags cactus on fire feat baba brinkman"
021_021396.mp3,"styles Sound Collage, Pop, Experimental Pop, Experimental; tags nimble"
021_021551.mp3,"styles Experimental, Electronic, Soundtrack, Instrumental, Compilation; tags rafter"
021_021553.mp3,"styles Folk, Pop, Experimental Pop, Synth Pop; tags learning music"
021_021554.mp3,"null; styles Folk, Pop, Experimental Pop, Synth Pop; tags learning music"
021_021560.mp3,tags eitheror ensemble
021_021561.mp3,"styles Experimental, Electronic, Soundtrack, Instrumental, Compilation; tags the real tuesday weld"
021_021591.mp3,"genre Pop; styles Pop, Experimental Pop; tags santosh"
021_021592.mp3,"genre Pop; styles Pop, Experimental Pop; tags santosh"
021_021594.mp3,"tags darmstadt essential repertoire festival, phill niblock"
021_021595.mp3,"styles Folk, Pop, Experimental Pop, Synth Pop; tags learning music"
021_021598.mp3,"genre Pop; styles Pop, Experimental Pop; tags santosh"
021_021633.mp3,"styles Ambient Electronic, Ambient, Rock, Electronic, Soundtrack, Instrumental; tags happy puppy records, halloween, podsafe, crimson curtain"
021_021634.mp3,"styles Ambient Electronic, Ambient, Rock, Electronic, Soundtrack, Instrumental; tags happy puppy records, halloween, podsafe"
021_021635.mp3,"styles Ambient Electronic, Ambient, Electronic, Soundtrack, Instrumental; tags happy puppy records, halloween, podsafe, crypt sisters"
021_021637.mp3,"styles Experimental, Ambient, Soundtrack, Instrumental, Field Recordings; tags happy puppy records, halloween, podsafe, m patuluci"
021_021653.mp3,"genre Pop; styles Pop, Experimental Pop; tags kid-friendly, volumina"
021_021690.mp3,"genre Experimental; styles Experimental, Sound Collage, Audio Collage; tags cube"
021_021691.mp3,"styles Ambient Electronic, Hip-Hop Beats, Hip-Hop, Electronic; tags atomly"
021_021692.mp3,genre Electronic; styles Electronic; tags peekay tayloh
021_021693.mp3,"styles Sound Collage, Experimental, Electronic; tags sawe"
021_021694.mp3,"styles Experimental, Electronic; tags domotic"
021_021696.mp3,genre Electronic; styles Electronic; tags secret mommy
021_021698.mp3,"genre Electronic; styles Electronic, Glitch; tags zephyr nova"
021_021699.mp3,tags antenne
021_021700.mp3,"null; genre Electronic; styles Ambient Electronic, Electronic; tags svenedikt"
021_021702.mp3,genre Electronic; styles Electronic; tags santosh
021_021703.mp3,tags lee hutzulak
021_021704.mp3,"genre Experimental; styles Sound Collage, Experimental; tags polichinelle"
021_021705.mp3,"styles Sound Collage, Experimental, Electronic; tags sky barstow"
021_021706.mp3,"genre Folk; styles Psych-Folk, Folk; tags peter fuhry"
021_021709.mp3,"styles Folk, International, Balkan; tags tarran the tailor"
021_021721.mp3,"genre Folk; styles Folk, Singer-Songwriter; tags ilana cameron and kurt goltz"
021_021722.mp3,"styles Folk, Americana, Country, Singer-Songwriter; tags valerie graham"
021_021723.mp3,"genre Rock; styles Lo-Fi, Rock; tags everyone"
021_021732.mp3,"genre Rock; styles Post-Punk, Rock, Punk; tags trumpet, austin, manikin, texas"
021_021733.mp3,"genre Rock; styles Post-Punk, Rock, Punk; tags trumpet, austin, manikin, texas"
021_021739.mp3,"genre Experimental; styles Avant-Garde, Experimental; tags airway"
021_021744.mp3,"styles Folk, Indie-Rock, Rock; tags nick caceres"
021_021745.mp3,"null; styles Folk, International, Balkan; tags tarran the tailor"
021_021746.mp3,"genre Folk; styles Folk, Singer-Songwriter; tags fabi reyna"
021_021747.mp3,"styles Folk, Indie-Rock, Rock, Psych-Folk; tags paleo"
021_021793.mp3,"styles Minimal Electronic, Free-Jazz, Jazz, Electronic; tags roland p young, mystical"
021_021795.mp3,"styles Glitch, Unclassifiable, Experimental, Electronic; tags experimental, jeva"
021_021801.mp3,"styles Noise, Improv, Experimental, Electronic; tags sade sade and chuck bettis"
021_021820.mp3,"styles Pop, Rock, Experimental Pop, Electronic, Soundtrack, Instrumental, Post-Rock; tags dave merson hess"
021_021821.mp3,"styles Pop, Rock, Experimental Pop, Electronic, Soundtrack, Instrumental, Post-Rock; tags dave merson hess"
021_021837.mp3,"genre Spoken; styles Spoken Weird, Spoken; tags the council flats of kingsbury"
021_021838.mp3,"genre Spoken; styles Spoken Weird, Spoken; tags the council flats of kingsbury"
021_021840.mp3,"genre Spoken; styles Spoken Weird, Spoken; tags the council flats of kingsbury"
021_021841.mp3,"genre Spoken; styles Spoken Weird, Spoken; tags the council flats of kingsbury"
021_021850.mp3,"genre Electronic; styles Minimal Electronic, Glitch, Ambient Electronic, Electronic; tags lj kruzer"
022_022076.mp3,"genre Pop; styles Pop, Synth Pop; tags dr sjaak"
022_022077.mp3,"genre Pop; styles Pop, Synth Pop; tags dr sjaak"
022_022078.mp3,"genre Pop; styles Pop, Synth Pop; tags dr sjaak"
022_022079.mp3,"genre Pop; styles Pop, Synth Pop; tags dr sjaak"
022_022080.mp3,"genre Experimental; styles Noise, Avant-Garde, Experimental; tags the afternoon saints"
022_022087.mp3,genre Pop; styles Pop; tags eqo
022_022092.mp3,genre Experimental; styles Experimental; tags hellvete
022_022098.mp3,"Uses samples from: counterfeit funk... by jsn Morning Wood by useless247 I'm funkyn'love ... by DeeJawu KCentric talks a... by KCentric Black Is The Night by DJ Vadim REMIXER LEGION (... by ASHWAN Show Me Somethin... by Songboy3 Delorean by J.Lang Show Me Something by Mseq The Secret Fixter by MC Jack in ... Future Shock (Ch... by KCentric Thanks For the A... by brad sucks; genre Soul-RnB; styles Funk, Soul-RnB; tags fourstones"
022_022101.mp3,"genre Rock; styles Punk, Rock, Garage; tags atomic butter babes"
022_022102.mp3,"genre Rock; styles Punk, Rock, Garage; tags atomic butter babes"
022_022279.mp3,"styles International, Experimental, Spoken Weird, Asia-Far East, Rock, Spoken, Improv, Lo-Fi; tags eric de jesus is spoken word"
022_022280.mp3,"styles International, Experimental, Spoken Weird, Asia-Far East, Rock, Spoken, Improv, Lo-Fi; tags eric de jesus is spoken word"
022_022281.mp3,"styles Country, Lo-Fi, Rock, Folk; tags the black swans"
022_022282.mp3,"styles Country, Lo-Fi, Rock, Folk; tags the black swans"
022_022283.mp3,"styles Country, Lo-Fi, Rock, Folk; tags the black swans"
