file,text
000_000020.mp3,"styles Folk, Pop, Experimental Pop, Singer-Songwriter; tags instrumentals, experimental pop, post punk, experimental rock, soundtracks, lo"
000_000026.mp3,"styles Folk, Pop, Experimental Pop, Singer-Songwriter; tags instrumentals, experimental pop, post punk, experimental rock, soundtracks, lo"
000_000030.mp3,"styles Folk, Pop, Experimental Pop, Singer-Songwriter; tags instrumentals, experimental pop, post punk, experimental rock, soundtracks, lo"
000_000046.mp3,"styles Folk, Pop, Experimental Pop, Singer-Songwriter; tags instrumentals, experimental pop, post punk, experimental rock, soundtracks, lo"
000_000048.mp3,"styles Folk, Pop, Experimental Pop, Singer-Songwriter; tags instrumentals, experimental pop, post punk, experimental rock, soundtracks, lo"
000_000135.mp3,"genre Rock; styles Psych-Rock, Rock, Loud-Rock; tags abominog"
000_000137.mp3,"Recorded live in downtown Los Angeles at the Lace Gallery, April 27, 1978; genre Experimental; styles"
000_000138.mp3,"Recorded live in downtown Los Angeles at the Lace Gallery, April 27, 1978; genre Experimental; styles"
000_000142.mp3,genre Folk; styles Folk; tags alec k redfearn and the eyesores
000_000144.mp3,"genre Jazz; styles Jazz; tags providence, amoebic ensemble, rhode island"
000_000145.mp3,"genre Jazz; styles Jazz; tags providence, amoebic ensemble, rhode island"
000_000146.mp3,"genre Jazz; styles Jazz; tags providence, amoebic ensemble, rhode island"
000_000147.mp3,"genre Jazz; styles Jazz; tags providence, amoebic ensemble, rhode island"
000_000149.mp3,"genre Experimental; styles Avant-Garde, Experimental; tags andy hayleck"
000_000150.mp3,"genre Experimental; styles Avant-Garde, Experimental; tags andy hayleck"
000_000151.mp3,"genre Rock; styles Punk, Rock; tags animal writes"
000_000152.mp3,"genre Rock; styles Punk, Rock; tags animal writes"
000_000153.mp3,"genre Rock; styles Post-Rock, Rock; tags philly, arc and sender, baltimore"
000_000154.mp3,"genre Rock; styles Post-Rock, Rock; tags philly, arc and sender, baltimore"
000_000155.mp3,"genre Rock; styles Post-Rock, Rock; tags philly, arc and sender, baltimore"
000_000156.mp3,"genre Experimental; styles Experimental, Field Recordings; tags area c"
000_000157.mp3,"genre Experimental; styles Experimental, Field Recordings; tags area c"
000_000158.mp3,"genre Experimental; styles Experimental, Field Recordings; tags area c"
000_000159.mp3,"genre Experimental; styles Experimental, Field Recordings; tags area c"
000_000160.mp3,"genre Experimental; styles Experimental, Field Recordings; tags area c"
000_000161.mp3,"genre Experimental; styles Experimental, Field Recordings; tags area c"
000_000162.mp3,"genre Experimental; styles Experimental, Field Recordings; tags area c"
000_000163.mp3,"genre Experimental; styles Experimental, Field Recordings; tags area c"
000_000164.mp3,"genre Experimental; styles Experimental, Field Recordings; tags area c"
000_000165.mp3,"genre Experimental; styles Experimental, Field Recordings; tags area c"
000_000166.mp3,"genre Experimental; styles Experimental, Field Recordings; tags area c"
000_000167.mp3,"genre Experimental; styles Experimental, Field Recordings; tags area c"
000_000168.mp3,"genre Experimental; styles Experimental, Field Recordings; tags area c"
000_000169.mp3,"genre Rock; styles Punk, Rock; tags portland, argumentix"
000_000170.mp3,"genre Rock; styles Punk, Rock; tags portland, argumentix"
000_000171.mp3,"Unreleased; genre Rock; styles Punk, Rock; tags portland, argumentix"
000_000172.mp3,"genre Rock; styles Punk, Rock; tags portland, argumentix"
000_000173.mp3,"genre Rock; styles Punk, Rock; tags portland, argumentix"
000_000174.mp3,"genre Rock; styles Punk, Rock; tags portland, argumentix"
000_000175.mp3,"genre Rock; styles Punk, Rock; tags portland, argumentix"
000_000176.mp3,"Unreleased; genre Rock; styles Punk, Rock; tags portland, argumentix"
000_000177.mp3,"genre Rock; styles Punk, Rock; tags portland, argumentix"
000_000178.mp3,"genre Rock; styles Punk, Rock; tags portland, argumentix"
000_000179.mp3,"genre Rock; styles Punk, Rock; tags portland, argumentix"
000_000183.mp3,"genre Rock; styles Lo-Fi, Rock; tags ariel pinks haunted graffiti"
000_000184.mp3,"genre Rock; styles Lo-Fi, Rock; tags ariel pinks haunted graffiti"
000_000185.mp3,"performed by: Ariel Pink (electric guitar, bass, keyboard, drums(sic), voc) recorded on a yamaha MT8X multitrack"
000_000188.mp3,genre Folk; styles Folk; tags ed askew
000_000189.mp3,genre Folk; styles Folk; tags ed askew
000_000191.mp3,genre Folk; styles Folk; tags ed askew
000_000192.mp3,genre Folk; styles Folk; tags ed askew
000_000195.mp3,genre Folk; styles Folk; tags ed askew
000_000196.mp3,genre Folk; styles Folk; tags ed askew
000_000199.mp3,genre Folk; styles Folk; tags ed askew
000_000201.mp3,genre Folk; styles Folk; tags ed askew
000_000202.mp3,genre Folk; styles Folk; tags ed askew
000_000205.mp3,genre Folk; styles Folk; tags ed askew
000_000206.mp3,genre Folk; styles Folk; tags ed askew
000_000226.mp3,"genre Rock; styles Punk, Rock; tags philly, bad news bats"
000_000228.mp3,"genre Rock; styles Punk, Rock; tags philly, bad news bats"
000_000236.mp3,"styles International, African, Electronic; tags banana clipz"
000_000238.mp3,genre Jazz; styles Jazz; tags barnacled
000_000246.mp3,"styles Pop, Rock, Experimental Pop; tags athens ga, bird names, athens, vermont, chicago, fun, brattleboro"
000_000248.mp3,"styles Pop, Rock, Experimental Pop; tags athens ga, bird names, athens, vermont, chicago, fun, brattleboro"
000_000250.mp3,"styles Pop, Rock, Experimental Pop; tags athens ga, bird names, athens, vermont, chicago, fun, brattleboro"
000_000251.mp3,"styles Pop, Rock, Experimental Pop; tags athens ga, bird names, athens, vermont, chicago, fun, brattleboro"
000_000252.mp3,"genre Rock; styles Rock; tags athens ga, bird names, athens, vermont, chicago, fun, brattleboro"
000_000253.mp3,"styles Pop, Rock, Experimental Pop; tags athens ga, bird names, athens, vermont, chicago, fun, brattleboro"
000_000254.mp3,"styles Pop, Rock, Experimental Pop; tags athens ga, bird names, athens, vermont, chicago, fun, brattleboro"
000_000273.mp3,"genre Experimental; styles Noise, Experimental; tags providence, black pus"
000_000274.mp3,"genre Experimental; styles Noise, Experimental; tags providence, black pus"
000_000275.mp3,"genre Experimental; styles Noise, Experimental; tags providence, black pus"
000_000276.mp3,"genre Experimental; styles Noise, Experimental; tags providence, black pus"
000_000277.mp3,"genre Experimental; styles Noise, Experimental; tags providence, black pus"
000_000281.mp3,"genre Experimental; styles Noise, Experimental; tags providence, black pus"
000_000282.mp3,"genre Experimental; styles Noise, Experimental; tags providence, black pus"
000_000284.mp3,"genre Experimental; styles Noise, Experimental; tags providence, black pus"
000_000285.mp3,"genre Experimental; styles Noise, Experimental; tags providence, black pus"
000_000293.mp3,"genre Experimental; styles Noise, Experimental; tags providence, black pus"
000_000294.mp3,"genre Experimental; styles Noise, Experimental; tags providence, black pus"
000_000297.mp3,"genre Experimental; styles Noise, Experimental; tags providence, black pus"
000_000300.mp3,"genre Experimental; styles Noise, Experimental; tags providence, black pus"
000_000303.mp3,"genre Rock; styles Post-Punk, Rock, Punk; tags blah blah blah, chris andrews"
000_000304.mp3,"genre Rock; styles Post-Punk, Rock, Punk; tags blah blah blah, chris andrews"
000_000305.mp3,"genre Rock; styles Post-Punk, Rock, Punk; tags blah blah blah, chris andrews"
000_000306.mp3,"genre Rock; styles Post-Punk, Rock, Punk; tags blah blah blah, chris andrews"
000_000307.mp3,"genre Rock; styles Post-Punk, Rock, Punk; tags blah blah blah, chris andrews"
000_000308.mp3,"genre Rock; styles Post-Punk, Rock, Punk; tags blah blah blah, chris andrews"
000_000309.mp3,"genre Rock; styles Post-Punk, Rock, Punk; tags blah blah blah, chris andrews"
000_000310.mp3,"genre Rock; styles Post-Punk, Rock, Punk; tags blah blah blah, chris andrews"
000_000311.mp3,"genre Rock; styles Post-Punk, Rock, Punk; tags blah blah blah, chris andrews"
000_000312.mp3,"genre Rock; styles Post-Punk, Rock, Punk; tags blah blah blah, chris andrews"
000_000313.mp3,"genre Rock; styles Post-Punk, Rock, Punk; tags blah blah blah, chris andrews"
000_000314.mp3,"genre Rock; styles Post-Punk, Rock, Punk; tags blah blah blah, chris andrews"
000_000315.mp3,"genre Rock; styles Post-Punk, Rock, Punk; tags blah blah blah, chris andrews"
000_000316.mp3,"genre Rock; styles Post-Punk, Rock, Punk; tags blah blah blah, chris andrews"
000_000317.mp3,"genre Rock; styles Post-Punk, Rock, Punk; tags blah blah blah, chris andrews"
000_000318.mp3,"genre Rock; styles Post-Punk, Rock, Punk; tags blah blah blah, chris andrews"
000_000319.mp3,"genre Rock; styles Post-Punk, Rock, Punk; tags blah blah blah, chris andrews"
000_000320.mp3,"genre Rock; styles Post-Punk, Rock, Punk; tags blah blah blah, chris andrews"
000_000321.mp3,"genre Rock; styles Post-Punk, Rock, Punk; tags blah blah blah, chris andrews"
000_000322.mp3,"genre Rock; styles Post-Punk, Rock, Punk; tags blah blah blah, chris andrews"
000_000323.mp3,"genre Rock; styles Post-Punk, Rock, Punk; tags blah blah blah, chris andrews"
000_000324.mp3,"genre Rock; styles Post-Punk, Rock, Punk; tags blah blah blah, chris andrews"
000_000325.mp3,"genre Rock; styles Post-Punk, Rock, Punk; tags blah blah blah, chris andrews"
000_000326.mp3,"genre Rock; styles Post-Punk, Rock, Punk; tags blah blah blah, chris andrews"
000_000327.mp3,"genre Rock; styles Post-Punk, Rock, Punk; tags blah blah blah, chris andrews"
000_000328.mp3,"genre Rock; styles Post-Punk, Rock, Punk; tags blah blah blah, chris andrews"
000_000330.mp3,"genre Rock; styles Post-Punk, Rock, Punk; tags blah blah blah, chris andrews"
000_000331.mp3,"genre Rock; styles Post-Punk, Rock, Punk; tags blah blah blah, chris andrews"
000_000332.mp3,"genre Rock; styles Post-Punk, Rock, Punk; tags blah blah blah, chris andrews"
000_000333.mp3,"genre Rock; styles Post-Punk, Rock, Punk; tags blah blah blah, chris andrews"
000_000334.mp3,"genre Rock; styles Post-Punk, Rock, Punk; tags blah blah blah, chris andrews"
000_000335.mp3,"genre Rock; styles Post-Punk, Rock, Punk; tags blah blah blah, chris andrews"
000_000336.mp3,"genre Rock; styles Post-Punk, Rock, Punk; tags blah blah blah, chris andrews"
000_000337.mp3,"genre Rock; styles Post-Punk, Rock, Punk; tags blah blah blah, chris andrews"
000_000338.mp3,"genre Rock; styles Post-Punk, Rock, Punk; tags blah blah blah, chris andrews"
000_000339.mp3,"genre Rock; styles Post-Punk, Rock, Punk; tags blah blah blah, chris andrews"
000_000340.mp3,"genre Rock; styles Post-Punk, Rock, Punk; tags blah blah blah, chris andrews"
000_000342.mp3,"genre Rock; styles Post-Punk, Rock, Punk; tags blah blah blah, chris andrews"
000_000344.mp3,"genre Rock; styles Post-Punk, Rock, Punk; tags blah blah blah, chris andrews"
000_000345.mp3,"genre Rock; styles Post-Punk, Rock, Punk; tags blah blah blah, chris andrews"
000_000346.mp3,"genre Rock; styles Post-Punk, Rock, Punk; tags blah blah blah, chris andrews"
000_000347.mp3,"genre Rock; styles Post-Punk, Rock, Punk; tags blah blah blah, chris andrews"
000_000348.mp3,"genre Rock; styles Post-Punk, Rock, Punk; tags blah blah blah, chris andrews"
000_000349.mp3,"genre Rock; styles Post-Punk, Rock, Punk; tags blah blah blah, chris andrews"
000_000350.mp3,"genre Rock; styles Post-Punk, Rock, Punk; tags blah blah blah, chris andrews"
000_000351.mp3,"genre Rock; styles Post-Punk, Rock, Punk; tags blah blah blah, chris andrews"
000_000353.mp3,"genre Rock; styles Post-Punk, Rock, Punk; tags blah blah blah, chris andrews"
000_000354.mp3,"genre Rock; styles Post-Punk, Rock, Punk; tags blah blah blah, chris andrews"
000_000355.mp3,"genre Rock; styles Post-Punk, Rock, Punk; tags blah blah blah, chris andrews"
000_000356.mp3,"genre Rock; styles Post-Punk, Rock, Punk; tags blah blah blah, chris andrews"
000_000357.mp3,"genre Rock; styles Post-Punk, Rock, Punk; tags blah blah blah, chris andrews"
000_000358.mp3,"genre Rock; styles Post-Punk, Rock, Punk; tags blah blah blah, chris andrews"
000_000359.mp3,"genre Rock; styles Post-Punk, Rock, Punk; tags blah blah blah, chris andrews"
000_000360.mp3,"genre Rock; styles Post-Punk, Rock, Punk; tags blah blah blah, chris andrews"
000_000361.mp3,"genre Rock; styles Post-Punk, Rock, Punk; tags blah blah blah, chris andrews"
000_000362.mp3,"genre Rock; styles Post-Punk, Rock, Punk; tags blah blah blah, chris andrews"
000_000363.mp3,"genre Rock; styles Post-Punk, Rock, Punk; tags blah blah blah, chris andrews"
000_000364.mp3,"genre Rock; styles Post-Punk, Rock, Punk; tags blah blah blah, chris andrews"
000_000365.mp3,"genre Rock; styles Post-Punk, Rock, Punk; tags blah blah blah, chris andrews"
000_000366.mp3,"genre Rock; styles Post-Punk, Rock, Punk; tags blah blah blah, chris andrews"
000_000367.mp3,"genre Rock; styles Post-Punk, Rock, Punk; tags blah blah blah, chris andrews"
000_000370.mp3,"genre Rock; styles Post-Punk, Rock, Punk; tags blah blah blah, chris andrews"
000_000371.mp3,"genre Rock; styles Post-Punk, Rock, Punk; tags blah blah blah, chris andrews"
000_000384.mp3,genre Electronic; styles Electronic; tags blanketship
000_000385.mp3,genre Electronic; styles Electronic; tags blanketship
000_000386.mp3,genre Electronic; styles Electronic; tags blanketship
000_000387.mp3,genre Electronic; styles Electronic; tags blanketship
000_000393.mp3,"The unedited recording of Boogie Witch live at Silk City Lounge June 27, 2002; genre Rock;"
000_000394.mp3,"Recorded live at Silk City Lounge June 27, 2002; genre Rock; styles Rock; tags boogie witch"
000_000395.mp3,"Recorded live at Silk City Lounge June 27, 2002; genre Rock; styles Rock; tags boogie witch"
000_000396.mp3,genre Electronic; styles Electronic; tags borful tang
000_000401.mp3,genre Electronic; styles Electronic; tags borful tang
000_000402.mp3,genre Electronic; styles Electronic; tags borful tang
000_000403.mp3,genre Electronic; styles Electronic; tags borful tang
000_000404.mp3,genre Electronic; styles Electronic; tags borful tang
000_000406.mp3,genre Electronic; styles Electronic; tags borful tang
000_000407.mp3,genre Electronic; styles Electronic; tags borful tang
000_000408.mp3,genre Electronic; styles Electronic; tags borful tang
000_000410.mp3,genre Electronic; styles Electronic; tags borful tang
000_000411.mp3,genre Electronic; styles Electronic; tags borful tang
000_000412.mp3,genre Electronic; styles Electronic; tags borful tang
000_000416.mp3,genre Electronic; styles Electronic; tags borful tang
000_000417.mp3,"genre Experimental; styles Avant-Garde, Experimental; tags brian joseph davis"
000_000418.mp3,"styles Avant-Garde, Soundtrack, Instrumental, Experimental; tags brian joseph davis"
000_000419.mp3,"genre Experimental; styles Avant-Garde, Experimental; tags brian joseph davis"
000_000420.mp3,"styles Avant-Garde, Soundtrack, Instrumental, Experimental; tags brian joseph davis"
000_000421.mp3,"genre Experimental; styles Avant-Garde, Experimental; tags brian joseph davis"
000_000422.mp3,"styles Avant-Garde, Soundtrack, Instrumental, Experimental; tags brian joseph davis"
000_000423.mp3,"styles Avant-Garde, Soundtrack, Instrumental, Experimental; tags brian joseph davis"
000_000426.mp3,"genre Experimental; styles Avant-Garde, Experimental; tags brian joseph davis"
000_000427.mp3,"genre Experimental; styles Avant-Garde, Experimental; tags brian joseph davis"
000_000428.mp3,"genre Experimental; styles Avant-Garde, Experimental; tags brian joseph davis"
000_000429.mp3,"genre Experimental; styles Avant-Garde, Experimental; tags brian joseph davis"
000_000430.mp3,"genre Experimental; styles Avant-Garde, Experimental; tags brian joseph davis"
000_000431.mp3,"genre Experimental; styles Avant-Garde, Experimental; tags brian joseph davis"
000_000432.mp3,"genre Experimental; styles Avant-Garde, Experimental; tags brian joseph davis"
000_000433.mp3,"genre Experimental; styles Avant-Garde, Experimental; tags brian joseph davis"
000_000434.mp3,"genre Experimental; styles Avant-Garde, Experimental; tags brian joseph davis"
000_000435.mp3,"genre Experimental; styles Avant-Garde, Experimental; tags brian joseph davis"
000_000436.mp3,"genre Experimental; styles Avant-Garde, Experimental; tags brian joseph davis"
000_000437.mp3,"genre Experimental; styles Avant-Garde, Experimental; tags brian joseph davis"
000_000438.mp3,"genre Experimental; styles Avant-Garde, Experimental; tags brian joseph davis"
000_000439.mp3,"genre Experimental; styles Avant-Garde, Experimental; tags brian joseph davis"
000_000440.mp3,"styles Jazz, Experimental, Electronic; tags bronhardgoingpublic"
000_000441.mp3,"styles Jazz, Experimental, Electronic; tags bronhardgoingpublic"
000_000442.mp3,"styles Jazz, Experimental, Electronic; tags bronhardgoingpublic"
000_000443.mp3,"styles Jazz, Experimental, Electronic; tags bronhardgoingpublic"
000_000444.mp3,"styles Jazz, Experimental, Electronic; tags bronhardgoingpublic"
000_000445.mp3,"styles Jazz, Experimental, Electronic; tags bronhardgoingpublic"
000_000446.mp3,"styles Jazz, Experimental, Electronic; tags bronhardgoingpublic"
000_000447.mp3,"styles Jazz, Experimental, Electronic; tags bronhardgoingpublic"
000_000448.mp3,"styles Jazz, Experimental, Electronic; tags bronhardgoingpublic"
000_000449.mp3,"styles Jazz, Experimental, Electronic; tags bronhardgoingpublic"
000_000450.mp3,"styles Jazz, Experimental, Electronic; tags bronhardgoingpublic"
000_000451.mp3,"styles Jazz, Experimental, Electronic; tags bronhardgoingpublic"
000_000452.mp3,"styles Jazz, Experimental, Electronic; tags bronhardgoingpublic"
000_000461.mp3,"styles Blues, Jazz, Jazz: Vocal; tags cantonement jazz band"
000_000462.mp3,"styles Blues, Jazz, Jazz: Vocal; tags cantonement jazz band"
000_000463.mp3,"styles Blues, Jazz, Jazz: Vocal; tags cantonement jazz band"
000_000464.mp3,"styles Blues, Jazz, Jazz: Vocal; tags cantonement jazz band"
000_000465.mp3,"styles Blues, Jazz, Jazz: Vocal; tags cantonement jazz band"
000_000466.mp3,"genre Rock; styles Lo-Fi, Rock; tags celesteville"
000_000467.mp3,"genre Rock; styles Indie-Rock, Lo-Fi, Rock; tags celesteville"
000_000468.mp3,"genre Rock; styles Punk, Lo-Fi, Rock; tags celesteville"
000_000469.mp3,"genre Rock; styles Indie-Rock, Lo-Fi, Rock; tags celesteville"
000_000470.mp3,"genre Rock; styles Indie-Rock, Lo-Fi, Rock; tags celesteville"
000_000471.mp3,"genre Rock; styles Lo-Fi, Rock; tags celesteville"
000_000472.mp3,"genre Rock; styles Indie-Rock, Lo-Fi, Rock; tags celesteville"
000_000473.mp3,"genre Rock; styles Indie-Rock, Lo-Fi, Rock; tags celesteville"
000_000474.mp3,"genre Rock; styles Punk, Lo-Fi, Rock; tags celesteville"
000_000475.mp3,"genre Rock; styles Lo-Fi, Rock; tags celesteville"
000_000476.mp3,"genre Rock; styles Indie-Rock, Lo-Fi, Rock; tags celesteville"
000_000477.mp3,"genre Rock; styles Punk, Lo-Fi, Rock; tags celesteville"
000_000478.mp3,"genre Rock; styles Indie-Rock, Lo-Fi, Rock; tags celesteville"
000_000479.mp3,"genre Rock; styles Indie-Rock, Lo-Fi, Rock; tags celesteville"
000_000480.mp3,"genre Rock; styles Punk, Lo-Fi, Rock; tags celesteville"
000_000481.mp3,"genre Rock; styles Indie-Rock, Lo-Fi, Rock; tags celesteville"
000_000482.mp3,"genre Rock; styles Indie-Rock, Lo-Fi, Rock; tags celesteville"
000_000483.mp3,"genre Rock; styles Indie-Rock, Lo-Fi, Rock; tags celesteville"
000_000484.mp3,"genre Rock; styles Lo-Fi, Rock; tags celesteville"
000_000485.mp3,"genre Rock; styles Punk, Lo-Fi, Rock; tags celesteville"
000_000486.mp3,"genre Rock; styles Indie-Rock, Lo-Fi, Rock; tags celesteville"
000_000487.mp3,"genre Rock; styles Lo-Fi, Rock; tags celesteville"
000_000489.mp3,"genre Rock; styles Indie-Rock, Lo-Fi, Rock; tags celesteville"
000_000490.mp3,"genre Rock; styles Indie-Rock, Lo-Fi, Rock; tags celesteville"
000_000491.mp3,"genre Rock; styles Indie-Rock, Lo-Fi, Rock; tags celesteville"
000_000492.mp3,"genre Rock; styles Indie-Rock, Lo-Fi, Rock; tags celesteville"
000_000493.mp3,"genre Rock; styles Lo-Fi, Rock; tags celesteville"
000_000495.mp3,"genre Rock; styles Punk, Lo-Fi, Rock; tags celesteville"
000_000496.mp3,"genre Rock; styles Indie-Rock, Lo-Fi, Rock; tags celesteville"
000_000497.mp3,"genre Rock; styles Indie-Rock, Lo-Fi, Rock; tags celesteville"
000_000498.mp3,"genre Rock; styles Indie-Rock, Lo-Fi, Rock; tags celesteville"
000_000500.mp3,"genre Rock; styles Indie-Rock, Lo-Fi, Rock; tags celesteville"
000_000501.mp3,"genre Rock; styles Lo-Fi, Rock; tags celesteville"
000_000502.mp3,"genre Rock; styles Punk, Lo-Fi, Rock; tags celesteville"
000_000503.mp3,"genre Rock; styles Indie-Rock, Lo-Fi, Rock; tags celesteville"
000_000504.mp3,"genre Rock; styles Indie-Rock, Lo-Fi, Rock; tags celesteville"
000_000506.mp3,"genre Rock; styles Lo-Fi, Rock; tags celesteville"
000_000507.mp3,"genre Rock; styles Indie-Rock, Lo-Fi, Rock; tags celesteville"
000_000508.mp3,"genre Rock; styles Indie-Rock, Lo-Fi, Rock; tags celesteville"
000_000509.mp3,"genre Rock; styles Indie-Rock, Lo-Fi, Rock; tags celesteville"
000_000510.mp3,"genre Rock; styles Indie-Rock, Lo-Fi, Rock; tags celesteville"
000_000511.mp3,"genre Rock; styles Lo-Fi, Rock; tags celesteville"
000_000513.mp3,"genre Rock; styles Indie-Rock, Lo-Fi, Rock; tags celesteville"
000_000514.mp3,"genre Rock; styles Indie-Rock, Lo-Fi, Rock; tags celesteville"
000_000515.mp3,"genre Rock; styles Lo-Fi, Rock; tags celesteville"
000_000516.mp3,"genre Rock; styles Indie-Rock, Lo-Fi, Rock; tags celesteville"
000_000517.mp3,"genre Rock; styles Lo-Fi, Rock; tags celesteville"
000_000520.mp3,genre Rock; styles Rock; tags celesteville
000_000521.mp3,genre Rock; styles Rock; tags celesteville
000_000522.mp3,genre Rock; styles Rock; tags celesteville
000_000523.mp3,genre Rock; styles Rock; tags celesteville
000_000524.mp3,genre Rock; styles Rock; tags celesteville
000_000525.mp3,genre Rock; styles Rock; tags celesteville
000_000526.mp3,genre Rock; styles Rock; tags celesteville
000_000527.mp3,genre Rock; styles Rock; tags celesteville
000_000528.mp3,genre Rock; styles Rock; tags celesteville
000_000529.mp3,genre Rock; styles Rock; tags celesteville
000_000530.mp3,genre Rock; styles Rock; tags celesteville
000_000531.mp3,genre Rock; styles Rock; tags celesteville
000_000532.mp3,genre Electronic; styles Electronic; tags chandeliers
000_000533.mp3,genre Electronic; styles Electronic; tags chandeliers
000_000538.mp3,genre Folk; styles Folk; tags charles manson
000_000539.mp3,genre Folk; styles Folk; tags charles manson
000_000541.mp3,genre Folk; styles Folk; tags charles manson
000_000542.mp3,genre Folk; styles Folk; tags charles manson
000_000543.mp3,genre Folk; styles Folk; tags charles manson
000_000544.mp3,genre Folk; styles Folk; tags charles manson
000_000545.mp3,genre Folk; styles Folk; tags charles manson
000_000547.mp3,genre Folk; styles Folk; tags charles manson
000_000548.mp3,genre Folk; styles Folk; tags charles manson
000_000549.mp3,genre Folk; styles Folk; tags charles manson
000_000554.mp3,"styles Folk, Pop, Experimental Pop, Singer-Songwriter; tags instrumentals, experimental pop, post punk, experimental rock, soundtracks, lo"
000_000555.mp3,"styles Folk, Pop, Experimental Pop, Singer-Songwriter; tags instrumentals, experimental pop, post punk, experimental rock, soundtracks, lo"
000_000556.mp3,"styles Folk, Pop, Experimental Pop, Singer-Songwriter; tags instrumentals, experimental pop, post punk, experimental rock, soundtracks, lo"
000_000557.mp3,"styles Folk, Pop, Experimental Pop, Singer-Songwriter; tags instrumentals, experimental pop, post punk, experimental rock, soundtracks, lo"
000_000558.mp3,"styles Folk, Pop, Experimental Pop, Singer-Songwriter; tags instrumentals, experimental pop, post punk, experimental rock, soundtracks, lo"
000_000559.mp3,"styles Folk, Pop, Experimental Pop, Singer-Songwriter; tags instrumentals, experimental pop, post punk, experimental rock, soundtracks, lo"
000_000560.mp3,"styles Folk, Pop, Experimental Pop, Singer-Songwriter; tags instrumentals, experimental pop, post punk, experimental rock, soundtracks, lo"
000_000561.mp3,"styles Folk, Pop, Experimental Pop, Singer-Songwriter; tags instrumentals, experimental pop, post punk, experimental rock, soundtracks, lo"
000_000562.mp3,genre Rock; styles Rock; tags cinwaves
000_000563.mp3,genre Rock; styles Rock; tags cinwaves
000_000565.mp3,genre Rock; styles Rock; tags cinwaves
000_000566.mp3,genre Rock; styles Rock; tags cinwaves
000_000567.mp3,genre Rock; styles Rock; tags cinwaves
000_000568.mp3,genre Rock; styles Rock; tags cinwaves
000_000569.mp3,genre Rock; styles Rock; tags cinwaves
000_000570.mp3,genre Rock; styles Rock; tags cinwaves
000_000571.mp3,genre Rock; styles Rock; tags cinwaves
000_000572.mp3,genre Rock; styles Rock; tags cinwaves
000_000575.mp3,genre Rock; styles Rock; tags clyde rourke
000_000576.mp3,genre Rock; styles Rock; tags clyde rourke
000_000577.mp3,genre Rock; styles Rock; tags clyde rourke
000_000578.mp3,genre Rock; styles Rock; tags clyde rourke
000_000579.mp3,"genre Rock; styles Punk, Rock; tags cococoma"
000_000580.mp3,"genre Rock; styles Punk, Rock; tags cococoma"
000_000586.mp3,genre Hip-Hop; styles Hip-Hop; tags djs of mass destruction
000_000587.mp3,"genre Experimental; styles Avant-Garde, Experimental; tags san francisco, death sentence panda"
000_000588.mp3,"genre Experimental; styles Avant-Garde, Experimental; tags san francisco, death sentence panda"
000_000589.mp3,"genre Experimental; styles Avant-Garde, Experimental; tags san francisco, death sentence panda"
000_000601.mp3,genre Folk; styles Folk; tags dora bleu
000_000604.mp3,genre Folk; styles Folk; tags dora bleu
000_000606.mp3,"genre Rock; styles Rock; tags baltimore, double dagger"
000_000607.mp3,"genre Rock; styles Rock; tags baltimore, double dagger"
000_000609.mp3,"genre Rock; styles Rock; tags baltimore, double dagger"
000_000610.mp3,"genre Folk; styles Folk; tags portland, dragging an ox through water"
000_000611.mp3,"genre Folk; styles Folk; tags portland, dragging an ox through water"
000_000612.mp3,"genre Folk; styles Folk; tags portland, dragging an ox through water"
000_000613.mp3,tags argumentix dragging an ox through water
000_000614.mp3,"genre Folk; styles Folk; tags portland, dragging an ox through water"
000_000616.mp3,"genre Experimental; styles Electroacoustic, Experimental; tags ekg"
000_000617.mp3,genre Folk; styles Folk; tags ed askew
000_000618.mp3,genre Folk; styles Folk; tags ed askew
000_000622.mp3,genre Folk; styles Folk; tags ed askew
000_000623.mp3,genre Folk; styles Folk; tags ed askew
000_000624.mp3,genre Folk; styles Folk; tags ed askew
000_000626.mp3,genre Folk; styles Folk; tags ed askew
000_000627.mp3,genre Folk; styles Folk; tags ed askew
000_000628.mp3,genre Folk; styles Folk; tags ed askew
000_000630.mp3,genre Folk; styles Folk; tags ed askew
000_000634.mp3,genre Rock; styles Rock; tags el jesus de magico
000_000637.mp3,"genre Experimental; styles Avant-Garde, Experimental; tags chicago, eric leonardson"
000_000638.mp3,"genre Experimental; styles Avant-Garde, Experimental; tags chicago, eric leonardson"
000_000639.mp3,"genre Experimental; styles Avant-Garde, Experimental; tags eric leonardson and steve barsotti"
000_000640.mp3,"genre Spoken; styles Radio, Radio Art, Spoken; tags eric leonardson and anna friz"
000_000641.mp3,"genre Electronic; styles Electronic; tags austin, ethan persoff"
000_000642.mp3,"genre Electronic; styles Electronic; tags austin, ethan persoff"
000_000643.mp3,"genre Electronic; styles Electronic; tags austin, ethan persoff"
000_000644.mp3,"genre Electronic; styles Electronic; tags austin, ethan persoff"
000_000645.mp3,"genre Electronic; styles Electronic; tags austin, ethan persoff"
000_000646.mp3,"genre Electronic; styles Electronic; tags austin, ethan persoff"
000_000647.mp3,"genre Electronic; styles Electronic; tags austin, ethan persoff"
000_000648.mp3,"genre Electronic; styles Electronic; tags austin, ethan persoff"
000_000649.mp3,"genre Electronic; styles Electronic; tags austin, ethan persoff"
000_000650.mp3,"genre Electronic; styles Electronic; tags austin, ethan persoff"
000_000651.mp3,"genre Electronic; styles Electronic; tags austin, ethan persoff"
000_000652.mp3,"genre Electronic; styles Electronic; tags austin, ethan persoff"
000_000653.mp3,"genre Electronic; styles Electronic; tags austin, ethan persoff"
000_000654.mp3,"genre Electronic; styles Electronic; tags austin, ethan persoff"
000_000655.mp3,"genre Electronic; styles Electronic; tags austin, ethan persoff"
000_000656.mp3,"genre Electronic; styles Electronic; tags austin, ethan persoff"
000_000657.mp3,"genre Electronic; styles Electronic; tags austin, ethan persoff"
000_000658.mp3,"genre Electronic; styles Electronic; tags austin, ethan persoff"
000_000659.mp3,"genre Electronic; styles Electronic; tags austin, ethan persoff"
000_000660.mp3,"genre Electronic; styles Electronic; tags austin, ethan persoff"
000_000661.mp3,"genre Electronic; styles Electronic; tags austin, ethan persoff"
000_000662.mp3,"genre Electronic; styles Electronic; tags austin, ethan persoff"
000_000663.mp3,"genre Electronic; styles Electronic; tags austin, ethan persoff"
000_000670.mp3,genre Hip-Hop; styles Hip-Hop; tags fanatic
000_000671.mp3,genre Hip-Hop; styles Hip-Hop; tags fanatic
000_000675.mp3,genre Hip-Hop; styles Hip-Hop; tags fanatic
000_000678.mp3,genre Hip-Hop; styles Hip-Hop; tags fanatic
000_000682.mp3,genre Hip-Hop; styles Hip-Hop; tags fanatic
000_000683.mp3,genre Hip-Hop; styles Hip-Hop; tags fanatic
000_000685.mp3,genre Hip-Hop; styles Hip-Hop; tags fanatic
000_000687.mp3,genre Hip-Hop; styles Hip-Hop; tags fanatic
000_000688.mp3,genre Hip-Hop; styles Hip-Hop; tags fanatic
000_000689.mp3,genre Hip-Hop; styles Hip-Hop; tags fanatic
000_000691.mp3,genre Rock; styles Rock; tags flying luttenbachers
000_000692.mp3,genre Rock; styles Rock; tags flying luttenbachers
000_000693.mp3,genre Rock; styles Rock; tags flying luttenbachers
000_000697.mp3,"genre Rock; styles Rock, Loud-Rock; tags foot village"
000_000699.mp3,"genre Rock; styles Rock, Loud-Rock; tags foot village"
000_000700.mp3,"genre Rock; styles Rock, Loud-Rock; tags foot village"
000_000711.mp3,"genre Rock; styles Punk, Rock; tags the functional blackouts"
000_000712.mp3,"genre Rock; styles Punk, Rock; tags the functional blackouts"
000_000713.mp3,"genre Rock; styles Punk, Rock; tags the functional blackouts"
000_000719.mp3,"genre Rock; styles Rock; tags baltimore, fuzz unlimited"
000_000721.mp3,"genre Rock; styles Rock; tags baltimore, fuzz unlimited"
000_000722.mp3,"genre Rock; styles Rock; tags baltimore, fuzz unlimited"
000_000723.mp3,"genre Rock; styles Rock; tags baltimore, fuzz unlimited"
000_000725.mp3,"genre Experimental; styles Noise, Experimental; tags gang wizard"
000_000726.mp3,"genre Experimental; styles Noise, Experimental; tags gang wizard"
000_000727.mp3,"genre Experimental; styles Noise, Experimental; tags gang wizard"
000_000728.mp3,"genre Experimental; styles Noise, Experimental; tags gang wizard"
000_000729.mp3,"genre Experimental; styles Noise, Experimental; tags gang wizard"
000_000730.mp3,"genre Experimental; styles Noise, Experimental; tags gang wizard"
000_000731.mp3,"genre Experimental; styles Noise, Experimental; tags gang wizard"
000_000778.mp3,genre Rock; styles Rock; tags glove compartment
000_000779.mp3,genre Rock; styles Rock; tags glove compartment
000_000780.mp3,genre Rock; styles Rock; tags glove compartment
000_000781.mp3,genre Rock; styles Rock; tags glove compartment
000_000782.mp3,genre Rock; styles Rock; tags glove compartment
000_000783.mp3,genre Rock; styles Rock; tags glove compartment
000_000784.mp3,genre Rock; styles Rock; tags glove compartment
000_000785.mp3,genre Rock; styles Rock; tags glove compartment
000_000786.mp3,genre Rock; styles Rock; tags glove compartment
000_000787.mp3,genre Rock; styles Rock; tags glove compartment
000_000788.mp3,genre Rock; styles Rock; tags glove compartment
000_000789.mp3,genre Rock; styles Rock; tags glove compartment
000_000790.mp3,genre Rock; styles Rock; tags glove compartment
000_000791.mp3,genre Rock; styles Rock; tags glove compartment
000_000792.mp3,genre Rock; styles Rock; tags glove compartment
000_000793.mp3,genre Rock; styles Rock; tags glove compartment
000_000794.mp3,genre Rock; styles Rock; tags glove compartment
000_000795.mp3,genre Rock; styles Rock; tags glove compartment
000_000796.mp3,genre Rock; styles Rock; tags glove compartment
000_000797.mp3,genre Rock; styles Rock; tags glove compartment
000_000798.mp3,genre Rock; styles Rock; tags glove compartment
000_000799.mp3,"genre Experimental; styles Experimental; tags portland, grouper"
000_000800.mp3,"genre Experimental; styles Experimental; tags portland, grouper"
000_000801.mp3,"genre Experimental; styles Experimental; tags portland, grouper"
000_000803.mp3,"genre Rock; styles Punk, Rock; tags columbus, guinea worms"
000_000804.mp3,"genre Rock; styles Punk, Rock; tags columbus, guinea worms"
000_000805.mp3,"genre Rock; styles Punk, Rock; tags columbus, guinea worms"
000_000806.mp3,"genre Rock; styles Punk, Rock; tags columbus, guinea worms"
000_000807.mp3,"genre Rock; styles Punk, Rock; tags columbus, guinea worms"
000_000815.mp3,Imagine a post-apocalyptic nightmare world where mutated Hans Christian Andersen characters play noisy synthesizers stretched through
000_000816.mp3,Imagine a post-apocalyptic nightmare world where mutated Hans Christian Andersen characters play noisy synthesizers stretched through
000_000817.mp3,Imagine a post-apocalyptic nightmare world where mutated Hans Christian Andersen characters play noisy synthesizers stretched through
000_000818.mp3,Imagine a post-apocalyptic nightmare world where mutated Hans Christian Andersen characters play noisy synthesizers stretched through
000_000827.mp3,"genre Rock; styles Psych-Rock, Indie-Rock, Rock, Loud-Rock; tags here comes a big black cloud"
000_000828.mp3,"genre Rock; styles Psych-Rock, Indie-Rock, Rock, Loud-Rock; tags here comes a big black cloud"
000_000836.mp3,genre Rock; styles Rock; tags heroin uk
000_000837.mp3,genre Rock; styles Rock; tags heroin uk
000_000838.mp3,genre Rock; styles Rock; tags heroin uk
000_000839.mp3,genre Rock; styles Rock; tags heroin uk
000_000840.mp3,genre Rock; styles Rock; tags heroin uk
000_000841.mp3,genre Rock; styles Rock; tags heroin uk
000_000842.mp3,genre Rock; styles Rock; tags heroin uk
000_000843.mp3,genre Rock; styles Rock; tags heroin uk
000_000844.mp3,genre Rock; styles Rock; tags heroin uk
000_000845.mp3,genre Rock; styles Rock; tags heroin uk
000_000846.mp3,genre Rock; styles Rock; tags heroin uk
000_000847.mp3,genre Pop; styles Pop; tags holzkopf
000_000850.mp3,"genre Rock; styles Rock; tags baltimore, human host, wham city"
000_000851.mp3,"genre Rock; styles Rock; tags baltimore, human host, wham city"
000_000852.mp3,"genre Rock; styles Rock; tags baltimore, human host, wham city"
000_000856.mp3,genre Rock; styles Rock; tags i am the liquor
000_000857.mp3,genre Rock; styles Rock; tags i am the liquor
000_000859.mp3,genre Rock; styles Rock; tags i am the liquor
000_000860.mp3,genre Rock; styles Rock; tags i am the liquor
000_000862.mp3,genre Rock; styles Rock; tags i am the liquor
000_000864.mp3,"genre Experimental; styles Experimental, Drone; tags baltimore, ian nagoski"
000_000866.mp3,"genre Experimental; styles Experimental, Drone; tags baltimore, ian nagoski"
000_000869.mp3,"genre Experimental; styles Experimental, Drone; tags baltimore, ian nagoski"
000_000870.mp3,"genre Experimental; styles Experimental, Drone; tags portland, pdx, baltimore, ian nagoski"
000_000871.mp3,"styles Instrumental, Psych-Folk, Ambient, Folk; tags ian nagoski amp tom carter"
000_000872.mp3,"styles Instrumental, Psych-Folk, Ambient, Folk; tags ian nagoski amp tom carter"
000_000873.mp3,"styles Instrumental, Psych-Folk, Ambient, Folk; tags ian nagoski amp tom carter"
000_000874.mp3,genre Electronic; styles Electronic; tags illusion of safety
000_000875.mp3,genre Electronic; styles Electronic; tags illusion of safety
000_000876.mp3,genre Electronic; styles Electronic; tags illusion of safety
000_000877.mp3,genre Electronic; styles Electronic; tags illusion of safety
000_000879.mp3,genre Electronic; styles Electronic; tags illusion of safety
000_000880.mp3,genre Electronic; styles Electronic; tags illusion of safety
000_000882.mp3,genre Electronic; styles Electronic; tags illusion of safety
000_000883.mp3,genre Electronic; styles Electronic; tags illusion of safety
000_000885.mp3,genre Electronic; styles Electronic; tags illusion of safety
000_000886.mp3,genre Electronic; styles Electronic; tags illusion of safety
000_000887.mp3,genre Electronic; styles Electronic; tags illusion of safety
000_000888.mp3,genre Electronic; styles Electronic; tags illusion of safety
000_000899.mp3,"genre Experimental; styles Noise, Experimental; tags infinite body"
000_000900.mp3,"styles Improv, Instrumental, Experimental; tags j andersons brooxx"
000_000901.mp3,"styles Improv, Instrumental, Experimental; tags j andersons brooxx"
000_000902.mp3,"styles Improv, Instrumental, Experimental; tags j andersons brooxx"
000_000903.mp3,"styles Improv, Instrumental, Experimental; tags j andersons brooxx"
000_000904.mp3,"genre Spoken; styles Spoken Weird, Spoken; tags jad fair"
000_000905.mp3,"genre Spoken; styles Spoken Weird, Spoken; tags jad fair"
000_000906.mp3,"genre Spoken; styles Spoken Weird, Spoken; tags jad fair"
000_000907.mp3,"genre Spoken; styles Spoken Weird, Spoken; tags jad fair"
000_000908.mp3,"genre Spoken; styles Spoken Weird, Spoken; tags jad fair"
000_000909.mp3,"genre Spoken; styles Spoken Weird, Spoken; tags jad fair"
000_000910.mp3,"genre Spoken; styles Spoken Weird, Spoken; tags jad fair"
000_000911.mp3,"genre Spoken; styles Spoken Weird, Spoken; tags jad fair"
000_000912.mp3,"genre Spoken; styles Spoken Weird, Spoken; tags jad fair"
000_000913.mp3,"genre Spoken; styles Spoken Weird, Spoken; tags jad fair"
000_000914.mp3,"genre Spoken; styles Spoken Weird, Spoken; tags jad fair"
000_000915.mp3,"genre Spoken; styles Spoken Weird, Spoken; tags jad fair"
000_000916.mp3,"genre Spoken; styles Spoken Weird, Spoken; tags jad fair"
000_000917.mp3,"genre Spoken; styles Spoken Weird, Spoken; tags jad fair"
000_000918.mp3,"genre Spoken; styles Spoken Weird, Spoken; tags jad fair"
000_000919.mp3,"genre Spoken; styles Spoken Weird, Spoken; tags jad fair"
000_000920.mp3,"genre Spoken; styles Spoken Weird, Spoken; tags jad fair"
000_000921.mp3,"genre Spoken; styles Spoken Weird, Spoken; tags jad fair"
000_000922.mp3,"genre Spoken; styles Spoken Weird, Spoken; tags jad fair"
000_000923.mp3,"genre Spoken; styles Spoken Weird, Spoken; tags jad fair"
000_000924.mp3,"genre Spoken; styles Spoken Weird, Spoken; tags jad fair"
000_000925.mp3,"genre Spoken; styles Spoken Weird, Spoken; tags jad fair"
000_000926.mp3,"genre Spoken; styles Spoken Weird, Spoken; tags jad fair"
000_000927.mp3,"genre Spoken; styles Spoken Weird, Spoken; tags jad fair"
000_000928.mp3,"genre Spoken; styles Spoken Weird, Spoken; tags jad fair"
000_000929.mp3,"genre Spoken; styles Spoken Weird, Spoken; tags jad fair"
000_000930.mp3,"genre Spoken; styles Spoken Weird, Spoken; tags jad fair"
000_000931.mp3,"genre Spoken; styles Spoken Weird, Spoken; tags jad fair"
000_000932.mp3,"genre Spoken; styles Spoken Weird, Spoken; tags jad fair"
000_000933.mp3,"genre Spoken; styles Spoken Weird, Spoken; tags jad fair"
000_000934.mp3,"genre Spoken; styles Spoken Weird, Spoken; tags jad fair"
000_000935.mp3,"genre Spoken; styles Spoken Weird, Spoken; tags jad fair"
000_000936.mp3,"genre Spoken; styles Spoken Weird, Spoken; tags jad fair"
000_000937.mp3,"genre Spoken; styles Spoken Weird, Spoken; tags jad fair"
000_000938.mp3,"genre Spoken; styles Spoken Weird, Spoken; tags jad fair"
000_000939.mp3,"genre Spoken; styles Spoken Weird, Spoken; tags jad fair"
000_000940.mp3,"genre Spoken; styles Spoken Weird, Spoken; tags jad fair"
000_000941.mp3,"genre Spoken; styles Spoken Weird, Spoken; tags jad fair"
000_000942.mp3,"genre Spoken; styles Spoken Weird, Spoken; tags jad fair"
000_000943.mp3,"genre Spoken; styles Spoken Weird, Spoken; tags jad fair"
000_000944.mp3,"genre Spoken; styles Spoken Weird, Spoken; tags jad fair"
000_000945.mp3,"genre Spoken; styles Spoken Weird, Spoken; tags jad fair"
000_000946.mp3,"genre Spoken; styles Spoken Weird, Spoken; tags jad fair"
000_000947.mp3,"genre Spoken; styles Spoken Weird, Spoken; tags jad fair"
000_000948.mp3,"genre Spoken; styles Spoken Weird, Spoken; tags jad fair"
000_000949.mp3,"genre Spoken; styles Spoken Weird, Spoken; tags jad fair"
000_000950.mp3,"genre Spoken; styles Spoken Weird, Spoken; tags jad fair"
000_000951.mp3,"genre Spoken; styles Spoken Weird, Spoken; tags jad fair"
000_000952.mp3,"genre Spoken; styles Spoken Weird, Spoken; tags jad fair"
000_000953.mp3,"genre Spoken; styles Spoken Weird, Spoken; tags jad fair"
000_000954.mp3,"genre Spoken; styles Spoken Weird, Spoken; tags jad fair"
000_000955.mp3,"genre Spoken; styles Spoken Weird, Spoken; tags jad fair"
000_000956.mp3,"genre Spoken; styles Spoken Weird, Spoken; tags jad fair"
000_000957.mp3,"genre Spoken; styles Spoken Weird, Spoken; tags jad fair"
000_000958.mp3,"genre Spoken; styles Spoken Weird, Spoken; tags jad fair"
000_000959.mp3,"genre Spoken; styles Spoken Weird, Spoken; tags jad fair"
000_000960.mp3,"genre Spoken; styles Spoken Weird, Spoken; tags jad fair"
000_000961.mp3,"genre Spoken; styles Spoken Weird, Spoken; tags jad fair"
000_000962.mp3,"genre Spoken; styles Spoken Weird, Spoken; tags jad fair"
000_000963.mp3,"genre Spoken; styles Spoken Weird, Spoken; tags jad fair"
000_000964.mp3,"genre Spoken; styles Spoken Weird, Spoken; tags jad fair"
000_000965.mp3,"genre Spoken; styles Spoken Weird, Spoken; tags jad fair"
000_000966.mp3,"genre Spoken; styles Spoken Weird, Spoken; tags jad fair"
000_000967.mp3,"genre Spoken; styles Spoken Weird, Spoken; tags jad fair"
000_000968.mp3,"genre Spoken; styles Spoken Weird, Spoken; tags jad fair"
000_000969.mp3,"genre Spoken; styles Spoken Weird, Spoken; tags jad fair"
000_000970.mp3,"genre Spoken; styles Spoken Weird, Spoken; tags jad fair"
000_000971.mp3,"genre Spoken; styles Spoken Weird, Spoken; tags jad fair"
000_000972.mp3,"genre Spoken; styles Spoken Weird, Spoken; tags jad fair"
000_000973.mp3,"genre Spoken; styles Spoken Weird, Spoken; tags jad fair"
000_000974.mp3,"genre Spoken; styles Spoken Weird, Spoken; tags jad fair"
000_000975.mp3,"genre Spoken; styles Spoken Weird, Spoken; tags jad fair"
000_000976.mp3,"genre Spoken; styles Spoken Weird, Spoken; tags jad fair"
000_000977.mp3,"genre Spoken; styles Spoken Weird, Spoken; tags jad fair"
000_000978.mp3,"genre Experimental; styles Experimental, Field Recordings; tags jailberg"
000_000979.mp3,"genre Experimental; styles Experimental, Field Recordings; tags jailberg"
000_000980.mp3,"genre Experimental; styles Experimental, Field Recordings; tags jailberg"
000_000981.mp3,"genre Experimental; styles Experimental, Field Recordings; tags jailberg"
000_000982.mp3,"genre Experimental; styles Experimental, Field Recordings; tags jailberg"
000_000983.mp3,"genre Experimental; styles Experimental, Field Recordings; tags jailberg"
000_000984.mp3,"genre Experimental; styles Experimental, Field Recordings; tags jailberg"
000_000985.mp3,"genre Experimental; styles Experimental, Field Recordings; tags jailberg"
000_000986.mp3,"genre Experimental; styles Experimental, Field Recordings; tags jailberg"
000_000987.mp3,"genre Experimental; styles Experimental, Field Recordings; tags jailberg"
000_000988.mp3,"genre Experimental; styles Experimental, Field Recordings; tags jailberg"
000_000989.mp3,"genre Experimental; styles Experimental, Field Recordings; tags jailberg"
000_000990.mp3,"genre Experimental; styles Experimental, Field Recordings; tags jailberg"
000_000991.mp3,"genre Rock; styles Rock; tags baltimore, jason willett"
000_000996.mp3,"genre Experimental; styles Noise, Experimental; tags kevin shields"
000_000999.mp3,"genre Experimental; styles Noise, Experimental; tags kevin shields"
001_001000.mp3,"genre Experimental; styles Noise, Experimental; tags kevin shields"
001_001001.mp3,"genre Experimental; styles Noise, Experimental; tags kevin shields"
001_001002.mp3,"genre Experimental; styles Noise, Experimental; tags kevin shields"
001_001003.mp3,"genre Experimental; styles Noise, Experimental; tags kevin shields"
001_001004.mp3,"genre Experimental; styles Noise, Experimental; tags kevin shields"
001_001006.mp3,"genre Experimental; styles Noise, Experimental; tags kevin shields amp brian miller"
001_001007.mp3,genre Rock; styles Rock; tags king kong ding dong
001_001009.mp3,genre Rock; styles Rock; tags king kong ding dong
001_001013.mp3,genre Rock; styles Rock; tags knit witch
001_001019.mp3,"genre Experimental; styles Noise, Experimental; tags baltimore, tarantula hill, chicago, nautical almanac"
001_001020.mp3,genre Jazz; styles Jazz; tags kyle bruckmann
001_001021.mp3,genre Jazz; styles Jazz; tags kyle bruckmann
001_001024.mp3,"genre Rock; styles Loud-Rock, Rock, Noise-Rock; tags landed"
001_001025.mp3,"Recorded live at WSMU in 1999, University of Dartmouth Radio (now 89.3 WUMD-FM); genre Rock; styles"
001_001026.mp3,"genre Rock; styles Loud-Rock, Rock, Noise-Rock; tags landed"
001_001027.mp3,"genre Rock; styles Rock; tags providence, lazy magnet"
001_001030.mp3,"genre Rock; styles Loud-Rock, Rock, Noise-Rock; tags leprechaun catering"
001_001031.mp3,"genre Rock; styles Loud-Rock, Rock, Noise-Rock; tags leprechaun catering"
001_001032.mp3,"genre Rock; styles Loud-Rock, Rock, Noise-Rock; tags leprechaun catering"
001_001033.mp3,"genre Rock; styles Loud-Rock, Rock, Noise-Rock; tags leprechaun catering"
001_001034.mp3,"genre Spoken; styles Spoken Weird, Spoken; tags baltimore, lexie mountain boys"
001_001035.mp3,"genre Experimental; styles Avant-Garde, Experimental; tags baltimore, lexie mountain boys"
001_001036.mp3,"genre Experimental; styles Avant-Garde, Experimental; tags baltimore, lexie mountain boys"
001_001037.mp3,"genre Experimental; styles Avant-Garde, Experimental; tags baltimore, lexie mountain boys"
001_001038.mp3,"genre Experimental; styles Avant-Garde, Experimental; tags baltimore, lexie mountain boys"
001_001049.mp3,"genre Rock; styles Rock; tags baltimore, lo moda"
001_001050.mp3,"genre Rock; styles Rock; tags baltimore, lo moda"
001_001051.mp3,genre Pop; styles Pop; tags lop
001_001062.mp3,genre Jazz; styles Jazz; tags lozenge
001_001067.mp3,"genre Experimental; styles Experimental, Audio Collage; tags lucky dragons"
001_001070.mp3,"genre Experimental; styles Experimental, Audio Collage; tags lucky dragons"
001_001074.mp3,"genre Experimental; styles Experimental, Audio Collage; tags lucky dragons"
001_001076.mp3,"styles Experimental, Audio Collage, Electronic; tags lucky dragons"
001_001077.mp3,genre Rock; styles Rock; tags lungs of a giant
001_001078.mp3,genre Rock; styles Rock; tags lungs of a giant
001_001079.mp3,genre Rock; styles Rock; tags lungs of a giant
001_001080.mp3,genre Rock; styles Rock; tags lungs of a giant
001_001081.mp3,genre Rock; styles Rock; tags lungs of a giant
001_001084.mp3,genre Electronic; styles Electronic; tags mahjongg
001_001090.mp3,genre Electronic; styles Electronic; tags mahjongg
001_001091.mp3,genre Electronic; styles Electronic; tags mahjongg
001_001092.mp3,"genre Experimental; styles Experimental, Field Recordings; tags manbeard"
001_001094.mp3,"genre Experimental; styles Experimental, Field Recordings; tags manbeard"
001_001096.mp3,"genre Experimental; styles Experimental, Field Recordings; tags manbeard"
001_001097.mp3,"genre Experimental; styles Experimental, Field Recordings; tags manbeard"
001_001098.mp3,"genre Experimental; styles Experimental, Field Recordings; tags manbeard"
001_001099.mp3,"genre Experimental; styles Experimental, Field Recordings; tags manbeard"
001_001100.mp3,"genre Experimental; styles Experimental, Field Recordings; tags manbeard"
001_001101.mp3,"genre Experimental; styles Experimental, Field Recordings; tags manbeard"
001_001110.mp3,"genre Experimental; styles Experimental, Drone; tags michael j schumacher"
001_001111.mp3,"genre Experimental; styles Experimental, Drone; tags michael j schumacher"
001_001113.mp3,"genre Experimental; styles Experimental, Drone; tags michael j schumacher"
001_001116.mp3,genre Rock; styles Rock; tags mike rep and the quotas
001_001119.mp3,genre Rock; styles Rock; tags mike rep and the quotas
001_001120.mp3,"genre Electronic; styles Electronic; tags mincemeat or tenspeed, fake techno"
001_001122.mp3,"genre Electronic; styles Electronic; tags mincemeat or tenspeed, fake techno"
001_001124.mp3,genre Rock; styles Rock; tags mink lungs
001_001127.mp3,genre Rock; styles Rock; tags mink lungs
001_001128.mp3,genre Rock; styles Rock; tags mink lungs
001_001129.mp3,genre Rock; styles Rock; tags mink lungs
001_001133.mp3,genre Rock; styles Rock; tags minmae
001_001135.mp3,genre Rock; styles Rock; tags minmae
001_001136.mp3,genre Rock; styles Rock; tags minmae
001_001140.mp3,genre Rock; styles Rock; tags minmae
001_001141.mp3,genre Rock; styles Rock; tags minmae
001_001142.mp3,genre Rock; styles Rock; tags minmae
001_001143.mp3,genre Rock; styles Rock; tags minmae
001_001144.mp3,genre Rock; styles Rock; tags minmae
001_001145.mp3,genre Rock; styles Rock; tags minmae
001_001146.mp3,genre Rock; styles Rock; tags minmae
001_001158.mp3,genre Rock; styles Rock; tags mors ontologica
001_001159.mp3,genre Rock; styles Rock; tags mors ontologica
001_001160.mp3,genre Rock; styles Rock; tags mors ontologica
001_001163.mp3,genre Rock; styles Rock; tags mors ontologica
001_001164.mp3,genre Rock; styles Rock; tags mors ontologica
001_001166.mp3,genre Rock; styles Rock; tags mors ontologica
001_001167.mp3,genre Rock; styles Rock; tags mors ontologica
001_001168.mp3,genre Rock; styles Rock; tags mors ontologica
001_001169.mp3,genre Rock; styles Rock; tags mors ontologica
001_001170.mp3,genre Rock; styles Rock; tags mors ontologica
001_001171.mp3,genre Rock; styles Rock; tags mors ontologica
001_001172.mp3,genre Rock; styles Rock; tags mors ontologica
001_001173.mp3,genre Rock; styles Rock; tags mors ontologica
001_001174.mp3,genre Rock; styles Rock; tags mors ontologica
001_001175.mp3,genre Rock; styles Rock; tags mors ontologica
001_001176.mp3,genre Rock; styles Rock; tags mors ontologica
001_001177.mp3,genre Rock; styles Rock; tags mors ontologica
001_001178.mp3,genre Rock; styles Rock; tags mors ontologica
001_001180.mp3,genre Rock; styles Rock; tags mors ontologica
001_001181.mp3,genre Rock; styles Rock; tags mors ontologica
001_001182.mp3,genre Rock; styles Rock; tags mors ontologica
001_001184.mp3,genre Rock; styles Rock; tags mors ontologica
001_001185.mp3,genre Rock; styles Rock; tags mors ontologica
001_001186.mp3,genre Rock; styles Rock; tags mors ontologica
001_001187.mp3,genre Rock; styles Rock; tags mors ontologica
001_001188.mp3,genre Rock; styles Rock; tags mors ontologica
001_001189.mp3,genre Rock; styles Rock; tags mors ontologica
001_001190.mp3,genre Rock; styles Rock; tags mors ontologica
001_001191.mp3,genre Rock; styles Rock; tags mors ontologica
001_001192.mp3,genre Rock; styles Rock; tags mors ontologica
001_001194.mp3,genre Folk; styles Folk; tags mount eerie
001_001198.mp3,genre Folk; styles Folk; tags mount eerie
001_001205.mp3,"genre Experimental; styles Experimental, Field Recordings; tags mr gutter"
001_001206.mp3,"genre Experimental; styles Experimental, Field Recordings; tags mr gutter"
001_001207.mp3,"genre Experimental; styles Experimental, Field Recordings; tags mr gutter"
001_001208.mp3,"genre Experimental; styles Experimental, Field Recordings; tags mr gutter"
001_001209.mp3,"genre Experimental; styles Experimental, Field Recordings; tags mr gutter"
001_001210.mp3,"genre Experimental; styles Experimental, Field Recordings; tags mr gutter"
001_001211.mp3,"genre Experimental; styles Experimental, Field Recordings; tags mr gutter"
001_001212.mp3,"genre Experimental; styles Experimental, Field Recordings; tags mr gutter"
001_001213.mp3,"tags providence, mudboy"
001_001214.mp3,"genre Electronic; styles Electronic; tags providence, mudboy"
001_001215.mp3,"styles Minimal Electronic, Minimalism, Experimental, Electronic; tags providence, mudboy"
001_001216.mp3,"tags providence, mudboy"
001_001217.mp3,"tags providence, mudboy"
001_001218.mp3,"genre Electronic; styles Electronic; tags providence, mudboy"
001_001219.mp3,"styles Minimal Electronic, Minimalism, Experimental, Electronic; tags providence, mudboy"
001_001220.mp3,"styles Experimental, Electronic; tags providence, mudboy"
001_001221.mp3,"genre Electronic; styles Electronic; tags providence, mudboy"
001_001222.mp3,"styles Experimental, Electronic; tags providence, mudboy"
001_001223.mp3,"styles Minimal Electronic, Minimalism, Experimental, Electronic; tags providence, mudboy"
001_001224.mp3,"genre Electronic; styles Electronic; tags providence, mudboy"
001_001225.mp3,"styles Minimal Electronic, Minimalism, Experimental, Electronic; tags providence, mudboy"
001_001226.mp3,"styles Experimental, Electronic; tags providence, mudboy"
001_001227.mp3,"styles Experimental, Electronic; tags providence, mudboy"
001_001228.mp3,"styles Minimal Electronic, Minimalism, Experimental, Electronic; tags providence, mudboy"
001_001229.mp3,"styles Experimental, Electronic; tags providence, mudboy"
001_001230.mp3,"styles Minimal Electronic, Minimalism, Experimental, Electronic; tags providence, mudboy"
001_001231.mp3,"styles Minimal Electronic, Minimalism, Experimental, Electronic; tags providence, mudboy"
001_001232.mp3,"styles Minimal Electronic, Minimalism, Experimental, Electronic; tags providence, mudboy"
001_001233.mp3,"styles Minimal Electronic, Minimalism, Experimental, Electronic; tags providence, mudboy"
001_001234.mp3,"styles Minimal Electronic, Minimalism, Experimental, Electronic; tags providence, mudboy"
001_001235.mp3,"styles Minimal Electronic, Minimalism, Experimental, Electronic; tags providence, mudboy"
001_001236.mp3,"http://creativecommons.org/licenses/by-nc-sa/3.0/us http://www.mudboymusic.com/ a Last Visible Dog release; styles Minimal Electronic, Minimalism, Experimental, Electronic; tags providence, mudboy"
001_001237.mp3,"styles Minimal Electronic, Minimalism, Experimental, Electronic; tags providence, mudboy"
001_001238.mp3,"styles Experimental, Electronic; tags providence, mudboy"
001_001240.mp3,genre Rock; styles Rock; tags muraghu
001_001241.mp3,"genre Experimental; styles Noise, Experimental; tags baltimore, tarantula hill, chicago, nautical almanac"
001_001242.mp3,"genre Experimental; styles Noise, Experimental; tags baltimore, tarantula hill, chicago, nautical almanac"
001_001243.mp3,"genre Experimental; styles Noise, Experimental; tags baltimore, tarantula hill, chicago, nautical almanac"
001_001244.mp3,"genre Experimental; styles Noise, Experimental; tags baltimore, tarantula hill, chicago, nautical almanac"
001_001245.mp3,"genre Experimental; styles Noise, Experimental; tags baltimore, tarantula hill, chicago, nautical almanac"
001_001246.mp3,"genre Experimental; styles Noise, Experimental; tags baltimore, tarantula hill, chicago, nautical almanac"
001_001247.mp3,"genre Experimental; styles Noise, Experimental; tags baltimore, tarantula hill, chicago, nautical almanac"
001_001248.mp3,"genre Experimental; styles Noise, Experimental; tags baltimore, tarantula hill, chicago, nautical almanac"
001_001250.mp3,"genre Experimental; styles Noise, Experimental; tags baltimore, tarantula hill, chicago, nautical almanac"
001_001251.mp3,"genre Experimental; styles Noise, Experimental; tags baltimore, tarantula hill, chicago, nautical almanac"
001_001252.mp3,"genre Experimental; styles Noise, Experimental; tags baltimore, tarantula hill, chicago, nautical almanac"
001_001253.mp3,"genre Experimental; styles Noise, Experimental; tags baltimore, tarantula hill, chicago, nautical almanac"
001_001254.mp3,"genre Experimental; styles Noise, Experimental; tags baltimore, tarantula hill, chicago, nautical almanac"
001_001255.mp3,"genre Experimental; styles Noise, Experimental; tags baltimore, tarantula hill, chicago, nautical almanac"
001_001256.mp3,"genre Experimental; styles Noise, Experimental; tags baltimore, tarantula hill, chicago, nautical almanac"
001_001257.mp3,"genre Experimental; styles Noise, Experimental; tags baltimore, tarantula hill, chicago, nautical almanac"
001_001258.mp3,"genre Experimental; styles Noise, Experimental; tags baltimore, tarantula hill, chicago, nautical almanac"
001_001260.mp3,"genre Experimental; styles Noise, Experimental; tags baltimore, tarantula hill, chicago, nautical almanac"
001_001261.mp3,"genre Experimental; styles Noise, Experimental; tags baltimore, tarantula hill, chicago, nautical almanac"
001_001262.mp3,"genre Experimental; styles Noise, Experimental; tags baltimore, tarantula hill, chicago, nautical almanac"
001_001263.mp3,"genre Experimental; styles Noise, Experimental; tags baltimore, tarantula hill, chicago, nautical almanac"
001_001264.mp3,"genre Experimental; styles Noise, Experimental; tags baltimore, tarantula hill, chicago, nautical almanac"
001_001265.mp3,"genre Experimental; styles Noise, Experimental; tags baltimore, tarantula hill, chicago, nautical almanac"
001_001266.mp3,"genre Experimental; styles Noise, Experimental; tags baltimore, tarantula hill, chicago, nautical almanac"
001_001267.mp3,"genre Experimental; styles Noise, Experimental; tags baltimore, tarantula hill, chicago, nautical almanac"
001_001268.mp3,"genre Experimental; styles Noise, Experimental; tags baltimore, tarantula hill, chicago, nautical almanac"
001_001269.mp3,"genre Experimental; styles Noise, Experimental; tags baltimore, tarantula hill, chicago, nautical almanac"
001_001271.mp3,"genre Rock; styles Punk, Rock; tags necropolis"
001_001272.mp3,"genre Rock; styles Punk, Rock; tags necropolis"
001_001273.mp3,"genre Rock; styles Punk, Rock; tags necropolis"
001_001274.mp3,"genre Rock; styles Punk, Rock; tags necropolis"
001_001275.mp3,"genre Rock; styles Punk, Rock; tags necropolis"
001_001281.mp3,"genre Rock; styles Rock; tags baltimore, newagehillbilly"
001_001282.mp3,"genre Rock; styles Rock; tags baltimore, newagehillbilly"
001_001283.mp3,"genre Rock; styles Rock; tags baltimore, newagehillbilly"
001_001284.mp3,"genre Rock; styles Rock; tags baltimore, newagehillbilly"
001_001285.mp3,"genre Rock; styles Rock; tags baltimore, newagehillbilly"
001_001286.mp3,"genre Rock; styles Rock; tags baltimore, newagehillbilly"
001_001287.mp3,"genre Rock; styles Rock; tags baltimore, newagehillbilly"
001_001288.mp3,"genre Rock; styles Rock; tags baltimore, newagehillbilly"
001_001291.mp3,"genre Rock; styles Rock; tags baltimore, newagehillbilly"
001_001293.mp3,"genre Rock; styles Rock; tags baltimore, newagehillbilly"
001_001294.mp3,"genre Rock; styles Rock; tags baltimore, newagehillbilly"
001_001295.mp3,"genre Rock; styles Rock; tags baltimore, newagehillbilly"
001_001296.mp3,"genre Rock; styles Rock; tags baltimore, newagehillbilly"
001_001297.mp3,"genre Rock; styles Rock; tags baltimore, newagehillbilly"
001_001299.mp3,"genre Rock; styles Rock; tags baltimore, newagehillbilly"
001_001300.mp3,"genre Rock; styles Rock; tags baltimore, newagehillbilly"
001_001301.mp3,"genre Rock; styles Rock; tags baltimore, newagehillbilly"
001_001302.mp3,genre Electronic; styles Electronic; tags nicky andrews
001_001303.mp3,"genre Folk; styles Folk, Singer-Songwriter; tags nicky andrews"
001_001304.mp3,genre Electronic; styles Electronic; tags nicky andrews
001_001305.mp3,genre Electronic; styles Electronic; tags nicky andrews
001_001306.mp3,genre Electronic; styles Electronic; tags nicky andrews
001_001307.mp3,genre Electronic; styles Electronic; tags nicky andrews
001_001308.mp3,"genre Folk; styles Folk, Singer-Songwriter; tags nicky andrews"
001_001309.mp3,genre Electronic; styles Electronic; tags nicky andrews
001_001310.mp3,genre Electronic; styles Electronic; tags nicky andrews
001_001312.mp3,genre Electronic; styles Electronic; tags nicky andrews
001_001313.mp3,"genre Folk; styles Folk, Singer-Songwriter; tags nicky andrews"
001_001314.mp3,genre Electronic; styles Electronic; tags nicky andrews
001_001315.mp3,genre Electronic; styles Electronic; tags nicky andrews
001_001316.mp3,genre Electronic; styles Electronic; tags nicky andrews
001_001317.mp3,"genre Folk; styles Folk, Singer-Songwriter; tags nicky andrews"
001_001318.mp3,genre Electronic; styles Electronic; tags nicky andrews
001_001319.mp3,genre Electronic; styles Electronic; tags nicky andrews
001_001320.mp3,genre Electronic; styles Electronic; tags nicky andrews
001_001321.mp3,genre Electronic; styles Electronic; tags nicky andrews
001_001322.mp3,"genre Folk; styles Folk, Singer-Songwriter; tags nicky andrews"
001_001323.mp3,genre Electronic; styles Electronic; tags nicky andrews
001_001324.mp3,genre Electronic; styles Electronic; tags nicky andrews
001_001325.mp3,genre Electronic; styles Electronic; tags nicky andrews
001_001326.mp3,"genre Folk; styles Folk, Singer-Songwriter; tags nicky andrews"
001_001327.mp3,genre Electronic; styles Electronic; tags nicky andrews
001_001328.mp3,genre Electronic; styles Electronic; tags nicky andrews
001_001329.mp3,"genre Folk; styles Folk, Singer-Songwriter; tags nicky andrews"
001_001330.mp3,genre Electronic; styles Electronic; tags nicky andrews
001_001331.mp3,genre Electronic; styles Electronic; tags nicky andrews
001_001332.mp3,genre Electronic; styles Electronic; tags nicky andrews
001_001333.mp3,genre Electronic; styles Electronic; tags nicky andrews
001_001334.mp3,genre Electronic; styles Electronic; tags nicky andrews
001_001335.mp3,genre Electronic; styles Electronic; tags nicky andrews
001_001336.mp3,genre Electronic; styles Electronic; tags nicky andrews
001_001337.mp3,genre Electronic; styles Electronic; tags nicky andrews
001_001338.mp3,genre Electronic; styles Electronic; tags nicky andrews
001_001340.mp3,genre Electronic; styles Electronic; tags nicky andrews
001_001341.mp3,"genre Folk; styles Folk, Singer-Songwriter; tags nicky andrews"
001_001342.mp3,"genre Folk; styles Folk, Singer-Songwriter; tags nicky andrews"
001_001343.mp3,"genre Experimental; styles Experimental, Field Recordings; tags ninja"
001_001344.mp3,"genre Experimental; styles Experimental, Field Recordings; tags ninja"
001_001345.mp3,"genre Experimental; styles Experimental, Field Recordings; tags ninja"
001_001346.mp3,"genre Experimental; styles Experimental, Field Recordings; tags ninja"
001_001347.mp3,"genre Experimental; styles Noise, Experimental; tags noise divorce"
001_001348.mp3,"genre Experimental; styles Noise, Experimental; tags noise divorce"
001_001349.mp3,"styles Free-Jazz, Jazz, Experimental; tags bay area, oaxacan"
001_001352.mp3,"styles Free-Jazz, Jazz, Experimental; tags bay area, oaxacan"
001_001353.mp3,"styles Free-Jazz, Jazz, Experimental; tags bay area, oaxacan"
001_001355.mp3,A piece for piano and electronics performed live at the Music Gallery in Toronto on June
001_001357.mp3,genre Rock; styles Rock; tags olneyville sound system
001_001359.mp3,genre Rock; styles Rock; tags olneyville sound system
001_001362.mp3,genre Rock; styles Rock; tags olneyville sound system
001_001364.mp3,genre Rock; styles Rock; tags olneyville sound system
001_001365.mp3,genre Rock; styles Rock; tags olneyville sound system
001_001367.mp3,genre Rock; styles Rock; tags olneyville sound system
001_001368.mp3,genre Rock; styles Rock; tags olneyville sound system
001_001369.mp3,genre Rock; styles Rock; tags olneyville sound system
001_001370.mp3,genre Rock; styles Rock; tags olneyville sound system
001_001371.mp3,genre Rock; styles Rock; tags olneyville sound system
001_001372.mp3,genre Rock; styles Rock; tags olneyville sound system
001_001373.mp3,genre Rock; styles Rock; tags olneyville sound system
001_001374.mp3,genre Rock; styles Rock; tags olneyville sound system
001_001375.mp3,genre Rock; styles Rock; tags olneyville sound system
001_001376.mp3,genre Rock; styles Rock; tags olneyville sound system
001_001377.mp3,genre Rock; styles Rock; tags olneyville sound system
001_001378.mp3,genre Rock; styles Rock; tags olneyville sound system
001_001380.mp3,genre Rock; styles Rock; tags padna
001_001381.mp3,"genre Rock; styles Electro-Punk, Punk, Rock; tags parsley flakes"
001_001384.mp3,"styles Old-Time / Historic, International; tags patrick j touhey"
001_001412.mp3,genre Rock; styles Rock; tags phallic suns
001_001414.mp3,genre Rock; styles Rock; tags phallic suns
001_001415.mp3,genre Rock; styles Rock; tags phallic suns
001_001420.mp3,genre Rock; styles Rock; tags pierced arrows
001_001421.mp3,genre Rock; styles Rock; tags pierced arrows
001_001422.mp3,genre Rock; styles Rock; tags plastic crimewave sound
001_001423.mp3,genre Rock; styles Rock; tags plastic crimewave sound
001_001424.mp3,genre Rock; styles Rock; tags plastic crimewave sound
001_001425.mp3,genre Rock; styles Rock; tags plastic crimewave sound
001_001426.mp3,Live performance of a new song from 2008; genre Rock; styles Rock; tags plastic crimewave sound
001_001428.mp3,genre Electronic; styles Electronic; tags pleasurehorse
001_001429.mp3,"styles Noise, Experimental, Electronic; tags pleasurehorse"
001_001430.mp3,genre Electronic; styles Electronic; tags pleasurehorse
001_001431.mp3,genre Electronic; styles Electronic; tags pleasurehorse
001_001432.mp3,genre Electronic; styles Electronic; tags pleasurehorse
001_001433.mp3,genre Electronic; styles Electronic; tags pleasurehorse
001_001434.mp3,genre Electronic; styles Electronic; tags pleasurehorse
001_001435.mp3,genre Electronic; styles Electronic; tags pleasurehorse
001_001436.mp3,genre Electronic; styles Electronic; tags pleasurehorse
001_001437.mp3,genre Electronic; styles Electronic; tags pleasurehorse
001_001438.mp3,genre Electronic; styles Electronic; tags pleasurehorse
001_001439.mp3,genre Electronic; styles Electronic; tags pleasurehorse
001_001441.mp3,genre Electronic; styles Electronic; tags pleasurehorse
001_001442.mp3,genre Electronic; styles Electronic; tags pleasurehorse
001_001444.mp3,"genre Experimental; styles Experimental, Drone; tags pocahaunted"
001_001474.mp3,"genre Rock; styles Indie-Rock, Rock; tags quasar wut-wut"
001_001475.mp3,"genre Rock; styles Indie-Rock, Rock; tags quasar wut-wut"
001_001476.mp3,"genre Electronic; styles Electronic; tags sound collage, qulfus"
001_001477.mp3,"genre Electronic; styles Electronic; tags sound collage, qulfus"
001_001478.mp3,"genre Electronic; styles Electronic; tags sound collage, qulfus"
001_001479.mp3,genre Electronic; styles Electronic; tags rainbro
001_001480.mp3,genre Electronic; styles Electronic; tags rainbro
001_001484.mp3,genre Electronic; styles Electronic; tags rainbro
001_001487.mp3,genre Electronic; styles Electronic; tags rainbro
001_001488.mp3,genre Electronic; styles Electronic; tags rainbro
001_001489.mp3,genre Electronic; styles Electronic; tags rainbro
001_001490.mp3,"genre Rock; styles Punk, Lo-Fi, Rock; tags raunchy young lepers"
001_001491.mp3,"genre Rock; styles Punk, Lo-Fi, Rock; tags raunchy young lepers"
001_001492.mp3,"genre Rock; styles Punk, Lo-Fi, Rock; tags raunchy young lepers"
001_001494.mp3,"genre Experimental; styles Avant-Garde, Experimental; tags ric royer"
001_001495.mp3,"genre Experimental; styles Avant-Garde, Experimental; tags ric royer"
001_001496.mp3,"genre Experimental; styles Avant-Garde, Experimental; tags ric royer"
001_001497.mp3,"genre Experimental; styles Avant-Garde, Experimental; tags ric royer"
001_001499.mp3,"genre Experimental; styles Avant-Garde, Experimental; tags ric royer"
001_001500.mp3,"genre Experimental; styles Avant-Garde, Experimental; tags ric royer"
001_001501.mp3,"genre Experimental; styles Avant-Garde, Experimental; tags ric royer"
001_001502.mp3,"genre Experimental; styles Avant-Garde, Experimental; tags ric royer"
001_001503.mp3,"genre Experimental; styles Avant-Garde, Experimental; tags ric royer"
001_001504.mp3,"genre Experimental; styles Avant-Garde, Experimental; tags ric royer and alice kemp"
001_001505.mp3,"genre Experimental; styles Noise, Experimental; tags ric royer amp g lucas crane"
001_001506.mp3,"genre Experimental; styles Noise, Experimental; tags ric royer amp g lucas crane"
001_001507.mp3,"genre Experimental; styles Noise, Experimental; tags ric royer amp g lucas crane"
001_001508.mp3,"genre Experimental; styles Noise, Experimental; tags ric royer amp g lucas crane"
001_001509.mp3,"genre Experimental; styles Noise, Experimental; tags ric royer amp g lucas crane"
001_001511.mp3,"genre Experimental; styles Noise, Experimental; tags ric royer amp g lucas crane"
001_001512.mp3,"genre Experimental; styles Noise, Experimental; tags ric royer amp g lucas crane"
001_001513.mp3,"genre Experimental; styles Noise, Experimental; tags ric royer amp g lucas crane"
001_001514.mp3,"genre Experimental; styles Noise, Experimental; tags ric royer amp g lucas crane"
001_001515.mp3,"genre Rock; styles Psych-Rock, Rock; tags rick weaver the ruined frame"
001_001516.mp3,"genre Rock; styles Psych-Rock, Rock; tags rick weaver the ruined frame"
001_001517.mp3,"genre Experimental; styles Noise, Experimental; tags robedoor"
001_001518.mp3,"genre Rock; styles Psych-Rock, Rock; tags rokpaperdisco"
001_001519.mp3,"genre Rock; styles Psych-Rock, Rock; tags rokpaperdisco"
001_001520.mp3,"genre Rock; styles Psych-Rock, Rock; tags rokpaperdisco"
001_001521.mp3,"genre Rock; styles Psych-Rock, Rock; tags rokpaperdisco"
001_001522.mp3,"genre Rock; styles Psych-Rock, Rock; tags rokpaperdisco"
001_001523.mp3,"genre Rock; styles Psych-Rock, Rock; tags rokpaperdisco"
001_001524.mp3,"genre Rock; styles Psych-Rock, Rock; tags rokpaperdisco"
001_001525.mp3,"genre Rock; styles Psych-Rock, Rock; tags rokpaperdisco"
001_001527.mp3,"genre Rock; styles Rock; tags electro-pop, new wave, romak and the space pirates, fun, synthpop"
001_001529.mp3,"genre Rock; styles Rock; tags electro-pop, new wave, romak and the space pirates, fun, synthpop"
001_001530.mp3,"genre Rock; styles Rock; tags electro-pop, new wave, romak and the space pirates, fun, synthpop"
001_001531.mp3,"genre Rock; styles Rock; tags electro-pop, new wave, romak and the space pirates, fun, synthpop"
001_001532.mp3,"genre Rock; styles Rock; tags electro-pop, new wave, romak and the space pirates, fun, synthpop"
001_001533.mp3,"genre Rock; styles Rock; tags electro-pop, new wave, romak and the space pirates, fun, synthpop"
001_001535.mp3,"genre Rock; styles Rock; tags electro-pop, new wave, romak and the space pirates, fun, synthpop"
001_001536.mp3,"genre Rock; styles Rock; tags electro-pop, new wave, romak and the space pirates, fun, synthpop"
001_001537.mp3,"All acoustic. No electronics. No overdubs. No processing; genre Experimental; styles Avant-Garde, Experimental; tags ryan jewell"
001_001538.mp3,"genre Experimental; styles Avant-Garde, Experimental; tags ryan jewell"
001_001539.mp3,"genre Experimental; styles Avant-Garde, Experimental; tags ryan jewell"
001_001540.mp3,"genre Folk; styles Psych-Folk, Folk; tags samara lubelski"
001_001541.mp3,"genre Folk; styles Psych-Folk, Folk; tags samara lubelski"
001_001542.mp3,"genre Folk; styles Psych-Folk, Folk; tags samara lubelski"
001_001543.mp3,"genre Folk; styles Psych-Folk, Folk; tags samara lubelski"
001_001546.mp3,"genre Folk; styles Psych-Folk, Folk; tags samara lubelski"
001_001549.mp3,"genre Electronic; styles Ambient Electronic, Electronic; tags saudade"
001_001557.mp3,"genre Experimental; styles Avant-Garde, Experimental; tags baltimore, sejayno, instrument builder"
001_001558.mp3,"genre Experimental; styles Avant-Garde, Experimental; tags baltimore, sejayno, instrument builder"
001_001560.mp3,"genre Experimental; styles Avant-Garde, Experimental; tags baltimore, sejayno, instrument builder"
001_001561.mp3,"genre Experimental; styles Avant-Garde, Experimental; tags baltimore, sejayno, instrument builder"
001_001562.mp3,"genre Experimental; styles Avant-Garde, Experimental; tags baltimore, sejayno, instrument builder"
001_001563.mp3,"genre Experimental; styles Avant-Garde, Experimental; tags baltimore, sejayno, instrument builder"
001_001564.mp3,"genre Experimental; styles Avant-Garde, Experimental; tags baltimore, sejayno, instrument builder"
001_001565.mp3,"genre Experimental; styles Noise, Experimental; tags providence, computer music, experimental, bent, noise, shawn greenlee, sound art"
001_001566.mp3,"genre Experimental; styles Noise, Experimental; tags providence, computer music, experimental, bent, noise, shawn greenlee, sound art"
001_001567.mp3,"genre Experimental; styles Noise, Experimental; tags providence, computer music, experimental, bent, noise, shawn greenlee, sound art"
001_001568.mp3,"genre Experimental; styles Noise, Experimental; tags providence, computer music, experimental, bent, noise, shawn greenlee, sound art"
001_001569.mp3,"genre Experimental; styles Noise, Experimental; tags providence, computer music, experimental, bent, noise, shawn greenlee, sound art"
001_001570.mp3,"genre Experimental; styles Noise, Experimental; tags providence, computer music, experimental, bent, noise, shawn greenlee, sound art"
001_001572.mp3,"genre Experimental; styles Noise, Experimental; tags providence, computer music, experimental, bent, noise, shawn greenlee, sound art"
001_001573.mp3,"genre Experimental; styles Noise, Experimental; tags providence, computer music, experimental, bent, noise, shawn greenlee, sound art"
001_001574.mp3,"styles Punk, Pop, Rock; tags san francisco, sir lord von raven"
001_001575.mp3,"styles Punk, Pop, Rock; tags san francisco, sir lord von raven"
001_001576.mp3,"genre Experimental; styles Experimental, Field Recordings; tags siren cult"
001_001577.mp3,"genre Experimental; styles Experimental, Field Recordings; tags siren cult"
001_001578.mp3,"genre Experimental; styles Experimental, Field Recordings; tags siren cult"
001_001579.mp3,"genre Experimental; styles Experimental, Field Recordings; tags siren cult"
001_001580.mp3,"genre Experimental; styles Experimental, Field Recordings; tags siren cult"
001_001581.mp3,"genre Experimental; styles Experimental, Field Recordings; tags siren cult"
001_001582.mp3,"genre Experimental; styles Experimental, Field Recordings; tags siren cult"
001_001583.mp3,"genre Experimental; styles Experimental, Field Recordings; tags siren cult"
001_001584.mp3,"genre Experimental; styles Experimental, Field Recordings; tags siren cult"
001_001585.mp3,"genre Experimental; styles Experimental, Field Recordings; tags siren cult"
001_001586.mp3,"genre Experimental; styles Experimental, Field Recordings; tags siren cult"
001_001587.mp3,"genre Experimental; styles Experimental, Field Recordings; tags siren cult"
001_001588.mp3,"genre Experimental; styles Experimental, Field Recordings; tags siren cult"
001_001589.mp3,"genre Experimental; styles Experimental, Field Recordings; tags siren cult"
001_001590.mp3,genre Rock; styles Rock; tags six star general
001_001591.mp3,genre Rock; styles Rock; tags six star general
001_001592.mp3,genre Rock; styles Rock; tags six star general
001_001593.mp3,genre Rock; styles Rock; tags six star general
001_001594.mp3,genre Rock; styles Rock; tags six star general
001_001595.mp3,genre Rock; styles Rock; tags six star general
001_001596.mp3,genre Rock; styles Rock; tags six star general
001_001597.mp3,genre Rock; styles Rock; tags six star general
001_001598.mp3,genre Rock; styles Rock; tags six star general
001_001599.mp3,genre Rock; styles Rock; tags six star general
001_001600.mp3,genre Rock; styles Rock; tags six star general
001_001601.mp3,genre Rock; styles Rock; tags six star general
001_001602.mp3,genre Rock; styles Rock; tags six star general
001_001603.mp3,genre Rock; styles Rock; tags six star general
001_001604.mp3,genre Rock; styles Rock; tags six star general
001_001605.mp3,genre Rock; styles Rock; tags six star general
001_001606.mp3,genre Rock; styles Rock; tags six star general
001_001608.mp3,genre Rock; styles Rock; tags six star general
001_001609.mp3,genre Rock; styles Rock; tags six star general
001_001610.mp3,genre Rock; styles Rock; tags six star general
001_001611.mp3,genre Rock; styles Rock; tags six star general
001_001612.mp3,genre Rock; styles Rock; tags six star general
001_001613.mp3,genre Rock; styles Rock; tags six star general
001_001614.mp3,genre Rock; styles Rock; tags six star general
001_001615.mp3,genre Rock; styles Rock; tags six star general
001_001616.mp3,genre Rock; styles Rock; tags six star general
001_001617.mp3,genre Rock; styles Rock; tags six star general
001_001618.mp3,genre Rock; styles Rock; tags six star general
001_001619.mp3,genre Rock; styles Rock; tags six star general
001_001620.mp3,"genre Experimental; styles Experimental, Field Recordings; tags skraelings"
001_001621.mp3,"genre Experimental; styles Experimental, Field Recordings; tags skraelings"
001_001622.mp3,"genre Experimental; styles Experimental, Field Recordings; tags skraelings"
001_001623.mp3,"genre Experimental; styles Experimental, Field Recordings; tags skraelings"
001_001624.mp3,"genre Experimental; styles Experimental, Field Recordings; tags skraelings"
001_001625.mp3,"genre Experimental; styles Experimental, Field Recordings; tags skraelings"
001_001626.mp3,"genre Experimental; styles Experimental, Field Recordings; tags skraelings"
001_001627.mp3,"genre Experimental; styles Experimental, Field Recordings; tags skraelings"
001_001628.mp3,"genre Experimental; styles Experimental, Field Recordings; tags skraelings"
001_001629.mp3,"genre Experimental; styles Experimental, Field Recordings; tags skraelings"
001_001630.mp3,"genre Experimental; styles Experimental, Field Recordings; tags skraelings"
001_001631.mp3,"genre Experimental; styles Experimental, Field Recordings; tags skraelings"
001_001632.mp3,"genre Experimental; styles Experimental, Field Recordings; tags skraelings"
001_001633.mp3,"genre Experimental; styles Noise, Experimental; tags baltimore, tarantula hill, chicago, nautical almanac"
001_001636.mp3,genre Electronic; styles Electronic; tags snacks
001_001637.mp3,genre Electronic; styles Electronic; tags snacks
001_001639.mp3,genre Electronic; styles Electronic; tags snacks
001_001641.mp3,"genre Rock; styles Punk, Rock; tags snake apartment"
001_001643.mp3,"genre Pop; styles Pop; tags tuam ireland pop punk noise korea, so cow"
001_001645.mp3,"genre Pop; styles Pop; tags tuam ireland pop punk noise korea, so cow"
001_001648.mp3,"genre Pop; styles Pop; tags tuam ireland pop punk noise korea, so cow"
001_001657.mp3,"genre Pop; styles Pop; tags tuam ireland pop punk noise korea, so cow"
001_001658.mp3,"genre Pop; styles Pop; tags tuam ireland pop punk noise korea, so cow"
001_001659.mp3,"genre Pop; styles Pop; tags tuam ireland pop punk noise korea, so cow"
001_001660.mp3,"genre Pop; styles Pop; tags tuam ireland pop punk noise korea, so cow"
001_001662.mp3,"genre Pop; styles Pop; tags tuam ireland pop punk noise korea, so cow"
001_001664.mp3,genre Pop; styles Pop; tags softboiled eggies
001_001665.mp3,genre Pop; styles Pop; tags softboiled eggies
001_001667.mp3,"genre Experimental; styles Experimental, Field Recordings; tags solemn man"
001_001668.mp3,"genre Experimental; styles Experimental, Field Recordings; tags solemn man"
001_001669.mp3,"genre Experimental; styles Experimental, Field Recordings; tags solemn man"
001_001670.mp3,"genre Experimental; styles Experimental, Field Recordings; tags solemn man"
001_001672.mp3,"genre Experimental; styles Experimental, Field Recordings; tags solemn man"
001_001675.mp3,genre Electronic; styles Electronic; tags solomonoff and von hoffmannstahl
001_001676.mp3,genre Electronic; styles Electronic; tags solomonoff and von hoffmannstahl
001_001679.mp3,genre Electronic; styles Electronic; tags solomonoff and von hoffmannstahl
001_001690.mp3,genre Rock; styles Rock; tags soup purse
001_001691.mp3,"genre Pop; styles Pop; tags philly, sparrow steeple"
001_001692.mp3,"genre Pop; styles Pop; tags philly, sparrow steeple"
001_001693.mp3,"genre Pop; styles Pop; tags philly, sparrow steeple"
001_001694.mp3,genre Rock; styles Rock; tags speechless brothers
001_001695.mp3,genre Rock; styles Rock; tags speechless brothers
001_001696.mp3,genre Rock; styles Rock; tags speechless brothers
001_001697.mp3,genre Rock; styles Rock; tags speechless brothers
001_001698.mp3,genre Folk; styles Folk; tags spires that in the sunset rise
001_001699.mp3,genre Folk; styles Folk; tags spires that in the sunset rise
001_001700.mp3,genre Folk; styles Folk; tags spires that in the sunset rise
001_001707.mp3,genre Rock; styles Rock; tags strapping fieldhands
001_001708.mp3,genre Rock; styles Rock; tags strapping fieldhands
001_001709.mp3,genre Rock; styles Rock; tags strapping fieldhands
001_001710.mp3,genre Rock; styles Rock; tags stress ape
001_001711.mp3,genre Rock; styles Rock; tags stress ape
001_001712.mp3,genre Rock; styles Rock; tags stress ape
001_001713.mp3,genre Rock; styles Rock; tags stress ape
001_001714.mp3,genre Rock; styles Rock; tags stress ape
001_001715.mp3,genre Rock; styles Rock; tags stress ape
001_001716.mp3,genre Rock; styles Rock; tags stress ape
001_001717.mp3,genre Rock; styles Rock; tags stress ape
001_001718.mp3,genre Rock; styles Rock; tags stress ape
001_001719.mp3,genre Rock; styles Rock; tags stress ape
001_001721.mp3,genre Electronic; styles Electronic; tags sunshine militant childrens hour
001_001722.mp3,genre Electronic; styles Electronic; tags sunshine militant childrens hour
001_001723.mp3,genre Electronic; styles Electronic; tags sunshine militant childrens hour
001_001725.mp3,"genre Rock; styles Rock, Industrial; tags sword heaven"
001_001726.mp3,"genre Rock; styles Rock, Industrial; tags sword heaven"
001_001727.mp3,genre Rock; styles Rock; tags tits
001_001728.mp3,genre Rock; styles Rock; tags tits
001_001731.mp3,"genre Experimental; styles Experimental; tags baltimore, teeth mountain"
001_001737.mp3,"genre Experimental; styles Experimental; tags baltimore, teeth mountain"
001_001740.mp3,"genre Rock; styles Rock; tags columbus, the lindsay"
001_001741.mp3,"genre Rock; styles Rock; tags columbus, the lindsay"
001_001742.mp3,"genre Rock; styles Rock; tags columbus, the lindsay"
001_001743.mp3,"genre Rock; styles Rock; tags columbus, the lindsay"
001_001744.mp3,genre Rock; styles Rock; tags the wire orchestra
001_001745.mp3,genre Rock; styles Rock; tags the wire orchestra
001_001746.mp3,genre Rock; styles Rock; tags the wire orchestra
001_001747.mp3,genre Rock; styles Rock; tags the wire orchestra
001_001748.mp3,genre Rock; styles Rock; tags the wire orchestra
001_001749.mp3,genre Rock; styles Rock; tags the wire orchestra
001_001750.mp3,genre Rock; styles Rock; tags the wire orchestra
001_001751.mp3,genre Rock; styles Rock; tags the wire orchestra
001_001752.mp3,genre Rock; styles Rock; tags the wire orchestra
001_001753.mp3,genre Rock; styles Rock; tags the wire orchestra
001_001754.mp3,genre Rock; styles Rock; tags the wire orchestra
001_001755.mp3,genre Rock; styles Rock; tags the wire orchestra
001_001756.mp3,genre Rock; styles Rock; tags the wire orchestra
001_001757.mp3,genre Rock; styles Rock; tags the wire orchestra
001_001759.mp3,genre Folk; styles Folk; tags the agrarians
001_001761.mp3,genre Folk; styles Folk; tags the agrarians
001_001763.mp3,genre Folk; styles Folk; tags the agrarians
001_001765.mp3,genre Folk; styles Folk; tags the agrarians
001_001767.mp3,genre Folk; styles Folk; tags the agrarians
001_001768.mp3,genre Folk; styles Folk; tags the agrarians
001_001770.mp3,genre Rock; styles Rock; tags the butcherings
001_001771.mp3,genre Rock; styles Rock; tags the butcherings
001_001772.mp3,genre Rock; styles Rock; tags the butcherings
001_001773.mp3,genre Rock; styles Rock; tags the butcherings
001_001780.mp3,"genre Rock; styles Punk, Rock; tags the functional blackouts"
001_001781.mp3,"genre Rock; styles Punk, Rock; tags the functional blackouts"
001_001782.mp3,"genre Rock; styles Punk, Rock; tags the functional blackouts"
001_001784.mp3,genre Rock; styles Rock; tags glove compartment
001_001785.mp3,genre Rock; styles Rock; tags glove compartment
001_001786.mp3,genre Rock; styles Rock; tags glove compartment
001_001787.mp3,genre Rock; styles Rock; tags glove compartment
001_001788.mp3,genre Rock; styles Rock; tags glove compartment
001_001789.mp3,genre Rock; styles Rock; tags glove compartment
001_001790.mp3,genre Rock; styles Rock; tags glove compartment
001_001791.mp3,genre Rock; styles Rock; tags glove compartment
001_001792.mp3,genre Rock; styles Rock; tags glove compartment
001_001794.mp3,genre Rock; styles Rock; tags glove compartment
001_001795.mp3,genre Rock; styles Rock; tags glove compartment
001_001796.mp3,genre Rock; styles Rock; tags glove compartment
001_001798.mp3,genre Rock; styles Rock; tags glove compartment
001_001800.mp3,genre Rock; styles Rock; tags glove compartment
001_001801.mp3,genre Rock; styles Rock; tags glove compartment
001_001802.mp3,genre Rock; styles Rock; tags glove compartment
001_001803.mp3,genre Rock; styles Rock; tags glove compartment
001_001805.mp3,genre Rock; styles Rock; tags glove compartment
001_001806.mp3,genre Rock; styles Rock; tags glove compartment
001_001807.mp3,genre Rock; styles Rock; tags glove compartment
001_001808.mp3,genre Rock; styles Rock; tags glove compartment
001_001809.mp3,genre Rock; styles Rock; tags glove compartment
001_001811.mp3,genre Rock; styles Rock; tags glove compartment
001_001812.mp3,genre Rock; styles Rock; tags glove compartment
001_001813.mp3,genre Rock; styles Rock; tags glove compartment
001_001814.mp3,genre Rock; styles Rock; tags glove compartment
001_001815.mp3,genre Rock; styles Rock; tags glove compartment
001_001816.mp3,genre Rock; styles Rock; tags glove compartment
001_001817.mp3,genre Rock; styles Rock; tags glove compartment
001_001818.mp3,genre Rock; styles Rock; tags glove compartment
001_001819.mp3,genre Rock; styles Rock; tags glove compartment
001_001820.mp3,genre Rock; styles Rock; tags glove compartment
001_001821.mp3,genre Rock; styles Rock; tags glove compartment
001_001823.mp3,genre Rock; styles Rock; tags glove compartment
001_001824.mp3,genre Rock; styles Rock; tags glove compartment
001_001825.mp3,genre Rock; styles Rock; tags glove compartment
001_001826.mp3,genre Rock; styles Rock; tags glove compartment
001_001827.mp3,genre Rock; styles Rock; tags glove compartment
001_001828.mp3,genre Rock; styles Rock; tags glove compartment
001_001829.mp3,genre Rock; styles Rock; tags glove compartment
001_001830.mp3,genre Rock; styles Rock; tags glove compartment
001_001832.mp3,genre Rock; styles Rock; tags glove compartment
001_001833.mp3,genre Rock; styles Rock; tags glove compartment
001_001834.mp3,genre Rock; styles Rock; tags glove compartment
001_001835.mp3,genre Rock; styles Rock; tags glove compartment
001_001840.mp3,"genre Pop; styles Pop, Experimental Pop; tags the minor thirds"
001_001841.mp3,"genre Pop; styles Pop, Experimental Pop; tags the minor thirds"
001_001842.mp3,"genre Pop; styles Pop, Experimental Pop; tags the minor thirds"
001_001843.mp3,"genre Pop; styles Pop, Experimental Pop; tags the minor thirds"
001_001844.mp3,"genre Pop; styles Pop, Experimental Pop; tags the minor thirds"
001_001860.mp3,genre Rock; styles Rock; tags the set of red things
001_001861.mp3,genre Rock; styles Rock; tags the set of red things
001_001863.mp3,"genre Electronic; styles Electronic; tags noise, soundscapes, experimental, electro, braindance, california, rave, idm, los angeles"
001_001864.mp3,"genre Electronic; styles Electronic; tags noise, soundscapes, experimental, electro, braindance, california, rave, idm, los angeles"
001_001865.mp3,"styles Classical, Electronic; tags js bach, bach, johann sebastian bach, brandenburg concerto, classical electronic, baroque, idm,"
001_001866.mp3,"genre Electronic; styles Electronic; tags noise, soundscapes, experimental, electro, braindance, california, rave, idm, los angeles"
001_001867.mp3,"styles Classical, Electronic; tags js bach, bach, johann sebastian bach, brandenburg concerto, classical electronic, baroque, idm,"
001_001868.mp3,"genre Electronic; styles Electronic; tags noise, soundscapes, experimental, electro, braindance, california, rave, idm, los angeles"
001_001869.mp3,"styles Classical, Electronic; tags js bach, bach, johann sebastian bach, brandenburg concerto, classical electronic, baroque, idm,"
001_001870.mp3,"genre Electronic; styles Electronic; tags noise, soundscapes, experimental, electro, braindance, california, rave, idm, los angeles"
001_001871.mp3,"styles Classical, Electronic; tags js bach, bach, johann sebastian bach, brandenburg concerto, classical electronic, baroque, idm,"
001_001872.mp3,"genre Electronic; styles Electronic; tags noise, soundscapes, experimental, electro, braindance, california, rave, idm, los angeles"
001_001873.mp3,"styles Classical, Electronic; tags js bach, bach, johann sebastian bach, brandenburg concerto, classical electronic, baroque, idm,"
001_001874.mp3,"genre Electronic; styles Electronic; tags noise, soundscapes, experimental, electro, braindance, california, rave, idm, los angeles"
001_001875.mp3,"genre Electronic; styles Electronic; tags noise, soundscapes, experimental, electro, braindance, california, rave, idm, los angeles"
001_001876.mp3,"genre Electronic; styles Electronic; tags noise, soundscapes, experimental, electro, braindance, california, rave, idm, los angeles"
001_001877.mp3,"genre Electronic; styles Electronic; tags noise, soundscapes, experimental, electro, braindance, california, rave, idm, los angeles"
001_001878.mp3,"genre Electronic; styles Electronic; tags noise, soundscapes, experimental, electro, braindance, california, rave, idm, los angeles"
001_001879.mp3,"genre Electronic; styles Electronic; tags noise, soundscapes, experimental, electro, braindance, california, rave, idm, los angeles"
001_001880.mp3,"genre Electronic; styles Electronic; tags electro, braindance, experimental, california, rave, idm, los angeles, noise"
001_001881.mp3,"genre Electronic; styles Electronic; tags electro, braindance, experimental, california, rave, idm, los angeles, noise"
001_001882.mp3,genre Rock; styles Rock; tags the yolks
001_001885.mp3,genre Rock; styles Rock; tags the yolks
001_001886.mp3,genre Rock; styles Rock; tags the yolks
001_001887.mp3,genre Rock; styles Rock; tags the yolks
001_001892.mp3,"styles Folk, Psych-Rock, Rock, Psych-Folk; tags tommy jay, columbus, ohio"
001_001895.mp3,"genre Folk; styles Folk; tags tommy jay, columbus, ohio"
001_001902.mp3,genre Rock; styles Rock; tags mors ontologica
001_001909.mp3,genre Folk; styles Folk; tags traveling bell
001_001910.mp3,"genre Experimental; styles Noise, Experimental; tags trockeneis"
001_001911.mp3,"genre Experimental; styles Noise, Experimental; tags trockeneis"
001_001912.mp3,"genre Experimental; styles Noise, Experimental; tags trockeneis"
001_001913.mp3,genre Folk; styles Folk; tags the twin atlas
001_001914.mp3,genre Folk; styles Folk; tags the twin atlas
001_001915.mp3,genre Folk; styles Folk; tags the twin atlas
001_001917.mp3,genre Folk; styles Folk; tags the twin atlas
001_001918.mp3,genre Folk; styles Folk; tags the twin atlas
001_001919.mp3,genre Folk; styles Folk; tags the twin atlas
001_001920.mp3,genre Folk; styles Folk; tags the twin atlas
001_001921.mp3,genre Folk; styles Folk; tags the twin atlas
001_001922.mp3,genre Folk; styles Folk; tags the twin atlas
001_001923.mp3,genre Folk; styles Folk; tags the twin atlas
001_001927.mp3,genre Folk; styles Folk; tags the twin atlas
001_001928.mp3,genre Folk; styles Folk; tags the twin atlas
001_001931.mp3,"genre Experimental; styles Avant-Garde, Experimental; tags vertonen"
001_001932.mp3,"genre Experimental; styles Avant-Garde, Experimental; tags vertonen"
001_001933.mp3,"genre Experimental; styles Avant-Garde, Experimental; tags vertonen"
001_001934.mp3,"genre Experimental; styles Avant-Garde, Experimental; tags vertonen"
001_001935.mp3,"genre Experimental; styles Avant-Garde, Experimental; tags vertonen"
001_001936.mp3,"genre Experimental; styles Avant-Garde, Experimental; tags vertonen"
001_001937.mp3,"genre Experimental; styles Avant-Garde, Experimental; tags vertonen"
001_001938.mp3,"genre Experimental; styles Avant-Garde, Experimental; tags vertonen"
001_001939.mp3,"genre Experimental; styles Avant-Garde, Experimental; tags vertonen"
001_001942.mp3,genre Rock; styles Rock; tags vincebus eruptum
001_001943.mp3,genre Rock; styles Rock; tags vincebus eruptum
001_001945.mp3,"genre Rock; styles Psych-Rock, Rock; tags vincent black shadow"
001_001946.mp3,"genre Rock; styles Psych-Rock, Rock; tags vincent black shadow"
001_001947.mp3,genre Rock; styles Rock; tags von hayes
001_001948.mp3,genre Rock; styles Rock; tags von hayes
001_001949.mp3,genre Rock; styles Rock; tags von hayes
001_001950.mp3,genre Rock; styles Rock; tags von hayes
001_001951.mp3,genre Rock; styles Rock; tags von hayes
001_001952.mp3,genre Rock; styles Rock; tags von hayes
001_001953.mp3,genre Rock; styles Rock; tags von hayes
001_001954.mp3,genre Rock; styles Rock; tags von hayes
001_001955.mp3,genre Rock; styles Rock; tags von hayes
001_001956.mp3,genre Rock; styles Rock; tags von hayes
001_001957.mp3,genre Rock; styles Rock; tags von hayes
001_001958.mp3,genre Rock; styles Rock; tags von hayes
001_001959.mp3,genre Rock; styles Rock; tags von hayes
001_001960.mp3,genre Rock; styles Rock; tags von hayes
001_001961.mp3,genre Rock; styles Rock; tags von hayes
001_001962.mp3,genre Rock; styles Rock; tags von hayes
001_001968.mp3,"genre Experimental; styles Experimental, Field Recordings; tags vorpal"
001_001969.mp3,"genre Experimental; styles Experimental, Field Recordings; tags vorpal"
001_001970.mp3,"genre Experimental; styles Experimental, Field Recordings; tags vorpal"
001_001971.mp3,"genre Experimental; styles Experimental, Field Recordings; tags vorpal"
001_001972.mp3,"genre Experimental; styles Experimental, Field Recordings; tags vorpal"
001_001973.mp3,"genre Experimental; styles Experimental, Field Recordings; tags vorpal"
001_001974.mp3,"genre Experimental; styles Experimental, Field Recordings; tags vorpal"
001_001975.mp3,genre Electronic; styles Electronic; tags vulcanus 68
001_001976.mp3,genre Electronic; styles Electronic; tags vulcanus 68
001_001977.mp3,genre Electronic; styles Electronic; tags vulcanus 68
001_001978.mp3,genre Electronic; styles Electronic; tags vulcanus 68 wdsmith
001_001979.mp3,"genre Experimental; styles Avant-Garde, Experimental; tags to live and shave in la"
001_001980.mp3,"genre Experimental; styles Avant-Garde, Experimental; tags to live and shave in la"
001_001981.mp3,"genre Experimental; styles Avant-Garde, Experimental; tags to live and shave in la"
001_001982.mp3,"genre Experimental; styles Avant-Garde, Experimental; tags to live and shave in la"
001_001983.mp3,"genre Rock; styles Loud-Rock, Rock, Noise-Rock; tags wankatorium"
001_001984.mp3,"genre Rock; styles Loud-Rock, Rock, Noise-Rock; tags wankatorium"
001_001985.mp3,"genre Rock; styles Loud-Rock, Rock, Noise-Rock; tags wankatorium"
001_001986.mp3,"genre Rock; styles Loud-Rock, Rock, Noise-Rock; tags wankatorium"
001_001987.mp3,"genre Rock; styles Loud-Rock, Rock, Noise-Rock; tags wankatorium"
001_001988.mp3,"genre Rock; styles Loud-Rock, Rock, Noise-Rock; tags wankatorium"
001_001989.mp3,"genre Rock; styles Loud-Rock, Rock, Noise-Rock; tags wankatorium"
001_001990.mp3,"genre Rock; styles Loud-Rock, Rock, Noise-Rock; tags wankatorium"
001_001991.mp3,"genre Rock; styles Loud-Rock, Rock, Noise-Rock; tags wankatorium"
001_001992.mp3,"genre Rock; styles Loud-Rock, Rock, Noise-Rock; tags wankatorium"
001_001993.mp3,"genre Rock; styles Loud-Rock, Rock, Noise-Rock; tags wankatorium"
001_001994.mp3,"genre Rock; styles Loud-Rock, Rock, Noise-Rock; tags wankatorium"
001_001997.mp3,"genre Experimental; styles Experimental, Field Recordings; tags weather from chicago"
001_001998.mp3,"genre Experimental; styles Experimental, Field Recordings; tags weather from chicago"
001_001999.mp3,"genre Experimental; styles Experimental, Field Recordings; tags weather from chicago"
002_002000.mp3,"genre Experimental; styles Experimental, Field Recordings; tags weather from chicago"
002_002001.mp3,"genre Experimental; styles Experimental, Field Recordings; tags weather from chicago"
002_002002.mp3,"genre Experimental; styles Experimental, Field Recordings; tags weather from chicago"
002_002003.mp3,"genre Experimental; styles Experimental, Field Recordings; tags weather from chicago"
002_002004.mp3,"genre Experimental; styles Experimental, Field Recordings; tags weather from chicago"
002_002005.mp3,"genre Experimental; styles Experimental, Field Recordings; tags weather from chicago"
002_002006.mp3,"genre Experimental; styles Experimental, Field Recordings; tags weather from chicago"
002_002007.mp3,"genre Experimental; styles Experimental, Field Recordings; tags weather from chicago"
002_002008.mp3,"genre Experimental; styles Experimental, Field Recordings; tags weather from chicago"
002_002009.mp3,genre Rock; styles Rock; tags weirdo begeirdo
002_002010.mp3,"styles International, Jazz, Balkan; tags what cheer brigade"
002_002011.mp3,"genre Experimental; styles Noise, Experimental; tags providence, white mice"
002_002014.mp3,"Lyxes sings over Xiu Xiu's ""Please Sing On This""; genre Rock; styles Indie-Rock, Rock; tags xiu"
002_002016.mp3,"Unpop sings on Xiu Xiu's ""Will You Please Sing On This""; genre Rock; styles Indie-Rock, Rock;"
002_002017.mp3,"genre Rock; styles Indie-Rock, Rock; tags xiu xiu"
002_002018.mp3,"genre Experimental; styles Avant-Garde, Experimental; tags yuma nora"
002_002019.mp3,"genre Experimental; styles Avant-Garde, Experimental; tags yuma nora"
002_002020.mp3,"genre Experimental; styles Avant-Garde, Experimental; tags yuma nora"
002_002021.mp3,"genre Experimental; styles Avant-Garde, Experimental; tags yuma nora"
002_002069.mp3,"genre Rock; styles Punk, Rock; tags cause co-motion"
002_002070.mp3,"genre Rock; styles Punk, Rock; tags cause co-motion"
002_002071.mp3,"genre Electronic; styles Electronic; tags bay area, thomas dimuzio"
002_002072.mp3,"genre Electronic; styles Electronic; tags bay area, thomas dimuzio"
002_002073.mp3,"genre Electronic; styles Electronic; tags bay area, thomas dimuzio"
002_002074.mp3,"genre Electronic; styles Electronic; tags bay area, thomas dimuzio"
002_002075.mp3,"genre Electronic; styles Electronic; tags bay area, thomas dimuzio"
002_002076.mp3,"genre Electronic; styles Electronic; tags bay area, thomas dimuzio"
002_002077.mp3,"genre Electronic; styles Electronic; tags bay area, thomas dimuzio"
002_002078.mp3,"genre Electronic; styles Electronic; tags bay area, thomas dimuzio"
002_002079.mp3,"genre Electronic; styles Electronic; tags bay area, thomas dimuzio"
002_002080.mp3,"genre Electronic; styles Electronic; tags bay area, thomas dimuzio"
002_002081.mp3,"genre Electronic; styles Electronic; tags bay area, thomas dimuzio"
002_002082.mp3,"genre Electronic; styles Electronic; tags bay area, thomas dimuzio"
002_002098.mp3,"genre Experimental; styles Avant-Garde, Experimental; tags san francisco, death sentence panda"
002_002100.mp3,"genre Experimental; styles Experimental, Audio Collage; tags lucky dragons"
002_002101.mp3,"genre Experimental; styles Experimental, Audio Collage; tags lucky dragons"
002_002102.mp3,"genre Experimental; styles Experimental, Audio Collage; tags lucky dragons"
002_002103.mp3,"genre Experimental; styles Experimental, Audio Collage; tags lucky dragons"
002_002104.mp3,"genre Experimental; styles Experimental, Audio Collage; tags lucky dragons"
002_002105.mp3,"genre Experimental; styles Experimental, Audio Collage; tags lucky dragons"
002_002106.mp3,"genre Experimental; styles Experimental, Audio Collage; tags lucky dragons"
002_002107.mp3,"genre Experimental; styles Experimental, Audio Collage; tags lucky dragons"
002_002108.mp3,"genre Experimental; styles Experimental, Audio Collage; tags lucky dragons"
002_002109.mp3,"genre Experimental; styles Experimental, Audio Collage; tags lucky dragons"
002_002110.mp3,"genre Experimental; styles Experimental, Audio Collage; tags lucky dragons"
002_002111.mp3,"genre Experimental; styles Experimental, Audio Collage; tags lucky dragons"
002_002112.mp3,"genre Experimental; styles Experimental, Audio Collage; tags lucky dragons"
002_002113.mp3,"genre Experimental; styles Experimental, Audio Collage; tags lucky dragons"
002_002114.mp3,"genre Experimental; styles Experimental, Audio Collage; tags lucky dragons"
002_002115.mp3,"genre Experimental; styles Experimental, Audio Collage; tags lucky dragons"
002_002116.mp3,"genre Experimental; styles Experimental, Audio Collage; tags lucky dragons"
002_002117.mp3,"genre Experimental; styles Experimental, Audio Collage; tags lucky dragons"
002_002119.mp3,"genre Experimental; styles Avant-Garde, Experimental; tags san francisco, death sentence panda"
002_002120.mp3,"genre Electronic; styles Electronic; tags noise, soundscapes, experimental, electro, braindance, california, rave, idm, los angeles"
002_002126.mp3,genre Rock; styles Rock; tags bolmongani
002_002127.mp3,genre Rock; styles Rock; tags bolmongani
002_002128.mp3,genre Rock; styles Rock; tags bolmongani
002_002129.mp3,genre Rock; styles Rock; tags bolmongani
003_003154.mp3,"genre Experimental; styles Avant-Garde, Experimental; tags lafms, solid eye"
003_003225.mp3,genre Electronic; styles Electronic
003_003256.mp3,"styles Indie-Rock, Rock, Electronic; tags adept"
003_003257.mp3,"styles Indie-Rock, Rock, Electronic; tags adept"
003_003258.mp3,"styles Indie-Rock, Rock, Electronic; tags adept"
003_003259.mp3,"styles Indie-Rock, Rock, Electronic; tags adept"
003_003260.mp3,"styles Indie-Rock, Rock, Electronic; tags adept"
003_003261.mp3,"styles Indie-Rock, Rock, Electronic; tags adept"
003_003262.mp3,"styles Indie-Rock, Rock, Electronic; tags adept"
003_003267.mp3,"genre Folk; styles Folk; tags japan psychedelic rockfolk, ai aso"
003_003269.mp3,"Engineered by Diane Farris and Stu Rutherford http://creativecommons.org/licenses/by-nc-sa/3.0/us/legalcode http://www.myspace.com/sfapache; genre Rock; styles Rock, Garage; tags apache"
003_003276.mp3,tags ariel pinks haunted graffiti
003_003277.mp3,"styles Pop, Lo-Fi, Rock; tags ariel pinks haunted graffiti"
003_003278.mp3,"styles Pop, Lo-Fi, Rock; tags ariel pinks haunted graffiti"
003_003279.mp3,"styles Pop, Lo-Fi, Rock; tags ariel pinks haunted graffiti"
003_003280.mp3,"styles Pop, Lo-Fi, Rock; tags ariel pinks haunted graffiti"
003_003285.mp3,"styles Indie-Rock, Experimental, Americana, Country, Rock, Free-Folk, Folk; tags au"
003_003286.mp3,"styles Indie-Rock, Experimental, Americana, Country, Rock, Free-Folk, Folk; tags au"
003_003287.mp3,"styles Indie-Rock, Experimental, Americana, Country, Rock, Free-Folk, Folk; tags au"
003_003288.mp3,"styles Indie-Rock, Experimental, Americana, Country, Rock, Free-Folk, Folk; tags au"
003_003289.mp3,"styles Indie-Rock, Experimental, Americana, Country, Rock, Free-Folk, Folk; tags au"
003_003290.mp3,"styles Free-Jazz, Jazz, Experimental; tags free-folk, finnish, psych-folk, finland, finnish underground, avarus"
003_003291.mp3,"genre Spoken; styles Radio, Spoken, Interview; tags free-folk, finnish, psych-folk, finland, finnish underground, avarus"
003_003314.mp3,genre Pop; styles Pop; tags the baskervilles
003_003315.mp3,genre Folk; styles Folk; tags benjamin wetherill
003_003316.mp3,genre Hip-Hop; styles Hip-Hop; tags big digits
003_003317.mp3,genre Hip-Hop; styles Hip-Hop; tags big digits
003_003318.mp3,genre Hip-Hop; styles Hip-Hop; tags big digits
003_003319.mp3,genre Hip-Hop; styles Hip-Hop; tags big digits
003_003320.mp3,genre Hip-Hop; styles Hip-Hop; tags big digits
003_003321.mp3,genre Hip-Hop; styles Hip-Hop; tags big digits
003_003322.mp3,genre Hip-Hop; styles Hip-Hop; tags big digits
003_003323.mp3,genre Hip-Hop; styles Hip-Hop; tags big digits
003_003324.mp3,genre Hip-Hop; styles Hip-Hop; tags big digits
003_003345.mp3,"genre Electronic; styles Electronic; tags antiguo automata mexicano, mexico"
003_003346.mp3,"genre Electronic; styles Electronic; tags antiguo automata mexicano, mexico"
003_003347.mp3,"genre Electronic; styles Electronic; tags antiguo automata mexicano, mexico"
003_003348.mp3,"genre Electronic; styles Electronic; tags antiguo automata mexicano, mexico"
003_003349.mp3,"genre Electronic; styles Electronic; tags antiguo automata mexicano, mexico"
003_003350.mp3,"genre Electronic; styles Electronic; tags antiguo automata mexicano, mexico"
003_003351.mp3,"Engineered by Diane Farris and Stu Rutherford http://creativecommons.org/licenses/by-nc-sa/3.0/us/legalcode http://www.myspace.com/sfapache; genre Rock; styles Rock, Garage; tags apache"
003_003352.mp3,"Engineered by Diane Farris and Stu Rutherford http://creativecommons.org/licenses/by-nc-sa/3.0/us/legalcode http://www.myspace.com/sfapache; genre Rock; styles Rock, Garage; tags apache"
003_003353.mp3,"Engineered by Diane Farris and Stu Rutherford http://creativecommons.org/licenses/by-nc-sa/3.0/us/legalcode http://www.myspace.com/sfapache; genre Rock; styles Rock, Garage; tags apache"
003_003354.mp3,"Engineered by Diane Farris and Stu Rutherford http://creativecommons.org/licenses/by-nc-sa/3.0/us/legalcode http://www.myspace.com/sfapache; genre Rock; styles Rock, Garage; tags apache"
003_003355.mp3,"Engineered by Diane Farris and Stu Rutherford http://creativecommons.org/licenses/by-nc-sa/3.0/us/legalcode http://www.myspace.com/sfapache; genre Rock; styles Rock, Garage; tags apache"
003_003356.mp3,"Engineered by Diane Farris and Stu Rutherford http://creativecommons.org/licenses/by-nc-sa/3.0/us/legalcode http://www.myspace.com/sfapache; genre Rock; styles Rock, Garage; tags apache"
003_003357.mp3,genre Pop; styles Pop; tags the baskervilles
003_003358.mp3,genre Pop; styles Pop; tags the baskervilles
003_003359.mp3,genre Pop; styles Pop; tags the baskervilles
003_003360.mp3,genre Pop; styles Pop; tags the baskervilles
003_003361.mp3,genre Pop; styles Pop; tags the baskervilles
003_003362.mp3,genre Pop; styles Pop; tags the baskervilles
003_003363.mp3,genre Folk; styles Folk; tags benjamin wetherill
003_003364.mp3,genre Folk; styles Folk; tags benjamin wetherill
003_003365.mp3,genre Folk; styles Folk; tags benjamin wetherill
003_003367.mp3,genre Electronic; styles Electronic; tags blanketship
003_003368.mp3,"genre Experimental; styles Experimental, Audio Collage; tags blanketship"
003_003369.mp3,genre Electronic; styles Electronic; tags blanketship
003_003370.mp3,"genre Experimental; styles Experimental, Audio Collage; tags blanketship"
003_003371.mp3,"genre Experimental; styles Experimental, Audio Collage; tags blanketship"
003_003372.mp3,genre Electronic; styles Electronic; tags blanketship
003_003373.mp3,"genre Experimental; styles Experimental, Audio Collage; tags blanketship"
003_003375.mp3,"genre Experimental; styles Experimental, Audio Collage; tags blanketship"
003_003377.mp3,"genre Experimental; styles Experimental, Audio Collage; tags blanketship"
003_003379.mp3,"genre Experimental; styles Experimental, Audio Collage; tags blanketship"
003_003380.mp3,"genre Experimental; styles Experimental, Audio Collage; tags blanketship"
003_003382.mp3,"http://www.gigantesound.com http://creativecommons.org/licenses/by-nc-sa/3.0/; genre Experimental; styles Experimental, Audio Collage; tags blanketship"
003_003384.mp3,genre Electronic; styles Electronic; tags blanketship
003_003385.mp3,"genre Experimental; styles Experimental, Audio Collage; tags blanketship"
003_003386.mp3,genre Electronic; styles Electronic; tags blanketship
003_003394.mp3,"styles International, Brazilian, Soul-RnB, Electronic, Funk; tags favela funk, baile funk, brazilian, funk carioca, brazil, bonde"
003_003396.mp3,"styles International, Brazilian, Soul-RnB, Electronic, Funk; tags favela funk, baile funk, brazilian, funk carioca, brazil, bonde"
003_003397.mp3,"styles International, Brazilian, Soul-RnB, Electronic, Funk; tags favela funk, baile funk, brazilian, funk carioca, brazil, bonde"
003_003398.mp3,"styles International, Brazilian, Soul-RnB, Electronic, Funk; tags favela funk, baile funk, brazilian, funk carioca, brazil, bonde"
003_003399.mp3,"styles International, Brazilian, Soul-RnB, Electronic, Funk; tags favela funk, baile funk, brazilian, funk carioca, brazil, bonde"
003_003402.mp3,"Recorded 10/25/08 Licensed under Creative Commons nc-sa-3.0 http://creativecommons.org/licenses/by-nc-sa/3.0/; genre Rock; styles Indie-Rock, Rock; tags bonne aparte"
003_003403.mp3,"Recorded 10/25/08 Licensed under Creative Commons nc-sa-3.0 http://creativecommons.org/licenses/by-nc-sa/3.0/; genre Rock; styles Indie-Rock, Rock; tags bonne aparte"
003_003404.mp3,"Recorded 10/25/08 Licensed under Creative Commons nc-sa-3.0 http://creativecommons.org/licenses/by-nc-sa/3.0/; genre Rock; styles Indie-Rock, Rock; tags bonne aparte"
003_003405.mp3,"Recorded 10/25/08 Licensed under Creative Commons nc-sa-3.0 http://creativecommons.org/licenses/by-nc-sa/3.0/; genre Rock; styles Indie-Rock, Rock; tags bonne aparte"
003_003406.mp3,"Recorded 10/25/08 Licensed under Creative Commons nc-sa-3.0 http://creativecommons.org/licenses/by-nc-sa/3.0/; genre Rock; styles Indie-Rock, Rock; tags bonne aparte"
003_003407.mp3,"Recorded 10/25/08 Licensed under Creative Commons nc-sa-3.0 http://creativecommons.org/licenses/by-nc-sa/3.0/; genre Rock; styles Indie-Rock, Rock; tags bonne aparte"
003_003408.mp3,"Recorded 10/25/08 Licensed under Creative Commons nc-sa-3.0 http://creativecommons.org/licenses/by-nc-sa/3.0/; genre Rock; styles Indie-Rock, Rock; tags bonne aparte"
003_003409.mp3,"Recorded 10/25/08 Licensed under Creative Commons nc-sa-3.0 http://creativecommons.org/licenses/by-nc-sa/3.0/; genre Rock; styles Indie-Rock, Rock; tags bonne aparte"
003_003424.mp3,genre Blues; styles Blues; tags brother jt
003_003425.mp3,genre Blues; styles Blues; tags brother jt
003_003426.mp3,genre Blues; styles Blues; tags brother jt
003_003427.mp3,genre Blues; styles Blues; tags brother jt
003_003428.mp3,genre Blues; styles Blues; tags brother jt
003_003429.mp3,genre Blues; styles Blues; tags brother jt
003_003430.mp3,genre Blues; styles Blues; tags brother jt
003_003431.mp3,genre Blues; styles Blues; tags brother jt
003_003432.mp3,genre Blues; styles Blues; tags brother jt
003_003433.mp3,genre Blues; styles Blues; tags brother jt
003_003435.mp3,genre Blues; styles Blues; tags brother jt
003_003440.mp3,genre Blues; styles Blues; tags brother jt
003_003443.mp3,genre Blues; styles Blues; tags brother jt
003_003444.mp3,genre Blues; styles Blues; tags brother jt
003_003445.mp3,genre Blues; styles Blues; tags brother jt
003_003447.mp3,Some of the Ecstatic Yod Collective's caravan of weirdos stop by WFMU during their No More
003_003448.mp3,Some of the Ecstatic Yod Collective's caravan of weirdos stop by WFMU during their No More
003_003451.mp3,"styles Rock, Experimental; tags carla bozulichs evangelista"
003_003456.mp3,genre Electronic; styles Electronic; tags chandeliers
003_003457.mp3,genre Electronic; styles Electronic; tags chandeliers
003_003466.mp3,"This Raleigh, North Carolina quartet merges traditional bluegrass and top-notch picking with the prolific songriting of"
003_003471.mp3,"http://wfmu.org/playlists/shows/29505; genre Rock; styles Punk, Rock, Power-Pop; tags cheap time, tennessee"
003_003474.mp3,"http://wfmu.org/playlists/shows/29505; genre Rock; styles Punk, Rock, Power-Pop; tags cheap time, tennessee"
003_003481.mp3,genre Folk; styles Folk; tags chris moore
003_003482.mp3,genre Folk; styles Folk; tags chris moore
003_003483.mp3,genre Folk; styles Folk; tags chris moore
003_003484.mp3,genre Folk; styles Folk; tags chris moore
003_003485.mp3,genre Folk; styles Folk; tags chris moore
003_003486.mp3,genre Folk; styles Folk; tags chris moore
003_003487.mp3,genre Folk; styles Folk; tags chris moore
003_003488.mp3,"San Francisco's Citay will stop by the WFMU studios for their second appearance, this time on"
003_003494.mp3,"San Francisco's Citay will stop by the WFMU studios for their second appearance, this time on"
003_003496.mp3,"San Francisco's Citay stop by the WFMU studios for their second appearance, this time on the"
003_003498.mp3,"San Francisco's Citay stop by the WFMU studios for their second appearance, this time on the"
003_003539.mp3,Liz B broadcast a live set from Cryptacize today on her new afternoon timeslot. Cryptacize is
003_003540.mp3,Liz B broadcast a live set from Cryptacize today on her new afternoon timeslot. Cryptacize is
003_003541.mp3,Formed in the prolific musical environments of North Brooklyn and the now late NYC record store
003_003542.mp3,Formed in the prolific musical environments of North Brooklyn and the now late NYC record store
003_003543.mp3,Formed in the prolific musical environments of North Brooklyn and the now late NYC record store
003_003544.mp3,Formed in the prolific musical environments of North Brooklyn and the now late NYC record store
003_003545.mp3,Formed in the prolific musical environments of North Brooklyn and the now late NYC record store
003_003546.mp3,Formed in the prolific musical environments of North Brooklyn and the now late NYC record store
003_003547.mp3,Formed in the prolific musical environments of North Brooklyn and the now late NYC record store
003_003548.mp3,Formed in the prolific musical environments of North Brooklyn and the now late NYC record store
003_003553.mp3,Recorded 3/31/2005 Engineered by Joe Belock http://creativecommons.org/licenses/by-nc-sa/3.0/; genre Rock; styles Rock; tags dmbq
003_003554.mp3,Recorded 3/31/2005 Engineered by Joe Belock http://creativecommons.org/licenses/by-nc-sa/3.0/; genre Rock; styles Rock; tags dmbq
003_003556.mp3,"Engineered by Jason Engle, released on double cdr by Dan Deacon in 2004. http://creativecommons.org/licenses/by-nc-sa/3.0; genre Electronic;"
003_003562.mp3,"Engineered by Jason Engle, released on double cdr by Dan Deacon in 2004. http://creativecommons.org/licenses/by-nc-sa/3.0; genre Electronic;"
003_003565.mp3,"Engineered by Jason Engle, released on double cdr by Dan Deacon in 2004. http://creativecommons.org/licenses/by-nc-sa/3.0; genre Electronic;"
003_003575.mp3,genre Electronic; styles Electronic; tags dan friel
003_003586.mp3,"genre International; styles International; tags pop, khmer, rock, cambodia, dengue fever"
003_003587.mp3,"genre International; styles International; tags pop, khmer, rock, cambodia, dengue fever"
003_003588.mp3,"genre International; styles International; tags pop, khmer, rock, cambodia, dengue fever"
003_003589.mp3,"genre International; styles International; tags pop, khmer, rock, cambodia, dengue fever"
003_003590.mp3,"genre International; styles International; tags pop, khmer, rock, cambodia, dengue fever"
003_003591.mp3,"genre Spoken; styles Radio, Spoken, Interview; tags pop, khmer, rock, cambodia, dengue fever"
003_003592.mp3,"genre Rock; styles Post-Punk, Rock, Punk; tags baltimore, double dagger"
003_003593.mp3,"genre Rock; styles Post-Punk, Rock, Punk; tags baltimore, double dagger"
003_003594.mp3,"genre Rock; styles Post-Punk, Rock, Punk; tags baltimore, double dagger"
003_003595.mp3,genre Rock; styles Rock; tags doug gillard
003_003596.mp3,genre Rock; styles Rock; tags doug gillard
003_003597.mp3,genre Rock; styles Rock; tags doug gillard
003_003599.mp3,"As Electric Kulintang (EK), multi-talented percussionists Susie Ibarra and Roberto Rodriguez explore Susie's Filipino roots. Kulintang"
003_003600.mp3,"As Electric Kulintang (EK), multi-talented percussionists Susie Ibarra and Roberto Rodriguez explore Susie's Filipino roots. Kulintang"
003_003602.mp3,Live at WFMU on Stork's show 7/21/1996. engineered by Jesse Cannon and Diane Farris; genre Rock;
003_003605.mp3,Live at WFMU on Stork's show 7/21/1996. engineered by Jesse Cannon and Diane Farris; genre Rock;
003_003607.mp3,Live at WFMU on Stork's show 7/21/1996. engineered by Jesse Cannon and Diane Farris; genre Rock;
003_003608.mp3,Live at WFMU on Stork's show 7/21/1996. engineered by Jesse Cannon and Diane Farris; genre Rock;
003_003610.mp3,"genre Electronic; styles Ambient Electronic, Electronic; tags fm3"
003_003617.mp3,"School may be back in session, but you can put away your compass and protractor; your"
003_003619.mp3,"School may be back in session, but you can put away your compass and protractor; your"
003_003621.mp3,"School may be back in session, but you can put away your compass and protractor; your"
003_003622.mp3,"School may be back in session, but you can put away your compass and protractor; your"
003_003625.mp3,"School may be back in session, but you can put away your compass and protractor; your"
003_003627.mp3,genre Folk; styles Folk; tags fern knight
003_003628.mp3,genre Folk; styles Folk; tags fern knight
003_003629.mp3,genre Folk; styles Folk; tags fern knight
003_003630.mp3,genre Folk; styles Folk; tags fern knight
003_003631.mp3,genre Folk; styles Folk; tags fern knight
003_003633.mp3,"genre Rock; styles Rock, Loud-Rock; tags foot village"
003_003634.mp3,"genre Rock; styles Rock, Loud-Rock; tags foot village"
003_003635.mp3,"genre Rock; styles Rock, Loud-Rock; tags foot village"
003_003636.mp3,"genre Rock; styles Rock, Loud-Rock; tags foot village"
003_003637.mp3,"genre Rock; styles Rock, Loud-Rock; tags foot village"
003_003645.mp3,genre Rock; styles Rock; tags gary wilson
003_003646.mp3,genre Rock; styles Rock; tags gary wilson
003_003647.mp3,genre Rock; styles Rock; tags gary wilson
003_003648.mp3,genre Rock; styles Rock; tags gary wilson
003_003649.mp3,genre Rock; styles Rock; tags gary wilson
003_003650.mp3,genre Rock; styles Rock; tags gary wilson
003_003651.mp3,genre Rock; styles Rock; tags gary wilson
003_003652.mp3,genre Rock; styles Rock; tags gary wilson
003_003653.mp3,genre Rock; styles Rock; tags gary wilson
003_003654.mp3,genre Rock; styles Rock; tags gary wilson
003_003655.mp3,genre Rock; styles Rock; tags gary wilson
003_003656.mp3,genre Rock; styles Rock; tags gary wilson
003_003657.mp3,genre Rock; styles Rock; tags golden dogs
003_003658.mp3,genre Rock; styles Rock; tags golden dogs
003_003659.mp3,genre Rock; styles Rock; tags golden dogs
003_003660.mp3,genre Rock; styles Rock; tags golden dogs
003_003661.mp3,genre Rock; styles Rock; tags golden dogs
003_003662.mp3,genre Rock; styles Rock; tags golden dogs
003_003663.mp3,genre Rock; styles Rock; tags golden dogs
003_003664.mp3,"genre Rock; styles Rock, Garage; tags great plains"
003_003665.mp3,"genre Rock; styles Rock, Garage; tags great plains"
003_003666.mp3,"genre Rock; styles Rock, Garage; tags great plains"
003_003667.mp3,"genre Rock; styles Rock, Garage; tags great plains"
003_003668.mp3,"genre Rock; styles Rock, Garage; tags great plains"
003_003669.mp3,"genre Rock; styles Rock, Garage; tags great plains"
003_003670.mp3,"genre Rock; styles Rock, Garage; tags great plains"
003_003671.mp3,"genre Rock; styles Rock, Garage; tags great plains"
003_003672.mp3,"genre Rock; styles Rock, Garage; tags great plains"
003_003678.mp3,http://creativecommons.org/licenses/by-nc-nd/3.0/; tags haale
003_003679.mp3,"Unleashed upon the public in the summer of 2005, The Hank Four is a San Francisco"
003_003680.mp3,"From San Francisco the incredible HANK IV (ex-Leather Uppers and Icky Boyfriends), whose full on propulsive"
003_003682.mp3,"From San Francisco the incredible HANK IV (ex-Leather Uppers and Icky Boyfriends), whose full on propulsive"
003_003683.mp3,"Unleashed upon the public in the summer of 2005, The Hank Four is a San Francisco"
003_003684.mp3,"Unleashed upon the public in the summer of 2005, The Hank Four is a San Francisco"
003_003685.mp3,"Unleashed upon the public in the summer of 2005, The Hank Four is a San Francisco"
003_003686.mp3,"From San Francisco the incredible HANK IV (ex-Leather Uppers and Icky Boyfriends), whose full on propulsive"
003_003687.mp3,"Unleashed upon the public in the summer of 2005, The Hank Four is a San Francisco"
003_003688.mp3,"Unleashed upon the public in the summer of 2005, The Hank Four is a San Francisco"
003_003689.mp3,"Unleashed upon the public in the summer of 2005, The Hank Four is a San Francisco"
003_003690.mp3,"From San Francisco the incredible HANK IV (ex-Leather Uppers and Icky Boyfriends), whose full on propulsive"
003_003691.mp3,"Unleashed upon the public in the summer of 2005, The Hank Four is a San Francisco"
003_003692.mp3,"From San Francisco the incredible HANK IV (ex-Leather Uppers and Icky Boyfriends), whose full on propulsive"
003_003693.mp3,"Unleashed upon the public in the summer of 2005, The Hank Four is a San Francisco"
003_003694.mp3,"Unleashed upon the public in the summer of 2005, The Hank Four is a San Francisco"
003_003695.mp3,"From San Francisco the incredible HANK IV (ex-Leather Uppers and Icky Boyfriends), whose full on propulsive"
003_003697.mp3,"Unleashed upon the public in the summer of 2005, The Hank Four is a San Francisco"
003_003699.mp3,"Unleashed upon the public in the summer of 2005, The Hank Four is a San Francisco"
003_003700.mp3,"Unleashed upon the public in the summer of 2005, The Hank Four is a San Francisco"
003_003701.mp3,"Unleashed upon the public in the summer of 2005, The Hank Four is a San Francisco"
003_003702.mp3,"Unleashed upon the public in the summer of 2005, The Hank Four is a San Francisco"
003_003703.mp3,"Unleashed upon the public in the summer of 2005, The Hank Four is a San Francisco"
003_003704.mp3,"From San Francisco the incredible HANK IV (ex-Leather Uppers and Icky Boyfriends), whose full on propulsive"
003_003705.mp3,"From San Francisco the incredible HANK IV (ex-Leather Uppers and Icky Boyfriends), whose full on propulsive"
003_003709.mp3,"genre Blues; styles Blues; tags ignatz, free folk, psychedelic, avant-blues, experimental"
003_003710.mp3,"genre Blues; styles Blues; tags ignatz, free folk, psychedelic, avant-blues, experimental"
003_003711.mp3,"genre Blues; styles Blues; tags ignatz, free folk, psychedelic, avant-blues, experimental"
003_003712.mp3,"styles Avant-Garde, Electroacoustic, Experimental, Electronic; tags illusion of safety"
003_003713.mp3,"styles Avant-Garde, Electroacoustic, Experimental, Electronic; tags illusion of safety"
003_003714.mp3,"genre Country; styles Country, Americana; tags immortal lee county killers"
003_003715.mp3,"genre Country; styles Country, Americana; tags immortal lee county killers"
003_003716.mp3,"genre Country; styles Country, Americana; tags immortal lee county killers"
003_003717.mp3,"genre Country; styles Country, Americana; tags immortal lee county killers"
003_003718.mp3,"genre Country; styles Country, Americana; tags immortal lee county killers"
003_003719.mp3,"genre Country; styles Country, Americana; tags immortal lee county killers"
003_003726.mp3,"genre Rock; styles Psych-Rock, Loud-Rock, Rock, Noise-Rock; tags indian jewelry"
003_003728.mp3,"Newcastle, England's purveyors of otherworldy drones and ecstatic underground sounds Jazzfinger stop by WFMU during a"
003_003729.mp3,"Newcastle, England's purveyors of otherworldy drones and ecstatic underground sounds Jazzfinger stop by WFMU during a"
003_003732.mp3,"styles Avant-Garde, Rock, Experimental, Metal; tags brooklyn, kayo dot"
003_003733.mp3,"styles Avant-Garde, Rock, Experimental, Metal; tags brooklyn, kayo dot"
003_003734.mp3,"styles Avant-Garde, Rock, Experimental, Metal; tags brooklyn, kayo dot"
003_003735.mp3,"San Francisco home-recording multi-instrumentalist Kelley Stoltz brought his special combination of psych rock, folk, blues, and"
003_003736.mp3,Bay Area singer/songwriter Kelley Stoltz has put out one of the best eccentric pop records of
003_003737.mp3,"San Francisco home-recording multi-instrumentalist Kelley Stoltz brought his special combination of psych rock, folk, blues, and"
003_003738.mp3,"San Francisco home-recording multi-instrumentalist Kelley Stoltz brought his special combination of psych rock, folk, blues, and"
003_003739.mp3,Bay Area singer/songwriter Kelley Stoltz has put out one of the best eccentric pop records of
003_003741.mp3,"San Francisco home-recording multi-instrumentalist Kelley Stoltz brought his special combination of psych rock, folk, blues, and"
003_003742.mp3,"San Francisco home-recording multi-instrumentalist Kelley Stoltz brought his special combination of psych rock, folk, blues, and"
003_003743.mp3,"San Francisco home-recording multi-instrumentalist Kelley Stoltz brought his special combination of psych rock, folk, blues, and"
003_003744.mp3,"San Francisco home-recording multi-instrumentalist Kelley Stoltz brought his special combination of psych rock, folk, blues, and"
003_003745.mp3,"San Francisco home-recording multi-instrumentalist Kelley Stoltz brought his special combination of psych rock, folk, blues, and"
003_003746.mp3,"San Francisco home-recording multi-instrumentalist Kelley Stoltz brought his special combination of psych rock, folk, blues, and"
003_003747.mp3,"Jan Anderzen returns to Brian's show this time as his primary project, Kemialliset Ystavat (Finnish for"
003_003748.mp3,"Jan Anderzen returns to Brian's show this time as his primary project, Kemialliset Ystavat (Finnish for"
003_003749.mp3,genre Rock; styles Rock; tags killdozer
003_003750.mp3,genre Rock; styles Rock; tags killdozer
003_003751.mp3,genre Rock; styles Rock; tags killdozer
003_003752.mp3,genre Rock; styles Rock; tags killdozer
003_003753.mp3,genre Rock; styles Rock; tags killdozer
003_003754.mp3,genre Rock; styles Rock; tags killdozer
003_003755.mp3,genre Rock; styles Rock; tags killdozer
003_003756.mp3,genre Rock; styles Rock; tags killdozer
003_003758.mp3,genre Rock; styles Rock; tags killdozer
003_003759.mp3,genre Rock; styles Rock; tags killdozer
003_003760.mp3,genre Rock; styles Rock; tags killdozer
003_003764.mp3,"genre Rock; styles Post-Rock, Rock; tags kinski"
003_003767.mp3,"genre Rock; styles Post-Rock, Rock; tags kinski"
003_003768.mp3,"styles Folk, Pop, Rock; tags philly, kurt vile"
003_003769.mp3,"styles Folk, Pop, Rock; tags philly, kurt vile"
003_003770.mp3,"styles Folk, Pop, Rock; tags philly, kurt vile"
003_003771.mp3,"styles Folk, Pop, Rock; tags philly, kurt vile"
003_003772.mp3,"styles Folk, Pop, Rock; tags philly, kurt vile"
003_003773.mp3,"styles Folk, Pop, Rock; tags philly, kurt vile"
003_003774.mp3,"Spain's cathartic, charismatic La Troba Kung Fu is the offspring of the late great band Dusminguet."
003_003780.mp3,genre Folk; styles Folk; tags larkin grimm
003_003781.mp3,genre Folk; styles Folk; tags larkin grimm
003_003782.mp3,genre Folk; styles Folk; tags larkin grimm
003_003783.mp3,genre Folk; styles Folk; tags larkin grimm
003_003784.mp3,genre Folk; styles Folk; tags larkin grimm
003_003785.mp3,genre Folk; styles Folk; tags larkin grimm
003_003786.mp3,genre Folk; styles Folk; tags larkin grimm
003_003787.mp3,genre Folk; styles Folk; tags larkin grimm
003_003788.mp3,genre Folk; styles Folk; tags larkin grimm
003_003789.mp3,"""an ungrateful kid "" is not the lyric on the record; genre Folk; styles Folk; tags"
003_003790.mp3,genre Folk; styles Folk; tags larkin grimm
003_003791.mp3,"Live at WFMU on Pat Duncan's show on April 3, 2008. http://wfmu.org/playlists/shows/26807 Engineered by Jesse Chan"
003_003792.mp3,"Live at WFMU on Pat Duncan's show on April 3, 2008. http://wfmu.org/playlists/shows/26807 Engineered by Jesse Chan"
003_003793.mp3,"Live at WFMU on Pat Duncan's show on April 3, 2008. http://wfmu.org/playlists/shows/26807 Engineered by Jesse Chan"
003_003794.mp3,"Live at WFMU on Pat Duncan's show on April 3, 2008. http://wfmu.org/playlists/shows/26807 Engineered by Jesse Chan"
003_003795.mp3,"Live at WFMU on Pat Duncan's show on April 3, 2008. http://wfmu.org/playlists/shows/26807 Engineered by Jesse Chan"
003_003796.mp3,"Live at WFMU on Pat Duncan's show on April 3, 2008. http://wfmu.org/playlists/shows/26807 Engineered by Jesse Chan"
003_003797.mp3,"Live at WFMU on Pat Duncan's show on April 3, 2008. http://wfmu.org/playlists/shows/26807 Engineered by Jesse Chan"
003_003799.mp3,"styles Rock, Electronic; tags providence, lazy magnet"
003_003800.mp3,"styles Rock, Electronic; tags providence, lazy magnet"
003_003801.mp3,"styles Rock, Electronic; tags providence, lazy magnet"
003_003802.mp3,"styles Rock, Electronic; tags providence, lazy magnet"
003_003803.mp3,"styles Rock, Electronic; tags providence, lazy magnet"
003_003804.mp3,"styles Rock, Electronic; tags providence, lazy magnet"
003_003805.mp3,"styles Rock, Electronic; tags providence, lazy magnet"
003_003806.mp3,"styles Rock, Electronic; tags providence, lazy magnet"
003_003807.mp3,"styles Rock, Electronic; tags providence, lazy magnet"
003_003808.mp3,"styles Rock, Electronic; tags providence, lazy magnet"
003_003809.mp3,"styles Rock, Electronic; tags providence, lazy magnet"
003_003810.mp3,genre Rock; styles Rock; tags leather uppers
003_003811.mp3,genre Rock; styles Rock; tags leather uppers
003_003813.mp3,genre Rock; styles Rock; tags leather uppers
003_003814.mp3,genre Rock; styles Rock; tags leather uppers
003_003815.mp3,genre Rock; styles Rock; tags leather uppers
003_003816.mp3,genre Rock; styles Rock; tags leather uppers
003_003817.mp3,genre Rock; styles Rock; tags leather uppers
003_003818.mp3,genre Rock; styles Rock; tags leather uppers
003_003819.mp3,genre Rock; styles Rock; tags leather uppers
003_003820.mp3,genre Rock; styles Rock; tags leather uppers
003_003821.mp3,genre Rock; styles Rock; tags leather uppers
003_003822.mp3,genre Rock; styles Rock; tags leather uppers
003_003823.mp3,genre Rock; styles Rock; tags leather uppers
003_003825.mp3,"styles Avant-Garde, Spoken Weird, Spoken, Experimental; tags baltimore, lexie mountain boys"
003_003826.mp3,"styles Avant-Garde, Spoken Weird, Spoken, Experimental; tags baltimore, lexie mountain boys"
003_003827.mp3,"styles Avant-Garde, Spoken Weird, Spoken, Experimental; tags baltimore, lexie mountain boys"
003_003828.mp3,"styles Avant-Garde, Spoken Weird, Spoken, Experimental; tags baltimore, lexie mountain boys"
003_003829.mp3,"styles Avant-Garde, Spoken Weird, Spoken, Experimental; tags baltimore, lexie mountain boys"
003_003830.mp3,"styles Avant-Garde, Spoken Weird, Spoken, Experimental; tags baltimore, lexie mountain boys"
003_003831.mp3,"styles Avant-Garde, Spoken Weird, Spoken, Experimental; tags baltimore, lexie mountain boys"
003_003837.mp3,"genre Rock; styles Rock; tags providence, providence ri, providence noise rock, lightning bolt"
003_003838.mp3,"genre Rock; styles Rock; tags providence, providence ri, providence noise rock, lightning bolt"
003_003841.mp3,"styles Free-Jazz, Blues, Jazz; tags little howlin wolf"
003_003843.mp3,"styles Free-Jazz, Blues, Jazz; tags little howlin wolf"
003_003844.mp3,"styles Free-Jazz, Blues, Jazz; tags little howlin wolf"
003_003845.mp3,"styles Free-Jazz, Blues, Jazz; tags little howlin wolf"
003_003846.mp3,"styles Free-Jazz, Blues, Jazz; tags little howlin wolf"
003_003847.mp3,genre Folk; styles Folk; tags loch lomond
003_003848.mp3,genre Folk; styles Folk; tags loch lomond
003_003849.mp3,genre Folk; styles Folk; tags loch lomond
003_003850.mp3,genre Folk; styles Folk; tags loch lomond
003_003851.mp3,genre Folk; styles Folk; tags loch lomond
003_003852.mp3,genre Folk; styles Folk; tags loch lomond
003_003853.mp3,genre Folk; styles Folk; tags loch lomond
003_003860.mp3,"genre Rock; styles Punk, Psych-Rock, Rock; tags los fancy free"
003_003864.mp3,"genre Rock; styles Punk, Psych-Rock, Rock; tags los fancy free"
003_003865.mp3,"genre Rock; styles Punk, Psych-Rock, Rock; tags los fancy free"
003_003866.mp3,"Trekking up from Monterrey, Mexico and making their debut in NYC at last, Los Llamarada take"
003_003867.mp3,"Trekking up from Monterrey, Mexico and making their debut in NYC at last, Los Llamarada take"
003_003868.mp3,"http://creativecommons.org/licenses/by-nc-sa/3.0/us/ myspac.com/lotoballshow; genre Rock; styles Post-Punk, Rock, Punk; tags loto ball show"
003_003869.mp3,"http://creativecommons.org/licenses/by-nc-sa/3.0/us/ myspac.com/lotoballshow; genre Rock; styles Post-Punk, Rock, Punk; tags loto ball show"
003_003870.mp3,"http://creativecommons.org/licenses/by-nc-sa/3.0/us/ myspac.com/lotoballshow; genre Rock; styles Post-Punk, Rock, Punk; tags loto ball show"
003_003871.mp3,"http://creativecommons.org/licenses/by-nc-sa/3.0/us/ myspac.com/lotoballshow; genre Rock; styles Post-Punk, Rock, Punk; tags loto ball show"
003_003872.mp3,"http://creativecommons.org/licenses/by-nc-sa/3.0/us/ myspac.com/lotoballshow; genre Rock; styles Post-Punk, Rock, Punk; tags loto ball show"
003_003873.mp3,"http://creativecommons.org/licenses/by-nc-sa/3.0/us/ myspac.com/lotoballshow; genre Rock; styles Post-Punk, Rock, Punk; tags loto ball show"
003_003874.mp3,"http://creativecommons.org/licenses/by-nc-sa/3.0/us/ myspac.com/lotoballshow; genre Rock; styles Post-Punk, Rock, Punk; tags loto ball show"
003_003875.mp3,"http://creativecommons.org/licenses/by-nc-sa/3.0/us/ myspac.com/lotoballshow; genre Rock; styles Post-Punk, Rock, Punk; tags loto ball show"
003_003876.mp3,"recorded live on the Stork Club, 91.1 WFMU, creativecommons.org/licenses/by-nc-sa/3.0/us http://blissblood.com/; genre Rock; styles Indie-Rock, Rock; tags"
003_003881.mp3,genre Folk; styles Folk; tags matt baldwin
003_003882.mp3,genre Folk; styles Folk; tags matt baldwin
003_003883.mp3,genre Folk; styles Folk; tags matt baldwin
003_003884.mp3,genre Folk; styles Folk; tags matt baldwin
003_003885.mp3,genre Folk; styles Folk; tags matt baldwin
003_003886.mp3,Blend a bit of post-apocalyptic French cabaret and Americana heard at a possessed carnival and you
003_003887.mp3,"Engineered by Richard Rusincovitch. http://wfmu.org/playlists/shows/27998; styles Folk, Rock, Punk; tags meth teeth"
003_003888.mp3,"Engineered by Richard Rusincovitch. http://wfmu.org/playlists/shows/27998; styles Folk, Rock, Punk; tags meth teeth"
003_003889.mp3,"Engineered by Richard Rusincovitch. http://wfmu.org/playlists/shows/27998; styles Folk, Rock, Punk; tags meth teeth"
003_003890.mp3,"Engineered by Richard Rusincovitch. http://wfmu.org/playlists/shows/27998; styles Folk, Rock, Punk; tags meth teeth"
003_003891.mp3,"Engineered by Richard Rusincovitch. http://wfmu.org/playlists/shows/27998; styles Folk, Rock, Punk; tags meth teeth"
003_003892.mp3,"Engineered by Richard Rusincovitch. http://wfmu.org/playlists/shows/27998; styles Folk, Rock, Punk; tags meth teeth"
003_003893.mp3,"Engineered by Richard Rusincovitch. http://wfmu.org/playlists/shows/27998; styles Folk, Rock, Punk; tags meth teeth"
003_003894.mp3,"Engineered by Richard Rusincovitch. http://wfmu.org/playlists/shows/27998; styles Folk, Rock, Punk; tags meth teeth"
003_003897.mp3,"Effusive thanks to: Veronica Liu (board op), Bil Bowen (assistant engineer), Jake Aron (stage hand), Katie"
003_003898.mp3,"Effusive thanks to: Veronica Liu (board op), Bil Bowen (assistant engineer), Jake Aron (stage hand), Katie"
003_003899.mp3,"Effusive thanks to: Veronica Liu (board op), Bil Bowen (assistant engineer), Jake Aron (stage hand), Katie"
003_003902.mp3,"British folk singer Michael Chapman recorded a string of celebrated records for the Harvest, Deram, and"
003_003903.mp3,"As a contemporary of Nick Drake, John Martyn and Roy Harper, guitarist Michael Chapman first emerged"
003_003914.mp3,Michael Holt from The Mommyheads - Michael Holt has several albums under his belt since much-beloved
003_003916.mp3,Michael Holt from The Mommyheads - Michael Holt has several albums under his belt since much-beloved
003_003917.mp3,Michael Holt from The Mommyheads - Michael Holt has several albums under his belt since much-beloved
003_003918.mp3,Michael Holt from The Mommyheads - Michael Holt has several albums under his belt since much-beloved
003_003922.mp3,"genre Electronic; styles Electronic; tags mincemeat or tenspeed, fake techno"
003_003925.mp3,"genre Rock; styles Indie-Rock, Rock; tags mink lungs"
003_003926.mp3,"genre Rock; styles Indie-Rock, Rock; tags mink lungs"
003_003927.mp3,"genre Rock; styles Indie-Rock, Rock; tags mink lungs"
003_003928.mp3,"genre Rock; styles Indie-Rock, Rock; tags mink lungs"
003_003930.mp3,"genre Rock; styles Indie-Rock, Rock; tags mink lungs"
003_003931.mp3,"genre Rock; styles Indie-Rock, Rock; tags mink lungs"
003_003935.mp3,"genre Rock; styles Indie-Rock, Rock; tags mink lungs"
003_003937.mp3,"genre Rock; styles Indie-Rock, Rock; tags mink lungs"
003_003938.mp3,"genre Rock; styles Indie-Rock, Rock; tags mink lungs"
003_003940.mp3,"genre Rock; styles Indie-Rock, Rock; tags mink lungs"
003_003961.mp3,"genre Rock; styles Punk, Rock, Power-Pop; tags mod fun"
003_003962.mp3,"genre Rock; styles Punk, Rock, Power-Pop; tags mod fun"
003_003963.mp3,"genre Rock; styles Punk, Rock, Power-Pop; tags mod fun"
003_003964.mp3,"genre Rock; styles Punk, Rock, Power-Pop; tags mod fun"
003_003965.mp3,"genre Rock; styles Punk, Rock, Power-Pop; tags mod fun"
003_003966.mp3,"genre Rock; styles Punk, Rock, Power-Pop; tags mod fun"
003_003967.mp3,"genre Rock; styles Punk, Rock, Power-Pop; tags mod fun"
003_003968.mp3,"genre Rock; styles Punk, Rock, Power-Pop; tags mod fun"
003_003969.mp3,"genre Rock; styles Punk, Rock, Power-Pop; tags mod fun"
003_003970.mp3,"genre Rock; styles Punk, Rock, Power-Pop; tags mod fun"
003_003971.mp3,"genre Rock; styles Punk, Rock, Power-Pop; tags mod fun"
003_003972.mp3,"genre Rock; styles Punk, Rock, Power-Pop; tags mod fun"
003_003977.mp3,"genre Rock; styles Rock, Garage; tags modey lemon"
003_003978.mp3,"genre Rock; styles Rock, Garage; tags modey lemon"
003_003979.mp3,"genre Rock; styles Rock, Garage; tags modey lemon"
003_003980.mp3,"genre Rock; styles Rock, Garage; tags modey lemon"
003_003982.mp3,"genre Rock; styles Rock, Garage; tags modey lemon"
003_003984.mp3,"genre Rock; styles Rock, Garage; tags modey lemon"
003_003987.mp3,"genre Rock; styles Rock, Garage; tags modey lemon"
003_003988.mp3,"genre Rock; styles Rock, Garage; tags modey lemon"
003_003990.mp3,"genre Rock; styles Rock, Garage; tags modey lemon"
004_004000.mp3,genre Rock; styles Rock; tags mors ontologica
004_004001.mp3,genre Rock; styles Rock; tags mors ontologica
004_004002.mp3,genre Rock; styles Rock; tags mors ontologica
004_004003.mp3,genre Rock; styles Rock; tags mors ontologica
004_004005.mp3,genre Rock; styles Rock; tags mors ontologica
004_004006.mp3,"genre Experimental; styles Noise, Experimental; tags brooklyn, mouthus, experimental brooklyn"
004_004007.mp3,"genre Experimental; styles Noise, Experimental; tags brooklyn, mouthus, experimental brooklyn"
004_004008.mp3,"genre Experimental; styles Noise, Experimental; tags brooklyn, mouthus, experimental brooklyn"
004_004009.mp3,"genre Experimental; styles Noise, Experimental; tags brooklyn, mouthus, experimental brooklyn"
004_004010.mp3,"genre Experimental; styles Avant-Garde, Experimental; tags providence, mudboy"
004_004011.mp3,"genre Experimental; styles Avant-Garde, Experimental; tags providence, mudboy"
004_004012.mp3,"genre Experimental; styles Avant-Garde, Experimental; tags providence, mudboy"
004_004015.mp3,"Nalle is both Finnish for a small bear (generally a teddy bear, and named after a"
004_004016.mp3,"Nalle is both Finnish for a small bear (generally a teddy bear, and named after a"
004_004018.mp3,genre Jazz; styles Jazz; tags nate wooley
004_004019.mp3,by Brian Turner via WFMU's Beware of the Blog! Back in the late 80's I walked
004_004020.mp3,by Brian Turner via WFMU's Beware of the Blog! Back in the late 80's I walked
004_004021.mp3,by Brian Turner via WFMU's Beware of the Blog! Back in the late 80's I walked
004_004023.mp3,by Brian Turner via WFMU's Beware of the Blog! Back in the late 80's I walked
004_004026.mp3,by Brian Turner via WFMU's Beware of the Blog! Back in the late 80's I walked
004_004030.mp3,by Brian Turner via WFMU's Beware of the Blog! Back in the late 80's I walked
004_004031.mp3,by Brian Turner via WFMU's Beware of the Blog! Back in the late 80's I walked
004_004036.mp3,by Brian Turner via WFMU's Beware of the Blog! Back in the late 80's I walked
004_004039.mp3,Post-punk legends Nightingales return to the USA and we are more than honored to have them
004_004040.mp3,Post-punk legends Nightingales return to the USA and we are more than honored to have them
004_004041.mp3,Post-punk legends Nightingales return to the USA and we are more than honored to have them
004_004054.mp3,"genre Experimental; styles Avant-Garde, Experimental; tags paul metzger"
004_004055.mp3,"genre Experimental; styles Avant-Garde, Experimental; tags paul metzger"
004_004056.mp3,"genre Experimental; styles Avant-Garde, Experimental; tags paul metzger"
004_004065.mp3,"genre Jazz; styles Jazz: Out, Jazz; tags peter evans tom blancarte and brandon seabrook"
004_004081.mp3,"genre International; styles International, Latin America; tags pistolera"
004_004082.mp3,genre Rock; styles Rock; tags plastic crimewave sound
004_004083.mp3,"genre Rock; styles Psych-Rock, Rock; tags plastic crimewave sound"
004_004085.mp3,"genre Rock; styles Psych-Rock, Rock; tags plastic crimewave sound"
004_004086.mp3,"genre Rock; styles Psych-Rock, Rock; tags plastic crimewave sound"
004_004087.mp3,"genre Rock; styles Psych-Rock, Rock; tags plastic crimewave sound"
004_004088.mp3,"genre Rock; styles Psych-Rock, Rock; tags plastic crimewave sound"
004_004089.mp3,"genre Rock; styles Psych-Rock, Rock; tags plastic crimewave sound"
004_004090.mp3,"genre Rock; styles Psych-Rock, Rock; tags plastic crimewave sound"
004_004106.mp3,genre Rock; styles Rock; tags psychedelic horseshit
004_004107.mp3,genre Rock; styles Rock; tags psychedelic horseshit
004_004113.mp3,genre Rock; styles Rock; tags psychedelic horseshit
004_004114.mp3,genre Rock; styles Rock; tags psychedelic horseshit
004_004116.mp3,"genre Rock; styles Rock; tags new orleans, quintron"
004_004117.mp3,"genre Rock; styles Rock; tags new orleans, quintron"
004_004118.mp3,"genre Rock; styles Rock; tags new orleans, quintron"
004_004120.mp3,Echo Park's Rainbow Arabia rolled up to WFMU with a U-Haul full of gear at 9
004_004121.mp3,Echo Park's Rainbow Arabia rolled up to WFMU with a U-Haul full of gear at 9
004_004122.mp3,Echo Park's Rainbow Arabia rolled up to WFMU with a U-Haul full of gear at 9
004_004123.mp3,Echo Park's Rainbow Arabia rolled up to WFMU with a U-Haul full of gear at 9
004_004124.mp3,Echo Park's Rainbow Arabia rolled up to WFMU with a U-Haul full of gear at 9
004_004127.mp3,Razor Bois from Moscow: Russian street punks currently touring the US stop by Pat Duncan's show
004_004128.mp3,Razor Bois from Moscow: Russian street punks currently touring the US stop by Pat Duncan's show
004_004129.mp3,Razor Bois from Moscow: Russian street punks currently touring the US stop by Pat Duncan's show
004_004130.mp3,Razor Bois from Moscow: Russian street punks currently touring the US stop by Pat Duncan's show
004_004131.mp3,Razor Bois from Moscow: Russian street punks currently touring the US stop by Pat Duncan's show
004_004132.mp3,Razor Bois from Moscow: Russian street punks currently touring the US stop by Pat Duncan's show
004_004134.mp3,Razor Bois from Moscow: Russian street punks currently touring the US stop by Pat Duncan's show
004_004135.mp3,Razor Bois from Moscow: Russian street punks currently touring the US stop by Pat Duncan's show
004_004151.mp3,"genre Jazz; styles Jazz; tags jazz, acoustic guitar, reynold philipsek"
004_004154.mp3,"genre Jazz; styles Jazz; tags jazz, acoustic guitar, reynold philipsek"
004_004155.mp3,"This NYC super group features a who's who of downtown coolness: OJ from Mob Stereo, Oneida"
004_004156.mp3,"This NYC super group features a who's who of downtown coolness: OJ from Mob Stereo, Oneida"
004_004157.mp3,"This NYC super group features a who's who of downtown coolness: OJ from Mob Stereo, Oneida"
004_004162.mp3,"This NYC super group features a who's who of downtown coolness: OJ from Mob Stereo, Oneida"
004_004164.mp3,"Experimental percussionist and composer Ryan Jewell of Columbus, Ohio, stops by WFMU for an improvised performance."
004_004165.mp3,"Austin Spacerockers ST37 hail Hawkwind with Chrome-plated guitars on Scott Williams' show, August 11, 2000. Engineered"
004_004166.mp3,"Austin Spacerockers ST37 hail Hawkwind with Chrome-plated guitars on Scott Williams' show, August 11, 2000. Engineered"
004_004168.mp3,"Austin Spacerockers ST37 hail Hawkwind with Chrome-plated guitars on Scott Williams' show, August 11, 2000. Engineered"
004_004169.mp3,"Austin Spacerockers ST37 hail Hawkwind with Chrome-plated guitars on Scott Williams' show, August 11, 2000. Engineered"
004_004171.mp3,"The Shamblers shambled down from Bay Ridge, Brooklyn to grace us with a live performance last"
004_004173.mp3,"The Shamblers shambled down from Bay Ridge, Brooklyn to grace us with a live performance last"
004_004174.mp3,"The Shamblers shambled down from Bay Ridge, Brooklyn to grace us with a live performance last"
004_004175.mp3,"The Shamblers shambled down from Bay Ridge, Brooklyn to grace us with a live performance last"
004_004177.mp3,"The Shamblers shambled down from Bay Ridge, Brooklyn to grace us with a live performance last"
004_004178.mp3,"The Shamblers shambled down from Bay Ridge, Brooklyn to grace us with a live performance last"
004_004179.mp3,"The Shamblers shambled down from Bay Ridge, Brooklyn to grace us with a live performance last"
004_004180.mp3,"The Shamblers shambled down from Bay Ridge, Brooklyn to grace us with a live performance last"
004_004182.mp3,"The Shamblers shambled down from Bay Ridge, Brooklyn to grace us with a live performance last"
004_004183.mp3,"The Shamblers shambled down from Bay Ridge, Brooklyn to grace us with a live performance last"
004_004184.mp3,"The Shamblers shambled down from Bay Ridge, Brooklyn to grace us with a live performance last"
004_004185.mp3,"The Shamblers shambled down from Bay Ridge, Brooklyn to grace us with a live performance last"
004_004187.mp3,"The Shamblers shambled down from Bay Ridge, Brooklyn to grace us with a live performance last"
004_004188.mp3,"The Shamblers shambled down from Bay Ridge, Brooklyn to grace us with a live performance last"
004_004189.mp3,"The Shamblers shambled down from Bay Ridge, Brooklyn to grace us with a live performance last"
004_004190.mp3,"The Shamblers shambled down from Bay Ridge, Brooklyn to grace us with a live performance last"
004_004191.mp3,"The Shamblers shambled down from Bay Ridge, Brooklyn to grace us with a live performance last"
004_004192.mp3,If most so-called modern psych and garage bands seem to have trodden paths a bit too
004_004196.mp3,If most so-called modern psych and garage bands seem to have trodden paths a bit too
004_004199.mp3,If most so-called modern psych and garage bands seem to have trodden paths a bit too
004_004200.mp3,If most so-called modern psych and garage bands seem to have trodden paths a bit too
004_004203.mp3,The Silver Jews are famous for a distinct low-fi-countryfied-indie-ish rock and roll sound and David Berman's
004_004204.mp3,The Silver Jews are famous for a distinct low-fi-countryfied-indie-ish rock and roll sound and David Berman's
004_004205.mp3,The Silver Jews are famous for a distinct low-fi-countryfied-indie-ish rock and roll sound and David Berman's
004_004206.mp3,The Silver Jews are famous for a distinct low-fi-countryfied-indie-ish rock and roll sound and David Berman's
004_004207.mp3,The Silver Jews are famous for a distinct low-fi-countryfied-indie-ish rock and roll sound and David Berman's
004_004208.mp3,The Silver Jews are famous for a distinct low-fi-countryfied-indie-ish rock and roll sound and David Berman's
004_004209.mp3,The Silver Jews are famous for a distinct low-fi-countryfied-indie-ish rock and roll sound and David Berman's
004_004210.mp3,The Silver Jews are famous for a distinct low-fi-countryfied-indie-ish rock and roll sound and David Berman's
004_004211.mp3,The Silver Jews are famous for a distinct low-fi-countryfied-indie-ish rock and roll sound and David Berman's
004_004212.mp3,The Silver Jews are famous for a distinct low-fi-countryfied-indie-ish rock and roll sound and David Berman's
004_004213.mp3,The Silver Jews are famous for a distinct low-fi-countryfied-indie-ish rock and roll sound and David Berman's
004_004220.mp3,Blend a bit of post-apocalyptic French cabaret and Americana heard at a possessed carnival and you
004_004221.mp3,Blend a bit of post-apocalyptic French cabaret and Americana heard at a possessed carnival and you
004_004222.mp3,Blend a bit of post-apocalyptic French cabaret and Americana heard at a possessed carnival and you
004_004223.mp3,Blend a bit of post-apocalyptic French cabaret and Americana heard at a possessed carnival and you
004_004224.mp3,Blend a bit of post-apocalyptic French cabaret and Americana heard at a possessed carnival and you
004_004225.mp3,Blend a bit of post-apocalyptic French cabaret and Americana heard at a possessed carnival and you
004_004226.mp3,Blend a bit of post-apocalyptic French cabaret and Americana heard at a possessed carnival and you
004_004227.mp3,Blend a bit of post-apocalyptic French cabaret and Americana heard at a possessed carnival and you
004_004228.mp3,Blend a bit of post-apocalyptic French cabaret and Americana heard at a possessed carnival and you
004_004229.mp3,Blend a bit of post-apocalyptic French cabaret and Americana heard at a possessed carnival and you
004_004230.mp3,Blend a bit of post-apocalyptic French cabaret and Americana heard at a possessed carnival and you
004_004231.mp3,Blend a bit of post-apocalyptic French cabaret and Americana heard at a possessed carnival and you
004_004237.mp3,"The Sounds of Taraab performs ""taraab"", a musical style from Zanzibar and coastal East Africa. At"
004_004238.mp3,"The Sounds of Taraab performs ""taraab"", a musical style from Zanzibar and coastal East Africa. At"
004_004240.mp3,"The Sounds of Taraab performs ""taraab"", a musical style from Zanzibar and coastal East Africa. At"
004_004242.mp3,"styles Radio, Rock, Spoken, Interview; tags steve wynn"
004_004243.mp3,genre Rock; styles Rock; tags steve wynn
004_004244.mp3,genre Rock; styles Rock; tags steve wynn
004_004245.mp3,genre Rock; styles Rock; tags steve wynn
004_004246.mp3,genre Rock; styles Rock; tags steve wynn
004_004247.mp3,"styles Radio, Rock, Spoken, Interview; tags steve wynn"
004_004249.mp3,genre Rock; styles Rock; tags steve wynn
004_004250.mp3,genre Rock; styles Rock; tags steve wynn
004_004251.mp3,"styles Radio, Rock, Spoken, Interview; tags steve wynn"
004_004252.mp3,genre Rock; styles Rock; tags steve wynn
004_004253.mp3,"styles Radio, Rock, Spoken, Interview; tags steve wynn"
004_004254.mp3,genre Rock; styles Rock; tags steve wynn
004_004255.mp3,genre Rock; styles Rock; tags steve wynn
004_004256.mp3,"styles Radio, Rock, Spoken, Interview; tags steve wynn"
004_004257.mp3,genre Rock; styles Rock; tags steve wynn
004_004258.mp3,"styles Radio, Rock, Spoken, Interview; tags steve wynn"
004_004259.mp3,"genre Experimental; styles Avant-Garde, Experimental; tags steven r smith"
004_004260.mp3,"genre Experimental; styles Avant-Garde, Experimental; tags steven r smith"
004_004261.mp3,"genre Experimental; styles Avant-Garde, Experimental; tags steven r smith"
004_004262.mp3,"genre Experimental; styles Avant-Garde, Experimental; tags steven r smith"
004_004263.mp3,"Bloomfield, New Jersey's very own SUX stops by the WFMU studios for a live set of"
004_004265.mp3,"Bloomfield, New Jersey's very own SUX stops by the WFMU studios for a live set of"
004_004266.mp3,"Bloomfield, New Jersey's very own SUX stops by the WFMU studios for a live set of"
004_004268.mp3,"Bloomfield, New Jersey's very own SUX stops by the WFMU studios for a live set of"
004_004269.mp3,"Bloomfield, New Jersey's very own SUX stops by the WFMU studios for a live set of"
004_004270.mp3,"Bloomfield, New Jersey's very own SUX stops by the WFMU studios for a live set of"
004_004271.mp3,"Bloomfield, New Jersey's very own SUX stops by the WFMU studios for a live set of"
004_004272.mp3,"Bloomfield, New Jersey's very own SUX stops by the WFMU studios for a live set of"
004_004273.mp3,"Bloomfield, New Jersey's very own SUX stops by the WFMU studios for a live set of"
004_004274.mp3,"Bloomfield, New Jersey's very own SUX stops by the WFMU studios for a live set of"
004_004277.mp3,A few weeks back percussion wizard Tatsuya Nakatani stopped by WFMU to record a set (interview
004_004279.mp3,"Mega-improvisational/electronica ensemble That Thing Over There, as guitarist Ian Smit describes them, ""creates little spontaneous compositions,"
004_004280.mp3,"Mega-improvisational/electronica ensemble That Thing Over There, as guitarist Ian Smit describes them, ""creates little spontaneous compositions,"
004_004281.mp3,"Mega-improvisational/electronica ensemble That Thing Over There, as guitarist Ian Smit describes them, ""creates little spontaneous compositions,"
004_004283.mp3,"Mega-improvisational/electronica ensemble That Thing Over There, as guitarist Ian Smit describes them, ""creates little spontaneous compositions,"
004_004296.mp3,"Legendary garage rockers The Cynics have been around since 1983 specializing in fuzzed, ultra-distorted guitar, screaming,"
004_004301.mp3,"Legendary garage rockers The Cynics have been around since 1983 specializing in fuzzed, ultra-distorted guitar, screaming,"
004_004303.mp3,"Legendary garage rockers The Cynics have been around since 1983 specializing in fuzzed, ultra-distorted guitar, screaming,"
004_004304.mp3,Legendary Pittsburgh garage rockers The Cynics have been around for 2 decades cranking out solid 6Ts
004_004305.mp3,"Legendary garage rockers The Cynics have been around since 1983 specializing in fuzzed, ultra-distorted guitar, screaming,"
004_004306.mp3,Legendary Pittsburgh garage rockers The Cynics have been around for 2 decades cranking out solid 6Ts
004_004307.mp3,"Legendary garage rockers The Cynics have been around since 1983 specializing in fuzzed, ultra-distorted guitar, screaming,"
004_004308.mp3,Legendary Pittsburgh garage rockers The Cynics have been around for 2 decades cranking out solid 6Ts
004_004315.mp3,Legendary Pittsburgh garage rockers The Cynics have been around for 2 decades cranking out solid 6Ts
004_004331.mp3,The Cherry Blossom Clinic is thrilled to host a session with these modern masters of the
004_004334.mp3,The Cherry Blossom Clinic is thrilled to host a session with these modern masters of the
004_004335.mp3,The Cherry Blossom Clinic is thrilled to host a session with these modern masters of the
004_004336.mp3,The Cherry Blossom Clinic is thrilled to host a session with these modern masters of the
004_004344.mp3,This wild and crazy foursome from Washington D.C. bring their fuzzed out garage/R&B to the WFMU
004_004345.mp3,This wild and crazy foursome from Washington D.C. bring their fuzzed out garage/R&B to the WFMU
004_004347.mp3,This wild and crazy foursome from Washington D.C. bring their fuzzed out garage/R&B to the WFMU
004_004349.mp3,This wild and crazy foursome from Washington D.C. bring their fuzzed out garage/R&B to the WFMU
004_004350.mp3,This wild and crazy foursome from Washington D.C. bring their fuzzed out garage/R&B to the WFMU
004_004364.mp3,engineered by Diane Farris; genre Rock; styles Rock; tags means
004_004365.mp3,engineered by Diane Farris; genre Rock; styles Rock; tags means
004_004366.mp3,engineered by Diane Farris; genre Rock; styles Rock; tags means
004_004367.mp3,engineered by Diane Farris; genre Rock; styles Rock; tags means
004_004369.mp3,engineered by Diane Farris; genre Rock; styles Rock; tags means
004_004370.mp3,engineered by Diane Farris; genre Rock; styles Rock; tags means
004_004371.mp3,engineered by Diane Farris; genre Rock; styles Rock; tags means
004_004372.mp3,engineered by Diane Farris; genre Rock; styles Rock; tags means
004_004373.mp3,engineered by Diane Farris; genre Rock; styles Rock; tags means
004_004374.mp3,engineered by Diane Farris; genre Rock; styles Rock; tags means
004_004375.mp3,"styles Americana, Rock, Country; tags the moaners"
004_004376.mp3,"styles Americana, Rock, Country; tags the moaners"
004_004377.mp3,"styles Americana, Rock, Country; tags the moaners"
004_004378.mp3,"styles Americana, Rock, Country; tags the moaners"
004_004379.mp3,"styles Americana, Rock, Country; tags the moaners"
004_004380.mp3,"styles Americana, Rock, Country; tags the moaners"
004_004381.mp3,"genre Rock; styles Indie-Rock, Rock; tags the moi non plus"
004_004382.mp3,"genre Rock; styles Indie-Rock, Rock; tags the moi non plus"
004_004383.mp3,"genre Rock; styles Indie-Rock, Rock; tags the moi non plus"
004_004384.mp3,"genre Rock; styles Indie-Rock, Rock; tags the moi non plus"
004_004385.mp3,"genre Rock; styles Indie-Rock, Rock; tags the moi non plus"
004_004386.mp3,"genre Rock; styles Indie-Rock, Rock; tags the moi non plus"
004_004387.mp3,"genre Rock; styles Indie-Rock, Rock; tags the moi non plus"
004_004388.mp3,"genre Rock; styles Indie-Rock, Rock; tags the moi non plus"
004_004389.mp3,"genre Rock; styles Indie-Rock, Rock; tags the moi non plus"
004_004392.mp3,"http://creativecommons.org/licenses/by-nc-sa/3.0/ http://myspace.com/thepetsoakland Engineered by Stu Rutherford on 6/7/08; genre Rock; styles Punk, Rock, Garage, Power-Pop; tags"
004_004393.mp3,"genre Rock; styles Punk, Rock, Garage, Power-Pop; tags bay area, the pets"
004_004395.mp3,"genre Rock; styles Punk, Rock, Garage, Power-Pop; tags bay area, the pets"
004_004397.mp3,"genre Rock; styles Punk, Rock, Garage, Power-Pop; tags bay area, the pets"
004_004398.mp3,"genre Rock; styles Punk, Rock, Garage, Power-Pop; tags bay area, the pets"
004_004399.mp3,B.R. Wallers of Britain's legendary Country Teasers has recorded 28 albums on his own as The
004_004402.mp3,B.R. Wallers of Britain's legendary Country Teasers has recorded 28 albums on his own as The
004_004404.mp3,B.R. Wallers of Britain's legendary Country Teasers has recorded 28 albums on his own as The
004_004405.mp3,B.R. Wallers of Britain's legendary Country Teasers has recorded 28 albums on his own as The
004_004406.mp3,B.R. Wallers of Britain's legendary Country Teasers has recorded 28 albums on his own as The
004_004411.mp3,British punk nonlegends The Spunk Lads stopped by WFMU to mark their fifth official last show
004_004412.mp3,British punk nonlegends The Spunk Lads stopped by WFMU to mark their fifth official last show
004_004413.mp3,British punk nonlegends The Spunk Lads stopped by WFMU to mark their fifth official last show
004_004414.mp3,British punk nonlegends The Spunk Lads stopped by WFMU to mark their fifth official last show
004_004415.mp3,British punk nonlegends The Spunk Lads stopped by WFMU to mark their fifth official last show
004_004416.mp3,British punk nonlegends The Spunk Lads stopped by WFMU to mark their fifth official last show
004_004417.mp3,British punk nonlegends The Spunk Lads stopped by WFMU to mark their fifth official last show
004_004418.mp3,British punk nonlegends The Spunk Lads stopped by WFMU to mark their fifth official last show
004_004419.mp3,British punk nonlegends The Spunk Lads stopped by WFMU to mark their fifth official last show
004_004420.mp3,British punk nonlegends The Spunk Lads stopped by WFMU to mark their fifth official last show
004_004421.mp3,British punk nonlegends The Spunk Lads stopped by WFMU to mark their fifth official last show
004_004422.mp3,British punk nonlegends The Spunk Lads stopped by WFMU to mark their fifth official last show
004_004423.mp3,British punk nonlegends The Spunk Lads stopped by WFMU to mark their fifth official last show
004_004424.mp3,British punk nonlegends The Spunk Lads stopped by WFMU to mark their fifth official last show
004_004425.mp3,British punk nonlegends The Spunk Lads stopped by WFMU to mark their fifth official last show
004_004426.mp3,British punk nonlegends The Spunk Lads stopped by WFMU to mark their fifth official last show
004_004427.mp3,British punk nonlegends The Spunk Lads stopped by WFMU to mark their fifth official last show
004_004428.mp3,British punk nonlegends The Spunk Lads stopped by WFMU to mark their fifth official last show
004_004429.mp3,British punk nonlegends The Spunk Lads stopped by WFMU to mark their fifth official last show
004_004430.mp3,This Brooklyn-based 4-piece sounds like no other band out there these days. They call to mind
004_004431.mp3,This Brooklyn-based 4-piece sounds like no other band out there these days. They call to mind
004_004433.mp3,This Brooklyn-based 4-piece sounds like no other band out there these days. They call to mind
004_004434.mp3,This Brooklyn-based 4-piece sounds like no other band out there these days. They call to mind
004_004435.mp3,This Brooklyn-based 4-piece sounds like no other band out there these days. They call to mind
004_004436.mp3,This Brooklyn-based 4-piece sounds like no other band out there these days. They call to mind
004_004437.mp3,This Brooklyn-based 4-piece sounds like no other band out there these days. They call to mind
004_004438.mp3,This Brooklyn-based 4-piece sounds like no other band out there these days. They call to mind
004_004439.mp3,"genre Experimental; styles Experimental, Drone; tags tom carter"
004_004440.mp3,"genre Experimental; styles Experimental, Drone; tags tom carter"
004_004441.mp3,"genre Experimental; styles Experimental, Drone; tags tom carter"
004_004442.mp3,"genre Spoken; styles Radio, Spoken, Interview; tags tom carter"
004_004447.mp3,"genre Folk; styles Folk; tags guitar, folk, acoustic guitar, manhattan, twi the humble feather"
004_004449.mp3,"genre Folk; styles Folk; tags guitar, folk, acoustic guitar, manhattan, twi the humble feather"
004_004451.mp3,"genre Folk; styles Folk; tags guitar, folk, acoustic guitar, manhattan, twi the humble feather"
004_004452.mp3,"genre Folk; styles Folk; tags guitar, folk, acoustic guitar, manhattan, twi the humble feather"
004_004453.mp3,"genre Folk; styles Folk; tags guitar, folk, acoustic guitar, manhattan, twi the humble feather"
004_004454.mp3,"genre Folk; styles Folk; tags guitar, folk, acoustic guitar, manhattan, twi the humble feather"
004_004455.mp3,"genre Folk; styles Folk; tags guitar, folk, acoustic guitar, manhattan, twi the humble feather"
004_004456.mp3,"styles Avant-Garde, Experimental, Electronic; tags us girls"
004_004457.mp3,"styles Avant-Garde, Experimental, Electronic; tags us girls"
004_004458.mp3,"styles Avant-Garde, Experimental, Electronic; tags us girls"
004_004459.mp3,"styles Avant-Garde, Experimental, Electronic; tags us girls"
004_004460.mp3,"styles Avant-Garde, Experimental, Electronic; tags us girls"
004_004461.mp3,"styles Avant-Garde, Experimental, Electronic; tags us girls"
004_004464.mp3,"genre Rock; styles Punk, Rock; tags urinals"
004_004465.mp3,"genre Rock; styles Punk, Rock; tags urinals"
004_004467.mp3,"genre Rock; styles Punk, Rock; tags urinals"
004_004470.mp3,"genre Spoken; styles Radio, Spoken, Interview; tags urinals"
004_004471.mp3,"genre Rock; styles Punk, Rock; tags urinals"
004_004472.mp3,"genre Experimental; styles Experimental, Drone; tags vibracathedral orchestra"
004_004473.mp3,"genre Experimental; styles Experimental, Drone; tags vibracathedral orchestra"
004_004474.mp3,"styles Indie-Rock, Pop, Rock, Experimental Pop, Power-Pop, Punk; tags vivian girls"
004_004475.mp3,"styles Indie-Rock, Pop, Rock, Experimental Pop, Power-Pop, Punk; tags vivian girls"
004_004476.mp3,"styles Indie-Rock, Pop, Rock, Experimental Pop, Power-Pop, Punk; tags vivian girls"
004_004477.mp3,"styles Indie-Rock, Pop, Rock, Experimental Pop, Power-Pop, Punk; tags vivian girls"
004_004478.mp3,"styles Indie-Rock, Pop, Rock, Experimental Pop, Power-Pop, Punk; tags vivian girls"
004_004479.mp3,"styles Indie-Rock, Pop, Rock, Experimental Pop, Power-Pop, Punk; tags vivian girls"
004_004480.mp3,"styles Indie-Rock, Pop, Rock, Experimental Pop, Power-Pop, Punk; tags vivian girls"
004_004481.mp3,"styles Indie-Rock, Pop, Rock, Experimental Pop, Power-Pop, Punk; tags vivian girls"
004_004482.mp3,"styles Indie-Rock, Pop, Rock, Experimental Pop, Power-Pop, Punk; tags vivian girls"
004_004483.mp3,"styles Indie-Rock, Pop, Rock, Experimental Pop, Power-Pop, Punk; tags vivian girls"
004_004485.mp3,"genre Rock; styles Punk, Rock, Hardcore; tags voice or no voice"
004_004486.mp3,"genre Rock; styles Punk, Rock, Hardcore; tags voice or no voice"
004_004487.mp3,"genre Rock; styles Punk, Rock, Hardcore; tags voice or no voice"
004_004488.mp3,"genre Rock; styles Punk, Rock, Hardcore; tags voice or no voice"
004_004489.mp3,"genre Rock; styles Punk, Rock, Hardcore; tags voice or no voice"
004_004491.mp3,"genre Rock; styles Punk, Rock, Hardcore; tags voice or no voice"
004_004493.mp3,"genre Rock; styles Punk, Rock, Hardcore; tags voice or no voice"
004_004494.mp3,genre Rock; styles Rock; tags we are the arm
004_004495.mp3,genre Rock; styles Rock; tags we are the arm
004_004496.mp3,genre Rock; styles Rock; tags we are the arm
004_004497.mp3,genre Rock; styles Rock; tags we are the arm
004_004498.mp3,genre Rock; styles Rock; tags we are the arm
004_004502.mp3,"genre Rock; styles Psych-Rock, Rock; tags white hills"
004_004503.mp3,"genre Rock; styles Psych-Rock, Rock; tags white hills"
004_004505.mp3,"tags san francisco, wildildlife"
004_004506.mp3,"http://creativecommons.org/licenses/by-nc-sa/3.0/ http://www.myspace.com/learnwithxela; styles Ambient Electronic, Drone, Experimental, Electronic; tags xela"
004_004513.mp3,"Marcia Bassett and Tom Carter, guitars. Engineered by Glenn Luttman at WFMU; genre Experimental; styles Experimental,"
004_004514.mp3,"genre Experimental; styles Experimental, Audio Collage; tags blanketship"
004_004515.mp3,"San Francisco's Citay stop by the WFMU studios for their second appearance, this time on the"
004_004516.mp3,Legendary Pittsburgh garage rockers The Cynics have been around for 2 decades cranking out solid 6Ts
004_004517.mp3,"genre International; styles International; tags pop, khmer, rock, cambodia, dengue fever"
004_004518.mp3,This wild and crazy foursome from Washington D.C. bring their fuzzed out garage/R&B to the WFMU
004_004523.mp3,genre Rock; styles Rock; tags killdozer
004_004524.mp3,Echo Park's Rainbow Arabia rolled up to WFMU with a U-Haul full of gear at 9
004_004532.mp3,This is an alternate version of a released track. It is a live recording that Br'er
004_004533.mp3,"This is an alternate version of a song released on a single Girl Married Girl ,"
004_004534.mp3,"This track was originally recorded during the ""Of Shemales and Kissaboos"" sessions but was left off"
004_004535.mp3,"""I Might Be a Jew But I still Love you For Christmas"" is an unreleased Holiday"
004_004541.mp3,"genre Rock; styles Rock; tags san francisco, wildildlife"
004_004542.mp3,genre Rock; styles Rock; tags wildildife
004_004543.mp3,genre Rock; styles Rock; tags wildildife
004_004544.mp3,genre Rock; styles Rock; tags wildildife
004_004599.mp3,"genre Rock; styles Punk, Rock; tags the feeling of love"
004_004600.mp3,"genre Rock; styles Punk, Rock; tags the feeling of love"
004_004601.mp3,"genre Rock; styles Punk, Rock; tags the feeling of love"
004_004602.mp3,"genre Rock; styles Punk, Rock; tags the feeling of love"
004_004603.mp3,"genre Rock; styles Punk, Rock; tags the feeling of love"
004_004604.mp3,"genre Rock; styles Punk, Rock; tags the feeling of love"
004_004605.mp3,"genre Rock; styles Punk, Rock; tags the feeling of love"
004_004606.mp3,"genre Rock; styles Punk, Rock; tags the feeling of love"
004_004607.mp3,"genre Rock; styles Punk, Rock; tags the feeling of love"
004_004693.mp3,genre Electronic; styles Electronic; tags dan friel
004_004694.mp3,genre Electronic; styles Electronic; tags dan friel
004_004696.mp3,genre Electronic; styles Electronic; tags dan friel
004_004697.mp3,genre Electronic; styles Electronic; tags dan friel
004_004706.mp3,live version of a song from the 7'' on White Denim (2003); genre Jazz; styles Jazz:
004_004713.mp3,"genre Rock; styles Psych-Rock, Rock; tags san francisco, wooden shjips"
004_004714.mp3,"styles Pop, Rock; tags london, le volume courbe, my bloody valentine"
004_004715.mp3,"styles Pop, Rock; tags london, le volume courbe, my bloody valentine"
004_004716.mp3,"styles Pop, Rock; tags london, le volume courbe, my bloody valentine"
004_004717.mp3,"styles Pop, Rock; tags london, le volume courbe, my bloody valentine"
004_004718.mp3,"styles Pop, Rock; tags london, le volume courbe, my bloody valentine"
004_004719.mp3,"styles Pop, Rock; tags london, le volume courbe, my bloody valentine"
004_004720.mp3,"styles Pop, Rock; tags london, le volume courbe, my bloody valentine"
004_004721.mp3,"styles Pop, Rock; tags london, le volume courbe, my bloody valentine"
004_004722.mp3,"styles Pop, Rock; tags london, le volume courbe, my bloody valentine"
004_004723.mp3,"styles Pop, Rock; tags london, le volume courbe, my bloody valentine"
004_004736.mp3,genre Electronic; styles Electronic; tags fuck buttons
004_004751.mp3,"Just when it seemed things had cooled down to a comfortable post-midnight temperature, The Bad Trips"
004_004753.mp3,"If you've listened to WFMU for any large chunk of time, chances are you've run into"
004_004758.mp3,"If you've listened to WFMU for any large chunk of time, chances are you've run into"
004_004770.mp3,"genre Rock; styles Indie-Rock, Rock; tags slowcore, low"
004_004772.mp3,"genre Rock; styles Indie-Rock, Rock; tags slowcore, low"
004_004773.mp3,"genre Rock; styles Indie-Rock, Rock; tags slowcore, low"
004_004774.mp3,"genre Rock; styles Indie-Rock, Rock; tags slowcore, low"
004_004775.mp3,"genre Rock; styles Indie-Rock, Rock; tags slowcore, low"
004_004776.mp3,I'll say right up front that having David Fair explain to me how he installed a
004_004789.mp3,"genre Rock; styles Indie-Rock, Rock; tags mink lungs"
004_004790.mp3,While the Hank IV may have raised the ire of anyone showing up to see Bocephus'
004_004792.mp3,While the Hank IV may have raised the ire of anyone showing up to see Bocephus'
004_004794.mp3,While the Hank IV may have raised the ire of anyone showing up to see Bocephus'
004_004795.mp3,While the Hank IV may have raised the ire of anyone showing up to see Bocephus'
004_004796.mp3,While the Hank IV may have raised the ire of anyone showing up to see Bocephus'
004_004797.mp3,While the Hank IV may have raised the ire of anyone showing up to see Bocephus'
004_004804.mp3,by Brian Turner via WFMU's Beware of the Blog! Harvey Milk are without a doubt one
004_004827.mp3,"Engineered by Richard Ruscinovich http://creativecommons.org/licenses/by-nc-sa/3.0/; styles Post-Punk, Rock, Punk, Electronic; tags brooklyn, parts and labor"
004_004828.mp3,"Engineered by Richard Ruscinovich http://creativecommons.org/licenses/by-nc-sa/3.0/; genre Rock; styles Rock; tags brooklyn, parts and labor"
004_004830.mp3,"Engineered by Richard Ruscinovich http://creativecommons.org/licenses/by-nc-sa/3.0/; genre Rock; styles Rock; tags brooklyn, parts and labor"
004_004831.mp3,"Engineered by Richard Ruscinovich http://creativecommons.org/licenses/by-nc-sa/3.0/; styles Post-Punk, Rock, Punk, Electronic; tags brooklyn, parts and labor"
004_004832.mp3,"Engineered by Richard Ruscinovich http://creativecommons.org/licenses/by-nc-sa/3.0/; styles Post-Punk, Rock, Punk, Electronic; tags brooklyn, parts and labor"
004_004833.mp3,"Engineered by Richard Ruscinovich http://creativecommons.org/licenses/by-nc-sa/3.0/; styles Post-Punk, Rock, Punk, Electronic; tags brooklyn, parts and labor"
004_004834.mp3,"Engineered by Richard Ruscinovich http://creativecommons.org/licenses/by-nc-sa/3.0/; styles Post-Punk, Rock, Punk, Electronic; tags brooklyn, parts and labor"
004_004843.mp3,"styles Ambient Electronic, Drone, Experimental, Electronic; tags harmonia"
004_004847.mp3,"genre International; styles International, Middle East; tags mamak khadem"
004_004853.mp3,"styles Experimental, Radio, Spoken, Field Recordings; tags the conet project"
004_004854.mp3,"styles Experimental, Radio, Spoken, Field Recordings; tags the conet project"
004_004855.mp3,"styles Experimental, Radio, Spoken, Field Recordings; tags the conet project"
004_004856.mp3,"styles Experimental, Radio, Spoken, Field Recordings; tags the conet project"
004_004857.mp3,"styles Experimental, Radio, Spoken, Field Recordings; tags the conet project"
004_004858.mp3,"styles Experimental, Radio, Spoken, Field Recordings; tags the conet project"
004_004859.mp3,"styles Experimental, Radio, Spoken, Field Recordings; tags the conet project"
004_004860.mp3,"styles Experimental, Radio, Spoken, Field Recordings; tags the conet project"
004_004861.mp3,"styles Experimental, Radio, Spoken, Field Recordings; tags the conet project"
004_004862.mp3,"styles Experimental, Radio, Spoken, Field Recordings; tags the conet project"
004_004863.mp3,"styles Experimental, Radio, Spoken, Field Recordings; tags the conet project"
004_004864.mp3,"styles Experimental, Radio, Spoken, Field Recordings; tags the conet project"
004_004865.mp3,"styles Experimental, Radio, Spoken, Field Recordings; tags the conet project"
004_004866.mp3,"styles Experimental, Radio, Spoken, Field Recordings; tags the conet project"
004_004867.mp3,"styles Experimental, Radio, Spoken, Field Recordings; tags the conet project"
004_004868.mp3,"styles Experimental, Radio, Spoken, Field Recordings; tags the conet project"
004_004869.mp3,"styles Experimental, Radio, Spoken, Field Recordings; tags the conet project"
004_004870.mp3,"styles Experimental, Radio, Spoken, Field Recordings; tags the conet project"
004_004871.mp3,"styles Experimental, Radio, Spoken, Field Recordings; tags the conet project"
004_004872.mp3,"styles Experimental, Radio, Spoken, Field Recordings; tags the conet project"
004_004873.mp3,"styles Experimental, Radio, Spoken, Field Recordings; tags the conet project"
004_004874.mp3,"styles Experimental, Radio, Spoken, Field Recordings; tags the conet project"
004_004875.mp3,"styles Experimental, Radio, Spoken, Field Recordings; tags the conet project"
004_004876.mp3,"styles Experimental, Radio, Spoken, Field Recordings; tags the conet project"
004_004877.mp3,"styles Experimental, Radio, Spoken, Field Recordings; tags the conet project"
004_004878.mp3,"styles Experimental, Radio, Spoken, Field Recordings; tags the conet project"
004_004879.mp3,"styles Experimental, Radio, Spoken, Field Recordings; tags the conet project"
004_004880.mp3,"styles Experimental, Radio, Spoken, Field Recordings; tags the conet project"
004_004881.mp3,"styles Experimental, Radio, Spoken, Field Recordings; tags the conet project"
004_004882.mp3,"styles Experimental, Radio, Spoken, Field Recordings; tags the conet project"
004_004883.mp3,"styles Experimental, Radio, Spoken, Field Recordings; tags the conet project"
004_004884.mp3,"styles Experimental, Radio, Spoken, Field Recordings; tags the conet project"
004_004885.mp3,"styles Experimental, Radio, Spoken, Field Recordings; tags the conet project"
004_004886.mp3,"styles Experimental, Radio, Spoken, Field Recordings; tags the conet project"
004_004887.mp3,"styles Experimental, Radio, Spoken, Field Recordings; tags the conet project"
004_004888.mp3,"styles Experimental, Radio, Spoken, Field Recordings; tags the conet project"
004_004889.mp3,"styles Experimental, Radio, Spoken, Field Recordings; tags the conet project"
004_004890.mp3,"styles Experimental, Radio, Spoken, Field Recordings; tags the conet project"
004_004891.mp3,"styles Experimental, Radio, Spoken, Field Recordings; tags the conet project"
004_004892.mp3,"styles Experimental, Radio, Spoken, Field Recordings; tags the conet project"
004_004893.mp3,"styles Experimental, Radio, Spoken, Field Recordings; tags the conet project"
004_004894.mp3,"styles Experimental, Radio, Spoken, Field Recordings; tags the conet project"
004_004895.mp3,"styles Experimental, Radio, Spoken, Field Recordings; tags the conet project"
004_004896.mp3,"styles Experimental, Radio, Spoken, Field Recordings; tags the conet project"
004_004897.mp3,"styles Experimental, Radio, Spoken, Field Recordings; tags the conet project"
004_004898.mp3,"styles Experimental, Radio, Spoken, Field Recordings; tags the conet project"
004_004899.mp3,"styles Experimental, Radio, Spoken, Field Recordings; tags the conet project"
004_004900.mp3,"styles Experimental, Radio, Spoken, Field Recordings; tags the conet project"
004_004901.mp3,"styles Experimental, Radio, Spoken, Field Recordings; tags the conet project"
004_004902.mp3,"styles Experimental, Radio, Spoken, Field Recordings; tags the conet project"
004_004903.mp3,"styles Experimental, Radio, Spoken, Field Recordings; tags the conet project"
004_004904.mp3,"styles Experimental, Radio, Spoken, Field Recordings; tags the conet project"
004_004905.mp3,"styles Experimental, Radio, Spoken, Field Recordings; tags the conet project"
004_004906.mp3,"styles Experimental, Radio, Spoken, Field Recordings; tags the conet project"
004_004907.mp3,"styles Experimental, Radio, Spoken, Field Recordings; tags the conet project"
004_004908.mp3,"styles Experimental, Radio, Spoken, Field Recordings; tags the conet project"
004_004909.mp3,"styles Experimental, Radio, Spoken, Field Recordings; tags the conet project"
004_004910.mp3,"styles Experimental, Radio, Spoken, Field Recordings; tags the conet project"
004_004911.mp3,"styles Experimental, Radio, Spoken, Field Recordings; tags the conet project"
004_004912.mp3,"styles Experimental, Radio, Spoken, Field Recordings; tags the conet project"
004_004913.mp3,"styles Experimental, Radio, Spoken, Field Recordings; tags the conet project"
004_004914.mp3,"styles Experimental, Radio, Spoken, Field Recordings; tags the conet project"
004_004915.mp3,"styles Experimental, Radio, Spoken, Field Recordings; tags the conet project"
004_004916.mp3,"styles Experimental, Radio, Spoken, Field Recordings; tags the conet project"
004_004917.mp3,"styles Experimental, Radio, Spoken, Field Recordings; tags the conet project"
004_004918.mp3,"styles Experimental, Radio, Spoken, Field Recordings; tags the conet project"
004_004919.mp3,"styles Experimental, Radio, Spoken, Field Recordings; tags the conet project"
004_004920.mp3,"styles Experimental, Radio, Spoken, Field Recordings; tags the conet project"
004_004921.mp3,"styles Experimental, Radio, Spoken, Field Recordings; tags the conet project"
004_004922.mp3,"styles Experimental, Radio, Spoken, Field Recordings; tags the conet project"
004_004923.mp3,"styles Experimental, Radio, Spoken, Field Recordings; tags the conet project"
004_004924.mp3,"styles Experimental, Radio, Spoken, Field Recordings; tags the conet project"
004_004925.mp3,"styles Experimental, Radio, Spoken, Field Recordings; tags the conet project"
004_004926.mp3,"styles Experimental, Radio, Spoken, Field Recordings; tags the conet project"
004_004927.mp3,"styles Experimental, Radio, Spoken, Field Recordings; tags the conet project"
004_004928.mp3,"styles Experimental, Radio, Spoken, Field Recordings; tags the conet project"
004_004929.mp3,"styles Experimental, Radio, Spoken, Field Recordings; tags the conet project"
004_004930.mp3,"styles Experimental, Radio, Spoken, Field Recordings; tags the conet project"
004_004931.mp3,"styles Experimental, Radio, Spoken, Field Recordings; tags the conet project"
004_004932.mp3,"styles Experimental, Radio, Spoken, Field Recordings; tags the conet project"
004_004933.mp3,"styles Experimental, Radio, Spoken, Field Recordings; tags the conet project"
004_004934.mp3,"styles Experimental, Radio, Spoken, Field Recordings; tags the conet project"
004_004935.mp3,"styles Experimental, Radio, Spoken, Field Recordings; tags the conet project"
004_004936.mp3,"styles Experimental, Radio, Spoken, Field Recordings; tags the conet project"
004_004937.mp3,"styles Experimental, Radio, Spoken, Field Recordings; tags the conet project"
004_004938.mp3,"styles Experimental, Radio, Spoken, Field Recordings; tags the conet project"
004_004939.mp3,"styles Experimental, Radio, Spoken, Field Recordings; tags the conet project"
004_004940.mp3,"styles Experimental, Radio, Spoken, Field Recordings; tags the conet project"
004_004941.mp3,"styles Experimental, Radio, Spoken, Field Recordings; tags the conet project"
004_004942.mp3,"styles Experimental, Radio, Spoken, Field Recordings; tags the conet project"
004_004943.mp3,"styles Experimental, Radio, Spoken, Field Recordings; tags the conet project"
004_004944.mp3,"styles Experimental, Radio, Spoken, Field Recordings; tags the conet project"
004_004945.mp3,"styles Experimental, Radio, Spoken, Field Recordings; tags the conet project"
004_004946.mp3,"styles Experimental, Radio, Spoken, Field Recordings; tags the conet project"
004_004947.mp3,"styles Experimental, Radio, Spoken, Field Recordings; tags the conet project"
004_004948.mp3,"styles Experimental, Radio, Spoken, Field Recordings; tags the conet project"
004_004949.mp3,"styles Experimental, Radio, Spoken, Field Recordings; tags the conet project"
004_004950.mp3,"styles Experimental, Radio, Spoken, Field Recordings; tags the conet project"
004_004951.mp3,"styles Experimental, Radio, Spoken, Field Recordings; tags the conet project"
004_004952.mp3,"styles Experimental, Radio, Spoken, Field Recordings; tags the conet project"
004_004953.mp3,"styles Experimental, Radio, Spoken, Field Recordings; tags the conet project"
004_004954.mp3,"styles Experimental, Radio, Spoken, Field Recordings; tags the conet project"
004_004955.mp3,"styles Experimental, Radio, Spoken, Field Recordings; tags the conet project"
004_004956.mp3,"styles Experimental, Radio, Spoken, Field Recordings; tags the conet project"
004_004957.mp3,"styles Experimental, Radio, Spoken, Field Recordings; tags the conet project"
004_004958.mp3,"styles Experimental, Radio, Spoken, Field Recordings; tags the conet project"
004_004959.mp3,"styles Experimental, Radio, Spoken, Field Recordings; tags the conet project"
004_004960.mp3,"styles Experimental, Radio, Spoken, Field Recordings; tags the conet project"
004_004961.mp3,"styles Experimental, Radio, Spoken, Field Recordings; tags the conet project"
004_004962.mp3,"styles Experimental, Radio, Spoken, Field Recordings; tags the conet project"
004_004963.mp3,"styles Experimental, Radio, Spoken, Field Recordings; tags the conet project"
004_004964.mp3,"styles Experimental, Radio, Spoken, Field Recordings; tags the conet project"
004_004965.mp3,"styles Experimental, Radio, Spoken, Field Recordings; tags the conet project"
004_004966.mp3,"styles Experimental, Radio, Spoken, Field Recordings; tags the conet project"
004_004967.mp3,"styles Experimental, Radio, Spoken, Field Recordings; tags the conet project"
004_004968.mp3,"styles Experimental, Radio, Spoken, Field Recordings; tags the conet project"
004_004969.mp3,"styles Experimental, Radio, Spoken, Field Recordings; tags the conet project"
004_004970.mp3,"styles Experimental, Radio, Spoken, Field Recordings; tags the conet project"
004_004971.mp3,"styles Experimental, Radio, Spoken, Field Recordings; tags the conet project"
004_004972.mp3,"styles Experimental, Radio, Spoken, Field Recordings; tags the conet project"
004_004973.mp3,"styles Experimental, Radio, Spoken, Field Recordings; tags the conet project"
004_004974.mp3,"styles Experimental, Radio, Spoken, Field Recordings; tags the conet project"
004_004975.mp3,"styles Experimental, Radio, Spoken, Field Recordings; tags the conet project"
004_004976.mp3,"styles Experimental, Radio, Spoken, Field Recordings; tags the conet project"
004_004977.mp3,"styles Experimental, Radio, Spoken, Field Recordings; tags the conet project"
004_004978.mp3,"styles Experimental, Radio, Spoken, Field Recordings; tags the conet project"
004_004979.mp3,"styles Experimental, Radio, Spoken, Field Recordings; tags the conet project"
004_004980.mp3,"styles Experimental, Radio, Spoken, Field Recordings; tags the conet project"
004_004981.mp3,"styles Experimental, Radio, Spoken, Field Recordings; tags the conet project"
004_004982.mp3,"styles Experimental, Radio, Spoken, Field Recordings; tags the conet project"
004_004983.mp3,"styles Experimental, Radio, Spoken, Field Recordings; tags the conet project"
004_004984.mp3,"styles Experimental, Radio, Spoken, Field Recordings; tags the conet project"
004_004985.mp3,"styles Experimental, Radio, Spoken, Field Recordings; tags the conet project"
004_004986.mp3,"styles Experimental, Radio, Spoken, Field Recordings; tags the conet project"
004_004987.mp3,"styles Experimental, Radio, Spoken, Field Recordings; tags the conet project"
004_004988.mp3,"styles Experimental, Radio, Spoken, Field Recordings; tags the conet project"
004_004989.mp3,"styles Experimental, Radio, Spoken, Field Recordings; tags the conet project"
004_004991.mp3,"Micah Blue Smaldone, favors songwriting that harkens back to an earlier age. This native of Kennebunkport,"
004_004994.mp3,from the 555 Recordings release Dark Falcon. http://hawksandsparrows.org This was the opening track to WFMU's Free
004_004997.mp3,"genre Rock; styles Punk, Rock, Garage; tags new bomb turks"
004_004998.mp3,"genre Rock; styles Punk, Rock, Garage; tags new bomb turks"
005_005000.mp3,"genre Rock; styles Punk, Rock, Garage; tags new bomb turks"
005_005001.mp3,"genre Rock; styles Punk, Rock, Garage; tags new bomb turks"
005_005004.mp3,"genre Rock; styles Punk, Rock, Garage; tags new bomb turks"
005_005011.mp3,genre Old-Time / Historic; styles Old-Time / Historic; tags f j bacon
005_005025.mp3,"composer: Georges Bizet; styles Old-Time / Historic, Opera, Classical; tags aristodemo giorgini"
005_005027.mp3,genre Old-Time / Historic; styles Old-Time / Historic; tags will f denny
005_005028.mp3,genre Old-Time / Historic; styles Old-Time / Historic; tags whit cunliffe
005_005035.mp3,genre Old-Time / Historic; styles Old-Time / Historic; tags rev madison clinton peters and the edison
005_005037.mp3,genre Old-Time / Historic; styles Old-Time / Historic; tags helen clark and billy murray
005_005040.mp3,genre Old-Time / Historic; styles Old-Time / Historic; tags helen clark and joseph a phillips
005_005041.mp3,genre Old-Time / Historic; styles Old-Time / Historic; tags weyert a moor
005_005042.mp3,genre Old-Time / Historic; styles Old-Time / Historic; tags reed miller
005_005045.mp3,genre Rock; styles Rock; tags 400 blows
005_005047.mp3,genre Folk; styles Folk; tags the bowmans
005_005048.mp3,genre Folk; styles Folk; tags the bowmans
005_005049.mp3,genre Folk; styles Folk; tags the bowmans
005_005050.mp3,genre Folk; styles Folk; tags the bowmans
005_005051.mp3,genre Folk; styles Folk; tags the bowmans
005_005052.mp3,genre Folk; styles Folk; tags the bowmans
005_005053.mp3,genre Folk; styles Folk; tags the bowmans
005_005054.mp3,genre Folk; styles Folk; tags the bowmans
005_005055.mp3,genre Folk; styles Folk; tags the bowmans
005_005056.mp3,genre Folk; styles Folk; tags the bowmans
005_005057.mp3,genre Folk; styles Folk; tags the bowmans
005_005058.mp3,genre Folk; styles Folk; tags the bowmans
005_005059.mp3,genre Folk; styles Folk; tags the bowmans
005_005060.mp3,genre Rock; styles Rock; tags bolmongani
005_005061.mp3,genre Rock; styles Rock; tags bolmongani
005_005062.mp3,genre Rock; styles Rock; tags bolmongani
005_005063.mp3,genre Rock; styles Rock; tags bolmongani
005_005064.mp3,genre Rock; styles Rock; tags bolmongani
005_005065.mp3,genre Rock; styles Rock; tags bolmongani
005_005078.mp3,genre Rock; styles Rock; tags intelligence
005_005081.mp3,tags lozenge
005_005082.mp3,"styles No Wave, Synth Pop, Pop, Rock, Punk; tags zola jesus"
005_005083.mp3,"styles No Wave, Synth Pop, Pop, Rock, Punk; tags zola jesus"
005_005084.mp3,"styles No Wave, Synth Pop, Pop, Rock, Punk; tags zola jesus"
005_005085.mp3,"styles No Wave, Synth Pop, Pop, Rock, Punk; tags zola jesus"
005_005087.mp3,"genre Rock; styles Indie-Rock, Rock; tags love craft"
005_005088.mp3,"genre Rock; styles Indie-Rock, Rock; tags love craft"
005_005089.mp3,"genre Rock; styles Indie-Rock, Rock; tags love craft"
005_005090.mp3,"genre Rock; styles Indie-Rock, Rock; tags love craft"
005_005091.mp3,"genre Rock; styles Indie-Rock, Rock; tags love craft"
005_005095.mp3,"genre Pop; styles Pop, Experimental Pop; tags the minor thirds"
005_005097.mp3,tags mountain high
005_005098.mp3,genre Rock; styles Rock; tags magic christian
005_005099.mp3,genre Rock; styles Rock; tags magic christian
005_005100.mp3,genre Rock; styles Rock; tags magic christian
005_005101.mp3,genre Rock; styles Rock; tags magic christian
005_005102.mp3,genre Rock; styles Rock; tags magic christian
005_005103.mp3,genre Rock; styles Rock; tags magic christian
005_005130.mp3,"genre Rock; styles Punk, Lo-Fi, Rock; tags raunchy young lepers"
005_005133.mp3,genre Electronic; styles Electronic; tags lucky dragons
005_005142.mp3,genre Folk; styles Folk; tags ed askew
005_005143.mp3,genre Folk; styles Folk; tags ed askew
005_005144.mp3,genre Folk; styles Folk; tags ed askew
005_005155.mp3,"Max Tundra: all sounds. Produced by Jason Sigal, engineered by Matt LeMay, 1/15/2009. Original version from"
005_005161.mp3,http://creativecommons.org/licenses/by-nc-sa/3.0/; genre Rock; styles Rock; tags the bristles
005_005163.mp3,http://creativecommons.org/licenses/by-nc-sa/3.0/; genre Rock; styles Rock; tags the bristles
005_005164.mp3,http://creativecommons.org/licenses/by-nc-sa/3.0/; genre Rock; styles Rock; tags the bristles
005_005165.mp3,http://creativecommons.org/licenses/by-nc-sa/3.0/; genre Rock; styles Rock; tags the bristles
005_005166.mp3,http://creativecommons.org/licenses/by-nc-sa/3.0/; genre Rock; styles Rock; tags the bristles
005_005167.mp3,http://creativecommons.org/licenses/by-nc-sa/3.0/; genre Rock; styles Rock; tags the bristles
005_005175.mp3,http://creativecommons.org/licenses/by-nc-sa/3.0/us http://www.causeco-motion.com http://freemusicarchive.org engineered by Trent Wolbe 8/12/08; genre Pop; styles Pop; tags cause co-motion
005_005176.mp3,http://creativecommons.org/licenses/by-nc-sa/3.0/us http://www.causeco-motion.com http://freemusicarchive.org engineered by Trent Wolbe 8/12/08; genre Pop; styles Pop; tags cause co-motion
005_005177.mp3,http://creativecommons.org/licenses/by-nc-sa/3.0/us http://www.causeco-motion.com http://freemusicarchive.org engineered by Trent Wolbe 8/12/08; genre Pop; styles Pop; tags cause co-motion
005_005179.mp3,http://creativecommons.org/licenses/by-nc-sa/3.0/us http://www.causeco-motion.com http://freemusicarchive.org engineered by Trent Wolbe 8/12/08; genre Pop; styles Pop; tags cause co-motion
005_005180.mp3,http://creativecommons.org/licenses/by-nc-sa/3.0/us http://www.causeco-motion.com http://freemusicarchive.org engineered by Trent Wolbe 8/12/08; genre Pop; styles Pop; tags cause co-motion
005_005181.mp3,http://creativecommons.org/licenses/by-nc-sa/3.0/us http://www.causeco-motion.com http://freemusicarchive.org engineered by Trent Wolbe 8/12/08; genre Pop; styles Pop; tags cause co-motion
005_005182.mp3,http://creativecommons.org/licenses/by-nc-sa/3.0/us http://www.causeco-motion.com http://freemusicarchive.org engineered by Trent Wolbe 8/12/08; genre Pop; styles Pop; tags cause co-motion
005_005183.mp3,http://creativecommons.org/licenses/by-nc-sa/3.0/us http://www.causeco-motion.com http://freemusicarchive.org engineered by Trent Wolbe 8/12/08; genre Pop; styles Pop; tags cause co-motion
005_005184.mp3,http://creativecommons.org/licenses/by-nc-sa/3.0/us http://www.causeco-motion.com http://freemusicarchive.org engineered by Trent Wolbe 8/12/08; genre Pop; styles Pop; tags cause co-motion
005_005186.mp3,genre Pop; styles Pop; tags cause co-motion
005_005187.mp3,genre Pop; styles Pop; tags cause co-motion
005_005188.mp3,genre Pop; styles Pop; tags cause co-motion
005_005189.mp3,genre Pop; styles Pop; tags cause co-motion
005_005190.mp3,genre Pop; styles Pop; tags cause co-motion
005_005192.mp3,genre Pop; styles Pop; tags cause co-motion
005_005193.mp3,genre Pop; styles Pop; tags cause co-motion
005_005194.mp3,genre Pop; styles Pop; tags cause co-motion
005_005195.mp3,genre Pop; styles Pop; tags cause co-motion
005_005198.mp3,"styles Rock, Experimental; tags carla bozulichs evangelista"
005_005199.mp3,"styles Rock, Experimental; tags carla bozulichs evangelista"
005_005200.mp3,"styles Rock, Experimental; tags carla bozulichs evangelista"
005_005201.mp3,"styles Rock, Experimental; tags carla bozulichs evangelista"
005_005202.mp3,"styles Rock, Experimental; tags carla bozulichs evangelista"
005_005266.mp3,"genre Hip-Hop; styles Hip-Hop; tags dlek, dalek"
005_005271.mp3,"10/26/08 at the Metropolitan Pavillion, NYC www.dmbq.net/ freemusicarchive.org/ wfmu.org/ creativecommons.org/licenses/by-nc-sa/3.0/us""; genre Rock; styles Rock; tags dmbq"
005_005272.mp3,"10/26/08 at the Metropolitan Pavillion, NYC www.dmbq.net/ freemusicarchive.org/ wfmu.org/ creativecommons.org/licenses/by-nc-sa/3.0/us""; genre Rock; styles Rock; tags dmbq"
005_005274.mp3,"10/26/08 at the Metropolitan Pavillion, NYC www.dmbq.net/ freemusicarchive.org/ wfmu.org/ creativecommons.org/licenses/by-nc-sa/3.0/us""; genre Rock; styles Rock; tags dmbq"
005_005278.mp3,genre Rock; styles Rock; tags haale
005_005279.mp3,genre Rock; styles Rock; tags haale
005_005280.mp3,genre Rock; styles Rock; tags haale
005_005281.mp3,genre Rock; styles Rock; tags haale
005_005287.mp3,genre Rock; styles Rock; tags frigg a go go fagg
005_005288.mp3,genre Rock; styles Rock; tags frigg a go go fagg
005_005289.mp3,genre Rock; styles Rock; tags frigg a go go fagg
005_005295.mp3,"styles Experimental, Electronic; tags wolf choir"
005_005297.mp3,"styles Experimental, Electronic; tags wolf choir"
005_005298.mp3,"styles Experimental, Electronic; tags wolf choir"
005_005299.mp3,"styles Experimental, Electronic; tags wolf choir"
005_005300.mp3,"styles Experimental, Electronic; tags wolf choir"
005_005301.mp3,"styles Experimental, Electronic; tags wolf choir"
005_005302.mp3,"styles Experimental, Electronic; tags wolf choir"
005_005303.mp3,"styles Experimental, Electronic; tags wolf choir"
005_005304.mp3,"styles Experimental, Electronic; tags wolf choir"
005_005305.mp3,"styles Experimental, Electronic; tags wolf choir"
005_005306.mp3,"styles Experimental, Electronic; tags wolf choir"
005_005307.mp3,"styles Experimental, Electronic; tags wolf choir"
005_005308.mp3,"styles Experimental, Electronic; tags wolf choir"
005_005309.mp3,"styles Experimental, Electronic; tags wolf choir"
005_005310.mp3,"styles Experimental, Electronic; tags wolf choir"
005_005311.mp3,"styles Experimental, Electronic; tags wolf choir"
005_005312.mp3,"styles Experimental, Electronic; tags wolf choir"
005_005314.mp3,"styles Experimental, Electronic; tags wolf choir"
005_005315.mp3,"styles Experimental, Electronic; tags wolf choir"
005_005318.mp3,"styles Experimental, Electronic; tags wolf choir"
005_005370.mp3,"This is information; genre Electronic; styles Breakcore - Hard, Electronic; tags brazil, retrigger"
005_005375.mp3,Written by Mary Halvorson Licensed under Creative Commons nc-sa-3.0 UShttp://creativecommons.org/licenses/by-nc-sa/3.0/; genre Folk; styles Folk; tags mary
005_005395.mp3,"Cover of a Cambodian folk tune. Two original versions can be found on ""Cambodian Casette Archives"""
005_005396.mp3,Cover of a 90s Turkish pop tune which itself turned out to be the cover of
005_005397.mp3,"Live improv from Peyote bar in Istanbul. Played as ""find-a-name-for-this-improv"" contest and the song title (translates"
005_005398.mp3,"Live in the studio with a guitar and drums, no overdubs. A semi-improv highly inspired by"
005_005400.mp3,"Live in the studio with a guitar and drums, no overdubs. The title translates as ""Roses"
005_005401.mp3,Cover of a song which was heard by the band through some online Malaysian radio channel.
005_005402.mp3,"Cover of the 80s mega hit Lambada by Kaoma, which was the cover of ""Llorando Se"
005_005403.mp3,"Live in the studio with a guitar and drums, no overdubs; styles Psych-Rock, International, Rock, African;"
005_005404.mp3,"genre Rock; styles Punk, Rock, Power-Pop; tags thomas function"
005_005405.mp3,"genre Rock; styles Punk, Rock, Power-Pop; tags thomas function"
005_005406.mp3,"genre Rock; styles Punk, Rock, Power-Pop; tags thomas function"
005_005407.mp3,"genre Rock; styles Punk, Rock, Power-Pop; tags thomas function"
005_005408.mp3,"genre Rock; styles Punk, Rock, Power-Pop; tags thomas function"
005_005409.mp3,"genre Rock; styles Punk, Rock, Power-Pop; tags thomas function"
005_005410.mp3,"genre Rock; styles Punk, Rock, Power-Pop; tags thomas function"
005_005412.mp3,"genre Rock; styles Punk, Rock, Power-Pop; tags thomas function"
005_005441.mp3,"styles Death-Metal, Rock, Electronic, Breakcore - Hard, Metal; tags animosity amp drumcorps"
005_005442.mp3,"styles Death-Metal, Rock, Electronic, Breakcore - Hard, Metal; tags animosity amp drumcorps"
005_005474.mp3,"genre Rock; styles Lo-Fi, Rock; tags children, jim reeves, youth performance, country, youth performer, r stevie"
005_005481.mp3,"genre Rock; styles Lo-Fi, Rock; tags children, jim reeves, youth performance, country, youth performer, r stevie"
005_005513.mp3,"genre Rock; styles Lo-Fi, Rock; tags children, jim reeves, youth performance, country, youth performer, r stevie"
005_005517.mp3,"genre Rock; styles Lo-Fi, Rock; tags children, jim reeves, youth performance, country, youth performer, r stevie"
005_005562.mp3,"genre Rock; styles Lo-Fi, Rock; tags children, jim reeves, youth performance, country, youth performer, r stevie"
005_005566.mp3,"genre Rock; styles Lo-Fi, Rock; tags children, jim reeves, youth performance, country, youth performer, r stevie"
005_005567.mp3,"genre Rock; styles Lo-Fi, Rock; tags children, jim reeves, youth performance, country, youth performer, r stevie"
005_005569.mp3,"genre Rock; styles Lo-Fi, Rock; tags children, jim reeves, youth performance, country, youth performer, r stevie"
005_005571.mp3,"genre Rock; styles Lo-Fi, Rock; tags children, jim reeves, youth performance, country, youth performer, r stevie"
005_005572.mp3,"genre Rock; styles Lo-Fi, Rock; tags children, jim reeves, youth performance, country, youth performer, r stevie"
005_005617.mp3,"styles Punk, Pop, Rock; tags tuam ireland pop punk noise korea, so cow"
005_005618.mp3,"styles Punk, Pop, Rock; tags tuam ireland pop punk noise korea, so cow"
005_005619.mp3,"styles Punk, Pop, Rock; tags tuam ireland pop punk noise korea, so cow"
005_005620.mp3,"styles Punk, Pop, Rock; tags tuam ireland pop punk noise korea, so cow"
005_005621.mp3,"styles Punk, Pop, Rock; tags tuam ireland pop punk noise korea, so cow"
005_005622.mp3,"styles Punk, Pop, Rock; tags tuam ireland pop punk noise korea, so cow"
005_005623.mp3,"styles Punk, Pop, Rock; tags tuam ireland pop punk noise korea, so cow"
005_005624.mp3,"styles Punk, Pop, Rock; tags tuam ireland pop punk noise korea, so cow"
005_005625.mp3,"styles Punk, Pop, Rock; tags tuam ireland pop punk noise korea, so cow"
005_005864.mp3,"styles Psych-Folk, Indie-Rock, Pop, Rock, Experimental Pop, Folk; tags in her dream, bob wiseman"
005_005865.mp3,"styles Psych-Folk, Indie-Rock, Pop, Rock, Experimental Pop, Folk; tags in her dream, bob wiseman"
005_005866.mp3,"styles Psych-Folk, Indie-Rock, Pop, Rock, Experimental Pop, Folk; tags in her dream, bob wiseman"
005_005867.mp3,"styles Psych-Folk, Indie-Rock, Pop, Rock, Experimental Pop, Folk; tags in her dream, bob wiseman"
005_005868.mp3,"styles Psych-Folk, Indie-Rock, Pop, Rock, Experimental Pop, Folk; tags in her dream, bob wiseman"
005_005869.mp3,"styles Psych-Folk, Indie-Rock, Pop, Rock, Experimental Pop, Folk; tags in her dream, bob wiseman"
005_005870.mp3,"styles Psych-Folk, Indie-Rock, Pop, Rock, Experimental Pop, Folk; tags in her dream, bob wiseman"
005_005871.mp3,"styles Psych-Folk, Indie-Rock, Pop, Rock, Experimental Pop, Folk; tags in her dream, bob wiseman"
005_005872.mp3,"styles Psych-Folk, Indie-Rock, Pop, Rock, Experimental Pop, Folk; tags in her dream, bob wiseman"
005_005873.mp3,"styles Psych-Folk, Indie-Rock, Pop, Rock, Experimental Pop, Folk; tags in her dream, bob wiseman"
005_005875.mp3,"styles Psych-Folk, Indie-Rock, Pop, Rock, Experimental Pop, Folk; tags in her dream, bob wiseman"
005_005876.mp3,"styles Psych-Folk, Indie-Rock, Pop, Rock, Experimental Pop, Folk; tags in her dream, bob wiseman"
005_005878.mp3,"styles Psych-Folk, Indie-Rock, Pop, Rock, Experimental Pop, Folk; tags in her dream, bob wiseman"
005_005915.mp3,"styles Folk, International; tags marianne dissard, tucson, sonoran desert, arizona, calexico, pop, france, chanteuse, folk, chanson,"
005_005916.mp3,"styles Folk, International; tags marianne dissard, tucson, sonoran desert, arizona, calexico, pop, france, chanteuse, folk, chanson,"
005_005917.mp3,"styles Folk, International; tags marianne dissard, tucson, sonoran desert, arizona, calexico, pop, france, chanteuse, folk, chanson,"
005_005918.mp3,"styles Folk, International; tags marianne dissard, tucson, sonoran desert, arizona, calexico, pop, france, chanteuse, folk, chanson,"
005_005919.mp3,"styles Folk, International; tags marianne dissard, tucson, sonoran desert, arizona, calexico, pop, france, chanteuse, folk, chanson,"
005_005921.mp3,tags cheetah chrome
005_005922.mp3,tags cheetah chrome
005_005923.mp3,tags cheetah chrome
005_005925.mp3,tags cheetah chrome
005_005955.mp3,"genre Jazz; styles Jazz: Out, Jazz; tags jeremiah cymerman"
005_005964.mp3,"styles Industrial, No Wave, Rock, Electronic, Punk; tags cold cave"
005_005965.mp3,"styles Industrial, No Wave, Rock, Electronic, Punk; tags cold cave"
005_005966.mp3,"styles Industrial, No Wave, Rock, Electronic, Punk; tags cold cave"
005_005967.mp3,"styles Industrial, No Wave, Rock, Electronic, Punk; tags cold cave"
005_005986.mp3,genre Rock; styles Rock; tags gentleman jesse
005_005987.mp3,genre Rock; styles Rock; tags gentleman jesse
005_005988.mp3,genre Rock; styles Rock; tags gentleman jesse
005_005989.mp3,genre Rock; styles Rock; tags gentleman jesse
005_005990.mp3,genre Rock; styles Rock; tags gentleman jesse
005_005991.mp3,genre Rock; styles Rock; tags gentleman jesse
005_005992.mp3,genre Rock; styles Rock; tags gentleman jesse
005_005993.mp3,genre Rock; styles Rock; tags gentleman jesse
006_006001.mp3,"styles Folk, Pop, Electronic; tags the space lady aka suzy soundz"
006_006002.mp3,"styles Folk, Pop, Electronic; tags the space lady aka suzy soundz"
006_006003.mp3,"styles Folk, Pop, Electronic; tags the space lady aka suzy soundz"
006_006004.mp3,"styles Folk, Pop, Electronic; tags the space lady aka suzy soundz"
006_006173.mp3,"styles Experimental, Pop, Experimental Pop, Audio Collage; tags flavia amp the motonets"
006_006174.mp3,"styles Experimental, Pop, Experimental Pop, Audio Collage; tags flavia amp the motonets"
006_006176.mp3,"styles Experimental, Pop, Experimental Pop, Audio Collage; tags flavia amp the motonets"
006_006177.mp3,"styles Experimental, Pop, Experimental Pop, Audio Collage; tags flavia amp the motonets"
006_006179.mp3,"styles Experimental, Pop, Experimental Pop, Audio Collage; tags flavia amp the motonets"
006_006265.mp3,"styles Experimental, Audio Collage, Electronic; tags kapi, okapi"
006_006266.mp3,"styles Experimental, Audio Collage, Electronic; tags kapi, okapi"
006_006268.mp3,"styles Experimental, Audio Collage, Electronic; tags kapi, okapi"
006_006269.mp3,"styles Experimental, Audio Collage, Electronic; tags kapi, okapi"
006_006270.mp3,"styles Experimental, Audio Collage, Electronic; tags kapi, okapi"
006_006271.mp3,"styles Experimental, Audio Collage, Electronic; tags kapi, okapi"
006_006272.mp3,"styles Experimental, Audio Collage, Electronic; tags kapi, okapi"
006_006327.mp3,"The beginnings of understanding autism go back to the 19th century, and they were worked out"
006_006355.mp3,"genre International; styles International, Balkan; tags zlatne uste balkan brass band"
006_006364.mp3,"styles International, Europe, Jazz, Free-Jazz, Balkan; tags matt darriaus paradox trio"
006_006369.mp3,"genre International; styles International, Balkan; tags zlatne uste balkan brass band"
006_006374.mp3,"genre International; styles International, Balkan; tags zlatne uste balkan brass band"
006_006375.mp3,"styles International, Europe, Jazz, Free-Jazz, Balkan; tags matt darriaus paradox trio"
006_006388.mp3,"styles International, Europe, Jazz, Free-Jazz, Balkan; tags matt darriaus paradox trio"
006_006392.mp3,"genre International; styles International, Balkan; tags zlatne uste balkan brass band"
006_006395.mp3,"styles International, Europe, Jazz, Free-Jazz, Balkan; tags matt darriaus paradox trio"
006_006397.mp3,"styles Psych-Folk, Pop, Experimental Pop, Folk; tags ducktails"
006_006398.mp3,"styles Psych-Folk, Pop, Experimental Pop, Folk; tags ducktails"
006_006399.mp3,"styles Psych-Folk, Pop, Experimental Pop, Folk; tags ducktails"
006_006400.mp3,"styles Psych-Folk, Pop, Experimental Pop, Folk; tags ducktails"
006_006401.mp3,"styles Psych-Folk, Pop, Experimental Pop, Folk; tags ducktails"
006_006402.mp3,"styles Psych-Folk, Pop, Experimental Pop, Folk; tags ducktails"
006_006403.mp3,"styles Psych-Folk, Pop, Experimental Pop, Folk; tags ducktails"
006_006404.mp3,"genre Folk; styles Psych-Folk, Folk; tags mv ee"
006_006405.mp3,"genre Folk; styles Psych-Folk, Folk; tags mv ee"
006_006408.mp3,"genre Folk; styles Psych-Folk, Folk; tags mv ee"
006_006409.mp3,"genre Experimental; styles Noise, Avant-Garde, Experimental, Audio Collage; tags baltimore, tarantula hill, chicago, nautical almanac"
006_006410.mp3,"genre Experimental; styles Noise, Avant-Garde, Experimental, Audio Collage; tags baltimore, tarantula hill, chicago, nautical almanac"
006_006411.mp3,"genre Experimental; styles Noise, Avant-Garde, Experimental, Audio Collage; tags baltimore, tarantula hill, chicago, nautical almanac"
006_006449.mp3,genre Hip-Hop; styles Hip-Hop; tags epmd
006_006510.mp3,"styles Avant-Garde, Spoken, Experimental; tags baltimore, lexie mountain boys"
006_006511.mp3,"styles Avant-Garde, Spoken, Experimental; tags baltimore, lexie mountain boys"
006_006512.mp3,"styles Avant-Garde, Spoken, Experimental; tags baltimore, lexie mountain boys"
006_006515.mp3,"styles Avant-Garde, Spoken, Experimental; tags baltimore, lexie mountain boys"
006_006562.mp3,"styles Country, Rock, Folk; tags edith frost"
006_006564.mp3,"styles Country, Rock, Folk; tags edith frost"
006_006565.mp3,"styles Country, Rock, Folk; tags edith frost"
006_006566.mp3,"styles Country, Rock, Folk; tags edith frost"
006_006567.mp3,"styles Country, Rock, Folk; tags edith frost"
006_006568.mp3,"styles Country, Rock, Folk; tags edith frost"
006_006569.mp3,"styles Country, Rock, Folk; tags edith frost"
006_006571.mp3,"styles Country, Rock, Folk; tags edith frost"
006_006572.mp3,"styles Country, Rock, Folk; tags edith frost"
006_006574.mp3,"styles Country, Rock, Folk; tags edith frost"
006_006585.mp3,genre Spoken; styles Spoken; tags dale
006_006586.mp3,genre Spoken; styles Spoken; tags dale
006_006587.mp3,genre Spoken; styles Spoken; tags dale
006_006589.mp3,genre Spoken; styles Spoken; tags dale
006_006590.mp3,genre Spoken; styles Spoken; tags dale
006_006599.mp3,"genre Rock; styles Indie-Rock, Rock; tags eskalators"
006_006604.mp3,genre Hip-Hop; styles Hip-Hop; tags height with friends
006_006629.mp3,"genre Rock; styles Rock, Loud-Rock; tags michael jordan"
006_006636.mp3,"genre Experimental; styles Experimental; tags baltimore, teeth mountain"
006_006638.mp3,"genre Jazz; styles Jazz: Out, Jazz; tags western mass, free-jazz, avant-garde, jazz, improvisational, pyramid scheme trio,"
006_006639.mp3,"genre Jazz; styles Jazz: Out, Jazz; tags western mass, free-jazz, avant-garde, jazz, improvisational, pyramid scheme trio,"
006_006641.mp3,"genre Jazz; styles Jazz: Out, Jazz; tags western mass, free-jazz, avant-garde, jazz, improvisational, pyramid scheme trio,"
006_006667.mp3,"genre Experimental; styles Avant-Garde, Experimental; tags brooklyn, mikey iq jones, brown wing overdrive, yuriko higuchi, derek"
006_006668.mp3,tags eddie the rat
006_006670.mp3,"genre Rock; styles Psych-Rock, Rock; tags flaming fire"
006_006676.mp3,"genre Experimental; styles Noise, Experimental; tags jarrod fowler"
006_006678.mp3,"genre Experimental; styles Noise, Experimental; tags jarrod fowler"
006_006681.mp3,"genre Experimental; styles Noise, Experimental; tags jarrod fowler"
006_006682.mp3,"genre Experimental; styles Noise, Experimental; tags jarrod fowler"
006_006683.mp3,"genre Experimental; styles Noise, Experimental; tags jarrod fowler"
006_006713.mp3,"genre Experimental; styles Noise, Experimental; tags jarrod fowler"
006_006715.mp3,"genre Rock; styles Rock, Loud-Rock, Noise-Rock, Sludge, Metal; tags black metal, tombs"
006_006722.mp3,"styles Noise, Experimental, Electronic; tags bronhardgoingpublic"
006_006723.mp3,"styles Noise, Experimental, Electronic; tags bronhardgoingpublic"
006_006724.mp3,"styles Noise, Experimental, Electronic; tags bronhardgoingpublic"
006_006725.mp3,"styles Noise, Experimental, Electronic; tags bronhardgoingpublic"
006_006726.mp3,"styles Noise, Experimental, Electronic; tags bronhardgoingpublic"
006_006727.mp3,"styles Noise, Experimental, Electronic; tags bronhardgoingpublic"
006_006728.mp3,"styles Noise, Experimental, Electronic; tags bronhardgoingpublic"
006_006729.mp3,"styles Noise, Experimental, Electronic; tags bronhardgoingpublic"
006_006730.mp3,"styles Noise, Experimental, Electronic; tags bronhardgoingpublic"
006_006731.mp3,"styles Noise, Experimental, Electronic; tags bronhardgoingpublic"
006_006732.mp3,"styles Noise, Experimental, Electronic; tags bronhardgoingpublic"
006_006733.mp3,exclusive session recorded in December 2008! Robert Lippok: computer & sound f/x Beatrice Martini: harp &
006_006754.mp3,genre Electronic; styles Electronic; tags james amoeba
006_006756.mp3,genre Electronic; styles Electronic; tags james amoeba
006_006763.mp3,genre Electronic; styles Electronic; tags dave public
006_006764.mp3,genre Electronic; styles Electronic; tags dave public
006_006766.mp3,genre Electronic; styles Electronic; tags dave public
006_006767.mp3,genre Electronic; styles Electronic; tags dave public
006_006768.mp3,genre Electronic; styles Electronic; tags dave public
006_006769.mp3,genre Electronic; styles Electronic; tags dave public
006_006771.mp3,genre Electronic; styles Electronic; tags dave public
006_006772.mp3,genre Electronic; styles Electronic; tags dave public
006_006773.mp3,genre Electronic; styles Electronic; tags dave public
006_006774.mp3,genre Electronic; styles Electronic; tags dave public
006_006775.mp3,genre Electronic; styles Electronic; tags dave public
006_006786.mp3,genre Folk; styles Folk; tags cath and phil tyler
006_006789.mp3,"genre Pop; styles Pop, Experimental Pop; tags athens ga, bird names, athens, vermont, chicago, fun, brattleboro"
006_006790.mp3,"genre Pop; styles Pop, Experimental Pop; tags athens ga, bird names, athens, vermont, chicago, fun, brattleboro"
006_006791.mp3,"genre Pop; styles Pop, Experimental Pop; tags athens ga, bird names, athens, vermont, chicago, fun, brattleboro"
006_006792.mp3,"genre Pop; styles Pop, Experimental Pop; tags athens ga, bird names, athens, vermont, chicago, fun, brattleboro"
006_006793.mp3,"genre Pop; styles Pop, Experimental Pop; tags athens ga, bird names, athens, vermont, chicago, fun, brattleboro"
006_006794.mp3,"tags athens ga, bird names, athens, vermont, chicago, fun, brattleboro"
006_006795.mp3,"genre Pop; styles Pop, Experimental Pop; tags athens ga, bird names, athens, vermont, chicago, fun, brattleboro"
006_006796.mp3,"genre Pop; styles Pop, Experimental Pop; tags athens ga, bird names, athens, vermont, chicago, fun, brattleboro"
006_006797.mp3,genre Electronic; styles Electronic
006_006798.mp3,genre Electronic; styles Electronic
006_006799.mp3,genre Electronic; styles Electronic
006_006800.mp3,genre Electronic; styles Electronic
006_006801.mp3,genre Electronic; styles Electronic
006_006804.mp3,"styles Psych-Rock, Rock, Experimental; tags experimental brooklyn, gary war, experimental rock, experimental, experimental pop"
006_006805.mp3,"styles Psych-Rock, Rock, Experimental; tags experimental brooklyn, gary war, experimental rock, experimental, experimental pop"
006_006806.mp3,"styles Psych-Rock, Rock, Experimental; tags experimental brooklyn, gary war, experimental rock, experimental, experimental pop"
006_006807.mp3,"styles Psych-Rock, Rock, Experimental; tags experimental brooklyn, gary war, experimental rock, experimental, experimental pop"
006_006808.mp3,"styles Psych-Rock, Rock, Experimental; tags experimental brooklyn, gary war, experimental rock, experimental, experimental pop"
006_006809.mp3,"styles Psych-Rock, Rock, Experimental; tags experimental brooklyn, gary war, experimental rock, experimental, experimental pop"
006_006828.mp3,"genre Rock; styles Psych-Rock, Rock; tags the jowe head band"
006_006829.mp3,"genre Rock; styles Psych-Rock, Rock; tags the jowe head band"
006_006830.mp3,"genre Rock; styles Psych-Rock, Rock; tags the jowe head band"
006_006833.mp3,"genre Rock; styles Psych-Rock, Rock; tags the jowe head band"
006_006834.mp3,"genre Rock; styles Psych-Rock, Rock; tags the jowe head band"
006_006835.mp3,"genre Rock; styles Psych-Rock, Rock; tags the jowe head band"
006_006839.mp3,"genre Rock; styles Indie-Rock, Rock; tags jerusalem amp the starbaskets"
006_006840.mp3,"genre Rock; styles Indie-Rock, Rock; tags jerusalem amp the starbaskets"
006_006841.mp3,"genre Rock; styles Indie-Rock, Rock; tags jerusalem amp the starbaskets"
006_006843.mp3,"genre Rock; styles Indie-Rock, Rock; tags jerusalem amp the starbaskets"
006_006846.mp3,"genre Rock; styles Indie-Rock, Rock; tags jerusalem amp the starbaskets"
006_006848.mp3,"genre Rock; styles Indie-Rock, Rock; tags jerusalem amp the starbaskets"
006_006849.mp3,"genre Rock; styles Psych-Rock, Rock; tags the jowe head band"
006_006851.mp3,"genre Rock; styles Psych-Rock, Rock; tags the jowe head band"
006_006858.mp3,"genre Folk; styles Psych-Folk, Folk; tags mv ee and willie lane"
006_006860.mp3,"genre Folk; styles Psych-Folk, Folk; tags mv ee and willie lane"
006_006861.mp3,"styles Folk, Spoken Word, Spoken; tags montreal, valerie webber"
006_006862.mp3,"styles Folk, Spoken Word, Spoken; tags montreal, valerie webber"
006_006863.mp3,"styles Folk, Spoken Word, Spoken; tags montreal, valerie webber"
006_006864.mp3,"styles Folk, Indie-Rock, Rock; tags mimi sun"
006_006865.mp3,"styles Folk, Indie-Rock, Rock; tags mimi sun"
006_006866.mp3,"styles Folk, Indie-Rock, Rock; tags mimi sun"
006_006867.mp3,"styles Folk, Indie-Rock, Rock; tags mimi sun"
006_006868.mp3,"styles Folk, Indie-Rock, Rock; tags mimi sun"
006_006877.mp3,"styles Pop, Electronic; tags hawnay troof"
006_006878.mp3,"styles Pop, Electronic; tags hawnay troof"
006_006879.mp3,"styles Pop, Electronic; tags hawnay troof"
006_006881.mp3,"genre Spoken; styles Poetry, Spoken; tags jaap blonk"
006_006882.mp3,"styles Avant-Garde, Experimental, Rock, Drone, Electronic, Space-Rock, Post-Rock; tags experimental, avant-garde, theremin, drone, the lothars"
006_006883.mp3,"styles Avant-Garde, Experimental, Rock, Drone, Electronic, Space-Rock, Post-Rock; tags experimental, avant-garde, theremin, drone, the lothars"
006_006884.mp3,"styles Avant-Garde, Experimental, Rock, Drone, Electronic, Space-Rock, Post-Rock; tags experimental, avant-garde, theremin, drone, the lothars"
006_006885.mp3,"styles Avant-Garde, Experimental, Rock, Drone, Electronic, Space-Rock, Post-Rock; tags experimental, avant-garde, theremin, drone, the lothars"
006_006886.mp3,"styles Avant-Garde, Experimental, Rock, Drone, Electronic, Space-Rock, Post-Rock; tags experimental, avant-garde, theremin, drone, the lothars"
006_006887.mp3,"styles Avant-Garde, Experimental, Rock, Drone, Electronic, Space-Rock, Post-Rock; tags experimental, avant-garde, theremin, drone, the lothars"
006_006888.mp3,"styles Avant-Garde, Experimental, Rock, Drone, Electronic, Space-Rock, Post-Rock; tags experimental, avant-garde, theremin, drone, the lothars"
006_006889.mp3,"styles Avant-Garde, Experimental, Rock, Drone, Electronic, Space-Rock, Post-Rock; tags experimental, avant-garde, theremin, drone, the lothars"
006_006890.mp3,"styles Avant-Garde, Experimental, Rock, Drone, Electronic, Space-Rock, Post-Rock; tags experimental, avant-garde, theremin, drone, the lothars"
006_006963.mp3,genre Jazz; styles Jazz; tags hat city intuitive
006_006964.mp3,genre Jazz; styles Jazz; tags hat city intuitive
006_006965.mp3,genre Jazz; styles Jazz; tags hat city intuitive
006_006966.mp3,genre Jazz; styles Jazz; tags hat city intuitive
006_006967.mp3,genre Jazz; styles Jazz; tags hat city intuitive
006_006968.mp3,genre Jazz; styles Jazz; tags hat city intuitive
007_007022.mp3,"genre Electronic; styles Electronic; tags chill out, netlabels, chill, europe, sound art, glitch, electro, electronic, international,"
007_007023.mp3,"genre Electronic; styles Electronic; tags chill out, netlabels, chill, europe, sound art, glitch, electro, electronic, international,"
007_007044.mp3,"genre Electronic; styles Electronic; tags chill out, netlabels, chill, europe, sound art, glitch, electro, electronic, international,"
007_007045.mp3,"genre Electronic; styles Electronic; tags chill out, netlabels, chill, europe, sound art, glitch, electro, electronic, international,"
007_007046.mp3,"styles Noise, Experimental, Pop, Rock, Punk; tags tuam ireland pop punk noise korea, so cow"
007_007047.mp3,"styles Noise, Experimental, Pop, Rock, Punk; tags tuam ireland pop punk noise korea, so cow"
007_007048.mp3,"styles Noise, Experimental, Pop, Rock, Punk; tags tuam ireland pop punk noise korea, so cow"
007_007049.mp3,"styles Noise, Experimental, Pop, Rock, Punk; tags tuam ireland pop punk noise korea, so cow"
007_007050.mp3,"styles Noise, Experimental, Pop, Rock, Punk; tags tuam ireland pop punk noise korea, so cow"
007_007051.mp3,"styles Noise, Experimental, Pop, Rock, Punk; tags tuam ireland pop punk noise korea, so cow"
007_007052.mp3,"styles Noise, Experimental, Pop, Rock, Punk; tags tuam ireland pop punk noise korea, so cow"
007_007063.mp3,"genre Rock; styles Punk, Rock; tags tough darts"
007_007064.mp3,"genre Rock; styles Punk, Rock; tags tough darts"
007_007065.mp3,"genre Rock; styles Punk, Rock; tags tough darts"
007_007066.mp3,"genre Rock; styles Punk, Rock; tags tough darts"
007_007067.mp3,"genre Rock; styles Punk, Rock; tags tough darts"
007_007068.mp3,"genre Rock; styles Punk, Rock; tags tough darts"
007_007069.mp3,"genre Rock; styles Punk, Rock; tags tough darts"
007_007070.mp3,"genre Rock; styles Punk, Rock; tags tough darts"
007_007071.mp3,"genre Rock; styles Punk, Rock; tags tough darts"
007_007073.mp3,"genre Rock; styles Punk, Rock; tags tough darts"
007_007074.mp3,"genre Rock; styles Punk, Rock; tags tough darts"
007_007075.mp3,"genre Rock; styles Punk, Rock; tags tough darts"
007_007110.mp3,"genre Rock; styles Punk, Rock; tags tough darts"
007_007112.mp3,"styles Psych-Folk, Europe, International, Jazz, Experimental, Free-Jazz, Folk; tags poland, projekt karpaty magiczne magic carpathians, improvisational"
007_007113.mp3,"styles Psych-Folk, Europe, International, Jazz, Experimental, Free-Jazz, Folk; tags poland, projekt karpaty magiczne magic carpathians, improvisational"
007_007114.mp3,"styles Psych-Folk, Europe, International, Jazz, Experimental, Free-Jazz, Folk; tags poland, projekt karpaty magiczne magic carpathians, improvisational"
007_007115.mp3,"styles Psych-Folk, Europe, International, Jazz, Experimental, Free-Jazz, Folk; tags poland, projekt karpaty magiczne magic carpathians, improvisational"
007_007116.mp3,"styles Psych-Folk, Europe, International, Jazz, Experimental, Free-Jazz, Folk; tags poland, projekt karpaty magiczne magic carpathians, improvisational"
007_007117.mp3,"styles Psych-Folk, Europe, International, Jazz, Experimental, Free-Jazz, Folk; tags poland, projekt karpaty magiczne magic carpathians, improvisational"
007_007118.mp3,"styles Psych-Folk, Europe, International, Jazz, Experimental, Free-Jazz, Folk; tags poland, projekt karpaty magiczne magic carpathians, improvisational"
007_007119.mp3,"styles Psych-Folk, Europe, International, Jazz, Experimental, Free-Jazz, Folk; tags poland, projekt karpaty magiczne magic carpathians, improvisational"
007_007120.mp3,"styles Psych-Folk, Europe, International, Jazz, Experimental, Free-Jazz, Folk; tags poland, projekt karpaty magiczne magic carpathians, improvisational"
007_007122.mp3,genre Folk; styles Folk; tags pg six
007_007124.mp3,genre Folk; styles Folk; tags pg six
007_007132.mp3,"genre Rock; styles Indie-Rock, Rock; tags nick hennies"
007_007152.mp3,"styles Folk, International, Experimental; tags sun city girls, fingerstyle guitar, guitar, sir richard bishop"
007_007153.mp3,"styles Folk, International, Experimental; tags sun city girls, fingerstyle guitar, guitar, sir richard bishop"
007_007155.mp3,"styles Folk, International, Experimental; tags sun city girls, fingerstyle guitar, guitar, sir richard bishop"
007_007156.mp3,"styles Folk, International, Experimental; tags sun city girls, fingerstyle guitar, guitar, sir richard bishop"
007_007157.mp3,"styles Folk, International, Experimental; tags sun city girls, fingerstyle guitar, guitar, sir richard bishop"
007_007160.mp3,genre Rock; styles Rock; tags 50footwave
007_007169.mp3,"genre Folk; styles Free-Folk, Folk; tags tower recordings"
007_007170.mp3,"genre Folk; styles Free-Folk, Folk; tags tower recordings"
007_007171.mp3,"genre Folk; styles Free-Folk, Folk; tags tower recordings"
007_007174.mp3,"genre Experimental; styles Noise, Experimental, Drone; tags double leopards"
007_007179.mp3,tags meanest man contest
007_007180.mp3,tags meanest man contest
007_007181.mp3,tags meanest man contest
007_007182.mp3,tags meanest man contest
007_007196.mp3,"genre Rock; styles Electro-Punk, Punk, Rock; tags the death set"
007_007200.mp3,"genre Rock; styles Electro-Punk, Punk, Rock; tags the death set"
007_007204.mp3,"genre Rock; styles Electro-Punk, Punk, Rock; tags the death set"
007_007206.mp3,"genre Experimental; styles Noise, Experimental, Drone; tags double leopards"
007_007207.mp3,"genre Experimental; styles Noise, Experimental, Drone; tags double leopards"
007_007209.mp3,genre Rock; styles Rock; tags monotonix
007_007212.mp3,genre Rock; styles Rock; tags monotonix
007_007260.mp3,"genre Rock; styles Psych-Rock, Rock, Garage; tags monotonix"
007_007261.mp3,"genre Rock; styles Psych-Rock, Rock, Garage; tags monotonix"
007_007263.mp3,"genre Rock; styles Psych-Rock, Rock, Garage; tags monotonix"
007_007326.mp3,genre Experimental; styles Experimental; tags fortyone
007_007327.mp3,genre Experimental; styles Experimental; tags fortyone
007_007328.mp3,genre Experimental; styles Experimental; tags fortyone
007_007329.mp3,genre Experimental; styles Experimental; tags fortyone
007_007330.mp3,genre Experimental; styles Experimental; tags fortyone
007_007331.mp3,genre Experimental; styles Experimental; tags fortyone
007_007332.mp3,genre Experimental; styles Experimental; tags fortyone
007_007333.mp3,genre Experimental; styles Experimental; tags fortyone
007_007334.mp3,genre Experimental; styles Experimental; tags fortyone
007_007336.mp3,genre Experimental; styles Experimental; tags fortyone
007_007337.mp3,genre Experimental; styles Experimental; tags fortyone
007_007338.mp3,genre Experimental; styles Experimental; tags fortyone
007_007339.mp3,genre Experimental; styles Experimental; tags fortyone
007_007340.mp3,genre Experimental; styles Experimental; tags fortyone
007_007341.mp3,genre Experimental; styles Experimental; tags fortyone
007_007342.mp3,genre Experimental; styles Experimental; tags fortyone
007_007344.mp3,genre Experimental; styles Experimental; tags fortyone
007_007345.mp3,genre Experimental; styles Experimental; tags fortyone
007_007346.mp3,genre Experimental; styles Experimental; tags fortyone
007_007347.mp3,genre Experimental; styles Experimental; tags fortyone
007_007348.mp3,genre Experimental; styles Experimental; tags fortyone
007_007349.mp3,genre Experimental; styles Experimental; tags fortyone
007_007380.mp3,"genre Experimental; styles Experimental, Audio Collage; tags lucky dragons"
007_007382.mp3,"genre Experimental; styles Experimental, Audio Collage; tags lucky dragons"
007_007384.mp3,"genre Experimental; styles Experimental, Audio Collage; tags lucky dragons"
007_007387.mp3,"genre Experimental; styles Experimental, Audio Collage; tags lucky dragons"
007_007389.mp3,"genre Experimental; styles Experimental, Audio Collage; tags lucky dragons"
007_007390.mp3,"genre Experimental; styles Experimental, Audio Collage; tags lucky dragons"
007_007394.mp3,genre Experimental; styles Experimental; tags fortyone
007_007395.mp3,genre Experimental; styles Experimental; tags fortyone
007_007396.mp3,genre Experimental; styles Experimental; tags fortyone
007_007397.mp3,genre Experimental; styles Experimental; tags fortyone
007_007398.mp3,genre Experimental; styles Experimental; tags fortyone
007_007399.mp3,genre Experimental; styles Experimental; tags fortyone
007_007401.mp3,genre Experimental; styles Experimental; tags fortyone
007_007402.mp3,genre Experimental; styles Experimental; tags fortyone
007_007403.mp3,genre Experimental; styles Experimental; tags fortyone
007_007404.mp3,genre Experimental; styles Experimental; tags fortyone
007_007405.mp3,genre Experimental; styles Experimental; tags fortyone
007_007406.mp3,genre Experimental; styles Experimental; tags fortyone
007_007407.mp3,genre Experimental; styles Experimental; tags fortyone
007_007422.mp3,genre Experimental; styles Experimental; tags fortyone
007_007423.mp3,genre Experimental; styles Experimental; tags fortyone
007_007424.mp3,genre Experimental; styles Experimental; tags fortyone
007_007425.mp3,genre Experimental; styles Experimental; tags fortyone
007_007426.mp3,genre Experimental; styles Experimental; tags fortyone
007_007427.mp3,genre Experimental; styles Experimental; tags fortyone
007_007428.mp3,genre Experimental; styles Experimental; tags fortyone
007_007429.mp3,genre Experimental; styles Experimental; tags fortyone
007_007430.mp3,genre Experimental; styles Experimental; tags fortyone
007_007439.mp3,genre Experimental; styles Experimental; tags fortyone
007_007441.mp3,"styles Rock, Loud-Rock, Experimental; tags providence, providence ri, providence noise rock, lightning bolt"
007_007442.mp3,"styles Rock, Loud-Rock, Experimental; tags providence, providence ri, providence noise rock, lightning bolt"
007_007443.mp3,"styles Rock, Loud-Rock, Experimental; tags providence, providence ri, providence noise rock, lightning bolt"
007_007444.mp3,"styles Rock, Loud-Rock, Experimental; tags providence, providence ri, providence noise rock, lightning bolt"
007_007445.mp3,"styles Rock, Loud-Rock, Experimental; tags providence, providence ri, providence noise rock, lightning bolt"
007_007446.mp3,"styles Rock, Loud-Rock, Experimental; tags providence, providence ri, providence noise rock, lightning bolt"
007_007447.mp3,"styles Rock, Loud-Rock, Experimental; tags providence, providence ri, providence noise rock, lightning bolt"
007_007448.mp3,"styles Rock, Loud-Rock, Experimental; tags providence, providence ri, providence noise rock, lightning bolt"
007_007449.mp3,"genre Rock; styles Rock; tags neo-psychedelic, psychedelic, brian jonestown massacre"
007_007454.mp3,"genre Rock; styles Rock; tags neo-psychedelic, psychedelic, brian jonestown massacre"
007_007458.mp3,"genre Rock; styles Rock; tags neo-psychedelic, psychedelic, brian jonestown massacre"
007_007461.mp3,"genre Rock; styles Rock; tags neo-psychedelic, psychedelic, brian jonestown massacre"
007_007462.mp3,"styles Noise, Alternative Hip-Hop, Experimental, Rock, Hip-Hop, Punk; tags rose for bohdan"
007_007463.mp3,"styles Noise, Alternative Hip-Hop, Experimental, Rock, Hip-Hop, Punk; tags rose for bohdan"
007_007464.mp3,"styles Noise, Alternative Hip-Hop, Experimental, Rock, Hip-Hop, Punk; tags rose for bohdan"
007_007465.mp3,"styles Noise, Alternative Hip-Hop, Experimental, Rock, Hip-Hop, Punk; tags rose for bohdan"
007_007466.mp3,"styles Noise, Alternative Hip-Hop, Experimental, Rock, Hip-Hop, Punk; tags rose for bohdan"
007_007467.mp3,"styles Noise, Alternative Hip-Hop, Experimental, Rock, Hip-Hop, Punk; tags rose for bohdan"
007_007468.mp3,"styles Noise, Alternative Hip-Hop, Experimental, Rock, Hip-Hop, Punk; tags rose for bohdan"
007_007469.mp3,"styles Noise, Alternative Hip-Hop, Experimental, Rock, Hip-Hop, Punk; tags rose for bohdan"
007_007470.mp3,"styles Noise, Alternative Hip-Hop, Experimental, Rock, Hip-Hop, Punk; tags rose for bohdan"
007_007471.mp3,"styles Noise, Alternative Hip-Hop, Experimental, Rock, Hip-Hop, Punk; tags rose for bohdan"
007_007472.mp3,"styles Noise, Alternative Hip-Hop, Experimental, Rock, Hip-Hop, Punk; tags rose for bohdan"
007_007473.mp3,"styles Noise, Alternative Hip-Hop, Experimental, Rock, Hip-Hop, Punk; tags rose for bohdan"
007_007474.mp3,"genre Rock; styles Indie-Rock, Rock; tags mors ontologica"
007_007476.mp3,"genre Rock; styles Indie-Rock, Rock; tags mors ontologica"
007_007477.mp3,"genre Rock; styles Indie-Rock, Rock; tags mors ontologica"
007_007478.mp3,"genre Rock; styles Indie-Rock, Rock; tags mors ontologica"
007_007479.mp3,"genre Rock; styles Indie-Rock, Rock; tags mors ontologica"
007_007480.mp3,"genre Rock; styles Indie-Rock, Rock; tags mors ontologica"
007_007493.mp3,"genre Rock; styles Post-Punk, Rock, Punk; tags homosexuals"
007_007496.mp3,"genre Rock; styles Post-Punk, Rock, Punk; tags homosexuals"
007_007497.mp3,"genre Rock; styles Post-Punk, Rock, Punk; tags homosexuals"
007_007499.mp3,"genre Rock; styles Post-Punk, Rock, Punk; tags homosexuals"
007_007500.mp3,"genre Rock; styles Post-Punk, Rock, Punk; tags homosexuals"
007_007501.mp3,"genre Rock; styles Post-Punk, Rock, Punk; tags homosexuals"
007_007503.mp3,"genre Rock; styles Post-Punk, Rock, Punk; tags homosexuals"
007_007525.mp3,"genre Rock; styles Lo-Fi, Rock; tags strapping fieldhands"
007_007537.mp3,"genre Experimental; styles Avant-Garde, Experimental; tags percussion, so percussion"
007_007538.mp3,"genre Experimental; styles Experimental; tags percussion, so percussion"
007_007540.mp3,"genre Experimental; styles Avant-Garde, Experimental; tags zev, metallic drums, videomaker, electroacoustics, binaural, drone, sound art, industrial,"
007_007547.mp3,"tags radon, sikhara"
007_007557.mp3,"genre Experimental; styles Unclassifiable, Experimental; tags chile, alvaro, germany"
007_007558.mp3,"genre Experimental; styles Unclassifiable, Experimental; tags chile, alvaro, germany"
007_007559.mp3,"genre Experimental; styles Unclassifiable, Experimental; tags chile, alvaro, germany"
007_007561.mp3,"genre Experimental; styles Unclassifiable, Experimental; tags chile, alvaro, germany"
007_007562.mp3,"genre Experimental; styles Unclassifiable, Experimental; tags chile, alvaro, germany"
007_007594.mp3,"genre Experimental; styles Unclassifiable, Experimental; tags chile, alvaro, germany"
007_007659.mp3,"genre Experimental; styles Unclassifiable, Experimental; tags bunnybrains"
007_007660.mp3,"genre Experimental; styles Unclassifiable, Experimental; tags bunnybrains"
007_007661.mp3,"genre Experimental; styles Unclassifiable, Experimental; tags bunnybrains"
007_007662.mp3,"genre Experimental; styles Unclassifiable, Experimental; tags bunnybrains"
007_007663.mp3,"genre Experimental; styles Unclassifiable, Experimental; tags bunnybrains"
007_007664.mp3,"genre Experimental; styles Unclassifiable, Experimental; tags bunnybrains"
007_007665.mp3,"genre Experimental; styles Unclassifiable, Experimental; tags bunnybrains"
007_007666.mp3,"genre Experimental; styles Unclassifiable, Experimental; tags bunnybrains"
007_007667.mp3,"genre Experimental; styles Unclassifiable, Experimental; tags bunnybrains"
007_007668.mp3,"genre Experimental; styles Unclassifiable, Experimental; tags bunnybrains"
007_007669.mp3,"genre Experimental; styles Unclassifiable, Experimental; tags bunnybrains"
007_007670.mp3,"genre Experimental; styles Unclassifiable, Experimental; tags bunnybrains"
007_007671.mp3,"genre Experimental; styles Unclassifiable, Experimental; tags bunnybrains"
007_007672.mp3,"genre Experimental; styles Unclassifiable, Experimental; tags bunnybrains"
007_007673.mp3,"genre Experimental; styles Unclassifiable, Experimental; tags bunnybrains"
007_007674.mp3,"genre Experimental; styles Unclassifiable, Experimental; tags bunnybrains"
007_007737.mp3,tags the golden hours
007_007757.mp3,"genre Experimental; styles Experimental; tags queens, blues control"
007_007758.mp3,"genre Experimental; styles Experimental; tags queens, blues control"
007_007759.mp3,"genre Experimental; styles Experimental; tags queens, blues control"
007_007760.mp3,"genre Experimental; styles Experimental; tags queens, blues control"
007_007761.mp3,"genre Experimental; styles Experimental; tags queens, blues control"
007_007763.mp3,"genre Electronic; styles Electronic; tags chill out, netlabels, chill, europe, sound art, glitch, electro, electronic, international,"
007_007766.mp3,"genre Electronic; styles Electronic; tags chill out, netlabels, chill, europe, sound art, glitch, electro, electronic, international,"
007_007767.mp3,"genre Electronic; styles Electronic; tags chill out, netlabels, chill, europe, sound art, glitch, electro, electronic, international,"
007_007769.mp3,"styles Indie-Rock, Progressive, Experimental, Rock, Loud-Rock; tags ugh god"
007_007770.mp3,"styles Indie-Rock, Progressive, Experimental, Rock, Loud-Rock; tags ugh god"
007_007771.mp3,"styles Indie-Rock, Progressive, Experimental, Rock, Loud-Rock; tags ugh god"
007_007772.mp3,"styles Indie-Rock, Progressive, Experimental, Rock, Loud-Rock; tags ugh god"
007_007773.mp3,"styles Indie-Rock, Progressive, Experimental, Rock, Loud-Rock; tags ugh god"
007_007774.mp3,"styles Indie-Rock, Progressive, Experimental, Rock, Loud-Rock; tags ugh god"
007_007775.mp3,"styles Indie-Rock, Progressive, Experimental, Rock, Loud-Rock; tags ugh god"
007_007784.mp3,"genre Rock; styles Punk, Rock; tags nj punk, ped, punk fucking rock"
007_007785.mp3,"genre Rock; styles Punk, Rock; tags nj punk, ped, punk fucking rock"
007_007786.mp3,"genre Rock; styles Punk, Rock; tags nj punk, ped, punk fucking rock"
007_007787.mp3,"genre Rock; styles Punk, Rock; tags nj punk, ped, punk fucking rock"
007_007802.mp3,"genre Experimental; styles Avant-Garde, Experimental; tags bob ostertag, san francisco"
007_007803.mp3,"genre Experimental; styles Avant-Garde, Experimental; tags bob ostertag, san francisco"
007_007824.mp3,"genre Experimental; styles Avant-Garde, Experimental; tags bob ostertag, san francisco"
007_007827.mp3,"styles Folk, Pop, Rock, Indie-Rock; tags ravens and chimes"
007_007828.mp3,"styles Folk, Pop, Rock, Indie-Rock; tags ravens and chimes"
007_007829.mp3,"styles Folk, Pop, Rock, Indie-Rock; tags ravens and chimes"
007_007830.mp3,"styles Folk, Pop, Rock, Indie-Rock; tags ravens and chimes"
007_007831.mp3,"styles Folk, Pop, Rock, Indie-Rock; tags ravens and chimes"
007_007832.mp3,"There are two posts today (one musical, one visual), this being Excavated Shellac’s one year anniversary,"
007_007837.mp3,"genre Rock; styles Punk, Rock; tags the boardlords"
007_007838.mp3,"genre Rock; styles Punk, Rock; tags the boardlords"
007_007839.mp3,"genre Rock; styles Punk, Rock; tags the boardlords"
007_007840.mp3,"genre Rock; styles Punk, Rock; tags the boardlords"
007_007841.mp3,"genre Rock; styles Punk, Rock; tags the boardlords"
007_007842.mp3,"genre Rock; styles Punk, Rock; tags the boardlords"
007_007844.mp3,"genre Rock; styles Punk, Rock; tags the boardlords"
007_007845.mp3,"genre Rock; styles Punk, Rock; tags the boardlords"
007_007846.mp3,"genre Rock; styles Punk, Rock; tags the boardlords"
007_007847.mp3,"genre Rock; styles Punk, Rock; tags the boardlords"
007_007848.mp3,"genre Rock; styles Punk, Rock; tags the boardlords"
007_007850.mp3,"genre Rock; styles Punk, Rock; tags the boardlords"
007_007851.mp3,"genre Rock; styles Punk, Rock; tags the boardlords"
007_007852.mp3,"genre Rock; styles Punk, Rock; tags the boardlords"
007_007891.mp3,"Recorded 1/10/09 Engineered by Glennluttman http://creativecommons.org/licenses/by-nc-sa/3.0/us/\n boxelders.blogspot.com/; genre Rock; styles Punk, Rock; tags box elders"
007_007892.mp3,"Recorded 1/10/09 Engineered by Glennluttman http://creativecommons.org/licenses/by-nc-sa/3.0/us/\n boxelders.blogspot.com/; genre Rock; styles Punk, Rock; tags box elders"
007_007893.mp3,"Recorded 1/10/09 Engineered by Glennluttman http://creativecommons.org/licenses/by-nc-sa/3.0/us/\n boxelders.blogspot.com/; genre Rock; styles Punk, Rock; tags box elders"
007_007894.mp3,"Recorded 1/10/09 Engineered by Glennluttman http://creativecommons.org/licenses/by-nc-sa/3.0/us/\n boxelders.blogspot.com/; genre Rock; styles Punk, Rock; tags box elders"
007_007895.mp3,"Recorded 1/10/09 Engineered by Glennluttman http://creativecommons.org/licenses/by-nc-sa/3.0/us/\n boxelders.blogspot.com/; genre Rock; styles Punk, Rock; tags box elders"
007_007896.mp3,"Recorded 1/10/09 Engineered by Glennluttman http://creativecommons.org/licenses/by-nc-sa/3.0/us/\n boxelders.blogspot.com/; genre Rock; styles Punk, Rock; tags box elders"
007_007897.mp3,"Recorded 1/10/09 Engineered by Glennluttman http://creativecommons.org/licenses/by-nc-sa/3.0/us/\n boxelders.blogspot.com/; genre Rock; styles Punk, Rock; tags box elders"
007_007898.mp3,"Recorded 1/10/09 Engineered by Glennluttman http://creativecommons.org/licenses/by-nc-sa/3.0/us/\n boxelders.blogspot.com/; genre Rock; styles Punk, Rock; tags box elders"
007_007899.mp3,"Recorded 1/10/09 Engineered by Glennluttman http://creativecommons.org/licenses/by-nc-sa/3.0/us/\n boxelders.blogspot.com/; genre Rock; styles Punk, Rock; tags box elders"
007_007900.mp3,"Recorded 1/10/09 Engineered by Glennluttman http://creativecommons.org/licenses/by-nc-sa/3.0/us/\n boxelders.blogspot.com/; genre Rock; styles Punk, Rock; tags box elders"
007_007901.mp3,"Recorded 1/10/09 Engineered by Glennluttman http://creativecommons.org/licenses/by-nc-sa/3.0/us/\n boxelders.blogspot.com/; genre Rock; styles Punk, Rock; tags box elders"
007_007902.mp3,"Recorded 1/10/09 Engineered by Glennluttman http://creativecommons.org/licenses/by-nc-sa/3.0/us/\n boxelders.blogspot.com/; genre Rock; styles Punk, Rock; tags box elders"
007_007927.mp3,"genre Electronic; styles Electronic; tags new year, holiday music, messer chups, rockabilly, guitar, surf guitar, surf,"
007_007929.mp3,"genre Electronic; styles Electronic; tags new year, holiday music, fortyone"
007_007930.mp3,"genre Electronic; styles Electronic; tags new year, holiday music, principle fetterman"
007_007932.mp3,"genre Electronic; styles Electronic; tags new year, holiday music, math and physics club"
007_007933.mp3,"genre Electronic; styles Electronic; tags new year, holiday music, music for podcasts, podsafe, ambient, podcast, synthwave,"
007_007934.mp3,"genre Electronic; styles Electronic; tags new year, holiday music, messer chups, rockabilly, guitar, surf guitar, surf,"
007_007935.mp3,"genre Electronic; styles Electronic; tags new year, holiday music, the old codger with r stevie moore"
007_007936.mp3,"genre Electronic; styles Electronic; tags new year, holiday music, the fairsley difference"
007_007937.mp3,"genre Electronic; styles Electronic; tags new year, holiday music, kid-friendly, kim buran, electropop, kim and buran,"
007_007938.mp3,"genre Electronic; styles Electronic; tags new year, holiday music, chenard walcker"
007_007939.mp3,"genre Electronic; styles Electronic; tags new year, holiday music, beth sorrentino"
007_007940.mp3,"genre Electronic; styles Electronic; tags new year, holiday music, morella"
007_007950.mp3,"genre Electronic; styles Electronic; tags new year, holiday music, very proper dragonflies"
007_007951.mp3,"genre Electronic; styles Electronic; tags new year, holiday music, the apartment"
007_007952.mp3,"genre Electronic; styles Electronic; tags new year, holiday music, fortyone"
007_007953.mp3,"genre Electronic; styles Electronic; tags new year, holiday music, messer chups, rockabilly, guitar, surf guitar, surf,"
007_007954.mp3,"genre Electronic; styles Electronic; tags new year, holiday music, harlan"
007_007955.mp3,"genre Electronic; styles Electronic; tags new year, holiday music, fortyone"
007_007956.mp3,"genre Electronic; styles Electronic; tags new year, holiday music, principle fetterman"
007_007957.mp3,"genre Electronic; styles Electronic; tags new year, holiday music, math and physics club"
007_007958.mp3,"genre Electronic; styles Electronic; tags new year, holiday music, music for podcasts, podsafe, ambient, podcast, synthwave,"
007_007959.mp3,"genre Electronic; styles Electronic; tags new year, holiday music, messer chups, rockabilly, guitar, surf guitar, surf,"
007_007966.mp3,"genre Electronic; styles Electronic; tags new year, holiday music, the fairsley difference"
007_007967.mp3,"genre Electronic; styles Electronic; tags new year, holiday music, kid-friendly, kim buran, electropop, kim and buran,"
007_007968.mp3,"genre Electronic; styles Electronic; tags new year, holiday music, chenard walcker"
007_007969.mp3,"genre Electronic; styles Electronic; tags new year, holiday music, beth sorrentino"
007_007970.mp3,"genre Electronic; styles Electronic; tags new year, holiday music, morella"
007_007971.mp3,"genre Electronic; styles Electronic; tags new year, holiday music, very proper dragonflies"
007_007972.mp3,"genre Electronic; styles Electronic; tags new year, holiday music, the apartment"
007_007973.mp3,"genre Electronic; styles Electronic; tags new year, holiday music, fortyone"
007_007994.mp3,genre Rock; styles Rock; tags dinowalrus
007_007995.mp3,genre Rock; styles Rock; tags dinowalrus
007_007996.mp3,genre Rock; styles Rock; tags dinowalrus
007_007997.mp3,genre Rock; styles Rock; tags dinowalrus
008_008016.mp3,"genre Rock; styles Punk, Rock; tags mondo topless"
008_008018.mp3,"genre Rock; styles Punk, Rock; tags mondo topless"
008_008019.mp3,"genre Rock; styles Punk, Rock; tags mondo topless"
008_008020.mp3,"genre Rock; styles Punk, Rock; tags mondo topless"
008_008021.mp3,"genre Rock; styles Punk, Rock; tags mondo topless"
008_008022.mp3,"genre Rock; styles Punk, Rock; tags mondo topless"
008_008024.mp3,"genre Rock; styles Punk, Rock; tags mondo topless"
008_008025.mp3,"genre Rock; styles Punk, Rock; tags mondo topless"
008_008026.mp3,"genre Rock; styles Punk, Rock; tags mondo topless"
008_008053.mp3,"styles Industrial, Rock, Experimental, Electronic; tags excepter"
008_008084.mp3,"genre Experimental; styles Noise, Avant-Garde, Experimental; tags providence, computer music, experimental, bent, noise, shawn greenlee, sound"
008_008085.mp3,"genre Experimental; styles Noise, Avant-Garde, Experimental; tags providence, computer music, experimental, bent, noise, shawn greenlee, sound"
008_008095.mp3,"genre Experimental; styles Noise, Avant-Garde, Experimental; tags providence, computer music, experimental, bent, noise, shawn greenlee, sound"
008_008096.mp3,"genre Experimental; styles Noise, Avant-Garde, Experimental; tags providence, computer music, experimental, bent, noise, shawn greenlee, sound"
008_008120.mp3,"genre Experimental; styles Noise, Experimental; tags anthony saunders"
008_008121.mp3,"genre Experimental; styles Noise, Experimental; tags anthony saunders"
008_008134.mp3,"genre Rock; styles Loud-Rock, Rock, Noise-Rock; tags western mass, fat worm of error"
008_008135.mp3,"genre Rock; styles Loud-Rock, Rock, Noise-Rock; tags western mass, fat worm of error"
008_008136.mp3,"genre Rock; styles Loud-Rock, Rock, Noise-Rock; tags western mass, fat worm of error"
008_008137.mp3,"genre Rock; styles Loud-Rock, Rock, Noise-Rock; tags western mass, fat worm of error"
008_008138.mp3,"genre Rock; styles Loud-Rock, Rock, Noise-Rock; tags western mass, fat worm of error"
008_008139.mp3,"genre Rock; styles Loud-Rock, Rock, Noise-Rock; tags western mass, fat worm of error"
008_008140.mp3,"genre Rock; styles Loud-Rock, Rock, Noise-Rock; tags western mass, fat worm of error"
008_008141.mp3,"genre Rock; styles Loud-Rock, Rock, Noise-Rock; tags western mass, fat worm of error"
008_008142.mp3,"genre Rock; styles Loud-Rock, Rock, Noise-Rock; tags western mass, fat worm of error"
008_008161.mp3,"styles Noise, Experimental, Ambient, Electronic, Instrumental, Minimal Electronic, Field Recordings; tags lyn goeringer"
008_008162.mp3,"styles Noise, Experimental, Ambient, Electronic, Instrumental, Minimal Electronic, Field Recordings; tags lyn goeringer"
008_008163.mp3,"styles Noise, Experimental, Electroacoustic, Ambient, Electronic, Instrumental, Minimal Electronic; tags k m"
008_008164.mp3,"styles Noise, Experimental, Electroacoustic, Ambient, Electronic, Instrumental, Minimal Electronic; tags k m"
008_008165.mp3,"styles Noise, Experimental, Electroacoustic, Ambient, Electronic, Instrumental, Minimal Electronic; tags k m"
008_008166.mp3,"styles Noise, Experimental, Electronic; tags james amoeba"
008_008167.mp3,"styles Noise, Experimental, Electronic; tags james amoeba"
008_008168.mp3,"styles Noise, Experimental, Electronic; tags james amoeba"
008_008169.mp3,"styles Noise, Experimental, Electronic; tags james amoeba"
008_008170.mp3,"styles Noise, Experimental, Electronic; tags james amoeba"
008_008171.mp3,"styles Noise, Experimental, Electronic; tags james amoeba"
008_008172.mp3,"styles Noise, Experimental, Electronic; tags james amoeba"
008_008173.mp3,"styles Noise, Experimental, Electronic; tags james amoeba"
008_008174.mp3,"styles Noise, Experimental, Electronic; tags james amoeba"
008_008175.mp3,"styles Noise, Experimental, Electronic; tags james amoeba"
008_008176.mp3,"styles Noise, Experimental, Electronic; tags james amoeba"
008_008178.mp3,"styles Noise, Experimental, Electronic; tags james amoeba"
008_008183.mp3,"genre Electronic; styles Electronic; tags chill out, netlabels, chill, europe, sound art, glitch, electro, electronic, international,"
008_008184.mp3,"styles Minimal Electronic, Electronic, Experimental, Drone; tags baltimore, afternoon penis"
008_008185.mp3,"genre Rock; styles Punk, Rock; tags nj punk, ped, punk fucking rock"
008_008186.mp3,"genre Rock; styles Punk, Rock; tags nj punk, ped, punk fucking rock"
008_008187.mp3,"genre Rock; styles Punk, Rock; tags nj punk, ped, punk fucking rock"
008_008189.mp3,"genre Rock; styles Punk, Rock; tags nj punk, ped, punk fucking rock"
008_008190.mp3,"genre Rock; styles Punk, Rock; tags nj punk, ped, punk fucking rock"
008_008191.mp3,"genre Rock; styles Punk, Rock; tags nj punk, ped, punk fucking rock"
008_008192.mp3,"genre Rock; styles Punk, Rock; tags nj punk, ped, punk fucking rock"
008_008193.mp3,"genre Rock; styles Punk, Rock; tags nj punk, ped, punk fucking rock"
008_008194.mp3,"genre Rock; styles Punk, Rock; tags nj punk, ped, punk fucking rock"
008_008195.mp3,"genre Rock; styles Punk, Rock; tags nj punk, ped, punk fucking rock"
008_008196.mp3,"genre Rock; styles Punk, Rock; tags nj punk, ped, punk fucking rock"
008_008197.mp3,"genre Rock; styles Punk, Rock; tags nj punk, ped, punk fucking rock"
008_008198.mp3,"genre Rock; styles Punk, Rock; tags nj punk, ped, punk fucking rock"
008_008199.mp3,"genre Rock; styles Punk, Rock; tags nj punk, ped, punk fucking rock"
008_008200.mp3,"genre Rock; styles Punk, Rock; tags nj punk, ped, punk fucking rock"
008_008202.mp3,"genre Rock; styles Punk, Rock; tags nj punk, ped, punk fucking rock"
008_008203.mp3,"genre Rock; styles Punk, Rock; tags nj punk, ped, punk fucking rock"
008_008206.mp3,"genre Rock; styles Punk, Rock; tags nj punk, ped, punk fucking rock"
008_008207.mp3,"genre Rock; styles Punk, Rock; tags nj punk, ped, punk fucking rock"
008_008268.mp3,"genre Experimental; styles Noise, Sound Collage, Experimental, Drone; tags nat roe"
008_008271.mp3,"genre Experimental; styles Noise, Sound Collage, Experimental; tags nat roe"
008_008272.mp3,"genre Experimental; styles Noise, Sound Collage, Experimental, Drone; tags nat roe"
008_008281.mp3,Music by Hayvanlar Alemi except for the main theme which is most probably a Russian folk
008_008282.mp3,"Studio jamming; styles Psych-Folk, International, Middle East, Rock, Folk, Psych-Rock; tags turkey, surf, psychedelic rock, heavy"
008_008283.mp3,The name of the track was given by a Danish tourist girl in a concert in
008_008284.mp3,"genre Experimental; styles Avant-Garde, Experimental, Audio Collage; tags free matter for the blind"
008_008285.mp3,"genre Experimental; styles Avant-Garde, Experimental, Audio Collage; tags free matter for the blind"
008_008286.mp3,"genre Experimental; styles Avant-Garde, Experimental, Audio Collage; tags free matter for the blind"
008_008287.mp3,"genre Experimental; styles Avant-Garde, Experimental, Audio Collage; tags free matter for the blind"
008_008288.mp3,"genre Experimental; styles Avant-Garde, Experimental, Audio Collage; tags free matter for the blind"
008_008289.mp3,"genre Experimental; styles Avant-Garde, Experimental, Audio Collage; tags free matter for the blind"
008_008290.mp3,"genre Experimental; styles Avant-Garde, Experimental, Audio Collage; tags free matter for the blind"
008_008291.mp3,"genre Experimental; styles Avant-Garde, Experimental, Audio Collage; tags free matter for the blind"
008_008292.mp3,"genre Experimental; styles Avant-Garde, Experimental, Audio Collage; tags free matter for the blind"
008_008293.mp3,"genre Experimental; styles Avant-Garde, Experimental, Audio Collage; tags free matter for the blind"
008_008294.mp3,"genre Experimental; styles Avant-Garde, Experimental, Audio Collage; tags free matter for the blind"
008_008295.mp3,"genre Experimental; styles Avant-Garde, Experimental, Audio Collage; tags free matter for the blind"
008_008296.mp3,"genre Experimental; styles Avant-Garde, Experimental, Audio Collage; tags free matter for the blind"
008_008297.mp3,"genre Experimental; styles Avant-Garde, Experimental, Audio Collage; tags free matter for the blind"
008_008298.mp3,"genre Experimental; styles Avant-Garde, Experimental, Audio Collage; tags free matter for the blind"
008_008299.mp3,"genre Experimental; styles Avant-Garde, Experimental, Audio Collage; tags free matter for the blind"
008_008325.mp3,"genre Experimental; styles Avant-Garde, Experimental, Audio Collage; tags free matter for the blind"
008_008326.mp3,"genre Experimental; styles Experimental, Audio Collage; tags clover"
008_008327.mp3,"genre Experimental; styles Experimental, Audio Collage; tags clover w mahi mahi tones"
008_008328.mp3,"genre Experimental; styles Experimental, Audio Collage; tags drainage"
008_008330.mp3,"genre Experimental; styles Experimental, Audio Collage; tags free matter for the blind"
008_008332.mp3,"genre Experimental; styles Experimental, Audio Collage; tags field recording"
008_008333.mp3,"genre Experimental; styles Avant-Garde, Experimental, Audio Collage; tags free matter for the blind"
008_008334.mp3,"genre Experimental; styles Experimental, Audio Collage; tags murcielagos"
008_008335.mp3,"genre Experimental; styles Experimental, Audio Collage; tags murcielagos"
008_008336.mp3,"genre Experimental; styles Experimental, Audio Collage; tags batius hipphopitus"
008_008337.mp3,"genre Experimental; styles Avant-Garde, Experimental, Audio Collage; tags free matter for the blind"
008_008338.mp3,"genre Experimental; styles Avant-Garde, Experimental, Audio Collage; tags free matter for the blind"
008_008340.mp3,"genre Experimental; styles Avant-Garde, Experimental, Audio Collage; tags free matter for the blind"
008_008341.mp3,"genre Experimental; styles Experimental, Audio Collage; tags wallmart"
008_008342.mp3,"genre Experimental; styles Avant-Garde, Experimental, Audio Collage; tags free matter for the blind"
008_008343.mp3,"genre Experimental; styles Avant-Garde, Experimental, Audio Collage; tags free matter for the blind"
008_008346.mp3,"genre Experimental; styles Experimental, Audio Collage; tags the department of homeland absurdity"
008_008348.mp3,"genre Experimental; styles Experimental, Audio Collage; tags jaydee"
008_008351.mp3,"genre Experimental; styles Experimental, Audio Collage; tags ttesco"
008_008352.mp3,"genre Experimental; styles Avant-Garde, Experimental, Audio Collage; tags free matter for the blind"
008_008353.mp3,"genre Experimental; styles Avant-Garde, Experimental, Audio Collage; tags free matter for the blind"
008_008354.mp3,"genre Experimental; styles Avant-Garde, Experimental, Audio Collage; tags free matter for the blind"
008_008355.mp3,"genre Experimental; styles Avant-Garde, Experimental, Audio Collage; tags free matter for the blind"
008_008356.mp3,"genre Experimental; styles Avant-Garde, Experimental, Audio Collage; tags free matter for the blind"
008_008359.mp3,"genre Experimental; styles Avant-Garde, Experimental, Audio Collage; tags free matter for the blind"
008_008360.mp3,"genre Experimental; styles Avant-Garde, Experimental, Audio Collage; tags free matter for the blind"
008_008361.mp3,"genre Experimental; styles Avant-Garde, Experimental, Audio Collage; tags free matter for the blind"
008_008362.mp3,"genre Experimental; styles Avant-Garde, Experimental, Audio Collage; tags free matter for the blind"
008_008365.mp3,"genre Experimental; styles Avant-Garde, Experimental, Audio Collage; tags free matter for the blind"
008_008366.mp3,"genre Experimental; styles Avant-Garde, Experimental, Audio Collage; tags free matter for the blind"
008_008367.mp3,"genre Experimental; styles Avant-Garde, Experimental, Audio Collage; tags free matter for the blind"
008_008368.mp3,"genre Experimental; styles Experimental, Audio Collage; tags beehive"
008_008369.mp3,"genre Experimental; styles Experimental, Audio Collage; tags beehive"
008_008371.mp3,"genre Experimental; styles Experimental, Audio Collage; tags crook roc w- donnigan park"
008_008374.mp3,"genre Experimental; styles Experimental, Audio Collage; tags mc casey"
008_008385.mp3,"genre Experimental; styles Avant-Garde, Experimental, Audio Collage; tags free matter for the blind"
008_008386.mp3,"genre Experimental; styles Experimental, Audio Collage; tags j frank"
008_008387.mp3,"genre Experimental; styles Experimental, Audio Collage; tags g orwell"
008_008388.mp3,"genre Experimental; styles Experimental, Audio Collage; tags irene moon, auk theater, auk, collection of the late"
008_008389.mp3,"genre Experimental; styles Experimental, Audio Collage; tags g orwell"
008_008390.mp3,"genre Experimental; styles Experimental, Audio Collage; tags g lucas"
008_008391.mp3,"genre Experimental; styles Avant-Garde, Experimental, Audio Collage; tags free matter for the blind"
008_008392.mp3,"genre Experimental; styles Experimental, Audio Collage; tags this fun fun life"
008_008393.mp3,"genre Experimental; styles Experimental, Audio Collage; tags g orwell"
008_008394.mp3,"genre Experimental; styles Experimental, Audio Collage; tags ms money money"
008_008395.mp3,"genre Experimental; styles Experimental, Audio Collage; tags g orwell"
008_008396.mp3,"genre Experimental; styles Avant-Garde, Experimental, Audio Collage; tags free matter for the blind"
008_008397.mp3,"genre Experimental; styles Experimental, Audio Collage; tags ben coonley"
008_008398.mp3,"genre Experimental; styles Experimental, Audio Collage; tags j frank"
008_008399.mp3,"genre Experimental; styles Avant-Garde, Experimental, Audio Collage; tags free matter for the blind"
008_008400.mp3,"genre Experimental; styles Experimental, Audio Collage; tags irene moon, auk theater, auk, collection of the late"
008_008401.mp3,"genre Experimental; styles Experimental, Audio Collage; tags g lucas"
008_008402.mp3,"genre Experimental; styles Avant-Garde, Experimental, Audio Collage; tags free matter for the blind"
008_008403.mp3,"genre Experimental; styles Experimental, Audio Collage; tags g lucas"
008_008404.mp3,"genre Experimental; styles Experimental, Audio Collage; tags peace fancy fancy"
008_008405.mp3,"genre Experimental; styles Experimental, Audio Collage; tags ben coonley"
008_008406.mp3,"genre Experimental; styles Experimental, Audio Collage; tags irene moon, auk theater, auk, collection of the late"
008_008407.mp3,"genre Experimental; styles Avant-Garde, Experimental, Audio Collage; tags free matter for the blind"
008_008408.mp3,"genre Experimental; styles Avant-Garde, Experimental, Audio Collage; tags free matter for the blind"
008_008409.mp3,"genre Experimental; styles Avant-Garde, Experimental, Audio Collage; tags free matter for the blind"
008_008410.mp3,"genre Experimental; styles Experimental, Audio Collage; tags irene moon, auk theater, auk, collection of the late"
008_008411.mp3,"genre Experimental; styles Avant-Garde, Experimental, Audio Collage; tags free matter for the blind"
008_008412.mp3,"genre Experimental; styles Experimental, Audio Collage; tags the ingoglia"
008_008413.mp3,"genre Experimental; styles Experimental, Audio Collage; tags g lucas"
008_008414.mp3,"genre Experimental; styles Experimental, Audio Collage; tags this fun fun life"
008_008415.mp3,"genre Experimental; styles Experimental, Audio Collage; tags g orwell"
008_008417.mp3,"genre Experimental; styles Experimental, Audio Collage; tags ben coonley"
008_008418.mp3,"genre Experimental; styles Experimental, Audio Collage; tags this fun fun life"
008_008419.mp3,"genre Experimental; styles Experimental, Audio Collage; tags cheap little tart"
008_008420.mp3,"genre Experimental; styles Experimental, Audio Collage; tags this fun fun life"
008_008492.mp3,"genre Rock; styles Indie-Rock, Rock; tags paybacks"
008_008493.mp3,"genre Rock; styles Indie-Rock, Rock; tags paybacks"
008_008495.mp3,"genre Rock; styles Indie-Rock, Rock; tags paybacks"
008_008496.mp3,"genre Rock; styles Indie-Rock, Rock; tags paybacks"
008_008498.mp3,"genre Rock; styles Indie-Rock, Rock; tags paybacks"
008_008512.mp3,genre Rock; styles Rock; tags triclops
008_008513.mp3,genre Rock; styles Rock; tags triclops
008_008515.mp3,genre Rock; styles Rock; tags triclops
008_008516.mp3,genre Rock; styles Rock; tags triclops
008_008517.mp3,genre Rock; styles Rock; tags triclops
008_008518.mp3,genre Rock; styles Rock; tags triclops
008_008520.mp3,"styles International, Jazz, Free-Jazz, Middle East; tags malox"
008_008529.mp3,genre Folk; styles Folk; tags oy division
008_008540.mp3,"w brooke crouser,jamie mohr,jason martin,daniel seward; genre Folk; styles Folk, Freak-Folk; tags bunnybrains"
008_008541.mp3,"w brooke crouser,jamie mohr,jason martin,daniel seward; genre Folk; styles Folk, Freak-Folk; tags bunnybrains"
008_008542.mp3,"w brooke crouser,jamie mohr,jason martin,daniel seward; genre Folk; styles Folk, Freak-Folk; tags bunnybrains"
008_008543.mp3,"w brooke crouser,jamie mohr,jason martin,daniel seward; genre Folk; styles Folk, Freak-Folk; tags bunnybrains"
008_008544.mp3,"w brooke crouser,jamie mohr,jason martin,daniel seward; genre Folk; styles Folk, Freak-Folk; tags bunnybrains"
008_008545.mp3,"w brooke crouser,jamie mohr,jason martin,daniel seward; genre Folk; styles Folk, Freak-Folk; tags bunnybrains"
008_008546.mp3,genre Experimental; styles Experimental; tags tr
008_008547.mp3,genre Experimental; styles Experimental; tags tr
008_008548.mp3,genre Experimental; styles Experimental; tags tr
008_008549.mp3,genre Experimental; styles Experimental; tags tr
008_008550.mp3,genre Experimental; styles Experimental; tags tr
008_008551.mp3,genre Experimental; styles Experimental; tags tr
008_008552.mp3,genre Experimental; styles Experimental; tags tr
008_008553.mp3,genre Experimental; styles Experimental; tags tr
008_008554.mp3,genre Experimental; styles Experimental; tags tr
008_008555.mp3,genre Experimental; styles Experimental; tags tr
008_008556.mp3,genre Experimental; styles Experimental; tags tr
008_008557.mp3,genre Experimental; styles Experimental; tags tr
008_008558.mp3,genre Experimental; styles Experimental; tags tr
008_008559.mp3,genre Experimental; styles Experimental; tags tr
008_008560.mp3,genre Experimental; styles Experimental; tags tr
008_008561.mp3,genre Experimental; styles Experimental; tags tr
008_008565.mp3,genre Rock; styles Rock; tags steve wynn
008_008566.mp3,genre Rock; styles Rock; tags steve wynn
008_008567.mp3,genre Rock; styles Rock; tags steve wynn
008_008568.mp3,"styles Radio, Rock, Spoken, Interview; tags steve wynn"
008_008569.mp3,"styles Radio, Rock, Spoken, Interview; tags steve wynn"
008_008570.mp3,"styles Radio, Rock, Spoken, Interview; tags steve wynn"
008_008571.mp3,"styles Radio, Rock, Spoken, Interview; tags steve wynn"
008_008572.mp3,"styles Radio, Rock, Spoken, Interview; tags steve wynn"
008_008573.mp3,"styles Radio, Rock, Spoken, Interview; tags steve wynn"
008_008574.mp3,"styles Radio, Rock, Spoken, Interview; tags steve wynn"
008_008577.mp3,"genre Rock; styles Lo-Fi, Rock; tags the blood lemons"
008_008579.mp3,"genre Rock; styles Lo-Fi, Rock; tags the blood lemons"
008_008581.mp3,genre Jazz; styles Jazz; tags taylor ho bynumtomas fujiwara duo
008_008583.mp3,genre Jazz; styles Jazz; tags taylor ho bynumtomas fujiwara duo
008_008596.mp3,"tags san francisco, wildildlife"
008_008627.mp3,"styles Pop, Rock, Loud-Rock, Experimental Pop; tags chamomile"
008_008628.mp3,"styles Pop, Rock, Loud-Rock, Experimental Pop; tags chamomile"
008_008629.mp3,"styles Pop, Rock, Loud-Rock, Experimental Pop; tags chamomile"
008_008630.mp3,"styles Pop, Rock, Loud-Rock, Experimental Pop; tags chamomile"
008_008631.mp3,"styles Pop, Rock, Loud-Rock, Experimental Pop; tags chamomile"
008_008632.mp3,"styles Pop, Rock, Loud-Rock, Experimental Pop; tags chamomile"
008_008633.mp3,"styles Pop, Rock, Loud-Rock, Experimental Pop; tags chamomile"
008_008634.mp3,"styles Pop, Rock, Loud-Rock, Experimental Pop; tags chamomile"
008_008635.mp3,"styles Pop, Rock, Loud-Rock, Experimental Pop; tags chamomile"
008_008636.mp3,"styles Pop, Rock, Loud-Rock, Experimental Pop; tags chamomile"
008_008637.mp3,"styles Pop, Rock, Loud-Rock, Experimental Pop; tags chamomile"
008_008638.mp3,"styles Pop, Rock, Loud-Rock, Experimental Pop; tags chamomile"
008_008639.mp3,"styles Pop, Rock, Loud-Rock, Experimental Pop; tags chamomile"
008_008640.mp3,"styles Pop, Rock, Loud-Rock, Experimental Pop; tags chamomile"
008_008641.mp3,"styles Pop, Rock, Loud-Rock, Experimental Pop; tags chamomile"
008_008642.mp3,"styles Pop, Rock, Loud-Rock, Experimental Pop; tags chamomile"
008_008643.mp3,"styles Pop, Rock, Loud-Rock, Experimental Pop; tags chamomile"
008_008644.mp3,"styles Pop, Rock, Loud-Rock, Experimental Pop; tags chamomile"
008_008645.mp3,"styles Pop, Rock, Loud-Rock, Experimental Pop; tags chamomile"
008_008646.mp3,"styles Pop, Rock, Loud-Rock, Experimental Pop; tags chamomile"
008_008647.mp3,"styles Pop, Rock, Loud-Rock, Experimental Pop; tags chamomile"
008_008648.mp3,"styles Pop, Rock, Loud-Rock, Experimental Pop; tags chamomile"
008_008649.mp3,"styles Pop, Rock, Loud-Rock, Experimental Pop; tags chamomile"
008_008650.mp3,"styles Pop, Rock, Loud-Rock, Experimental Pop; tags chamomile"
008_008651.mp3,"styles Pop, Rock, Loud-Rock, Experimental Pop; tags chamomile"
008_008652.mp3,"styles Pop, Rock, Loud-Rock, Experimental Pop; tags chamomile"
008_008653.mp3,"styles Pop, Rock, Loud-Rock, Experimental Pop; tags chamomile"
008_008654.mp3,"styles Pop, Rock, Loud-Rock, Experimental Pop; tags chamomile"
008_008655.mp3,"styles Pop, Rock, Loud-Rock, Experimental Pop; tags chamomile"
008_008656.mp3,"styles Pop, Rock, Loud-Rock, Experimental Pop; tags chamomile"
008_008657.mp3,"styles Pop, Rock, Loud-Rock, Experimental Pop; tags chamomile"
008_008658.mp3,"styles Pop, Rock, Loud-Rock, Experimental Pop; tags chamomile"
008_008659.mp3,"styles Pop, Rock, Loud-Rock, Experimental Pop; tags chamomile"
008_008660.mp3,"styles Pop, Rock, Loud-Rock, Experimental Pop; tags chamomile"
008_008661.mp3,"styles Pop, Rock, Loud-Rock, Experimental Pop; tags chamomile"
008_008662.mp3,"styles Pop, Rock, Loud-Rock, Experimental Pop; tags chamomile"
008_008663.mp3,"styles Pop, Rock, Loud-Rock, Experimental Pop; tags chamomile"
008_008664.mp3,"styles Pop, Rock, Loud-Rock, Experimental Pop; tags chamomile"
008_008665.mp3,"styles Pop, Rock, Loud-Rock, Experimental Pop; tags chamomile"
008_008666.mp3,"styles Pop, Rock, Loud-Rock, Experimental Pop; tags chamomile"
008_008667.mp3,"styles Pop, Rock, Loud-Rock, Experimental Pop; tags chamomile"
008_008668.mp3,"styles Pop, Rock, Loud-Rock, Experimental Pop; tags chamomile"
008_008670.mp3,"styles Pop, Rock, Loud-Rock, Experimental Pop; tags chamomile"
008_008671.mp3,"styles Pop, Rock, Loud-Rock, Experimental Pop; tags chamomile"
008_008672.mp3,"styles Pop, Rock, Loud-Rock, Experimental Pop; tags chamomile"
008_008673.mp3,"styles Pop, Rock, Loud-Rock, Experimental Pop; tags chamomile"
008_008674.mp3,"styles Pop, Rock, Loud-Rock, Experimental Pop; tags chamomile"
008_008685.mp3,"styles Pop, Rock, Loud-Rock, Experimental Pop; tags chamomile"
008_008686.mp3,"styles Pop, Rock, Loud-Rock, Experimental Pop; tags chamomile"
008_008687.mp3,"styles Pop, Rock, Loud-Rock, Experimental Pop; tags chamomile"
008_008688.mp3,"styles Pop, Rock, Loud-Rock, Experimental Pop; tags chamomile"
008_008689.mp3,"styles Pop, Rock, Loud-Rock, Experimental Pop; tags chamomile"
008_008690.mp3,"styles Pop, Rock, Loud-Rock, Experimental Pop; tags chamomile"
008_008691.mp3,"styles Pop, Rock, Loud-Rock, Experimental Pop; tags chamomile"
008_008692.mp3,"styles Pop, Rock, Loud-Rock, Experimental Pop; tags chamomile"
008_008693.mp3,"styles Pop, Rock, Loud-Rock, Experimental Pop; tags chamomile"
008_008694.mp3,"styles Pop, Rock, Loud-Rock, Experimental Pop; tags chamomile"
008_008737.mp3,"styles Pop, Rock, Loud-Rock, Experimental Pop; tags chamomile"
008_008738.mp3,"styles Pop, Rock, Loud-Rock, Experimental Pop; tags chamomile"
008_008739.mp3,"styles Pop, Rock, Loud-Rock, Experimental Pop; tags chamomile"
008_008740.mp3,"styles Pop, Rock, Loud-Rock, Experimental Pop; tags chamomile"
008_008741.mp3,"styles Pop, Rock, Loud-Rock, Experimental Pop; tags chamomile"
008_008742.mp3,"styles Pop, Rock, Loud-Rock, Experimental Pop; tags chamomile"
008_008743.mp3,"styles Pop, Rock, Loud-Rock, Experimental Pop; tags chamomile"
008_008744.mp3,"styles Pop, Rock, Loud-Rock, Experimental Pop; tags chamomile"
008_008745.mp3,"styles Pop, Rock, Loud-Rock, Experimental Pop; tags chamomile"
008_008746.mp3,"styles Pop, Rock, Loud-Rock, Experimental Pop; tags chamomile"
008_008747.mp3,"styles Pop, Rock, Loud-Rock, Experimental Pop; tags chamomile"
008_008748.mp3,"styles Pop, Rock, Loud-Rock, Experimental Pop; tags chamomile"
008_008749.mp3,"styles Pop, Rock, Loud-Rock, Experimental Pop; tags chamomile"
008_008750.mp3,"styles Pop, Rock, Loud-Rock, Experimental Pop; tags chamomile"
008_008751.mp3,"styles Pop, Rock, Loud-Rock, Experimental Pop; tags chamomile"
008_008752.mp3,"styles Pop, Rock, Loud-Rock, Experimental Pop; tags chamomile"
008_008753.mp3,"styles Pop, Rock, Loud-Rock, Experimental Pop; tags chamomile"
008_008754.mp3,"styles Pop, Rock, Loud-Rock, Experimental Pop; tags chamomile"
008_008755.mp3,"styles Pop, Rock, Loud-Rock, Experimental Pop; tags chamomile"
008_008756.mp3,"styles Pop, Rock, Loud-Rock, Experimental Pop; tags chamomile"
008_008757.mp3,"styles Pop, Rock, Loud-Rock, Experimental Pop; tags chamomile"
008_008758.mp3,"styles Pop, Rock, Loud-Rock, Experimental Pop; tags chamomile"
008_008775.mp3,"styles Pop, Rock, Loud-Rock, Experimental Pop; tags chamomile"
008_008776.mp3,"styles Pop, Rock, Loud-Rock, Experimental Pop; tags chamomile"
008_008777.mp3,"styles Pop, Rock, Loud-Rock, Experimental Pop; tags chamomile"
008_008778.mp3,"styles Pop, Rock, Loud-Rock, Experimental Pop; tags chamomile"
008_008779.mp3,"styles Pop, Rock, Loud-Rock, Experimental Pop; tags chamomile"
008_008780.mp3,"styles Pop, Rock, Loud-Rock, Experimental Pop; tags chamomile"
008_008840.mp3,"styles Folk, Experimental; tags eat"
008_008841.mp3,"styles Folk, Experimental; tags eat"
008_008842.mp3,"styles Folk, Experimental; tags eat"
008_008843.mp3,"styles Folk, Experimental; tags eat"
008_008844.mp3,"styles Folk, Experimental; tags eat"
008_008845.mp3,"styles Folk, Experimental; tags eat"
008_008846.mp3,"styles Folk, Experimental; tags eat"
008_008847.mp3,"styles Folk, Experimental; tags eat"
008_008848.mp3,"styles Folk, Experimental; tags eat"
008_008849.mp3,"styles Folk, Experimental; tags eat"
008_008850.mp3,"styles Folk, Experimental; tags eat"
008_008851.mp3,"styles Folk, Experimental; tags eat"
008_008852.mp3,"styles Folk, Experimental; tags eat"
008_008853.mp3,"styles Folk, Experimental; tags eat"
008_008854.mp3,"styles Folk, Experimental; tags eat"
008_008855.mp3,"styles Folk, Experimental; tags eat"
008_008856.mp3,"styles Folk, Experimental; tags eat"
008_008857.mp3,"styles Folk, Experimental; tags eat"
008_008858.mp3,"styles Folk, Experimental; tags eat"
008_008859.mp3,"styles Folk, Experimental; tags eat"
008_008860.mp3,"styles Folk, Experimental; tags eat"
008_008861.mp3,"styles Folk, Experimental; tags eat"
008_008862.mp3,"styles Folk, Experimental; tags eat"
008_008876.mp3,"styles Folk, Experimental; tags eat"
008_008878.mp3,"styles Folk, Experimental; tags eat"
008_008879.mp3,"styles Folk, Experimental; tags eat"
008_008880.mp3,"styles Folk, Experimental; tags eat"
008_008881.mp3,"styles Folk, Experimental; tags eat"
008_008882.mp3,"styles Folk, Experimental; tags eat"
008_008883.mp3,"styles Folk, Experimental; tags eat"
008_008884.mp3,"styles Folk, Experimental; tags eat"
008_008885.mp3,"styles Folk, Experimental; tags eat"
008_008907.mp3,"Cover of French X-mas carol ""March of the Kings"", mostly known through the rendition by George"
008_008908.mp3,"styles International, Rockabilly, Country, Rock, Psych-Rock; tags turkey, surf, psychedelic rock, heavy psychedelic, hayvanlar alemi, instrumental"
008_008909.mp3,"Intended to sound like Russian ska; styles International, Psych-Rock, Rock, Reggae - Dub; tags turkey, surf,"
008_008910.mp3,"Based on Thai Molam style; styles International, Asia-Far East, Psych-Rock, Rock; tags turkey, surf, psychedelic rock,"
008_008911.mp3,"Instrumental cover of a famous Turkish pop tune from the early 90s, with an improvised mid-section"
008_008912.mp3,"styles Psych-Folk, International, Rock, Folk, Psych-Rock; tags turkey, surf, psychedelic rock, heavy psychedelic, hayvanlar alemi, instrumental"
008_008913.mp3,"highly influenced by Ethiopian funk, but probably doesn't sound much like that; styles International, Psych-Rock, Rock;"
008_008915.mp3,"genre Rock; styles Rock; tags bay area, coachwhips"
008_008916.mp3,"genre Rock; styles Rock; tags bay area, coachwhips"
008_008918.mp3,"genre Rock; styles Punk, Loud-Rock, Rock, Noise-Rock; tags bay area, coachwhips"
008_008919.mp3,genre Rock; styles Rock; tags yellow swans
008_008923.mp3,"styles Psych-Folk, Rock, Folk, Lo-Fi, Freak-Folk; tags lettuce prey"
008_008924.mp3,"styles Psych-Folk, Rock, Folk, Lo-Fi, Freak-Folk; tags lettuce prey"
008_008925.mp3,"styles Psych-Folk, Rock, Folk, Lo-Fi, Freak-Folk; tags lettuce prey"
008_008926.mp3,"styles Psych-Folk, Rock, Folk, Lo-Fi, Freak-Folk; tags lettuce prey"
008_008927.mp3,"styles Psych-Folk, Rock, Folk, Lo-Fi, Freak-Folk; tags lettuce prey"
008_008928.mp3,"styles Psych-Folk, Rock, Folk, Lo-Fi, Freak-Folk; tags lettuce prey"
008_008929.mp3,"styles Psych-Folk, Rock, Folk, Lo-Fi, Freak-Folk; tags lettuce prey"
008_008930.mp3,"styles Psych-Folk, Rock, Folk, Lo-Fi, Freak-Folk; tags lettuce prey"
008_008931.mp3,"styles Folk, Experimental; tags mount eerie"
008_008932.mp3,"styles Folk, Experimental; tags mount eerie"
008_008933.mp3,"styles Folk, Experimental; tags mount eerie"
008_008934.mp3,"styles Folk, Experimental; tags mount eerie"
008_008935.mp3,"styles Folk, Experimental; tags mount eerie"
008_008936.mp3,"styles Folk, Experimental; tags mount eerie"
008_008937.mp3,"styles Folk, Experimental; tags mount eerie"
008_008938.mp3,"styles Folk, Experimental; tags mount eerie"
008_008939.mp3,"styles Folk, Experimental; tags mount eerie"
008_008940.mp3,"styles Folk, Experimental; tags mount eerie"
008_008941.mp3,"styles Spoken Weird, Ambient, Rock, Instrumental, Spoken, Psych-Rock, Lo-Fi; tags xplanet and bethx"
008_008942.mp3,"styles Folk, Pop, Lo-Fi, Rock; tags lo-fi, twee, the diskettes"
008_008943.mp3,"styles Folk, Pop, Lo-Fi, Rock; tags lo-fi, twee, the diskettes"
008_008944.mp3,"styles Folk, Pop, Lo-Fi, Rock; tags lo-fi, twee, the diskettes"
008_008945.mp3,"styles Folk, Pop, Lo-Fi, Rock; tags lo-fi, twee, the diskettes"
008_008946.mp3,"styles Folk, Pop, Lo-Fi, Rock; tags lo-fi, twee, the diskettes"
008_008947.mp3,"styles Folk, Pop, Lo-Fi, Rock; tags lo-fi, twee, the diskettes"
008_008948.mp3,"styles Folk, Pop, Lo-Fi, Rock; tags lo-fi, twee, the diskettes"
008_008949.mp3,"styles Folk, Pop, Lo-Fi, Rock; tags lo-fi, twee, the diskettes"
008_008950.mp3,"styles Folk, Pop, Lo-Fi, Rock; tags lo-fi, twee, the diskettes"
008_008951.mp3,"styles Pop, Lo-Fi, Rock, Indie-Rock; tags fred thomas"
008_008952.mp3,"styles Pop, Lo-Fi, Rock, Indie-Rock; tags fred thomas"
008_008953.mp3,"styles Pop, Lo-Fi, Rock, Indie-Rock; tags fred thomas"
008_008954.mp3,"styles Pop, Lo-Fi, Rock, Indie-Rock; tags fred thomas"
008_008956.mp3,"styles Pop, Lo-Fi, Rock, Indie-Rock; tags fred thomas"
008_008963.mp3,"styles Pop, Lo-Fi, Rock, Indie-Rock; tags new zealand, david kilgour"
008_008964.mp3,"styles Pop, Lo-Fi, Rock, Indie-Rock; tags new zealand, david kilgour"
008_008965.mp3,"styles Pop, Lo-Fi, Rock, Indie-Rock; tags new zealand, david kilgour"
008_008966.mp3,"styles Pop, Lo-Fi, Rock, Indie-Rock; tags new zealand, david kilgour"
008_008967.mp3,"styles Pop, Lo-Fi, Rock, Indie-Rock; tags new zealand, david kilgour"
008_008968.mp3,"styles Pop, Lo-Fi, Rock, Indie-Rock; tags new zealand, david kilgour"
008_008971.mp3,"styles Pop, Lo-Fi, Rock, Indie-Rock; tags lo-fi, daniel johnston"
008_008972.mp3,"styles Pop, Lo-Fi, Rock, Indie-Rock; tags lo-fi, daniel johnston"
008_008973.mp3,"styles Pop, Lo-Fi, Rock, Indie-Rock; tags lo-fi, daniel johnston"
008_008974.mp3,"styles Pop, Lo-Fi, Rock, Indie-Rock; tags lo-fi, daniel johnston"
008_008975.mp3,"styles Pop, Lo-Fi, Rock, Indie-Rock; tags lo-fi, daniel johnston"
008_008981.mp3,"styles Pop, Lo-Fi, Rock; tags colin clary"
008_008982.mp3,"styles Pop, Lo-Fi, Rock; tags colin clary"
008_008983.mp3,"styles Pop, Lo-Fi, Rock; tags colin clary"
008_008984.mp3,"styles Pop, Lo-Fi, Rock; tags colin clary"
008_008985.mp3,"styles Pop, Lo-Fi, Rock; tags colin clary"
008_008986.mp3,"styles Pop, Lo-Fi, Rock; tags colin clary"
008_008987.mp3,"styles Pop, Lo-Fi, Rock; tags colin clary"
008_008988.mp3,"styles Pop, Lo-Fi, Rock; tags colin clary"
008_008989.mp3,"styles Pop, Lo-Fi, Rock; tags colin clary"
008_008990.mp3,"styles Pop, Lo-Fi, Rock; tags colin clary"
008_008991.mp3,"styles Pop, Lo-Fi, Rock; tags colin clary"
008_008992.mp3,"styles Pop, Lo-Fi, Rock; tags colin clary"
008_008993.mp3,"styles Pop, Lo-Fi, Rock; tags colin clary"
008_008994.mp3,"styles Avant-Garde, Krautrock, Experimental, Rock, Drone, Free-Folk, Folk, Lo-Fi; tags steven r smith"
008_008996.mp3,"genre Electronic; styles Ambient Electronic, Electronic; tags adventure time"
008_008997.mp3,"genre Electronic; styles Ambient Electronic, Electronic; tags adventure time"
008_008998.mp3,"genre Electronic; styles Ambient Electronic, Electronic; tags adventure time"
008_008999.mp3,"genre Electronic; styles Ambient Electronic, Electronic; tags adventure time"
009_009000.mp3,"genre Electronic; styles Ambient Electronic, Electronic; tags akiko hashim"
009_009001.mp3,"genre Electronic; styles Ambient Electronic, Electronic; tags akiko hashim"
009_009002.mp3,"genre Electronic; styles Ambient Electronic, Electronic; tags andrew pekler"
009_009003.mp3,"genre Electronic; styles Ambient Electronic, Electronic; tags andrew pekler"
009_009004.mp3,"genre Electronic; styles Ambient Electronic, Electronic; tags andrew pekler"
009_009005.mp3,"genre Electronic; styles Ambient Electronic, Electronic; tags dntel"
009_009006.mp3,"genre Electronic; styles Ambient Electronic, Electronic; tags dntel"
009_009007.mp3,"genre Electronic; styles Ambient Electronic, Electronic; tags akiko hashim"
009_009008.mp3,"genre Electronic; styles Ambient Electronic, Electronic; tags akiko hashim"
009_009009.mp3,"genre Electronic; styles Ambient Electronic, Electronic; tags akiko hashim"
009_009010.mp3,"genre Electronic; styles Ambient Electronic, Electronic; tags akiko hashim"
009_009011.mp3,"genre Electronic; styles Ambient Electronic, Electronic; tags andreas bick"
009_009012.mp3,"genre Electronic; styles Ambient Electronic, Electronic; tags andres renteria"
009_009013.mp3,"genre Electronic; styles Ambient Electronic, Electronic; tags andrew pekler"
009_009014.mp3,"genre Electronic; styles Ambient Electronic, Electronic; tags andrew pekler"
009_009015.mp3,"genre Electronic; styles Ambient Electronic, Electronic; tags andrew pekler"
009_009016.mp3,"genre Electronic; styles Ambient Electronic, Electronic; tags andrew pekler"
009_009017.mp3,"genre Electronic; styles Ambient Electronic, Electronic; tags andrew pekler"
009_009018.mp3,"genre Electronic; styles Ambient Electronic, Electronic; tags andrew pekler"
009_009019.mp3,"genre Electronic; styles Ambient Electronic, Electronic; tags annie goh"
009_009020.mp3,"genre Electronic; styles Ambient Electronic, Electronic; tags arti"
009_009021.mp3,"genre Electronic; styles Ambient Electronic, Electronic; tags bracken"
009_009022.mp3,"genre Electronic; styles Ambient Electronic, Electronic; tags bracken"
009_009023.mp3,"genre Electronic; styles Ambient Electronic, Electronic; tags bracken"
009_009024.mp3,"genre Electronic; styles Ambient Electronic, Electronic; tags bracken"
009_009025.mp3,"genre Electronic; styles Ambient Electronic, Electronic; tags bracken"
009_009026.mp3,"genre Electronic; styles Ambient Electronic, Electronic; tags britt benjamin"
009_009027.mp3,"genre Electronic; styles Ambient Electronic, Electronic; tags britt benjamin"
009_009028.mp3,"genre Electronic; styles Ambient Electronic, Electronic; tags campbell"
009_009029.mp3,"genre Electronic; styles Ambient Electronic, Electronic; tags campbell"
009_009030.mp3,"genre Electronic; styles Ambient Electronic, Electronic; tags campbell"
009_009031.mp3,"genre Electronic; styles Ambient Electronic, Electronic; tags campbell"
009_009032.mp3,"genre Electronic; styles Ambient Electronic, Electronic; tags chrissy murderbot"
009_009033.mp3,"genre Electronic; styles Ambient Electronic, Electronic; tags computer jay"
009_009034.mp3,"genre Electronic; styles Ambient Electronic, Electronic; tags computer jay"
009_009035.mp3,"genre Electronic; styles Ambient Electronic, Electronic; tags computer jay"
009_009036.mp3,"genre Electronic; styles Ambient Electronic, Electronic; tags computer jay"
009_009037.mp3,"genre Electronic; styles Ambient Electronic, Electronic; tags computer jay"
009_009038.mp3,"genre Electronic; styles Ambient Electronic, Electronic; tags dntel"
009_009039.mp3,"genre Electronic; styles Ambient Electronic, Electronic; tags dntel"
009_009040.mp3,"genre Electronic; styles Ambient Electronic, Electronic; tags dntel"
009_009041.mp3,"genre Electronic; styles Ambient Electronic, Electronic; tags dntel"
009_009042.mp3,"genre Electronic; styles Ambient Electronic, Electronic; tags dntel"
009_009043.mp3,"genre Electronic; styles Ambient Electronic, Electronic; tags dntel"
009_009044.mp3,"genre Electronic; styles Ambient Electronic, Electronic; tags dntel"
009_009045.mp3,"genre Electronic; styles Ambient Electronic, Electronic; tags dntel"
009_009046.mp3,"genre Electronic; styles Ambient Electronic, Electronic; tags dntel"
009_009047.mp3,"genre Electronic; styles Ambient Electronic, Electronic; tags edj"
009_009048.mp3,"genre Electronic; styles Ambient Electronic, Electronic; tags eric vallely"
009_009049.mp3,"genre Electronic; styles Ambient Electronic, Electronic; tags eric vallely"
009_009050.mp3,"genre Electronic; styles Ambient Electronic, Electronic; tags eric vallely"
009_009051.mp3,"genre Electronic; styles Ambient Electronic, Electronic; tags eriksolo mmc"
009_009052.mp3,"genre Electronic; styles Ambient Electronic, Electronic; tags eriksolo mmc"
009_009053.mp3,"genre Electronic; styles Ambient Electronic, Electronic; tags austin, ethan persoff"
009_009054.mp3,"genre Electronic; styles Ambient Electronic, Electronic; tags fineart"
009_009055.mp3,"genre Electronic; styles Ambient Electronic, Electronic; tags fineart"
009_009056.mp3,"genre Electronic; styles Ambient Electronic, Electronic; tags fineart"
009_009057.mp3,"genre Electronic; styles Ambient Electronic, Electronic; tags fineart"
009_009058.mp3,"genre Electronic; styles Ambient Electronic, Electronic; tags flying lotus"
009_009059.mp3,"genre Electronic; styles Ambient Electronic, Electronic; tags fonksquish"
009_009062.mp3,"genre Electronic; styles Ambient Electronic, Electronic; tags frosty"
009_009064.mp3,"genre Electronic; styles Ambient Electronic, Electronic; tags frosty"
009_009065.mp3,"genre Electronic; styles Ambient Electronic, Electronic; tags frosty"
009_009066.mp3,"genre Electronic; styles Ambient Electronic, Electronic; tags frosty"
009_009068.mp3,"genre Electronic; styles Ambient Electronic, Electronic; tags fulgeance"
009_009069.mp3,"genre Electronic; styles Ambient Electronic, Electronic; tags hisham baroocha"
009_009070.mp3,"genre Electronic; styles Ambient Electronic, Electronic; tags hisham baroocha"
009_009071.mp3,"genre Electronic; styles Ambient Electronic, Electronic; tags hisham baroocha"
009_009072.mp3,"genre Electronic; styles Ambient Electronic, Electronic; tags hisham baroocha"
009_009073.mp3,"genre Electronic; styles Ambient Electronic, Electronic; tags hisham baroocha"
009_009074.mp3,"genre Electronic; styles Ambient Electronic, Electronic; tags hisham baroocha"
009_009075.mp3,"genre Electronic; styles Ambient Electronic, Electronic; tags hrishikesh hirway"
009_009076.mp3,"genre Electronic; styles Ambient Electronic, Electronic; tags i11even"
009_009077.mp3,"genre Electronic; styles Ambient Electronic, Electronic; tags i11even"
009_009078.mp3,"genre Electronic; styles Ambient Electronic, Electronic; tags julia holter"
009_009079.mp3,"genre Electronic; styles Ambient Electronic, Electronic; tags julia holter"
009_009080.mp3,"genre Electronic; styles Ambient Electronic, Electronic; tags keepbullfighting"
009_009081.mp3,"genre Electronic; styles Ambient Electronic, Electronic; tags keepbullfighting"
009_009082.mp3,"genre Electronic; styles Ambient Electronic, Electronic; tags kir royal"
009_009083.mp3,"genre Electronic; styles Ambient Electronic, Electronic; tags kixly"
009_009084.mp3,"genre Electronic; styles Ambient Electronic, Electronic; tags kristof krisztian"
009_009085.mp3,"genre Electronic; styles Ambient Electronic, Electronic; tags languis"
009_009086.mp3,"genre Electronic; styles Ambient Electronic, Electronic; tags languis"
009_009087.mp3,"genre Electronic; styles Ambient Electronic, Electronic; tags lengua"
009_009088.mp3,"genre Electronic; styles Ambient Electronic, Electronic; tags lucky dragons"
009_009089.mp3,"genre Electronic; styles Ambient Electronic, Electronic; tags lucky dragons"
009_009090.mp3,"genre Electronic; styles Ambient Electronic, Electronic; tags lucky dragons"
009_009091.mp3,"genre Electronic; styles Ambient Electronic, Electronic; tags lucky dragons"
009_009092.mp3,"genre Electronic; styles Ambient Electronic, Electronic; tags lucky dragons"
009_009093.mp3,"genre Electronic; styles Ambient Electronic, Electronic; tags marco paul"
009_009094.mp3,"genre Electronic; styles Ambient Electronic, Electronic; tags markus hofko"
009_009095.mp3,"genre Electronic; styles Ambient Electronic, Electronic; tags matthewdavid"
009_009096.mp3,"genre Electronic; styles Ambient Electronic, Electronic; tags matthewdavid"
009_009097.mp3,"genre Electronic; styles Ambient Electronic, Electronic; tags matthewdavid"
009_009098.mp3,"genre Electronic; styles Ambient Electronic, Electronic; tags mike richardson esq"
009_009099.mp3,"genre Electronic; styles Ambient Electronic, Electronic; tags mike richardson esq"
009_009100.mp3,"genre Electronic; styles Ambient Electronic, Electronic; tags mike richardson esq"
009_009101.mp3,"genre Electronic; styles Ambient Electronic, Electronic; tags mitchell brown"
009_009102.mp3,"genre Electronic; styles Ambient Electronic, Electronic; tags mitchell brown"
009_009103.mp3,"genre Electronic; styles Ambient Electronic, Electronic; tags monk turner, bedroom pop, concept album, soul, pop, concept,"
009_009104.mp3,"genre Electronic; styles Ambient Electronic, Electronic; tags monk turner, bedroom pop, concept album, soul, pop, concept,"
009_009105.mp3,"genre Electronic; styles Ambient Electronic, Electronic; tags monk turner, bedroom pop, concept album, soul, pop, concept,"
009_009106.mp3,"genre Electronic; styles Ambient Electronic, Electronic; tags monk turner, bedroom pop, concept album, soul, pop, concept,"
009_009107.mp3,"genre Electronic; styles Ambient Electronic, Electronic; tags monk turner, bedroom pop, concept album, soul, pop, concept,"
009_009108.mp3,"genre Electronic; styles Ambient Electronic, Electronic; tags monk turner, bedroom pop, concept album, soul, pop, concept,"
009_009109.mp3,"genre Electronic; styles Ambient Electronic, Electronic; tags monk turner, bedroom pop, concept album, soul, pop, concept,"
009_009110.mp3,"genre Electronic; styles Ambient Electronic, Electronic; tags occubus jive"
009_009111.mp3,"genre Electronic; styles Ambient Electronic, Electronic; tags occubus jive"
009_009112.mp3,"genre Electronic; styles Ambient Electronic, Electronic; tags occubus jive"
009_009113.mp3,"genre Electronic; styles Ambient Electronic, Electronic; tags odd nosdam"
009_009114.mp3,"genre Electronic; styles Ambient Electronic, Electronic; tags odd nosdam"
009_009115.mp3,"genre Electronic; styles Ambient Electronic, Electronic; tags omid"
009_009116.mp3,"genre Electronic; styles Ambient Electronic, Electronic; tags otonomiyaki"
009_009117.mp3,"genre Electronic; styles Ambient Electronic, Electronic; tags paul diddy"
009_009118.mp3,"genre Electronic; styles Ambient Electronic, Electronic; tags paul diddy"
009_009119.mp3,"genre Electronic; styles Ambient Electronic, Electronic; tags paul rosales"
009_009120.mp3,"genre Electronic; styles Ambient Electronic, Electronic; tags phunkie panda"
009_009121.mp3,"genre Electronic; styles Ambient Electronic, Electronic; tags phunkie panda"
009_009122.mp3,"genre Electronic; styles Ambient Electronic, Electronic; tags quiroga"
009_009123.mp3,"genre Electronic; styles Ambient Electronic, Electronic; tags quiroga"
009_009124.mp3,"genre Electronic; styles Ambient Electronic, Electronic; tags quiroga"
009_009125.mp3,"genre Electronic; styles Ambient Electronic, Electronic; tags ras g"
009_009126.mp3,"genre Electronic; styles Ambient Electronic, Electronic; tags ras g"
009_009127.mp3,"genre Electronic; styles Ambient Electronic, Electronic; tags ras g"
009_009128.mp3,"genre Electronic; styles Ambient Electronic, Electronic; tags ras g"
009_009129.mp3,"genre Electronic; styles Ambient Electronic, Electronic; tags lafms, rick potts"
009_009130.mp3,"genre Electronic; styles Ambient Electronic, Electronic; tags lafms, rick potts"
009_009131.mp3,"genre Electronic; styles Ambient Electronic, Electronic; tags ricky dollars"
009_009132.mp3,"genre Electronic; styles Ambient Electronic, Electronic; tags ryan thomas"
009_009133.mp3,"genre Electronic; styles Ambient Electronic, Electronic; tags ryan thomas"
009_009134.mp3,"genre Electronic; styles Ambient Electronic, Electronic; tags superhumanoids"
009_009135.mp3,"genre Electronic; styles Ambient Electronic, Electronic; tags suzanne kraft"
009_009136.mp3,"genre Electronic; styles Ambient Electronic, Electronic; tags suzanne kraft"
009_009137.mp3,"genre Electronic; styles Ambient Electronic, Electronic; tags suzanne kraft"
009_009138.mp3,"genre Electronic; styles Ambient Electronic, Electronic; tags suzanne kraft"
009_009139.mp3,"genre Electronic; styles Ambient Electronic, Electronic; tags suzanne kraft"
009_009140.mp3,"genre Electronic; styles Ambient Electronic, Electronic; tags teebs"
009_009141.mp3,"genre Electronic; styles Ambient Electronic, Electronic; tags teebs"
009_009142.mp3,"genre Electronic; styles Ambient Electronic, Electronic; tags tropic of cancer"
009_009143.mp3,"genre Electronic; styles Ambient Electronic, Electronic; tags tropic of cancer"
009_009144.mp3,"genre Electronic; styles Ambient Electronic, Electronic; tags unrecognizable now"
009_009145.mp3,"genre Electronic; styles Ambient Electronic, Electronic; tags unrecognizable now"
009_009146.mp3,"genre Electronic; styles Ambient Electronic, Electronic; tags unrecognizable now"
009_009147.mp3,"genre Electronic; styles Ambient Electronic, Electronic; tags vosotros"
009_009148.mp3,"genre Electronic; styles Ambient Electronic, Electronic; tags yuk"
009_009149.mp3,"genre Electronic; styles Ambient Electronic, Electronic; tags yuk"
009_009150.mp3,"genre Electronic; styles Ambient Electronic, Electronic; tags 2 tall"
009_009151.mp3,"A; genre Experimental; styles Experimental, Noise, Field Recordings; tags a kombi"
009_009153.mp3,"genre Experimental; styles Noise, Avant-Garde, Experimental; tags justice yeldham"
009_009154.mp3,"styles Noise, Jazz, Experimental, Free-Jazz, Rock, Loud-Rock, Noise-Rock; tags ricecorpse"
009_009156.mp3,tags arthurs landing
009_009161.mp3,tags the human
009_009169.mp3,"genre Experimental; styles Avant-Garde, Experimental; tags falco subbuteo, electronic, improv, avant-garde, clinical archives, sound-collage"
009_009170.mp3,"genre Experimental; styles Avant-Garde, Experimental; tags falco subbuteo, electronic, improv, avant-garde, clinical archives, sound-collage"
009_009172.mp3,"genre Rock; styles Psych-Rock, Rock; tags major stars"
009_009173.mp3,"genre Rock; styles Psych-Rock, Rock; tags major stars"
009_009174.mp3,"genre Rock; styles Psych-Rock, Rock; tags major stars"
009_009175.mp3,"genre Rock; styles Psych-Rock, Rock; tags major stars"
009_009176.mp3,"genre Rock; styles Psych-Rock, Rock; tags major stars"
009_009177.mp3,"genre Rock; styles Psych-Rock, Rock; tags major stars"
009_009178.mp3,"genre Rock; styles Psych-Rock, Rock; tags major stars"
009_009179.mp3,"genre Experimental; styles Experimental, Audio Collage; tags lucky dragons"
009_009181.mp3,tags jason and the argue-nots
009_009182.mp3,tags the woods
009_009185.mp3,tags david thomas broughton
009_009186.mp3,genre Electronic; styles Electronic; tags high places
009_009187.mp3,"genre Rock; styles Psych-Rock, Rock; tags gunslingers"
009_009189.mp3,"genre Rock; styles Psych-Rock, Rock; tags gunslingers"
009_009190.mp3,"genre Rock; styles Psych-Rock, Rock; tags gunslingers"
009_009191.mp3,"genre Rock; styles Psych-Rock, Rock; tags gunslingers"
009_009192.mp3,"genre Rock; styles Psych-Rock, Rock; tags gunslingers"
009_009193.mp3,"genre Pop; styles Pop, Experimental Pop; tags julia holter"
009_009194.mp3,genre Hip-Hop; styles Hip-Hop; tags count bass d
009_009195.mp3,"genre Rock; styles Punk, Rock; tags mexico, xyx"
009_009196.mp3,"genre Rock; styles Punk, Rock; tags mexico, xyx"
009_009197.mp3,"genre Rock; styles Punk, Rock; tags mexico, xyx"
009_009198.mp3,"genre Rock; styles Punk, Rock; tags mexico, xyx"
009_009199.mp3,"genre Rock; styles Punk, Rock; tags mexico, xyx"
009_009200.mp3,"genre Rock; styles Punk, Rock; tags mexico, xyx"
009_009201.mp3,"genre Rock; styles Punk, Rock; tags mexico, xyx"
009_009202.mp3,"genre Rock; styles Punk, Rock; tags mexico, xyx"
009_009203.mp3,"genre Rock; styles Punk, Rock; tags mexico, xyx"
009_009204.mp3,"genre Rock; styles Punk, Rock; tags mexico, xyx"
009_009205.mp3,"genre Electronic; styles Electronic; tags brooklyn, growing, olympia"
009_009209.mp3,tags tristan perich
009_009210.mp3,"styles Industrial, Rock, Experimental, Electronic; tags excepter"
009_009212.mp3,"styles Noise, Experimental, Electronic; tags drums like machine guns"
009_009213.mp3,"styles Noise, Experimental, Electronic; tags drums like machine guns"
009_009214.mp3,"styles Noise, Experimental, Electronic; tags drums like machine guns"
009_009215.mp3,"styles Noise, Experimental, Electronic; tags drums like machine guns"
009_009216.mp3,"styles Noise, Experimental, Electronic; tags drums like machine guns"
009_009217.mp3,"styles Noise, Experimental, Electronic; tags drums like machine guns"
009_009218.mp3,"styles Noise, Experimental, Electronic; tags drums like machine guns"
009_009219.mp3,"styles Noise, Experimental, Electronic; tags drums like machine guns"
009_009221.mp3,"styles Noise, Experimental, Electronic; tags drums like machine guns"
009_009222.mp3,"styles Noise, Experimental, Electronic; tags drums like machine guns"
009_009223.mp3,tags nudge
009_009234.mp3,"styles Noise, Experimental, Electronic; tags drums like machine guns"
009_009235.mp3,"styles Noise, Experimental, Electronic; tags drums like machine guns"
009_009236.mp3,"styles Noise, Experimental, Electronic; tags drums like machine guns"
009_009237.mp3,"styles Noise, Experimental, Electronic; tags drums like machine guns"
009_009238.mp3,"styles Noise, Experimental, Electronic; tags drums like machine guns"
009_009239.mp3,"styles Noise, Experimental, Electronic; tags drums like machine guns"
009_009240.mp3,"styles Noise, Experimental, Electronic; tags drums like machine guns"
009_009241.mp3,"styles Noise, Experimental, Electronic; tags drums like machine guns"
009_009242.mp3,"styles Noise, Experimental, Electronic; tags drums like machine guns"
009_009243.mp3,"styles Noise, Experimental, Electronic; tags drums like machine guns"
009_009244.mp3,"styles Noise, Experimental, Electronic; tags drums like machine guns"
009_009245.mp3,"styles Noise, Experimental, Electronic; tags drums like machine guns"
009_009246.mp3,"styles Noise, Experimental, Electronic; tags drums like machine guns"
009_009247.mp3,"styles Noise, Experimental, Electronic; tags drums like machine guns"
009_009248.mp3,"styles Noise, Experimental, Electronic; tags drums like machine guns"
009_009249.mp3,"styles Noise, Experimental, Electronic; tags drums like machine guns"
009_009250.mp3,"styles Noise, Experimental, Electronic; tags drums like machine guns"
009_009251.mp3,"styles Noise, Experimental, Electronic; tags drums like machine guns"
009_009252.mp3,"styles Noise, Experimental, Electronic; tags drums like machine guns"
009_009253.mp3,"styles Noise, Experimental, Electronic; tags drums like machine guns"
009_009254.mp3,"styles Folk, Pop, Experimental Pop, Singer-Songwriter; tags father sleep"
009_009255.mp3,"styles Folk, Pop, Experimental Pop, Singer-Songwriter; tags father sleep"
009_009256.mp3,"styles Folk, Pop, Experimental Pop, Singer-Songwriter; tags father sleep"
009_009257.mp3,"styles Folk, Pop, Experimental Pop, Singer-Songwriter; tags father sleep"
009_009258.mp3,"styles Folk, Pop, Experimental Pop, Singer-Songwriter; tags father sleep"
009_009259.mp3,"styles Folk, Pop, Experimental Pop, Singer-Songwriter; tags father sleep"
009_009260.mp3,"styles Folk, Pop, Experimental Pop, Singer-Songwriter; tags father sleep"
009_009261.mp3,"styles Folk, Pop, Experimental Pop, Singer-Songwriter; tags father sleep"
009_009262.mp3,"styles Folk, Pop, Experimental Pop, Singer-Songwriter; tags father sleep"
009_009263.mp3,"styles Folk, Pop, Experimental Pop, Singer-Songwriter; tags father sleep"
009_009264.mp3,"styles Folk, Pop, Experimental Pop, Singer-Songwriter; tags father sleep"
009_009265.mp3,"styles Folk, Pop, Experimental Pop, Singer-Songwriter; tags father sleep"
009_009266.mp3,"styles Folk, Pop, Experimental Pop, Singer-Songwriter; tags father sleep"
009_009267.mp3,"styles Folk, Pop, Experimental Pop, Singer-Songwriter; tags father sleep"
009_009268.mp3,"styles Folk, Pop, Experimental Pop, Singer-Songwriter; tags father sleep"
009_009269.mp3,"styles Folk, Pop, Experimental Pop, Singer-Songwriter; tags father sleep"
009_009270.mp3,"styles Folk, Pop, Experimental Pop, Singer-Songwriter; tags father sleep"
009_009271.mp3,"styles Avant-Garde, Alternative Hip-Hop, Experimental, Rock, Loud-Rock, Noise-Rock, Hip-Hop; tags hot buns and tea"
009_009272.mp3,"styles Avant-Garde, Alternative Hip-Hop, Experimental, Rock, Loud-Rock, Noise-Rock, Hip-Hop; tags hot buns and tea"
009_009273.mp3,"styles Avant-Garde, Alternative Hip-Hop, Experimental, Rock, Loud-Rock, Noise-Rock, Hip-Hop; tags hot buns and tea"
009_009274.mp3,"styles Avant-Garde, Alternative Hip-Hop, Experimental, Rock, Loud-Rock, Noise-Rock, Hip-Hop; tags hot buns and tea"
009_009275.mp3,"styles Avant-Garde, Alternative Hip-Hop, Experimental, Rock, Loud-Rock, Noise-Rock, Hip-Hop; tags hot buns and tea"
009_009276.mp3,"styles Avant-Garde, Alternative Hip-Hop, Experimental, Rock, Loud-Rock, Noise-Rock, Hip-Hop; tags hot buns and tea"
009_009277.mp3,"styles Avant-Garde, Alternative Hip-Hop, Experimental, Rock, Loud-Rock, Noise-Rock, Hip-Hop; tags hot buns and tea"
009_009278.mp3,"styles Avant-Garde, Alternative Hip-Hop, Experimental, Rock, Loud-Rock, Noise-Rock, Hip-Hop; tags hot buns and tea"
009_009279.mp3,"styles Avant-Garde, Alternative Hip-Hop, Experimental, Rock, Loud-Rock, Noise-Rock, Hip-Hop; tags hot buns and tea"
009_009280.mp3,"genre Experimental; styles Noise, Experimental; tags kitty kadoogal"
009_009281.mp3,"genre Experimental; styles Noise, Experimental; tags kitty kadoogal"
009_009282.mp3,"genre Experimental; styles Noise, Experimental; tags kitty kadoogal"
009_009283.mp3,"genre Experimental; styles Noise, Experimental; tags kitty kadoogal"
009_009284.mp3,"genre Experimental; styles Noise, Experimental; tags kitty kadoogal"
009_009285.mp3,"genre Experimental; styles Noise, Experimental; tags kitty kadoogal"
009_009286.mp3,"genre Experimental; styles Noise, Experimental; tags kitty kadoogal"
009_009287.mp3,"genre Experimental; styles Noise, Experimental; tags kitty kadoogal"
009_009288.mp3,"genre Experimental; styles Noise, Experimental; tags kitty kadoogal"
009_009289.mp3,"genre Experimental; styles Noise, Experimental; tags kitty kadoogal"
009_009290.mp3,"genre Experimental; styles Noise, Experimental; tags kitty kadoogal"
009_009291.mp3,"genre Experimental; styles Noise, Experimental; tags kitty kadoogal"
009_009292.mp3,"genre Experimental; styles Noise, Experimental; tags kitty kadoogal"
009_009293.mp3,"genre Experimental; styles Noise, Experimental; tags kitty kadoogal"
009_009294.mp3,"genre Experimental; styles Noise, Experimental; tags kitty kadoogal"
009_009295.mp3,"genre Experimental; styles Noise, Experimental; tags kitty kadoogal"
009_009296.mp3,"genre Experimental; styles Noise, Experimental; tags kitty kadoogal"
009_009297.mp3,"genre Experimental; styles Noise, Experimental; tags kitty kadoogal"
009_009298.mp3,"genre Experimental; styles Noise, Experimental; tags kitty kadoogal"
009_009299.mp3,"genre Experimental; styles Noise, Experimental; tags kitty kadoogal"
009_009300.mp3,"genre Experimental; styles Noise, Experimental; tags kitty kadoogal"
009_009301.mp3,"genre Experimental; styles Noise, Experimental; tags kitty kadoogal"
009_009302.mp3,"genre Experimental; styles Noise, Experimental; tags kitty kadoogal"
009_009303.mp3,"genre Experimental; styles Noise, Experimental; tags kitty kadoogal"
009_009304.mp3,"genre Experimental; styles Noise, Experimental; tags kitty kadoogal"
009_009305.mp3,"genre Experimental; styles Noise, Experimental; tags kitty kadoogal"
009_009306.mp3,"genre Experimental; styles Noise, Experimental; tags kitty kadoogal"
009_009308.mp3,"genre Experimental; styles Noise, Experimental; tags kitty kadoogal"
009_009309.mp3,"genre Experimental; styles Noise, Experimental; tags kitty kadoogal"
009_009310.mp3,"genre Experimental; styles Noise, Experimental; tags kitty kadoogal"
009_009311.mp3,"genre Experimental; styles Noise, Experimental; tags kitty kadoogal"
009_009312.mp3,"genre Experimental; styles Noise, Experimental; tags kitty kadoogal"
009_009313.mp3,"genre Experimental; styles Noise, Experimental; tags kitty kadoogal"
009_009314.mp3,"genre Experimental; styles Noise, Experimental; tags kitty kadoogal"
009_009315.mp3,"genre Experimental; styles Noise, Experimental; tags kitty kadoogal"
009_009316.mp3,"genre Experimental; styles Noise, Experimental; tags kitty kadoogal"
009_009317.mp3,"genre Experimental; styles Noise, Experimental; tags kitty kadoogal"
009_009318.mp3,"genre Experimental; styles Noise, Experimental; tags kitty kadoogal"
009_009319.mp3,"styles Noise, Experimental, Rock, Loud-Rock, Noise-Rock; tags number one sun"
009_009320.mp3,"styles Noise, Experimental, Rock, Loud-Rock, Noise-Rock; tags number one sun"
009_009321.mp3,"styles Noise, Experimental, Rock, Loud-Rock, Noise-Rock; tags number one sun"
009_009322.mp3,"styles Noise, Experimental, Rock, Loud-Rock, Noise-Rock; tags number one sun"
009_009323.mp3,"styles Noise, Experimental, Rock, Loud-Rock, Noise-Rock; tags number one sun"
009_009324.mp3,"styles Noise, Experimental, Rock, Loud-Rock, Noise-Rock; tags number one sun"
009_009325.mp3,"styles Noise, Experimental, Rock, Loud-Rock, Noise-Rock; tags number one sun"
009_009326.mp3,"styles Noise, Experimental, Rock, Loud-Rock, Noise-Rock; tags number one sun"
009_009327.mp3,"styles Noise, Experimental, Rock, Loud-Rock, Noise-Rock; tags number one sun"
009_009328.mp3,"styles Noise, Experimental, Rock, Loud-Rock, Noise-Rock; tags number one sun"
009_009329.mp3,"styles Noise, Experimental, Rock, Loud-Rock, Noise-Rock; tags number one sun"
009_009330.mp3,tags tom brosseau
009_009331.mp3,tags peter jacsobson miguel atwood-ferguson
009_009332.mp3,tags white rainbow
009_009333.mp3,"genre Folk; styles Free-Folk, Folk, Freak-Folk; tags mv ee"
009_009334.mp3,tags knxwl3dg3
009_009335.mp3,tags mountain party
009_009336.mp3,"genre Experimental; styles Noise, Experimental; tags pink panzer"
009_009337.mp3,"genre Experimental; styles Noise, Experimental; tags pink panzer"
009_009338.mp3,"genre Experimental; styles Noise, Experimental; tags pink panzer"
009_009339.mp3,"genre Experimental; styles Noise, Experimental; tags pink panzer"
009_009340.mp3,"genre Experimental; styles Noise, Experimental; tags pink panzer"
009_009343.mp3,tags quinn walker rio en medio avocet
009_009344.mp3,"styles Pop, Rock, Indie-Rock; tags thetartans"
009_009345.mp3,"genre Experimental; styles Noise, Experimental; tags pink panzer"
009_009346.mp3,"genre Experimental; styles Noise, Experimental; tags pink panzer"
009_009347.mp3,"genre Experimental; styles Noise, Experimental; tags pink panzer"
009_009348.mp3,"genre Experimental; styles Noise, Experimental; tags pink panzer"
009_009349.mp3,"genre Experimental; styles Noise, Experimental; tags pink panzer"
009_009350.mp3,"genre Experimental; styles Noise, Experimental; tags pink panzer"
009_009351.mp3,"genre Experimental; styles Noise, Experimental; tags pink panzer"
009_009352.mp3,"genre Experimental; styles Noise, Experimental; tags pink panzer"
009_009353.mp3,"genre Experimental; styles Noise, Experimental; tags pink panzer"
009_009354.mp3,"genre Experimental; styles Noise, Experimental; tags pink panzer"
009_009355.mp3,"genre Experimental; styles Noise, Experimental; tags pink panzer"
009_009356.mp3,"genre Experimental; styles Noise, Experimental; tags pink panzer"
009_009357.mp3,"genre Experimental; styles Noise, Experimental; tags pink panzer"
009_009358.mp3,"genre Experimental; styles Noise, Experimental; tags pink panzer"
009_009359.mp3,"genre Experimental; styles Noise, Experimental; tags pink panzer"
009_009360.mp3,"genre Experimental; styles Noise, Experimental; tags pink panzer"
009_009361.mp3,"genre Experimental; styles Noise, Experimental; tags pink panzer"
009_009362.mp3,tags matthewdavid
009_009363.mp3,"styles Noise, Minimal Electronic, Experimental, Electronic; tags welcome wizard"
009_009364.mp3,"styles Noise, Minimal Electronic, Experimental, Electronic; tags welcome wizard"
009_009365.mp3,"styles Noise, Minimal Electronic, Experimental, Electronic; tags welcome wizard"
009_009366.mp3,"styles Noise, Minimal Electronic, Experimental, Electronic; tags welcome wizard"
009_009367.mp3,"styles Noise, Minimal Electronic, Experimental, Electronic; tags welcome wizard"
009_009368.mp3,"styles Noise, Minimal Electronic, Experimental, Electronic; tags welcome wizard"
009_009370.mp3,"styles Noise, Minimal Electronic, Experimental, Electronic; tags welcome wizard"
009_009371.mp3,"styles Noise, Minimal Electronic, Experimental, Electronic; tags welcome wizard"
009_009372.mp3,"styles Noise, Minimal Electronic, Experimental, Electronic; tags welcome wizard"
009_009373.mp3,"styles Noise, Minimal Electronic, Experimental, Electronic; tags welcome wizard"
009_009374.mp3,"styles Noise, Minimal Electronic, Experimental, Electronic; tags welcome wizard"
009_009375.mp3,"styles Noise, Minimal Electronic, Experimental, Electronic; tags welcome wizard"
009_009376.mp3,"styles Noise, Minimal Electronic, Experimental, Electronic; tags welcome wizard"
009_009377.mp3,"styles Noise, Minimal Electronic, Experimental, Electronic; tags welcome wizard"
009_009378.mp3,"styles Noise, Minimal Electronic, Experimental, Electronic; tags welcome wizard"
009_009379.mp3,tags stuart and caan the mayfly dance
009_009380.mp3,"styles Noise, Minimal Electronic, Experimental, Electronic; tags welcome wizard"
009_009381.mp3,tags lymbyc systym
009_009382.mp3,"styles Noise, Experimental, Singer-Songwriter, Electroacoustic, Electronic, Folk, Minimal Electronic; tags welcome wizard"
009_009383.mp3,"styles Noise, Experimental, Singer-Songwriter, Electroacoustic, Electronic, Folk, Minimal Electronic; tags welcome wizard"
009_009384.mp3,"styles Noise, Experimental, Singer-Songwriter, Electroacoustic, Electronic, Folk, Minimal Electronic; tags welcome wizard"
009_009385.mp3,"styles Noise, Experimental, Singer-Songwriter, Electroacoustic, Electronic, Folk, Minimal Electronic; tags welcome wizard"
009_009386.mp3,"styles Noise, Experimental, Singer-Songwriter, Electroacoustic, Electronic, Folk, Minimal Electronic; tags welcome wizard"
009_009387.mp3,"styles Noise, Experimental, Singer-Songwriter, Electroacoustic, Electronic, Folk, Minimal Electronic; tags welcome wizard"
009_009388.mp3,"styles Noise, Experimental, Singer-Songwriter, Electroacoustic, Electronic, Folk, Minimal Electronic; tags welcome wizard"
009_009389.mp3,"styles Noise, Experimental, Singer-Songwriter, Electroacoustic, Electronic, Folk, Minimal Electronic; tags welcome wizard"
009_009390.mp3,"styles Noise, Experimental, Singer-Songwriter, Electroacoustic, Electronic, Folk, Minimal Electronic; tags welcome wizard"
009_009391.mp3,"styles Noise, Experimental, Singer-Songwriter, Electroacoustic, Electronic, Folk, Minimal Electronic; tags welcome wizard"
009_009392.mp3,"styles Noise, Experimental, Singer-Songwriter, Electroacoustic, Electronic, Folk, Minimal Electronic; tags welcome wizard"
009_009393.mp3,"styles Noise, Experimental, Singer-Songwriter, Electroacoustic, Electronic, Folk, Minimal Electronic; tags welcome wizard"
009_009394.mp3,"styles Noise, Experimental, Singer-Songwriter, Electroacoustic, Electronic, Folk, Minimal Electronic; tags welcome wizard"
009_009395.mp3,tags unrecognizable now
009_009396.mp3,tags au with the paranthetical girls
009_009397.mp3,"genre Rock; styles Post-Punk, Rock, Punk; tags weave"
009_009398.mp3,"genre Electronic; styles Techno, Electronic; tags sfv acid"
009_009399.mp3,tags hecuba
009_009400.mp3,"genre Folk; styles Folk, British Folk; tags alessi"
009_009401.mp3,tags monopoly
009_009402.mp3,"genre Electronic; styles Electronic; tags wham city, baltimore, future islands"
009_009403.mp3,"styles Noise, Experimental, Singer-Songwriter, Electroacoustic, Electronic, Folk, Minimal Electronic; tags welcome wizard"
009_009404.mp3,"styles Noise, Experimental, Singer-Songwriter, Electroacoustic, Electronic, Folk, Minimal Electronic; tags welcome wizard"
009_009405.mp3,"styles Noise, Experimental, Singer-Songwriter, Electroacoustic, Electronic, Folk, Minimal Electronic; tags welcome wizard"
009_009406.mp3,"styles Noise, Experimental, Singer-Songwriter, Electroacoustic, Electronic, Folk, Minimal Electronic; tags welcome wizard"
009_009407.mp3,"styles Noise, Experimental, Singer-Songwriter, Electroacoustic, Electronic, Folk, Minimal Electronic; tags welcome wizard"
009_009408.mp3,"styles Noise, Experimental, Singer-Songwriter, Electroacoustic, Electronic, Folk, Minimal Electronic; tags welcome wizard"
009_009409.mp3,"styles Noise, Experimental, Singer-Songwriter, Electroacoustic, Electronic, Folk, Minimal Electronic; tags welcome wizard"
009_009410.mp3,"styles Noise, Experimental, Singer-Songwriter, Electroacoustic, Electronic, Folk, Minimal Electronic; tags welcome wizard"
009_009411.mp3,"styles Noise, Experimental, Singer-Songwriter, Electroacoustic, Electronic, Folk, Minimal Electronic; tags welcome wizard"
009_009412.mp3,"styles Noise, Experimental, Singer-Songwriter, Electroacoustic, Electronic, Folk, Minimal Electronic; tags welcome wizard"
009_009413.mp3,"styles Noise, Experimental, Singer-Songwriter, Electroacoustic, Electronic, Folk, Minimal Electronic; tags welcome wizard"
009_009414.mp3,tags lion of panjshir
009_009415.mp3,"styles Noise, Experimental, Singer-Songwriter, Electroacoustic, Electronic, Folk, Minimal Electronic; tags welcome wizard"
009_009416.mp3,"styles Noise, Experimental, Singer-Songwriter, Electroacoustic, Electronic, Folk, Minimal Electronic; tags welcome wizard"
009_009417.mp3,"styles Noise, Experimental, Singer-Songwriter, Electroacoustic, Electronic, Folk, Minimal Electronic; tags welcome wizard"
009_009418.mp3,"styles Noise, Experimental, Singer-Songwriter, Electroacoustic, Electronic, Folk, Minimal Electronic; tags welcome wizard"
009_009419.mp3,"styles Noise, Experimental, Singer-Songwriter, Electroacoustic, Electronic, Folk, Minimal Electronic; tags welcome wizard"
009_009420.mp3,"There’s something magical brewing up in Nevada City. Maybe it’s the crisp air, wild rivers and"
009_009421.mp3,"styles Noise, Experimental, Singer-Songwriter, Electroacoustic, Electronic, Folk, Minimal Electronic; tags welcome wizard"
009_009422.mp3,"styles Noise, Experimental, Singer-Songwriter, Electroacoustic, Electronic, Folk, Minimal Electronic; tags welcome wizard"
009_009423.mp3,"styles Noise, Experimental, Singer-Songwriter, Electroacoustic, Electronic, Folk, Minimal Electronic; tags welcome wizard"
009_009424.mp3,"styles Noise, Experimental, Singer-Songwriter, Electroacoustic, Electronic, Folk, Minimal Electronic; tags welcome wizard"
009_009425.mp3,"styles Noise, Experimental, Singer-Songwriter, Electroacoustic, Electronic, Folk, Minimal Electronic; tags welcome wizard"
009_009426.mp3,"styles Noise, Experimental, Singer-Songwriter, Electroacoustic, Electronic, Folk, Minimal Electronic; tags welcome wizard"
009_009427.mp3,"styles Noise, Experimental, Singer-Songwriter, Electroacoustic, Electronic, Folk, Minimal Electronic; tags welcome wizard"
009_009428.mp3,"styles Noise, Experimental, Singer-Songwriter, Electroacoustic, Electronic, Folk, Minimal Electronic; tags welcome wizard"
009_009429.mp3,"styles Noise, Experimental, Singer-Songwriter, Electroacoustic, Electronic, Folk, Minimal Electronic; tags welcome wizard"
009_009430.mp3,"styles Noise, Experimental, Singer-Songwriter, Electroacoustic, Electronic, Folk, Minimal Electronic; tags welcome wizard"
009_009431.mp3,"styles Noise, Experimental, Singer-Songwriter, Electroacoustic, Electronic, Folk, Minimal Electronic; tags welcome wizard"
009_009432.mp3,"styles Noise, Experimental, Singer-Songwriter, Electroacoustic, Electronic, Folk, Minimal Electronic; tags welcome wizard"
009_009433.mp3,"styles Noise, Experimental, Singer-Songwriter, Electroacoustic, Electronic, Folk, Minimal Electronic; tags welcome wizard"
009_009434.mp3,"styles Noise, Experimental, Singer-Songwriter, Electroacoustic, Electronic, Folk, Minimal Electronic; tags welcome wizard"
009_009435.mp3,"styles Noise, Experimental, Singer-Songwriter, Electroacoustic, Electronic, Folk, Minimal Electronic; tags welcome wizard"
009_009436.mp3,"styles Noise, Experimental, Singer-Songwriter, Electroacoustic, Electronic, Folk, Minimal Electronic; tags welcome wizard"
009_009437.mp3,"styles Noise, Experimental, Singer-Songwriter, Electroacoustic, Electronic, Folk, Minimal Electronic; tags welcome wizard"
009_009439.mp3,"styles Noise, Experimental, Singer-Songwriter, Electroacoustic, Electronic, Folk, Minimal Electronic; tags welcome wizard"
009_009440.mp3,"styles Noise, Experimental, Singer-Songwriter, Electroacoustic, Electronic, Folk, Minimal Electronic; tags welcome wizard"
009_009441.mp3,"styles Noise, Experimental, Singer-Songwriter, Electroacoustic, Electronic, Folk, Minimal Electronic; tags welcome wizard"
009_009442.mp3,"styles Noise, Experimental, Singer-Songwriter, Electroacoustic, Electronic, Folk, Minimal Electronic; tags welcome wizard"
009_009443.mp3,"styles Noise, Experimental, Singer-Songwriter, Electroacoustic, Electronic, Folk, Minimal Electronic; tags welcome wizard"
009_009445.mp3,"styles Noise, Experimental, Singer-Songwriter, Electroacoustic, Electronic, Folk, Minimal Electronic; tags welcome wizard"
009_009446.mp3,"styles Noise, Experimental, Singer-Songwriter, Electroacoustic, Electronic, Folk, Minimal Electronic; tags welcome wizard"
009_009447.mp3,"styles Noise, Experimental, Singer-Songwriter, Electroacoustic, Electronic, Folk, Minimal Electronic; tags welcome wizard"
009_009448.mp3,"styles Noise, Experimental, Singer-Songwriter, Electroacoustic, Electronic, Folk, Minimal Electronic; tags welcome wizard"
009_009449.mp3,"styles Noise, Experimental, Singer-Songwriter, Electroacoustic, Electronic, Folk, Minimal Electronic; tags welcome wizard"
009_009450.mp3,"genre Experimental; styles Noise, Experimental; tags smegma"
009_009451.mp3,"styles Noise, Experimental, Singer-Songwriter, Electroacoustic, Electronic, Folk, Minimal Electronic; tags welcome wizard"
009_009452.mp3,"styles Noise, Experimental, Singer-Songwriter, Electroacoustic, Electronic, Folk, Minimal Electronic; tags welcome wizard"
009_009453.mp3,"styles Noise, Experimental, Singer-Songwriter, Electroacoustic, Electronic, Folk, Minimal Electronic; tags welcome wizard"
009_009454.mp3,"styles Noise, Experimental, Singer-Songwriter, Electroacoustic, Electronic, Folk, Minimal Electronic; tags welcome wizard"
009_009455.mp3,"styles Noise, Experimental, Singer-Songwriter, Electroacoustic, Electronic, Folk, Minimal Electronic; tags welcome wizard"
009_009456.mp3,"styles Noise, Experimental, Singer-Songwriter, Electroacoustic, Electronic, Folk, Minimal Electronic; tags welcome wizard"
009_009457.mp3,"styles Noise, Experimental, Singer-Songwriter, Electroacoustic, Electronic, Folk, Minimal Electronic; tags welcome wizard"
009_009458.mp3,"styles Noise, Experimental, Singer-Songwriter, Electroacoustic, Electronic, Folk, Minimal Electronic; tags welcome wizard"
009_009459.mp3,"styles Noise, Experimental, Singer-Songwriter, Electroacoustic, Electronic, Folk, Minimal Electronic; tags welcome wizard"
009_009460.mp3,"styles Noise, Experimental, Singer-Songwriter, Electroacoustic, Electronic, Folk, Minimal Electronic; tags welcome wizard"
009_009461.mp3,"styles Noise, Experimental, Singer-Songwriter, Electroacoustic, Electronic, Folk, Minimal Electronic; tags welcome wizard"
009_009463.mp3,"styles Noise, Experimental, Singer-Songwriter, Electroacoustic, Electronic, Folk, Minimal Electronic; tags welcome wizard"
009_009464.mp3,"styles Noise, Experimental, Singer-Songwriter, Electroacoustic, Electronic, Folk, Minimal Electronic; tags welcome wizard"
009_009466.mp3,"styles Noise, Experimental, Singer-Songwriter, Electroacoustic, Electronic, Folk, Minimal Electronic; tags welcome wizard"
009_009467.mp3,"styles Noise, Experimental, Singer-Songwriter, Electroacoustic, Electronic, Folk, Minimal Electronic; tags welcome wizard"
009_009468.mp3,"styles Flamenco, Folk, International; tags fingerstyle guitar, peter walker with jack rose"
009_009469.mp3,"styles Noise, Experimental, Singer-Songwriter, Electroacoustic, Electronic, Folk, Minimal Electronic; tags welcome wizard"
009_009470.mp3,"styles Noise, Experimental, Singer-Songwriter, Electroacoustic, Electronic, Folk, Minimal Electronic; tags welcome wizard"
009_009471.mp3,"genre Rock; styles Space-Rock, Post-Rock, Rock; tags chicago, icy demons"
009_009472.mp3,genre Electronic; styles Electronic; tags atlas sound
009_009473.mp3,"genre Electronic; styles Ambient Electronic, Electronic; tags smgsap"
009_009474.mp3,genre Folk; styles Folk; tags erlend oye
009_009475.mp3,"styles Noise, Jazz, Experimental, Free-Jazz, Rock, Loud-Rock, Noise-Rock; tags ricecorpse"
009_009478.mp3,"genre Experimental; styles Noise, Experimental; tags peeled hearts paste"
009_009479.mp3,"genre Experimental; styles Noise, Experimental; tags peeled hearts paste"
009_009480.mp3,"genre Experimental; styles Noise, Experimental; tags dj smallcock"
009_009483.mp3,"genre Experimental; styles Noise, Avant-Garde, Experimental; tags justice yeldham"
009_009484.mp3,"styles Singer-Songwriter, Comedy, Pop, Folk, Spoken; tags purple duck"
009_009485.mp3,"styles Singer-Songwriter, Comedy, Pop, Folk, Spoken; tags purple duck"
009_009486.mp3,"styles Singer-Songwriter, Comedy, Pop, Folk, Spoken; tags purple duck"
009_009487.mp3,"styles Singer-Songwriter, Comedy, Pop, Folk, Spoken; tags purple duck"
009_009488.mp3,"styles Singer-Songwriter, Comedy, Pop, Folk, Spoken; tags purple duck"
009_009489.mp3,"styles Singer-Songwriter, Comedy, Pop, Folk, Spoken; tags purple duck"
009_009494.mp3,WHERE THE COMET FALLS It was cold and hungry where I was young had to burn
009_009499.mp3,"genre Experimental; styles Noise, Avant-Garde, Experimental; tags justice yeldham"
009_009510.mp3,MARY MACK A Romeo is more effective when he is a store detective working up along
009_009515.mp3,"genre Rock; styles Rock, Loud-Rock; tags puffy areolas"
009_009518.mp3,"genre Rock; styles Rock, Loud-Rock; tags puffy areolas"
009_009519.mp3,genre Rock; styles Rock; tags the butcherings
009_009520.mp3,genre Rock; styles Rock; tags the butcherings
009_009521.mp3,genre Rock; styles Rock; tags the butcherings
009_009522.mp3,"styles Rock, Experimental; tags slasher risk"
009_009524.mp3,"styles Country, Composed Music, Classical, Bluegrass; tags qqq"
009_009525.mp3,"styles Country, Composed Music, Classical, Bluegrass; tags qqq"
009_009526.mp3,"styles Country, Composed Music, Classical, Bluegrass; tags qqq"
009_009527.mp3,"styles Country, Composed Music, Classical, Bluegrass; tags qqq"
009_009529.mp3,"styles Country, Composed Music, Classical, Bluegrass; tags qqq"
009_009530.mp3,"styles Country, Composed Music, Classical, Bluegrass; tags qqq"
009_009534.mp3,"genre Rock; styles Rock, Garage; tags the german measles"
009_009535.mp3,"genre Rock; styles Rock, Garage; tags the german measles"
009_009536.mp3,"genre Rock; styles Rock, Garage; tags the german measles"
009_009537.mp3,"genre Rock; styles Rock, Garage; tags the german measles"
009_009538.mp3,"genre Rock; styles Rock, Garage; tags the german measles"
009_009539.mp3,"genre Rock; styles Rock, Garage; tags the german measles"
009_009540.mp3,"genre Rock; styles Rock, Garage; tags the german measles"
009_009541.mp3,"genre Rock; styles Rock, Garage; tags the german measles"
009_009542.mp3,"genre Rock; styles Rock, Garage; tags the german measles"
009_009543.mp3,"genre Rock; styles Rock, Garage; tags the german measles"
009_009544.mp3,"genre Rock; styles Rock, Garage; tags the german measles"
009_009545.mp3,"styles Folk, Experimental, Electroacoustic; tags hamalben"
009_009546.mp3,"styles International, Jazz, Experimental, Free-Jazz, Improv; tags throat-singing, overtone singing, drone, khoomei, shruti box, arrington de"
009_009547.mp3,"styles International, Jazz, Experimental, Free-Jazz, Improv; tags throat-singing, overtone singing, drone, khoomei, shruti box, arrington de"
009_009548.mp3,"styles International, Jazz, Experimental, Free-Jazz, Improv; tags throat-singing, overtone singing, drone, khoomei, shruti box, arrington de"
009_009549.mp3,"styles International, Jazz, Experimental, Free-Jazz, Improv; tags throat-singing, overtone singing, drone, khoomei, shruti box, arrington de"
009_009581.mp3,"styles Experimental, Comedy, Old-Time / Historic, Spoken, Unclassifiable; tags singing sadie"
009_009582.mp3,"styles Experimental, Comedy, Old-Time / Historic, Spoken, Unclassifiable; tags singing sadie"
009_009583.mp3,"styles Experimental, Comedy, Old-Time / Historic, Spoken, Unclassifiable; tags singing sadie"
009_009584.mp3,"styles Spoken, Unclassifiable, Experimental, Comedy; tags novelty, comedy, new wave, parody, new waver"
009_009585.mp3,"styles Spoken, Unclassifiable, Experimental, Comedy; tags novelty, comedy, new wave, parody, new waver"
009_009586.mp3,"styles Spoken, Unclassifiable, Experimental, Comedy; tags novelty, comedy, new wave, parody, new waver"
009_009587.mp3,"styles Spoken, Unclassifiable, Experimental, Comedy; tags novelty, comedy, new wave, parody, new waver"
009_009595.mp3,"genre Experimental; styles Unclassifiable, Experimental; tags volvox"
009_009598.mp3,"genre Experimental; styles Unclassifiable, Experimental; tags volvox"
009_009600.mp3,"genre Experimental; styles Unclassifiable, Experimental; tags volvox"
009_009605.mp3,"genre Experimental; styles Unclassifiable, Experimental; tags volvox"
009_009609.mp3,"genre Experimental; styles Unclassifiable, Experimental; tags volvox"
009_009612.mp3,"genre Experimental; styles Unclassifiable, Experimental; tags volvox"
009_009637.mp3,"genre Rock; styles Indie-Rock, Rock; tags xiu xiu w kristin hersh"
009_009641.mp3,genre Rock; styles Rock; tags dr david suendermann
009_009647.mp3,tags audiotechnica
009_009648.mp3,tags northsea feat kristin hersh
009_009649.mp3,tags graphic recliner
009_009657.mp3,"genre Rock; styles Punk, Rock, Garage; tags the franks"
009_009660.mp3,tags superhumanoids
009_009661.mp3,tags superhumanoids
009_009665.mp3,"styles Indie-Rock, Pop, Rock, Experimental Pop, Folk; tags learning music"
009_009667.mp3,tags meanest man contest
009_009668.mp3,"styles Noise, Experimental, Electronic, Drone, Glitch; tags briz"
009_009674.mp3,"styles Avant-Garde, Spoken Weird, Spoken, Experimental; tags volvox"
009_009675.mp3,"styles Avant-Garde, Spoken Weird, Spoken, Experimental; tags volvox"
009_009676.mp3,"styles Avant-Garde, Spoken Weird, Spoken, Experimental; tags volvox"
009_009679.mp3,"styles Experimental, Audio Collage, Electronic; tags bradbury"
009_009680.mp3,"styles Experimental, Audio Collage, Electronic; tags bradbury"
009_009681.mp3,genre Electronic; styles Electronic; tags skin o daayba
009_009682.mp3,genre Electronic; styles Electronic; tags skin o daayba
009_009683.mp3,genre Electronic; styles Electronic; tags skin o daayba
009_009684.mp3,genre Electronic; styles Electronic; tags skin o daayba
009_009685.mp3,genre Electronic; styles Electronic; tags skin o daayba
009_009686.mp3,genre Electronic; styles Electronic; tags skin o daayba
009_009687.mp3,genre Electronic; styles Electronic; tags skin o daayba
009_009688.mp3,genre Electronic; styles Electronic; tags skin o daayba
009_009689.mp3,genre Electronic; styles Electronic; tags skin o daayba
009_009690.mp3,genre Electronic; styles Electronic; tags skin o daayba
009_009691.mp3,"styles Experimental, Audio Collage, Electronic; tags bradbury"
009_009692.mp3,"styles Avant-Garde, Experimental, No Wave, Rock, Punk, Psych-Rock; tags naked on the vague"
009_009693.mp3,"styles Avant-Garde, Experimental, No Wave, Rock, Punk, Psych-Rock; tags naked on the vague"
009_009694.mp3,"styles Avant-Garde, Experimental, No Wave, Rock, Punk, Psych-Rock; tags naked on the vague"
009_009695.mp3,"styles Avant-Garde, Experimental, No Wave, Rock, Punk, Psych-Rock; tags naked on the vague"
009_009696.mp3,"styles Unclassifiable, Alternative Hip-Hop, Hip-Hop, Experimental; tags suicidal rap orgy"
009_009697.mp3,"styles Unclassifiable, Alternative Hip-Hop, Hip-Hop, Experimental; tags suicidal rap orgy"
009_009698.mp3,"styles Unclassifiable, Alternative Hip-Hop, Hip-Hop, Experimental; tags suicidal rap orgy"
009_009699.mp3,"styles Unclassifiable, Alternative Hip-Hop, Hip-Hop, Experimental; tags suicidal rap orgy"
009_009700.mp3,"styles Old-Time / Historic, Unclassifiable, Experimental; tags nora keyes"
009_009701.mp3,"styles Old-Time / Historic, Unclassifiable, Experimental; tags nora keyes"
009_009702.mp3,"genre Electronic; styles Breakcore - Hard, IDM, Electronic; tags nynack"
009_009704.mp3,"styles Sound Collage, Experimental, Pop, Experimental Pop, Electronic, Audio Collage, Glitch; tags the spazmodics"
009_009705.mp3,"styles Sound Collage, Experimental, Pop, Experimental Pop, Electronic, Audio Collage, Glitch; tags the spazmodics"
009_009706.mp3,"styles Sound Collage, Experimental, Pop, Experimental Pop, Electronic, Audio Collage, Glitch; tags the spazmodics"
009_009707.mp3,"styles Sound Collage, Experimental, Pop, Experimental Pop, Electronic, Audio Collage, Glitch; tags the spazmodics"
009_009708.mp3,"styles Sound Collage, Experimental, Pop, Experimental Pop, Electronic, Audio Collage, Glitch; tags the spazmodics"
009_009710.mp3,"styles Sound Collage, Experimental, Pop, Experimental Pop, Electronic, Audio Collage, Glitch; tags the spazmodics"
009_009714.mp3,"styles Sound Collage, Experimental, Pop, Experimental Pop, Electronic, Audio Collage, Glitch; tags the spazmodics"
009_009718.mp3,"styles Pop, Experimental Pop, Electronic; tags alternahunk"
009_009719.mp3,"styles Pop, Experimental Pop, Electronic; tags alternahunk"
009_009720.mp3,"styles Pop, Experimental Pop, Electronic; tags alternahunk"
009_009733.mp3,"genre Rock; styles Loud-Rock, Rock, Noise-Rock; tags mayyors, sacramento"
009_009734.mp3,"genre Rock; styles Loud-Rock, Rock, Noise-Rock; tags mayyors, sacramento"
009_009736.mp3,"genre Rock; styles Loud-Rock, Rock, Noise-Rock; tags mayyors, sacramento"
009_009737.mp3,"genre Rock; styles Loud-Rock, Rock, Noise-Rock; tags mayyors, sacramento"
009_009738.mp3,"genre Rock; styles Loud-Rock, Rock, Noise-Rock; tags mayyors, sacramento"
009_009739.mp3,"genre Rock; styles Loud-Rock, Rock, Noise-Rock; tags mayyors, sacramento"
009_009740.mp3,"genre Rock; styles Loud-Rock, Rock, Noise-Rock; tags mayyors, sacramento"
009_009741.mp3,"genre Rock; styles Loud-Rock, Rock, Noise-Rock; tags mayyors, sacramento"
009_009742.mp3,"genre Rock; styles Loud-Rock, Rock, Noise-Rock; tags mayyors, sacramento"
009_009743.mp3,"genre Rock; styles Loud-Rock, Rock, Noise-Rock; tags mayyors, sacramento"
009_009744.mp3,"genre Rock; styles Loud-Rock, Rock, Noise-Rock; tags mayyors, sacramento"
009_009745.mp3,"genre Rock; styles Loud-Rock, Rock, Noise-Rock; tags mayyors, sacramento"
009_009765.mp3,"styles Post-Punk, Rock, Punk, Electronic; tags gravy train"
009_009772.mp3,"genre Experimental; styles Noise, Experimental; tags barry chabala"
009_009773.mp3,"genre Experimental; styles Noise, Experimental; tags free jazz, noise, avant garde, improv, mittimus, mike yarrish"
009_009778.mp3,genre Hip-Hop; styles Hip-Hop; tags sunbyrn
009_009784.mp3,"http://creativecommons.org/licenses/by-nc-sa/2.0/uk/; styles Hip-Hop, Electronic; tags double helix"
009_009787.mp3,"http://creativecommons.org/licenses/by-nc-sa/2.0/uk/; styles Hip-Hop, Electronic; tags double helix"
009_009789.mp3,"http://creativecommons.org/licenses/by-nc-sa/2.0/uk/; styles Hip-Hop, Electronic; tags double helix"
009_009796.mp3,"genre Experimental; styles Noise, Experimental; tags matt sekel"
009_009797.mp3,"genre Experimental; styles Noise, Experimental; tags free jazz, noise, avant garde, improv, mittimus, mike yarrish"
009_009802.mp3,"http://creativecommons.org/licenses/by-nc-sa/3.0/ | https://www.wfmu.org/playlists/shows/29422 | http://www.myspace.com/shrubs; genre Rock; styles Punk, Rock, Garage; tags the shrubs"
009_009803.mp3,"http://creativecommons.org/licenses/by-nc-sa/3.0/ | https://www.wfmu.org/playlists/shows/29422 | http://www.myspace.com/shrubs; genre Rock; styles Punk, Rock, Garage; tags the shrubs"
009_009804.mp3,"http://creativecommons.org/licenses/by-nc-sa/3.0/ | https://www.wfmu.org/playlists/shows/29422 | http://www.myspace.com/shrubs; genre Rock; styles Punk, Rock, Garage; tags the shrubs"
009_009805.mp3,"http://creativecommons.org/licenses/by-nc-sa/3.0/ | https://www.wfmu.org/playlists/shows/29422 | http://www.myspace.com/shrubs; genre Rock; styles Punk, Rock, Garage; tags the shrubs"
009_009806.mp3,"http://creativecommons.org/licenses/by-nc-sa/3.0/ | https://www.wfmu.org/playlists/shows/29422 | http://www.myspace.com/shrubs; genre Rock; styles Punk, Rock, Garage; tags the shrubs"
009_009807.mp3,"http://creativecommons.org/licenses/by-nc-sa/3.0/ | https://www.wfmu.org/playlists/shows/29422 | http://www.myspace.com/shrubs; genre Rock; styles Punk, Rock, Garage; tags the shrubs"
009_009808.mp3,"http://creativecommons.org/licenses/by-nc-sa/3.0/ | https://www.wfmu.org/playlists/shows/29422 | http://www.myspace.com/shrubs; genre Rock; styles Punk, Rock, Garage; tags the shrubs"
009_009809.mp3,"http://creativecommons.org/licenses/by-nc-sa/3.0/ | https://www.wfmu.org/playlists/shows/29422 | http://www.myspace.com/shrubs; genre Rock; styles Punk, Rock, Garage; tags the shrubs"
009_009810.mp3,"http://creativecommons.org/licenses/by-nc-sa/3.0/ | https://www.wfmu.org/playlists/shows/29422 | http://www.myspace.com/shrubs; genre Rock; styles Punk, Rock, Garage; tags the shrubs"
009_009813.mp3,"genre Electronic; styles Chip Music, Electronic; tags atari, nes, apple ii, 8 Bit, commodore, chip music,"
009_009814.mp3,"styles Folk, Electroacoustic, Experimental, Electronic; tags assaf k talmudi"
009_009815.mp3,"styles Folk, Electroacoustic, Experimental, Electronic; tags assaf k talmudi"
009_009816.mp3,"styles Folk, Electroacoustic, Experimental, Electronic; tags assaf k talmudi"
009_009818.mp3,"styles Folk, Electroacoustic, Experimental, Electronic; tags assaf k talmudi"
009_009819.mp3,"styles Folk, Electroacoustic, Experimental, Electronic; tags assaf k talmudi"
009_009820.mp3,"styles Folk, Electroacoustic, Experimental, Electronic; tags assaf k talmudi"
009_009821.mp3,"styles Folk, Electroacoustic, Experimental, Electronic; tags assaf k talmudi"
009_009822.mp3,"styles Folk, Electroacoustic, Experimental, Electronic; tags assaf k talmudi"
009_009825.mp3,"styles Folk, Electroacoustic, Experimental, Electronic; tags assaf k talmudi"
009_009828.mp3,"http://creativecommons.org/licenses/by-nc-sa/3.0/ | https://www.wfmu.org/playlists/shows/29422 | http://www.myspace.com/shrubs; genre Rock; styles Punk, Rock, Garage; tags the shrubs"
009_009829.mp3,"http://creativecommons.org/licenses/by-nc-sa/2.0/uk/; styles Hip-Hop, Electronic; tags double helix"
009_009830.mp3,"http://creativecommons.org/licenses/by-nc-sa/2.0/uk/; styles Hip-Hop, Electronic; tags double helix"
009_009836.mp3,"genre Experimental; styles Noise, Experimental; tags matt sekel"
009_009845.mp3,"genre Experimental; styles Noise, Avant-Garde, Experimental; tags mattin, spain basque, spain"
009_009848.mp3,"genre Experimental; styles Noise, Avant-Garde, Experimental; tags mattin, spain basque, spain"
009_009854.mp3,"genre Hip-Hop; styles Hip-Hop; tags dlek, dalek"
009_009855.mp3,"genre Hip-Hop; styles Hip-Hop; tags dlek, dalek"
009_009856.mp3,"genre Hip-Hop; styles Hip-Hop; tags dlek, dalek"
009_009879.mp3,genre Experimental; styles Experimental; tags keir neuringer
009_009884.mp3,"genre Electronic; styles Chip Music, Electronic; tags atari, nes, apple ii, 8 Bit, commodore, chip music,"
009_009889.mp3,tags zach layton
009_009890.mp3,"styles Folk, Americana, Country; tags corinne west"
009_009892.mp3,"tags alex waterman dafna naftali and darius jones, dafna naphtali"
009_009893.mp3,"stars like fleas (and friends) play cornelius cardew's treatise at the Darmstadt ""essential repertoire"" festival at"
009_009899.mp3,"genre Jazz; styles Free-Jazz, Jazz; tags arthur doyle"
009_009900.mp3,tags juaneco y su combo
009_009901.mp3,tags juaneco y su combo
009_009903.mp3,"tags athens ga, bird names, athens, vermont, chicago, fun, brattleboro"
009_009904.mp3,STEEPLECHASE BOUND In Greenpoint (that’s the end of the pickle) the summer’s pretty sour The river
009_009905.mp3,"HORNIN’ ZEESE Ose draggy, ink standy, dogbait, chucky, jimheady, tongue-cuppy and I got to get to"
009_009906.mp3,"styles Folk, Americana, Country, Singer-Songwriter; tags al duvall"
009_009907.mp3,"styles Folk, Americana, Country, Singer-Songwriter; tags al duvall"
009_009908.mp3,"styles Folk, Americana, Country, Singer-Songwriter; tags al duvall"
009_009909.mp3,"styles Singer-Songwriter, Old-Time / Historic, Americana, Country, Folk; tags al duvall"
009_009910.mp3,"styles Folk, Americana, Country, Singer-Songwriter; tags al duvall"
009_009911.mp3,"styles Folk, Americana, Country, Singer-Songwriter; tags al duvall"
009_009912.mp3,POPPYCOCK AND TOMMYROT Here’s poppycock and tommyrot and hot to trot erotica Here’s Hottentot and polyglot
009_009913.mp3,THE DAY BARTENDER I’m the day bartender at the Early Bird Saloon and from 6 o’clock
009_009916.mp3,"styles Folk, Pop, Singer-Songwriter; tags deano merino, pop, singer-songwriter, rock"
009_009919.mp3,"null; styles Avant-Garde, Audio Collage, Experimental, Electronic; tags sweden"
009_009921.mp3,"null; styles Avant-Garde, Audio Collage, Experimental, Electronic; tags sweden"
009_009922.mp3,"null; styles Avant-Garde, Audio Collage, Experimental, Electronic; tags sweden"
009_009924.mp3,"styles Avant-Garde, Audio Collage, Experimental, Electronic; tags sweden"
009_009925.mp3,"styles Singer-Songwriter, Pop, Experimental Pop, Electronic, Folk; tags kevin blechdom"
009_009926.mp3,"styles Singer-Songwriter, Pop, Experimental Pop, Electronic, Folk; tags kevin blechdom"
009_009927.mp3,"styles Singer-Songwriter, Pop, Experimental Pop, Electronic, Folk; tags kevin blechdom"
009_009928.mp3,"styles Singer-Songwriter, Pop, Experimental Pop, Electronic, Folk; tags kevin blechdom"
009_009929.mp3,"styles Singer-Songwriter, Pop, Experimental Pop, Electronic, Folk; tags kevin blechdom"
009_009930.mp3,"styles Singer-Songwriter, Pop, Experimental Pop, Electronic, Folk; tags kevin blechdom"
009_009931.mp3,"styles Singer-Songwriter, Pop, Experimental Pop, Electronic, Folk; tags kevin blechdom"
009_009932.mp3,"styles Singer-Songwriter, Pop, Experimental Pop, Electronic, Folk; tags kevin blechdom"
009_009933.mp3,"styles Singer-Songwriter, Pop, Experimental Pop, Electronic, Folk; tags kevin blechdom"
009_009934.mp3,"styles Singer-Songwriter, Pop, Experimental Pop, Electronic, Folk; tags kevin blechdom"
009_009935.mp3,"styles Singer-Songwriter, Pop, Experimental Pop, Electronic, Folk; tags kevin blechdom"
009_009936.mp3,"styles Singer-Songwriter, Pop, Experimental Pop, Electronic, Folk; tags kevin blechdom"
009_009937.mp3,"styles Free-Jazz, Jazz, Experimental; tags digital primitives, assif tsahar"
009_009938.mp3,"styles Experimental, Electronic; tags dnymr"
009_009940.mp3,"styles Experimental, Electronic; tags dnymr"
009_009941.mp3,"styles Experimental, Electronic; tags dnymr"
009_009943.mp3,"styles Experimental, Electronic; tags dnymr"
009_009944.mp3,"styles Experimental, Electronic; tags dnymr"
009_009949.mp3,"styles Experimental, Electronic; tags dnymr"
009_009950.mp3,"styles Experimental, Electronic; tags dnymr"
009_009951.mp3,"styles Experimental, Electronic; tags dnymr"
009_009952.mp3,"styles Experimental, Electronic; tags dnymr"
009_009953.mp3,"An Hour Ophir Ilzetzki hosts the Israeli, Berlin based composer and film maker, Adam Weisser HYPERLINK"
009_009955.mp3,"Ophir Ilzetzki talks with, and introduces the music of Dganit Elyakim------------------------------------------------------------------------------------------------------------ --------------------------------------------------------- Born in Tel Aviv,"
009_009959.mp3,"genre Rock; styles Electro-Punk, Punk, Rock; tags sans blanc, chris andrews, blah blah blah"
009_009963.mp3,"genre Rock; styles Electro-Punk, Punk, Rock; tags sans blanc, chris andrews, blah blah blah"
009_009965.mp3,"genre Rock; styles Electro-Punk, Punk, Rock; tags sans blanc, chris andrews, blah blah blah"
009_009969.mp3,"styles Folk, Pop, Experimental Pop, Singer-Songwriter; tags instrumentals, experimental pop, post punk, experimental rock, soundtracks, lo"
009_009970.mp3,"styles Folk, Pop, Experimental Pop, Singer-Songwriter; tags instrumentals, experimental pop, post punk, experimental rock, soundtracks, lo"
009_009971.mp3,"styles Folk, Pop, Experimental Pop, Singer-Songwriter; tags instrumentals, experimental pop, post punk, experimental rock, soundtracks, lo"
009_009972.mp3,"styles Folk, Pop, Experimental Pop, Singer-Songwriter; tags instrumentals, experimental pop, post punk, experimental rock, soundtracks, lo"
009_009973.mp3,"styles Folk, Pop, Experimental Pop, Singer-Songwriter; tags instrumentals, experimental pop, post punk, experimental rock, soundtracks, lo"
009_009974.mp3,"styles Folk, Pop, Experimental Pop, Singer-Songwriter; tags instrumentals, experimental pop, post punk, experimental rock, soundtracks, lo"
009_009975.mp3,"styles Folk, Pop, Experimental Pop, Singer-Songwriter; tags instrumentals, experimental pop, post punk, experimental rock, soundtracks, lo"
009_009976.mp3,"styles Folk, Pop, Experimental Pop, Singer-Songwriter; tags instrumentals, experimental pop, post punk, experimental rock, soundtracks, lo"
009_009977.mp3,"Ophir Ilzetzki interviews one of Israel's most prominent composers, Arie Shapira (*1943) and discusses with him"
009_009978.mp3,"styles Folk, Experimental; tags mount eerie"
009_009979.mp3,tags lettuce prey
009_009980.mp3,"styles Pop, Lo-Fi, Rock, Indie-Rock; tags fred thomas"
009_009981.mp3,"tags new zealand, david kilgour"
009_009983.mp3,"tags lo-fi, daniel johnston"
009_009984.mp3,tags colin clary
010_010009.mp3,"styles Noise, Industrial, Experimental, Rock, Electronic, Techno, Lo-Fi; tags zeigenbock kopf"
010_010010.mp3,"styles Noise, Industrial, Experimental, Rock, Electronic, Techno, Lo-Fi; tags zeigenbock kopf"
010_010011.mp3,"styles Noise, Industrial, Experimental, Rock, Electronic, Techno, Lo-Fi; tags zeigenbock kopf"
010_010012.mp3,"styles Noise, Industrial, Experimental, Rock, Electronic, Techno, Lo-Fi; tags zeigenbock kopf"
010_010013.mp3,"styles Noise, Industrial, Experimental, Rock, Electronic, Techno, Lo-Fi; tags zeigenbock kopf"
010_010014.mp3,"styles Noise, Industrial, Experimental, Rock, Electronic, Techno, Lo-Fi; tags zeigenbock kopf"
010_010015.mp3,"styles Noise, Industrial, Experimental, Rock, Electronic, Techno, Lo-Fi; tags zeigenbock kopf"
010_010016.mp3,"styles Noise, Industrial, Experimental, Rock, Electronic, Techno, Lo-Fi; tags zeigenbock kopf"
010_010017.mp3,"styles Noise, Industrial, Experimental, Rock, Electronic, Techno, Lo-Fi; tags zeigenbock kopf"
010_010018.mp3,"styles Noise, Industrial, Experimental, Rock, Electronic, Techno, Lo-Fi; tags zeigenbock kopf"
010_010019.mp3,"styles Noise, Industrial, Experimental, Rock, Electronic, Techno, Lo-Fi; tags zeigenbock kopf"
010_010020.mp3,"styles Noise, Industrial, Experimental, Rock, Electronic, Techno, Lo-Fi; tags zeigenbock kopf"
010_010021.mp3,"styles Noise, Industrial, Experimental, Rock, Electronic, Techno, Lo-Fi; tags zeigenbock kopf"
010_010022.mp3,"styles Noise, Industrial, Experimental, Rock, Electronic, Techno, Lo-Fi; tags zeigenbock kopf"
010_010023.mp3,"styles Noise, Industrial, Experimental, Rock, Electronic, Techno, Lo-Fi; tags zeigenbock kopf"
010_010025.mp3,"styles Pop, Rock, Experimental Pop; tags wfmu, diy, r stevie moore, home recordings, lo-fi"
010_010031.mp3,"genre Classical; styles Classical; tags beethoven, daniel veesey"
010_010034.mp3,genre Classical; styles Classical; tags skidmore college orchestra
010_010036.mp3,genre Classical; styles Classical; tags skidmore college orchestra
010_010039.mp3,genre Classical; styles Classical; tags skidmore college orchestra
010_010047.mp3,"styles Pop, Experimental Pop, Electronic; tags guy harries, the native, matt chilton"
010_010048.mp3,"styles Pop, Experimental Pop, Electronic; tags guy harries, the native, matt chilton"
010_010049.mp3,"styles Pop, Experimental Pop, Electronic; tags guy harries, the native, matt chilton"
010_010050.mp3,"styles Pop, Experimental Pop, Electronic; tags guy harries, the native, matt chilton"
010_010051.mp3,"styles Pop, Experimental Pop, Electronic; tags guy harries, the native, matt chilton"
010_010052.mp3,"genre Rock; styles Punk, Rock; tags aviv mark"
010_010053.mp3,"genre Rock; styles Punk, Rock; tags aviv mark"
010_010054.mp3,"genre Rock; styles Punk, Rock; tags aviv mark"
010_010055.mp3,"genre Rock; styles Punk, Rock; tags aviv mark"
010_010057.mp3,"genre Rock; styles Punk, Rock; tags aviv mark"
010_010058.mp3,"genre Rock; styles Punk, Rock; tags aviv mark"
010_010059.mp3,"genre Rock; styles Punk, Rock; tags aviv mark"
010_010060.mp3,"genre Rock; styles Punk, Rock; tags aviv mark"
010_010061.mp3,"genre Rock; styles Punk, Rock; tags aviv mark"
010_010078.mp3,genre Electronic; styles Electronic; tags mc firedrill
010_010079.mp3,genre Electronic; styles Electronic; tags mc firedrill
010_010080.mp3,genre Electronic; styles Electronic; tags mc firedrill
010_010081.mp3,genre Electronic; styles Electronic; tags mc firedrill
010_010082.mp3,genre Electronic; styles Electronic; tags mc firedrill
010_010083.mp3,genre Electronic; styles Electronic; tags mc firedrill
010_010084.mp3,genre Electronic; styles Electronic; tags mc firedrill
010_010085.mp3,"styles Novelty, Experimental, Old-Time / Historic, Sound Effects, Holiday; tags holiday music, harry e humphrey"
010_010087.mp3,genre Old-Time / Historic; styles Old-Time / Historic; tags maurice burkhart
010_010088.mp3,genre Old-Time / Historic; styles Old-Time / Historic; tags henry burr
010_010090.mp3,genre Old-Time / Historic; styles Old-Time / Historic; tags charles crawford gorst
010_010091.mp3,genre Old-Time / Historic; styles Old-Time / Historic; tags jaudas society orchestra
010_010092.mp3,genre Old-Time / Historic; styles Old-Time / Historic; tags male quartet
010_010093.mp3,genre Old-Time / Historic; styles Old-Time / Historic; tags walter van brunt
010_010095.mp3,genre Old-Time / Historic; styles Old-Time / Historic; tags harry e humphrey
010_010096.mp3,genre Old-Time / Historic; styles Old-Time / Historic; tags irving kaufman
010_010097.mp3,genre Old-Time / Historic; styles Old-Time / Historic; tags harvey hindermyer and helen clark
010_010098.mp3,genre Old-Time / Historic; styles Old-Time / Historic; tags eugene emmett
010_010100.mp3,genre Old-Time / Historic; styles Old-Time / Historic; tags homer rodeheaver
010_010101.mp3,genre Old-Time / Historic; styles Old-Time / Historic; tags national promenade band
010_010102.mp3,genre Old-Time / Historic; styles Old-Time / Historic; tags emory b randolph
010_010103.mp3,genre Old-Time / Historic; styles Old-Time / Historic; tags henry burr and ada jones
010_010105.mp3,genre Old-Time / Historic; styles Old-Time / Historic; tags national promenade band
010_010109.mp3,genre Electronic; styles Electronic; tags meto
010_010110.mp3,genre Electronic; styles Electronic; tags ether
010_010113.mp3,genre Electronic; styles Electronic; tags 5man
010_010114.mp3,genre Electronic; styles Electronic; tags memory shop
010_010115.mp3,genre Electronic; styles Electronic; tags quiroga
010_010121.mp3,genre Electronic; styles Electronic; tags lucamoka
010_010122.mp3,genre Electronic; styles Electronic; tags eniac
010_010123.mp3,genre Electronic; styles Electronic; tags phooka
010_010126.mp3,genre Electronic; styles Electronic; tags micamatdesanimaux
010_010131.mp3,genre Electronic; styles Electronic; tags wang inc
010_010137.mp3,genre Rock; styles Rock; tags jonathan kanes february
010_010138.mp3,"styles Krautrock, Rock, House, Electronic; tags pink skull"
010_010139.mp3,"styles Krautrock, Rock, House, Electronic; tags pink skull"
010_010144.mp3,"styles Krautrock, Rock, House, Electronic; tags pink skull"
010_010145.mp3,"styles Krautrock, Rock, House, Electronic; tags pink skull"
010_010146.mp3,"styles Krautrock, Rock, House, Electronic; tags pink skull"
010_010162.mp3,"styles Industrial, Rock, Experimental, Electronic; tags excepter"
010_010167.mp3,"genre Rock; styles Loud-Rock, Rock, Noise-Rock; tags sightings"
010_010170.mp3,"genre Rock; styles Loud-Rock, Rock, Noise-Rock; tags sightings"
010_010171.mp3,"genre Rock; styles Loud-Rock, Rock, Noise-Rock; tags sightings"
010_010172.mp3,"genre Rock; styles Loud-Rock, Rock, Noise-Rock; tags sightings"
010_010181.mp3,"styles Industrial, Rock, Experimental, Electronic; tags excepter"
010_010182.mp3,"styles Industrial, Rock, Experimental, Electronic; tags excepter"
010_010183.mp3,"tags indonesia, neowax"
010_010185.mp3,"tags indonesia, neowax"
010_010188.mp3,"styles International, Reggae - Dub, Electronic; tags bondinedhansel"
010_010193.mp3,"styles Pop, Experimental Pop, Electronic; tags gina v dorio"
010_010194.mp3,"styles Pop, Experimental Pop, Electronic; tags gina v dorio"
010_010195.mp3,"styles Avant-Garde, Experimental, Electronic; tags brunk"
010_010196.mp3,"styles Avant-Garde, Experimental, Electronic; tags brunk"
010_010197.mp3,"styles Avant-Garde, Experimental, Electronic; tags brunk"
010_010198.mp3,"styles Avant-Garde, Experimental, Electronic; tags brunk"
010_010199.mp3,"styles Avant-Garde, Experimental, Electronic; tags brunk"
010_010200.mp3,"styles Avant-Garde, Experimental, Electronic; tags brunk"
010_010201.mp3,"styles Avant-Garde, Experimental, Electronic; tags brunk"
010_010202.mp3,"styles Avant-Garde, Experimental, Electronic; tags brunk"
010_010203.mp3,"styles Avant-Garde, Experimental, Electronic; tags brunk"
010_010204.mp3,"styles Avant-Garde, Experimental, Electronic; tags brunk"
010_010205.mp3,"styles Avant-Garde, Experimental, Electronic; tags brunk"
010_010206.mp3,"styles Avant-Garde, Experimental, Electronic; tags brunk"
010_010207.mp3,"styles Avant-Garde, Experimental, Electronic; tags brunk"
010_010208.mp3,"styles Avant-Garde, Experimental, Electronic; tags brunk"
010_010209.mp3,"styles Avant-Garde, Experimental, Electronic; tags brunk"
010_010210.mp3,"styles Avant-Garde, Experimental, Electronic; tags brunk"
010_010211.mp3,"styles Avant-Garde, Experimental, Electronic; tags brunk"
010_010212.mp3,tags sickboy
010_010215.mp3,"genre Rock; styles Rock; tags wm recordings, denmark, panicphobia, netlabels, progressive rock"
010_010225.mp3,"genre Instrumental; styles Compilation, Soundtrack, Instrumental; tags free matter for the blind"
010_010226.mp3,"genre Instrumental; styles Compilation, Soundtrack, Instrumental; tags lucky dragons"
010_010227.mp3,"genre Instrumental; styles Compilation, Soundtrack, Instrumental; tags free matter for the blind"
010_010228.mp3,"genre Instrumental; styles Compilation, Soundtrack, Instrumental; tags free matter for the blind"
010_010229.mp3,"genre Instrumental; styles Compilation, Soundtrack, Instrumental; tags free matter for the blind"
010_010232.mp3,"genre Instrumental; styles Compilation, Soundtrack, Instrumental; tags clover"
010_010233.mp3,"genre Instrumental; styles Compilation, Soundtrack, Instrumental; tags free matter for the blind"
010_010235.mp3,"genre Instrumental; styles Compilation, Soundtrack, Instrumental; tags robin amer"
010_010236.mp3,"genre Instrumental; styles Compilation, Soundtrack, Instrumental; tags bea mcg"
010_010237.mp3,"genre Instrumental; styles Compilation, Soundtrack, Instrumental; tags robert amp irene moon"
010_010238.mp3,"genre Instrumental; styles Compilation, Soundtrack, Instrumental; tags prong horned fawn"
010_010241.mp3,"genre Instrumental; styles Compilation, Soundtrack, Instrumental; tags eric carlson"
010_010242.mp3,"genre Instrumental; styles Compilation, Soundtrack, Instrumental; tags r bradbury"
010_010244.mp3,"genre Instrumental; styles Compilation, Soundtrack, Instrumental; tags free matter for the blind"
010_010245.mp3,"genre Instrumental; styles Compilation, Soundtrack, Instrumental; tags free matter for the blind"
010_010248.mp3,"genre Instrumental; styles Compilation, Soundtrack, Instrumental; tags field recorder"
010_010249.mp3,"genre Instrumental; styles Compilation, Soundtrack, Instrumental; tags jaydee"
010_010251.mp3,"genre Instrumental; styles Compilation, Soundtrack, Instrumental; tags c rockefeller amp d kay"
010_010252.mp3,"genre Instrumental; styles Compilation, Soundtrack, Instrumental; tags ashanti alston"
010_010253.mp3,"genre Instrumental; styles Compilation, Soundtrack, Instrumental; tags r reege amp b stark"
010_010254.mp3,"genre Instrumental; styles Compilation, Soundtrack, Instrumental; tags mrs panacea pussycat"
010_010255.mp3,"genre Instrumental; styles Compilation, Soundtrack, Instrumental; tags e talley"
010_010256.mp3,"genre Instrumental; styles Compilation, Soundtrack, Instrumental; tags e talley"
010_010257.mp3,"genre Instrumental; styles Compilation, Soundtrack, Instrumental; tags free matter for the blind"
010_010259.mp3,genre Electronic; styles Electronic; tags thomas dimuzioscott arfordchris fitzpatrick
010_010260.mp3,genre Electronic; styles Electronic; tags thomas dimuzio amp anla courtis
010_010261.mp3,"genre Electronic; styles Electronic; tags san francisco, thomas dimuzio"
010_010262.mp3,"genre Electronic; styles Electronic; tags san francisco, thomas dimuzio"
010_010263.mp3,genre Electronic; styles Electronic; tags thomas dimuzio amp mitchell brown
010_010264.mp3,"genre Electronic; styles Electronic; tags bay area, thomas dimuzio"
010_010265.mp3,genre Electronic; styles Electronic; tags thomas dimuzio amp elliott sharp
010_010269.mp3,"genre Instrumental; styles Compilation, Soundtrack, Instrumental; tags free matter for the blind"
010_010270.mp3,"genre Instrumental; styles Compilation, Soundtrack, Instrumental; tags andres ammer and fm einheit"
010_010272.mp3,"genre Instrumental; styles Compilation, Soundtrack, Instrumental; tags free matter for the blind"
010_010278.mp3,"genre Instrumental; styles Compilation, Soundtrack, Instrumental; tags free matter for the blind"
010_010280.mp3,"genre Instrumental; styles Compilation, Soundtrack, Instrumental; tags free matter for the blind"
010_010281.mp3,"genre Instrumental; styles Compilation, Soundtrack, Instrumental; tags free matter for the blind"
010_010282.mp3,"genre Instrumental; styles Compilation, Soundtrack, Instrumental; tags eric carlson"
010_010283.mp3,"genre Instrumental; styles Compilation, Soundtrack, Instrumental; tags jenny asarnow"
010_010285.mp3,"genre Instrumental; styles Compilation, Soundtrack, Instrumental; tags eric carlson"
010_010289.mp3,"genre Instrumental; styles Compilation, Soundtrack, Instrumental; tags free matter for the blind"
010_010290.mp3,"genre Instrumental; styles Compilation, Soundtrack, Instrumental; tags free matter for the blind"
010_010291.mp3,"genre Instrumental; styles Compilation, Soundtrack, Instrumental; tags eric lyon"
010_010292.mp3,"genre Instrumental; styles Compilation, Soundtrack, Instrumental; tags free matter for the blind"
010_010301.mp3,"styles Noise, Experimental, Electronic; tags san francisco, thomas dimuzio"
010_010334.mp3,"genre Instrumental; styles Compilation, Soundtrack, Instrumental; tags free matter for the blind"
010_010336.mp3,"styles Noise, Experimental, Electronic; tags san francisco, thomas dimuzio"
010_010337.mp3,"styles Noise, Experimental, Electronic; tags thomas dimuzio amp michael t jackson"
010_010339.mp3,"genre Rock; styles Punk, Psych-Rock, Rock; tags los fancy free"
010_010345.mp3,tags ed askew
010_010346.mp3,"genre Rock; styles Rock; tags bay area, coachwhips"
010_010355.mp3,tags unihabitable mansions
010_010356.mp3,genre Old-Time / Historic; styles Old-Time / Historic; tags joseph a phillips
010_010365.mp3,genre Old-Time / Historic; styles Old-Time / Historic; tags national promenade band
010_010370.mp3,tags elliott sharp
010_010373.mp3,"genre Experimental; styles Noise, Sound Collage, Experimental; tags sodadosa"
010_010380.mp3,"genre Folk; styles Folk; tags folk, maine, big blood"
010_010399.mp3,"It’s been my philosophy that good music is best when it is shared. Of course, nothing"
010_010401.mp3,"This is a brief, ethnographic recording from French Guinea (known by the French at that time"
010_010403.mp3,Here's a more substantial offering from Africa - West Africa to be precise. The Zonophone label
010_010404.mp3,"On to the music of a stateless nation. At first, this baile vasco starts off with"
010_010405.mp3,"styles Experimental, Novelty, Comedy, Spoken, Unclassifiable; tags al duvall, purple duck"
010_010406.mp3,"styles Experimental, Novelty, Comedy, Spoken, Unclassifiable; tags al duvall, new waver"
010_010407.mp3,"styles Experimental, Novelty, Comedy, Spoken, Unclassifiable; tags al duvall, rank sinatra"
010_010408.mp3,"styles Experimental, Novelty, Comedy, Spoken, Unclassifiable; tags al duvall, eric kuhlmann"
010_010409.mp3,"Vs Kunt and Featuring Ove-naxx; styles Experimental, Novelty, Comedy, Spoken, Unclassifiable; tags al duvall, toxic lipstick"
010_010410.mp3,"styles Experimental, Novelty, Comedy, Spoken, Unclassifiable; tags al duvall, sweden"
010_010411.mp3,"taken from his self produced album 'i am aroused'; styles Experimental, Novelty, Comedy, Spoken, Unclassifiable; tags"
010_010412.mp3,"Featuring Al Duvall; styles Experimental, Novelty, Comedy, Spoken, Unclassifiable; tags al duvall, singing sadie"
010_010413.mp3,"styles Experimental, Novelty, Comedy, Spoken, Unclassifiable; tags al duvall, bad tables"
010_010414.mp3,"styles Experimental, Novelty, Comedy, Spoken, Unclassifiable; tags al duvall, question mark"
010_010415.mp3,"Nora Keryes sings the theme to Prisoner a show she never watched!; styles Experimental, Novelty, Comedy,"
010_010417.mp3,tags dj smallcock
010_010419.mp3,tags dj smallcock
010_010421.mp3,"For this week’s entry, we’ll stay located on the Iberian Peninsula and examine an early, classic"
010_010422.mp3,"Thisd is my contribution to the GROUND ZERO / PROJECT: CONSUME, VOL. 1-3, series where Otomo"
010_010423.mp3,"My earliest recording. This single-sided, 7″ record was made in Singapore by recording engineer Fred Gaisberg"
010_010424.mp3,I thought I’d update mid-week with a pretty solid example of mid-20th century Indonesian krontjong. Krontjong
010_010425.mp3,"North Africa was a busy hub of early recording, with nearly every major label conducting numerous"
010_010429.mp3,While I definitely have some appreciation for the early practitioners of the Argentine tango and its
010_010431.mp3,tags merzbow
010_010432.mp3,"genre Experimental; styles Experimental, Audio Collage; tags bradbury"
010_010433.mp3,"genre Experimental; styles Experimental, Audio Collage; tags new waver"
010_010436.mp3,"genre Experimental; styles Experimental, Audio Collage; tags melt banana"
010_010448.mp3,genre Folk; styles Folk; tags uke of spaces corners
010_010450.mp3,genre Folk; styles Folk; tags uke of spaces corners
010_010452.mp3,genre Folk; styles Folk; tags uke of spaces corners
010_010453.mp3,genre Folk; styles Folk; tags uke of spaces corners
010_010454.mp3,genre Folk; styles Folk; tags uke of spaces corners
010_010455.mp3,genre Folk; styles Folk; tags uke of spaces corners
010_010457.mp3,genre Folk; styles Folk; tags uke of spaces corners
010_010461.mp3,tags brian joseph davis
010_010471.mp3,"styles Experimental, Rock, Folk, British Folk, Musique Concrete, Lo-Fi; tags thee moths"
010_010472.mp3,"styles Experimental, Rock, Folk, British Folk, Musique Concrete, Lo-Fi; tags thee moths"
010_010473.mp3,"styles Experimental, Rock, Folk, British Folk, Musique Concrete, Lo-Fi; tags thee moths"
010_010474.mp3,"styles Experimental, Rock, Folk, British Folk, Musique Concrete, Lo-Fi; tags thee moths"
010_010475.mp3,"styles Experimental, Rock, Folk, British Folk, Musique Concrete, Lo-Fi; tags thee moths"
010_010476.mp3,"styles Experimental, Rock, Folk, British Folk, Musique Concrete, Lo-Fi; tags thee moths"
010_010477.mp3,"styles Experimental, Rock, Folk, British Folk, Musique Concrete, Lo-Fi; tags thee moths"
010_010478.mp3,"styles Experimental, Rock, Folk, British Folk, Musique Concrete, Lo-Fi; tags thee moths"
010_010479.mp3,"styles Experimental, Rock, Folk, British Folk, Musique Concrete, Lo-Fi; tags thee moths"
010_010489.mp3,"styles Experimental, Rock, Folk, British Folk, Musique Concrete, Lo-Fi; tags thee moths"
010_010490.mp3,"styles Folk, Pop, Lo-Fi, Rock; tags drew danburry"
010_010491.mp3,"styles Folk, Pop, Lo-Fi, Rock; tags drew danburry"
010_010492.mp3,"styles Folk, Pop, Lo-Fi, Rock; tags drew danburry"
010_010493.mp3,"styles Folk, Lo-Fi, Rock, Psych-Folk; tags patrick porter"
010_010494.mp3,"styles Folk, Lo-Fi, Rock, Psych-Folk; tags patrick porter"
010_010495.mp3,"styles Folk, Lo-Fi, Rock, Psych-Folk; tags patrick porter"
010_010496.mp3,"styles Folk, Lo-Fi, Rock, Psych-Folk; tags patrick porter"
010_010497.mp3,"styles Folk, Lo-Fi, Rock, Psych-Folk; tags patrick porter"
010_010498.mp3,"styles Folk, Lo-Fi, Rock, Psych-Folk; tags patrick porter"
010_010499.mp3,"styles Folk, Lo-Fi, Rock, Psych-Folk; tags patrick porter"
010_010500.mp3,"styles Folk, Lo-Fi, Rock, Psych-Folk; tags patrick porter"
010_010501.mp3,"I thought it might be fun to start the week off with an authentic samba, recorded"
010_010503.mp3,"I’m back, and will be on schedule for the forseeable future. This track hails from the"
010_010504.mp3,"First, a thank-you to Matt at Benn loxo and Matt at Matsuli Music for their comments"
010_010505.mp3,"Another one of my personal favorites, thanks to the folks with foresight working for Columbia Records"
010_010506.mp3,"This week, I offer a nice example of Greek dimotika from the mid-1930s. Dimotika refers to"
010_010507.mp3,"Some “light classical” music from India, for this week’s post. This record was recorded in India"
010_010508.mp3,"First off, I sure wish the Net would switch over to Unicode so I could type"
010_010509.mp3,There’s precious little that can compare with the unmistakable voice and guitarra doble of Lidya Mendoza
010_010510.mp3,"While I do have some examples of Japanese instrumental folk music 78s, I thought this might"
010_010511.mp3,"Ok. Here’s a doozy. Really, this is one of my absolute favorite, favorite 78s of all"
010_010512.mp3,"When I first received this record, I thought, “Gee, could a record possibly be in worse"
010_010513.mp3,"An early post this week - I will be busy through the 10th. This track, a"
010_010515.mp3,Most of the best examples of Polish folkloric music of the early 20th century were recorded
010_010516.mp3,"I’ve got several more 78s from Europe already in the queue for future posts, so I"
010_010517.mp3,"Recently, I’ve been transferring some of my best 78s of flamenco and cante jondo music of"
010_010518.mp3,"Columbia, in the late 1920s, released approximately 1300 records by Italian-American immigrants, for purchase usually at"
010_010519.mp3,"More classic green Columbia fare from the late 1920s! First, thanks to any and all who"
010_010520.mp3,"genre Experimental; styles Unclassifiable, Experimental; tags supercute bye byes"
010_010522.mp3,"genre Experimental; styles Unclassifiable, Experimental; tags supercute bye byes"
010_010523.mp3,"genre Experimental; styles Unclassifiable, Experimental; tags runzelstirn and gurglestock"
010_010524.mp3,"genre Experimental; styles Unclassifiable, Experimental; tags supercute bye byes"
010_010526.mp3,"genre Experimental; styles Unclassifiable, Experimental; tags supercute bye byes"
010_010528.mp3,"genre Experimental; styles Unclassifiable, Experimental; tags supercute bye byes"
010_010530.mp3,"genre Experimental; styles Unclassifiable, Experimental; tags supercute bye byes"
010_010532.mp3,"genre Experimental; styles Unclassifiable, Experimental; tags supercute bye byes"
010_010533.mp3,"genre Experimental; styles Unclassifiable, Experimental; tags menstruation sisters"
010_010534.mp3,"genre Experimental; styles Unclassifiable, Experimental; tags supercute bye byes"
010_010536.mp3,"genre Experimental; styles Unclassifiable, Experimental; tags supercute bye byes"
010_010538.mp3,"genre Experimental; styles Unclassifiable, Experimental; tags supercute bye byes"
010_010539.mp3,"genre Experimental; styles Unclassifiable, Experimental; tags the poo touchers"
010_010540.mp3,"genre Experimental; styles Unclassifiable, Experimental; tags supercute bye byes"
010_010542.mp3,"genre Experimental; styles Unclassifiable, Experimental; tags supercute bye byes"
010_010543.mp3,"genre Experimental; styles Unclassifiable, Experimental; tags flash mustache"
010_010544.mp3,"genre Experimental; styles Unclassifiable, Experimental; tags supercute bye byes"
010_010545.mp3,"genre Experimental; styles Unclassifiable, Experimental; tags volvox"
010_010546.mp3,"genre Experimental; styles Unclassifiable, Experimental; tags supercute bye byes"
010_010547.mp3,"genre Experimental; styles Unclassifiable, Experimental; tags the jerker"
010_010548.mp3,"genre Experimental; styles Unclassifiable, Experimental; tags supercute bye byes"
010_010549.mp3,"genre Experimental; styles Unclassifiable, Experimental; tags dj smallcock"
010_010550.mp3,"Here’s a track from Burma, also known as Myanmar. [According to a variety of sources, the"
010_010551.mp3,"genre Experimental; styles Unclassifiable, Experimental; tags supercute bye byes"
010_010553.mp3,"genre Experimental; styles Unclassifiable, Experimental; tags supercute bye byes"
010_010555.mp3,"genre Experimental; styles Unclassifiable, Experimental; tags supercute bye byes"
010_010557.mp3,"genre Experimental; styles Unclassifiable, Experimental; tags supercute bye byes"
010_010559.mp3,"genre Experimental; styles Unclassifiable, Experimental; tags supercute bye byes"
010_010560.mp3,"genre Experimental; styles Unclassifiable, Experimental; tags mu mesons"
010_010561.mp3,"Better late than never. I had to leave town for a short trip, then my file"
010_010562.mp3,"I’m returning to India for a track by Master Laloo, a singer from Gujarat, presumably. Collecting"
010_010563.mp3,"Antonio Machín (1903-1977) was born in Sagua la Grande on the north side of Cuba, and"
010_010564.mp3,"For me, classical Arabic music from the first two decades of the 20th century is poetic"
010_010565.mp3,Here’s a nice treat for the week: original Balinese gamelan music recorded by the Odeon company
010_010566.mp3,"styles Noise, Jazz, Experimental, Free-Jazz, Rock, Loud-Rock, Noise-Rock; tags ricecorpse"
010_010569.mp3,"While there’s plenty of incredible American, Cajun, and Irish-American fidders, there’s also a rich history of"
010_010570.mp3,"A taxim ( taksim, taqsim, takssim ), in Turkish classical music, is an improvisation played on"
010_010571.mp3,"This week, instead of tiresome, phony holiday cheer, I offer this instead: one of my favorite"
010_010572.mp3,"I had the chance to visit with my friend Haji Maji , aka Dave, this weekend,"
010_010573.mp3,"Today’s feature: the Breton bagpipe. If you haven’t heard Brittany bagpipe music, you’re in for a"
010_010574.mp3,To the person who spoke another language the phonograph assumed a more important role. In a
010_010576.mp3,I received an e-mail request asking to post some early American country music. Since early country
010_010578.mp3,"I’m kicking off February with a series of musically intense posts. Get ready. Today, we move"
010_010579.mp3,"Now, we move from Azerbaijan to Armenia. Well, not exactly Armenia per se, but Istanbul/Constantinople, where"
010_010580.mp3,"styles Indie-Rock, Pop, Rock, Experimental Pop, Post-Punk, Lo-Fi, Punk; tags the prefab messiahs, art punk, massachusetts,"
010_010581.mp3,"styles Indie-Rock, Pop, Rock, Experimental Pop, Post-Punk, Punk; tags the prefab messiahs, art punk, massachusetts, psych"
010_010587.mp3,"styles Indie-Rock, Singer-Songwriter, Rock, Folk, Lo-Fi; tags the shivers"
010_010588.mp3,"styles Indie-Rock, Singer-Songwriter, Rock, Folk, Lo-Fi; tags the shivers"
010_010589.mp3,"styles Indie-Rock, Singer-Songwriter, Rock, Folk, Lo-Fi; tags the shivers"
010_010590.mp3,"styles Indie-Rock, Singer-Songwriter, Rock, Folk, Lo-Fi; tags the shivers"
010_010591.mp3,"styles Indie-Rock, Singer-Songwriter, Rock, Folk, Lo-Fi; tags the shivers"
010_010592.mp3,"styles Indie-Rock, Singer-Songwriter, Rock, Folk, Lo-Fi; tags the shivers"
010_010593.mp3,"styles Indie-Rock, Singer-Songwriter, Rock, Folk, Lo-Fi; tags the shivers"
010_010594.mp3,"styles Pop, Lo-Fi, Rock, Indie-Rock; tags the cannanes"
010_010595.mp3,"styles Pop, Lo-Fi, Rock, Indie-Rock; tags the cannanes"
010_010596.mp3,"styles Pop, Lo-Fi, Rock, Indie-Rock; tags the cannanes"
010_010597.mp3,"styles Pop, Lo-Fi, Rock, Indie-Rock; tags the cannanes"
010_010598.mp3,"styles Pop, Lo-Fi, Rock, Indie-Rock; tags the cannanes"
010_010599.mp3,"styles Pop, Lo-Fi, Rock, Indie-Rock; tags the cannanes"
010_010600.mp3,"styles Pop, Lo-Fi, Rock, Indie-Rock; tags the cannanes"
010_010601.mp3,"styles Pop, Lo-Fi, Rock, Indie-Rock; tags the cannanes"
010_010602.mp3,"styles Pop, Lo-Fi, Rock; tags tullycraft"
010_010603.mp3,"styles Pop, Lo-Fi, Rock; tags tullycraft"
010_010604.mp3,"styles Pop, Lo-Fi, Rock; tags tullycraft"
010_010605.mp3,"styles Pop, Lo-Fi, Rock; tags tullycraft"
010_010608.mp3,"styles Pop, Lo-Fi, Rock; tags tullycraft"
010_010609.mp3,"styles Avant-Garde, Experimental, Electronic; tags mudboy- extreme animals"
010_010610.mp3,"styles Avant-Garde, Experimental, Electronic; tags mudboy- dark dark dark"
010_010613.mp3,"styles Blues, Rock, Folk, British Folk, Lo-Fi; tags billy childish"
010_010614.mp3,"styles Blues, Rock, Folk, British Folk, Lo-Fi; tags billy childish"
010_010615.mp3,"styles Blues, Rock, Folk, British Folk, Lo-Fi; tags billy childish"
010_010616.mp3,"styles Blues, Rock, Folk, British Folk, Lo-Fi; tags billy childish"
010_010617.mp3,"styles Blues, Rock, Folk, British Folk, Lo-Fi; tags billy childish"
010_010618.mp3,"styles Blues, Rock, Folk, British Folk, Lo-Fi; tags billy childish"
010_010619.mp3,"styles Blues, Rock, Folk, British Folk, Lo-Fi; tags billy childish"
010_010620.mp3,"styles Noise, Jazz, Experimental, Free-Jazz, Rock, Loud-Rock, Noise-Rock; tags ricecorpse"
010_010622.mp3,genre Electronic; styles Electronic; tags oorutaichi
010_010624.mp3,genre Electronic; styles Electronic; tags oorutaichi
010_010625.mp3,genre Electronic; styles Electronic; tags oorutaichi
010_010626.mp3,genre Electronic; styles Electronic; tags oorutaichi
010_010633.mp3,"styles Avant-Garde, Experimental, Electronic; tags invertebrata"
010_010634.mp3,"styles Avant-Garde, Experimental, Electronic; tags invertebrata"
010_010635.mp3,"styles Avant-Garde, Experimental, Electronic; tags invertebrata"
010_010636.mp3,"styles Avant-Garde, Experimental, Electronic; tags invertebrata"
010_010637.mp3,"styles Avant-Garde, Experimental, Electronic; tags invertebrata"
010_010639.mp3,"styles Avant-Garde, Experimental, Electronic; tags invertebrata"
010_010640.mp3,"styles Avant-Garde, Experimental, Electronic; tags invertebrata"
010_010641.mp3,"styles Avant-Garde, Experimental, Electronic; tags invertebrata"
010_010642.mp3,"styles Avant-Garde, Experimental, Electronic; tags invertebrata"
010_010643.mp3,"styles Avant-Garde, Experimental, Electronic; tags invertebrata"
010_010646.mp3,"styles Avant-Garde, Experimental, Electronic; tags thee contortionists"
010_010647.mp3,"styles Avant-Garde, Experimental, Electronic; tags jeff mcleod"
010_010648.mp3,"styles Avant-Garde, Experimental, Electronic; tags jeff mcleod"
010_010650.mp3,"styles Avant-Garde, Experimental, Electronic; tags jeff mcleod"
010_010651.mp3,"styles Avant-Garde, Experimental, Electronic; tags jeff mcleod"
010_010652.mp3,"styles Avant-Garde, Experimental, Electronic; tags jeff mcleod"
010_010653.mp3,"styles Avant-Garde, Experimental, Electronic; tags jeff mcleod"
010_010654.mp3,"styles Avant-Garde, Experimental, Electronic; tags jeff mcleod"
010_010655.mp3,"styles Avant-Garde, Experimental, Electronic; tags jeff mcleod"
010_010656.mp3,"styles Avant-Garde, Experimental, Electronic; tags jeff mcleod"
010_010657.mp3,"styles Avant-Garde, Experimental, Electronic; tags jeff mcleod"
010_010687.mp3,"styles Avant-Garde, Krautrock, Experimental, Rock, Loud-Rock, Drone, Noise-Rock, Psych-Rock; tags avant-garde, free improv, psych, experimental, psych-rock,"
010_010688.mp3,"styles Avant-Garde, Krautrock, Experimental, Rock, Drone, Psych-Rock; tags avant-garde, free improv, psych, experimental, psych-rock, psychedelic, krautrock,"
010_010700.mp3,"The life and long career of renowned Khyal vocalist Pandit Omkarnath Thakur (1897-1967), or Pujya Pandit"
010_010701.mp3,"Returning to South America for a moment, I thought I’d post another pre-tango folk song, this"
010_010702.mp3,"Journalist Eddie Dean, in “ Desperate Man Blues ,” says some wise words about rural American"
010_010703.mp3,"Sometimes I catch myself being overly swayed by certain music because of its rawness, or because"
010_010704.mp3,I became completely obsessed with Turkish psychedelic music several years ago and began searching out and
010_010705.mp3,"Back to South America. In the years before WWII, Victor Records in the U.S. was, for"
010_010706.mp3,"There are numerous types of Martiniquan music, but one form that proved quite popular in early"
010_010707.mp3,I think unaccompanied choirs are often ignored in non-classical 78rpm record collecting - they lack solo
010_010708.mp3,"styles Avant-Garde, Improv, Experimental, Electronic; tags improvisational, live recording, experimental, noteherder amp mccloud"
010_010709.mp3,"styles Avant-Garde, Improv, Experimental, Electronic; tags improvisational, live recording, experimental, noteherder amp mccloud"
010_010710.mp3,"styles Avant-Garde, Improv, Experimental, Electronic; tags improvisational, live recording, experimental, noteherder amp mccloud"
010_010711.mp3,"styles Avant-Garde, Improv, Experimental, Electronic; tags improvisational, live recording, experimental, noteherder amp mccloud"
010_010712.mp3,"styles Avant-Garde, Improv, Experimental, Electronic; tags improvisational, live recording, experimental, noteherder amp mccloud"
010_010713.mp3,"styles Avant-Garde, Improv, Experimental, Electronic; tags improvisational, live recording, experimental, noteherder amp mccloud"
010_010714.mp3,"styles Avant-Garde, Improv, Experimental, Electronic; tags improvisational, live recording, experimental, noteherder amp mccloud"
010_010715.mp3,"styles Avant-Garde, Improv, Experimental, Electronic; tags improvisational, live recording, experimental, noteherder amp mccloud"
010_010716.mp3,"styles Avant-Garde, Improv, Experimental, Electronic; tags improvisational, live recording, experimental, noteherder amp mccloud"
010_010717.mp3,"styles Avant-Garde, Improv, Experimental, Electronic; tags improvisational, live recording, experimental, noteherder amp mccloud"
010_010718.mp3,"styles Avant-Garde, Improv, Experimental, Electronic; tags improvisational, live recording, experimental, noteherder amp mccloud"
010_010719.mp3,"styles Avant-Garde, Improv, Experimental, Electronic; tags improvisational, live recording, experimental, noteherder amp mccloud"
010_010720.mp3,"styles Avant-Garde, Improv, Experimental, Electronic; tags improvisational, live recording, experimental, noteherder amp mccloud"
010_010721.mp3,"styles Avant-Garde, Improv, Experimental, Electronic; tags improvisational, live recording, experimental, noteherder amp mccloud"
010_010722.mp3,"styles Avant-Garde, Improv, Experimental, Electronic; tags improvisational, live recording, experimental, noteherder amp mccloud"
010_010725.mp3,genre Rock; styles Rock; tags the ridiculous trio
010_010726.mp3,genre Rock; styles Rock; tags the ridiculous trio
010_010729.mp3,"styles Folk, Country, Bluegrass; tags m shanghai string band"
010_010730.mp3,"styles Folk, Country, Bluegrass; tags m shanghai string band"
010_010731.mp3,"styles Folk, Country, Bluegrass; tags m shanghai string band"
010_010732.mp3,"styles Folk, Country, Bluegrass; tags m shanghai string band"
010_010733.mp3,"styles Folk, Country, Bluegrass; tags m shanghai string band"
010_010734.mp3,"styles Noise, Jazz, Experimental, Free-Jazz, Rock, Space-Rock, Post-Rock; tags bay area, oaxacan"
010_010735.mp3,"styles Noise, Jazz, Experimental, Free-Jazz, Rock, Space-Rock, Post-Rock; tags bay area, oaxacan"
010_010736.mp3,"styles Noise, Jazz, Experimental, Free-Jazz, Rock, Space-Rock, Post-Rock; tags bay area, oaxacan"
010_010738.mp3,"genre Jazz; styles Jazz: Out, Jazz; tags from bacteria to boys"
010_010768.mp3,"styles Sound Collage, Soundtrack, Instrumental, Experimental; tags ergo phizmiz amp margita zalite"
010_010769.mp3,"styles Sound Collage, Soundtrack, Instrumental, Experimental; tags ergo phizmiz amp margita zalite"
010_010770.mp3,"styles Sound Collage, Soundtrack, Instrumental, Experimental; tags ergo phizmiz amp margita zalite"
010_010771.mp3,"styles Sound Collage, Soundtrack, Instrumental, Experimental; tags ergo phizmiz amp margita zalite"
010_010772.mp3,"styles Sound Collage, Soundtrack, Instrumental, Experimental; tags ergo phizmiz amp margita zalite"
010_010773.mp3,"styles Sound Collage, Soundtrack, Instrumental, Experimental; tags ergo phizmiz amp margita zalite"
010_010774.mp3,"styles Sound Collage, Soundtrack, Instrumental, Experimental; tags ergo phizmiz amp margita zalite"
010_010775.mp3,"styles Sound Collage, Soundtrack, Instrumental, Experimental; tags ergo phizmiz amp margita zalite"
010_010776.mp3,"styles Sound Collage, Soundtrack, Instrumental, Experimental; tags ergo phizmiz amp margita zalite"
010_010777.mp3,"styles Sound Collage, Soundtrack, Instrumental, Experimental; tags ergo phizmiz amp margita zalite"
010_010778.mp3,"styles Sound Collage, Soundtrack, Instrumental, Experimental"
010_010779.mp3,"styles Sound Collage, Soundtrack, Instrumental, Experimental; tags ergo phizmiz amp margita zalite"
010_010780.mp3,"styles Sound Collage, Soundtrack, Instrumental, Experimental; tags ergo phizmiz amp margita zalite"
010_010781.mp3,"styles Sound Collage, Soundtrack, Instrumental, Experimental; tags ergo phizmiz amp margita zalite"
010_010782.mp3,"styles Sound Collage, Soundtrack, Instrumental, Experimental; tags ergo phizmiz amp margita zalite"
010_010783.mp3,"styles Sound Collage, Soundtrack, Instrumental, Experimental; tags ergo phizmiz amp margita zalite"
010_010784.mp3,"styles Sound Collage, Soundtrack, Instrumental, Experimental; tags ergo phizmiz amp margita zalite"
010_010785.mp3,"styles Sound Collage, Soundtrack, Instrumental, Experimental; tags ergo phizmiz amp margita zalite"
010_010786.mp3,"styles Sound Collage, Soundtrack, Instrumental, Experimental; tags ergo phizmiz amp margita zalite"
010_010787.mp3,"styles Sound Collage, Soundtrack, Instrumental, Experimental; tags ergo phizmiz amp margita zalite"
010_010788.mp3,"styles Sound Collage, Soundtrack, Instrumental, Experimental; tags ergo phizmiz amp margita zalite"
010_010789.mp3,"styles Sound Collage, Soundtrack, Instrumental, Experimental; tags ergo phizmiz amp margita zalite"
010_010790.mp3,"styles Sound Collage, Soundtrack, Instrumental, Experimental; tags ergo phizmiz amp margita zalite"
010_010792.mp3,tags huang ruo
010_010794.mp3,"styles Psych-Folk, Psych-Rock, Rock, Folk; tags experimental brooklyn, gary war, experimental rock, experimental, experimental pop"
010_010795.mp3,"styles Psych-Folk, Psych-Rock, Rock, Folk; tags experimental brooklyn, gary war, experimental rock, experimental, experimental pop"
010_010796.mp3,"styles Psych-Folk, Psych-Rock, Rock, Folk; tags experimental brooklyn, gary war, experimental rock, experimental, experimental pop"
010_010797.mp3,"styles Psych-Folk, Psych-Rock, Rock, Folk; tags experimental brooklyn, gary war, experimental rock, experimental, experimental pop"
010_010798.mp3,"styles Psych-Folk, Psych-Rock, Rock, Folk; tags experimental brooklyn, gary war, experimental rock, experimental, experimental pop"
010_010799.mp3,"styles Psych-Folk, Psych-Rock, Rock, Folk; tags experimental brooklyn, gary war, experimental rock, experimental, experimental pop"
010_010800.mp3,"styles Psych-Folk, Psych-Rock, Rock, Folk; tags experimental brooklyn, gary war, experimental rock, experimental, experimental pop"
010_010801.mp3,"styles Psych-Folk, Psych-Rock, Rock, Folk; tags experimental brooklyn, gary war, experimental rock, experimental, experimental pop"
010_010802.mp3,"styles Psych-Folk, Psych-Rock, Rock, Folk; tags experimental brooklyn, gary war, experimental rock, experimental, experimental pop"
010_010803.mp3,"styles Psych-Folk, Psych-Rock, Rock, Folk; tags experimental brooklyn, gary war, experimental rock, experimental, experimental pop"
010_010804.mp3,"styles Psych-Folk, Psych-Rock, Rock, Folk; tags experimental brooklyn, gary war, experimental rock, experimental, experimental pop"
010_010811.mp3,genre Hip-Hop; styles Hip-Hop; tags dj brownbum
010_010812.mp3,genre Hip-Hop; styles Hip-Hop; tags dj brownbum
010_010813.mp3,genre Hip-Hop; styles Hip-Hop; tags dj brownbum
010_010814.mp3,genre Hip-Hop; styles Hip-Hop; tags dj brownbum
010_010822.mp3,genre Rock; styles Rock; tags golden triangle
010_010823.mp3,genre Rock; styles Rock; tags golden triangle
010_010825.mp3,genre Rock; styles Rock; tags golden triangle
010_010827.mp3,genre Rock; styles Rock; tags golden triangle
010_010828.mp3,genre Rock; styles Rock; tags golden triangle
010_010829.mp3,genre Rock; styles Rock; tags golden triangle
010_010831.mp3,tags carlos giffoni
010_010832.mp3,tags carlos giffoni
010_010842.mp3,"genre Rock; styles Punk, Rock, Hardcore; tags red dawn ii"
010_010844.mp3,"genre Rock; styles Punk, Rock, Hardcore; tags red dawn ii"
010_010845.mp3,"genre Rock; styles Punk, Rock, Hardcore; tags red dawn ii"
010_010846.mp3,"genre Rock; styles Punk, Rock, Hardcore; tags red dawn ii"
010_010847.mp3,"genre Rock; styles Punk, Rock, Hardcore; tags red dawn ii"
010_010882.mp3,"genre Rock; styles Punk, Rock, Power-Pop; tags the priscillas"
010_010901.mp3,"genre Spoken; styles Radio, Spoken, Interview; tags throbbing gristle"
010_010902.mp3,"genre Spoken; styles Radio, Spoken, Interview; tags throbbing gristle"
010_010931.mp3,"genre Rock; styles Punk, Rock, Hardcore; tags diy, allschool hardcore, leipzig, farmers boulevard"
010_010939.mp3,tags arthurs landing
010_010940.mp3,"styles Avant-Garde, Krautrock, Experimental, Rock, Drone, Psych-Rock; tags avant-garde, free improv, psych, experimental, psych-rock, psychedelic, krautrock,"
010_010941.mp3,"styles Psych-Folk, Post-Rock, Rock, Folk, Space-Rock, Psych-Rock; tags rock, space rock, psych, boston, abunai, psych-rock"
010_010944.mp3,genre Hip-Hop; styles Hip-Hop
010_010946.mp3,genre Hip-Hop; styles Hip-Hop
010_010949.mp3,genre Hip-Hop; styles Hip-Hop
010_010950.mp3,genre Hip-Hop; styles Hip-Hop
010_010956.mp3,genre Classical; styles Classical; tags borromeo string quartet
010_010957.mp3,genre Classical; styles Classical; tags borromeo string quartet
010_010958.mp3,genre Classical; styles Classical; tags borromeo string quartet
010_010959.mp3,genre Classical; styles Classical; tags borromeo string quartet
010_010960.mp3,genre Classical; styles Classical; tags borromeo string quartet
010_010961.mp3,genre Classical; styles Classical; tags borromeo string quartet
010_010962.mp3,genre Classical; styles Classical; tags borromeo string quartet
010_010975.mp3,genre Jazz; styles Jazz; tags jef brown
010_010981.mp3,"genre Rock; styles Electro-Punk, Punk, Rock; tags baaddd"
010_010982.mp3,"genre Experimental; styles Noise, Experimental; tags peeled hearts paste"
010_010985.mp3,"styles Avant-Garde, Experimental, No Wave, Rock, Punk, Psych-Rock; tags naked on the vague"
010_010986.mp3,"styles Jazz: Out, Jazz, Experimental; tags 1234"
010_010987.mp3,"styles Jazz: Out, Jazz, Experimental; tags 1234"
010_010990.mp3,"genre Experimental; styles Experimental, Audio Collage; tags dj smallcock"
010_010991.mp3,"genre Experimental; styles Experimental, Audio Collage; tags dj smallcock"
010_010995.mp3,"styles Pop, Rock, Indie-Rock, Experimental Pop; tags germany, spheriot, wm recordings"
010_010996.mp3,"styles Pop, Rock, Indie-Rock, Experimental Pop; tags germany, spheriot, wm recordings"
010_010997.mp3,"styles Pop, Rock, Indie-Rock, Experimental Pop; tags germany, spheriot, wm recordings"
010_010998.mp3,"styles Pop, Rock, Indie-Rock, Experimental Pop; tags germany, spheriot, wm recordings"
010_010999.mp3,"styles Pop, Rock, Indie-Rock, Experimental Pop; tags germany, spheriot, wm recordings"
011_011001.mp3,"styles Pop, Rock, Indie-Rock, Experimental Pop; tags germany, spheriot, wm recordings"
011_011009.mp3,"styles Pop, Rock, Indie-Rock, Experimental Pop; tags germany, spheriot, wm recordings"
011_011011.mp3,"styles Pop, Rock, Indie-Rock, Experimental Pop; tags germany, spheriot, wm recordings"
011_011012.mp3,"styles Pop, Rock, Indie-Rock, Experimental Pop; tags germany, spheriot, wm recordings"
011_011014.mp3,"styles Pop, Rock, Indie-Rock, Experimental Pop; tags germany, spheriot, wm recordings"
011_011015.mp3,"styles Pop, Rock, Indie-Rock, Experimental Pop; tags germany, spheriot, wm recordings"
011_011016.mp3,"styles Pop, Rock, Indie-Rock, Experimental Pop; tags germany, spheriot, wm recordings"
011_011017.mp3,"styles Pop, Rock, Indie-Rock, Experimental Pop; tags germany, spheriot, wm recordings"
011_011018.mp3,"styles Pop, Rock, Indie-Rock, Experimental Pop; tags germany, spheriot, wm recordings"
011_011034.mp3,"genre Rock; styles Punk, Rock, Hardcore; tags diy, allschool hardcore, leipzig, farmers boulevard"
011_011038.mp3,"genre Rock; styles Punk, Rock, Hardcore; tags diy, allschool hardcore, leipzig, farmers boulevard"
011_011045.mp3,"styles Pop, Rock, Indie-Rock; tags germany, pop, cologne, meanwhileprojectltd"
011_011046.mp3,"styles Pop, Rock, Indie-Rock; tags germany, pop, cologne, meanwhileprojectltd"
011_011047.mp3,"styles Pop, Rock, Indie-Rock; tags germany, pop, cologne, meanwhileprojectltd"
011_011048.mp3,"styles Pop, Rock, Indie-Rock; tags germany, pop, cologne, meanwhileprojectltd"
011_011049.mp3,"styles Pop, Rock, Indie-Rock; tags germany, pop, cologne, meanwhileprojectltd"
011_011050.mp3,"styles Pop, Rock, Indie-Rock; tags germany, pop, cologne, meanwhileprojectltd"
011_011051.mp3,"styles Pop, Rock, Indie-Rock; tags germany, pop, cologne, meanwhileprojectltd"
011_011052.mp3,"styles Pop, Rock, Indie-Rock; tags germany, pop, cologne, meanwhileprojectltd"
011_011053.mp3,"styles Pop, Rock, Indie-Rock; tags germany, pop, cologne, meanwhileprojectltd"
011_011054.mp3,"styles Pop, Rock, Indie-Rock; tags germany, pop, cologne, meanwhileprojectltd"
011_011055.mp3,"styles Pop, Rock, Indie-Rock; tags germany, pop, cologne, meanwhileprojectltd"
011_011056.mp3,"styles Pop, Rock, Indie-Rock; tags germany, pop, cologne, meanwhileprojectltd"
011_011057.mp3,"styles Pop, Rock, Indie-Rock; tags germany, pop, cologne, meanwhileprojectltd"
011_011058.mp3,"styles Pop, Rock, Indie-Rock; tags germany, pop, cologne, meanwhileprojectltd"
011_011077.mp3,"genre Rock; styles Punk, Rock; tags no hope for the kids"
011_011079.mp3,There are approximately 286 different languages spoken in Cameroon. It’s impossible to guess what percentage of
011_011082.mp3,"In previous posts, I’ve mentioned Robert Crumb’s volume of international 78rpm records titled Hot Women ,"
011_011083.mp3,"genre Rock; styles Punk, Rock; tags sleepwalkers rip"
011_011084.mp3,"genre Rock; styles Punk, Rock; tags sleepwalkers rip"
011_011085.mp3,Here is another relic from Southeast Asia in the days before the widespread use of the
011_011086.mp3,"genre Rock; styles Punk, Rock, Hardcore; tags fucked up"
011_011087.mp3,"genre Rock; styles Punk, Rock; tags surrender"
011_011088.mp3,"genre Rock; styles Punk, Rock; tags surrender"
011_011089.mp3,"genre Rock; styles Punk, Rock; tags surrender"
011_011090.mp3,"The last French Canadian folk music I posted was six months ago, so I thought I"
011_011091.mp3,"Some time ago, I had thought about posting a track from the legendary Native Brazilian Music"
011_011092.mp3,genre Rock; styles Rock; tags the observers
011_011093.mp3,genre Rock; styles Rock; tags the observers
011_011094.mp3,genre Rock; styles Rock; tags the observers
011_011095.mp3,genre Rock; styles Rock; tags the observers
011_011096.mp3,"Over the next several months, you will see a few guests here at Excavated Shellac. I’ve"
011_011097.mp3,"genre Rock; styles Post-Punk, Rock, Punk; tags vivid sekt"
011_011098.mp3,"genre Rock; styles Post-Punk, Rock, Punk; tags vivid sekt"
011_011099.mp3,"genre Rock; styles Post-Punk, Rock, Punk; tags vivid sekt"
011_011100.mp3,"genre Rock; styles Punk, Rock, Hardcore; tags salted city"
011_011101.mp3,"genre Rock; styles Punk, Rock, Hardcore; tags salted city"
011_011102.mp3,"In geeky fashion I’m sure, I’ve waxed rhapsodic about the Columbia label’s green “F” series of"
011_011103.mp3,"genre Rock; styles Punk, Rock; tags no hope for the kids"
011_011104.mp3,"genre Rock; styles Punk, Rock; tags no hope for the kids"
011_011105.mp3,"Born, raised, and trained in Uruguay, Julio Martínez Oyanguren (1901-1973) was one of the great South"
011_011106.mp3,"genre Rock; styles Punk, Rock, Hardcore; tags dead section"
011_011107.mp3,"genre Rock; styles Punk, Rock, Hardcore; tags nerveskade"
011_011108.mp3,"By far, the most popular posts on Excavated Shellac feature African music. In honor of that,"
011_011109.mp3,"When you think “yodeling” you think “lederhosen,” right? Corny? Irritating? Music for tourists? I have to"
011_011110.mp3,"styles Lo-Fi, Jazz, Rock; tags the watery graves of portland"
011_011111.mp3,"styles Lo-Fi, Jazz, Rock; tags the watery graves of portland"
011_011112.mp3,"styles Lo-Fi, Jazz, Rock; tags the watery graves of portland"
011_011113.mp3,"styles Lo-Fi, Jazz, Rock; tags the watery graves of portland"
011_011114.mp3,"styles Lo-Fi, Jazz, Rock; tags the watery graves of portland"
011_011115.mp3,"styles Lo-Fi, Jazz, Rock; tags the watery graves of portland"
011_011116.mp3,"styles Lo-Fi, Jazz, Rock; tags the watery graves of portland"
011_011117.mp3,"styles Lo-Fi, Jazz, Rock; tags the watery graves of portland"
011_011118.mp3,"styles Lo-Fi, Jazz, Rock; tags the watery graves of portland"
011_011119.mp3,"styles Lo-Fi, Jazz, Rock; tags the watery graves of portland"
011_011121.mp3,"styles Rock, Electronic; tags trip hop, rock, tesis, alternative, kai"
011_011122.mp3,"styles Rock, Electronic; tags trip hop, rock, tesis, alternative, kai"
011_011123.mp3,"styles Rock, Electronic; tags trip hop, rock, tesis, alternative, kai"
011_011124.mp3,"styles Rock, Electronic; tags trip hop, rock, tesis, alternative, kai"
011_011125.mp3,"styles Rock, Electronic; tags trip hop, rock, tesis, alternative, kai"
011_011126.mp3,"styles Rock, Electronic; tags trip hop, rock, tesis, alternative, kai"
011_011127.mp3,"styles Rock, Electronic; tags trip hop, rock, tesis, alternative, kai"
011_011128.mp3,"styles Rock, Electronic; tags trip hop, rock, tesis, alternative, kai"
011_011129.mp3,"styles Rock, Electronic; tags trip hop, rock, tesis, alternative, kai"
011_011130.mp3,"styles Rock, Electronic; tags trip hop, rock, tesis, alternative, kai"
011_011131.mp3,"styles Rock, Electronic; tags trip hop, rock, tesis, alternative, kai"
011_011132.mp3,"styles Rock, Electronic; tags trip hop, rock, tesis, alternative, kai"
011_011133.mp3,"styles Rock, Electronic; tags trip hop, rock, tesis, alternative, kai"
011_011134.mp3,"styles Rock, Electronic; tags trip hop, rock, tesis, alternative, kai"
011_011135.mp3,"styles International, Experimental, Ambient, Reggae - Dub, Instrumental; tags barcelona, spain, hang, selva de mar"
011_011151.mp3,"styles International, Experimental, Ambient, Reggae - Dub, Instrumental; tags barcelona, spain, hang, selva de mar"
011_011152.mp3,"styles International, Experimental, Ambient, Reggae - Dub, Instrumental; tags barcelona, spain, hang, selva de mar"
011_011153.mp3,"styles International, Experimental, Ambient, Reggae - Dub, Instrumental; tags barcelona, spain, hang, selva de mar"
011_011154.mp3,"styles International, Experimental, Ambient, Reggae - Dub, Instrumental; tags barcelona, spain, hang, selva de mar"
011_011156.mp3,"styles International, Experimental, Ambient, Reggae - Dub, Instrumental; tags barcelona, spain, hang, selva de mar"
011_011157.mp3,"genre Experimental; styles Noise, Experimental; tags mafeisan"
011_011158.mp3,"genre Experimental; styles Noise, Experimental; tags mafeisan"
011_011159.mp3,"genre Experimental; styles Noise, Experimental; tags mafeisan"
011_011160.mp3,"genre Experimental; styles Noise, Experimental; tags mafeisan"
011_011161.mp3,"genre Experimental; styles Noise, Experimental; tags mafeisan"
011_011162.mp3,"genre Experimental; styles Noise, Experimental; tags mafeisan"
011_011163.mp3,"genre Experimental; styles Noise, Experimental; tags mafeisan"
011_011164.mp3,"genre Experimental; styles Noise, Experimental; tags mafeisan"
011_011165.mp3,"genre Experimental; styles Noise, Experimental; tags mafeisan"
011_011166.mp3,"genre Experimental; styles Noise, Experimental; tags mafeisan"
011_011167.mp3,"genre Experimental; styles Noise, Experimental; tags mafeisan"
011_011168.mp3,"genre Experimental; styles Noise, Experimental; tags mafeisan"
011_011169.mp3,"genre Experimental; styles Noise, Experimental; tags mafeisan"
011_011170.mp3,"genre Experimental; styles Noise, Experimental; tags mafeisan"
011_011181.mp3,"genre Experimental; styles Noise, Avant-Garde, Experimental; tags avant-garde, improvisation, skryxl, experimental, noise"
011_011182.mp3,"genre Experimental; styles Noise, Avant-Garde, Experimental; tags avant-garde, improvisation, skryxl, experimental, noise"
011_011183.mp3,"genre Experimental; styles Noise, Avant-Garde, Experimental; tags avant-garde, improvisation, skryxl, experimental, noise"
011_011184.mp3,"genre Experimental; styles Noise, Avant-Garde, Experimental; tags avant-garde, improvisation, skryxl, experimental, noise"
011_011185.mp3,"genre Experimental; styles Noise, Avant-Garde, Experimental; tags avant-garde, improvisation, skryxl, experimental, noise"
011_011202.mp3,tags rupert falsch
011_011203.mp3,tags karaoke mouse
011_011208.mp3,"genre Instrumental; styles Ambient, Instrumental; tags chill out, netlabels, chill, europe, sound art, glitch, electro, electronic,"
011_011210.mp3,"styles Instrumental, Ambient, Experimental, Drone; tags aidan baker"
011_011211.mp3,"styles Instrumental, Ambient, Experimental, Drone; tags aidan baker"
011_011212.mp3,"genre Rock; styles Punk, Rock; tags no hope for the kids"
011_011213.mp3,"styles Instrumental, Ambient, Experimental, Drone; tags aidan baker"
011_011214.mp3,"styles Electro-Punk, Punk, Rock, Electronic; tags toxic lipstick"
011_011229.mp3,"genre Experimental; styles Electroacoustic, Experimental; tags reef cohen, universes, yosef-joseph dadoune, yosef-joseph dadoune amp guest star"
011_011230.mp3,"genre Experimental; styles Electroacoustic, Experimental; tags reef cohen, universes, yosef-joseph dadoune, yosef-joseph dadoune amp guest star"
011_011231.mp3,"genre Experimental; styles Electroacoustic, Experimental; tags reef cohen, universes, yosef-joseph dadoune, yosef-joseph dadoune amp guest star"
011_011232.mp3,"genre Experimental; styles Electroacoustic, Experimental; tags reef cohen, universes, yosef-joseph dadoune, yosef-joseph dadoune amp guest star"
011_011233.mp3,"genre Experimental; styles Electroacoustic, Experimental; tags reef cohen, universes, yosef-joseph dadoune, yosef-joseph dadoune amp guest star"
011_011236.mp3,"unedited and unreleased version; genre Experimental; styles Noise, Avant-Garde, Experimental; tags justice yeldham"
011_011245.mp3,"genre Rock; styles Sludge, Loud-Rock, Rock, Noise-Rock; tags prizehog"
011_011247.mp3,"genre Rock; styles Sludge, Loud-Rock, Rock, Noise-Rock; tags prizehog"
011_011248.mp3,"styles Radio, Radio Art, Spoken, Experimental; tags object collection"
011_011250.mp3,"styles Radio, Radio Art, Spoken, Experimental; tags object collection"
011_011253.mp3,"styles Avant-Garde, Experimental, Electronic; tags providence, mudboy"
011_011254.mp3,"styles Experimental, Soundtrack, Instrumental, Audio Collage; tags area c"
011_011255.mp3,"genre Pop; styles Pop, Experimental Pop; tags acapella, mira cook"
011_011256.mp3,"genre Pop; styles Pop, Experimental Pop; tags acapella, mira cook"
011_011260.mp3,"styles Radio, Radio Art, Spoken, Experimental; tags object collection"
011_011263.mp3,genre Hip-Hop; styles Hip-Hop; tags dan the automator
011_011265.mp3,"styles Hip-Hop, Soul-RnB, Electronic; tags dj danger mouse"
011_011267.mp3,"styles Folk, International, Brazilian; tags gilberto gil, brazil"
011_011269.mp3,"styles Experimental, Electronic; tags matmos"
011_011270.mp3,"styles Indie-Rock, Singer-Songwriter, Pop, Rock, Folk; tags paul westerberg"
011_011271.mp3,"styles Pop, Rock, Indie-Rock; tags spoon"
011_011272.mp3,"styles Indie-Rock, Dance, Rock, Electronic, Post-Punk, Punk; tags the rapture"
011_011273.mp3,"genre Electronic; styles Trip-Hop, Electronic; tags thievery corporation"
011_011274.mp3,"styles International, Funk, Hip-Hop, Soul-RnB; tags zap mama"
011_011283.mp3,"genre Rock; styles Indie-Rock, Rock, Garage; tags obits, american, sohrab habibion, alexis fleisig, rick froberg, rock,"
011_011286.mp3,"genre Rock; styles Indie-Rock, Rock, Garage; tags obits, american, sohrab habibion, alexis fleisig, rick froberg, rock,"
011_011287.mp3,"genre Rock; styles Indie-Rock, Rock, Garage; tags obits, american, sohrab habibion, alexis fleisig, rick froberg, rock,"
011_011289.mp3,"genre Rock; styles Indie-Rock, Rock, Garage; tags obits, american, sohrab habibion, alexis fleisig, rick froberg, rock,"
011_011290.mp3,"genre Rock; styles Indie-Rock, Rock, Garage; tags obits, american, sohrab habibion, alexis fleisig, rick froberg, rock,"
011_011294.mp3,"null; genre Rock; styles Indie-Rock, Rock, Garage; tags obits, american, sohrab habibion, alexis fleisig, rick froberg,"
011_011300.mp3,"styles Indie-Rock, Country, Pop, Americana, Rock, Folk; tags my morning jacket"
011_011303.mp3,"genre Rock; styles Indie-Rock, Rock, Garage; tags obits, american, sohrab habibion, alexis fleisig, rick froberg, rock,"
011_011307.mp3,"styles Post-Rock, Psych-Rock, Experimental, Rock, Space-Rock, Improv; tags rock, space rock, psych, boston, abunai, psych-rock"
011_011308.mp3,"styles Post-Rock, Experimental, Improv, Rock, Space-Rock, Psych-Rock; tags rock, space rock, psych, boston, abunai, psych-rock"
011_011309.mp3,"styles Post-Rock, Experimental, Improv, Rock, Space-Rock, Psych-Rock; tags rock, space rock, psych, boston, abunai, psych-rock"
011_011310.mp3,"styles Post-Rock, Experimental, Improv, Rock, Space-Rock, Psych-Rock; tags rock, space rock, psych, boston, abunai, psych-rock"
011_011317.mp3,genre Electronic; styles Electronic; tags bronhardgoingpublic
011_011318.mp3,genre Electronic; styles Electronic; tags bronhardgoingpublic
011_011322.mp3,genre Classical; styles Classical; tags aaron dunn
011_011323.mp3,"genre Classical; styles Classical; tags contrapuntus, aaron dunn"
011_011324.mp3,genre Classical; styles Classical; tags aaron dunn
011_011325.mp3,genre Classical; styles Classical; tags aaron dunn
011_011326.mp3,genre Classical; styles Classical; tags aaron dunn
011_011327.mp3,genre Classical; styles Classical; tags aaron dunn
011_011328.mp3,genre Classical; styles Classical; tags aaron dunn
011_011329.mp3,genre Classical; styles Classical; tags aaron dunn
011_011330.mp3,genre Experimental; styles Experimental; tags gen ken montgomery
011_011331.mp3,genre Experimental; styles Experimental; tags gen ken montgomery
011_011332.mp3,genre Experimental; styles Experimental; tags gen ken montgomery
011_011335.mp3,genre Classical; styles Classical; tags adolph gluck
011_011336.mp3,genre Experimental; styles Experimental; tags gen ken montgomery
011_011337.mp3,genre Experimental; styles Experimental; tags gen ken montgomery
011_011338.mp3,genre Experimental; styles Experimental; tags gen ken montgomery
011_011339.mp3,genre Experimental; styles Experimental; tags gen ken montgomery
011_011340.mp3,genre Experimental; styles Experimental; tags gen ken montgomery
011_011341.mp3,genre Experimental; styles Experimental; tags gen ken montgomery
011_011344.mp3,"genre Classical; styles Classical; tags choral, choir, classical voice, anonymous choir"
011_011345.mp3,"genre Classical; styles Classical; tags choral, choir, classical voice, anonymous choir"
011_011346.mp3,"genre Classical; styles Classical; tags choral, choir, classical voice, anonymous choir"
011_011347.mp3,"genre Classical; styles Classical; tags choral, choir, classical voice, anonymous choir"
011_011348.mp3,"genre Classical; styles Classical; tags choral, choir, classical voice, anonymous choir"
011_011349.mp3,genre Classical; styles Classical; tags brendan kinsella
011_011350.mp3,"genre Classical; styles Classical; tags piano, bach, classical, baroque, brendan kinsella"
011_011351.mp3,"genre Classical; styles Classical; tags piano, bach, classical, baroque, brendan kinsella"
011_011352.mp3,"genre Classical; styles Classical; tags piano, bach, classical, baroque, brendan kinsella"
011_011353.mp3,genre Classical; styles Classical; tags brendan kinsella
011_011354.mp3,genre Classical; styles Classical; tags brendan kinsella
011_011357.mp3,genre Experimental; styles Experimental; tags gen ken montgomery
011_011358.mp3,genre Experimental; styles Experimental; tags gen ken montgomery
011_011361.mp3,genre Experimental; styles Experimental; tags gen ken montgomery
011_011362.mp3,genre Experimental; styles Experimental; tags gen ken montgomery
011_011363.mp3,genre Experimental; styles Experimental; tags gen ken montgomery
011_011364.mp3,genre Experimental; styles Experimental; tags gen ken montgomery
011_011365.mp3,genre Experimental; styles Experimental; tags gen ken montgomery
011_011366.mp3,genre Experimental; styles Experimental; tags gen ken montgomery
011_011367.mp3,genre Experimental; styles Experimental; tags gen ken montgomery
011_011368.mp3,genre Experimental; styles Experimental; tags gen ken montgomery
011_011369.mp3,genre Experimental; styles Experimental; tags gen ken montgomery
011_011374.mp3,genre Classical; styles Classical; tags carlos gardels
011_011376.mp3,"genre Classical; styles Classical; tags franz peter schubert, classical, piano, daniel blanch"
011_011377.mp3,"genre Classical; styles Classical; tags franz peter schubert, classical, piano, daniel blanch"
011_011378.mp3,"genre Classical; styles Classical; tags franz peter schubert, classical, piano, daniel blanch"
011_011379.mp3,"genre Classical; styles Classical; tags franz peter schubert, classical, piano, daniel blanch"
011_011381.mp3,genre Experimental; styles Experimental; tags gen ken montgomery
011_011393.mp3,genre Experimental; styles Experimental; tags gen ken montgomery
011_011395.mp3,"genre Classical; styles Classical; tags beethoven, daniel veesey"
011_011409.mp3,"genre Rock; styles Indie-Rock, Rock; tags kate ferencz"
011_011411.mp3,"genre Rock; styles Indie-Rock, Rock; tags kate ferencz"
011_011413.mp3,"genre Rock; styles Indie-Rock, Rock; tags kate ferencz"
011_011414.mp3,"genre Rock; styles Indie-Rock, Rock; tags kate ferencz"
011_011415.mp3,"genre Rock; styles Indie-Rock, Rock; tags kate ferencz"
011_011416.mp3,"genre Rock; styles Indie-Rock, Rock; tags kate ferencz"
011_011434.mp3,"styles Post-Rock, Psych-Rock, Experimental, Rock, Space-Rock, Improv; tags rock, space rock, psych, boston, abunai, psych-rock"
011_011436.mp3,"styles Post-Rock, Experimental, Improv, Rock, Space-Rock, Psych-Rock; tags rock, space rock, psych, boston, abunai, psych-rock"
011_011438.mp3,"styles Pop, Rock, Experimental Pop; tags wm recordings, sound scapes, psychedelic, british, 23 seconds, folktronica, quirky,"
011_011439.mp3,"styles Pop, Rock, Experimental Pop; tags wm recordings, sound scapes, psychedelic, british, 23 seconds, folktronica, quirky,"
011_011440.mp3,"styles Pop, Rock, Experimental Pop; tags wm recordings, sound scapes, psychedelic, british, 23 seconds, folktronica, quirky,"
011_011441.mp3,"styles Pop, Rock, Experimental Pop; tags wm recordings, sound scapes, psychedelic, british, 23 seconds, folktronica, quirky,"
011_011442.mp3,"styles Pop, Rock, Experimental Pop; tags wm recordings, sound scapes, psychedelic, british, 23 seconds, folktronica, quirky,"
011_011443.mp3,"styles Pop, Rock, Experimental Pop; tags wm recordings, sound scapes, psychedelic, british, 23 seconds, folktronica, quirky,"
011_011444.mp3,"styles Pop, Rock, Experimental Pop; tags wm recordings, sound scapes, psychedelic, british, 23 seconds, folktronica, quirky,"
011_011445.mp3,"styles Pop, Rock, Experimental Pop; tags wm recordings, sound scapes, psychedelic, british, 23 seconds, folktronica, quirky,"
011_011448.mp3,"genre Rock; styles Indie-Rock, Rock, Garage; tags obits, american, sohrab habibion, alexis fleisig, rick froberg, rock,"
011_011449.mp3,"genre Rock; styles Indie-Rock, Rock, Garage; tags obits, american, sohrab habibion, alexis fleisig, rick froberg, rock,"
011_011450.mp3,"genre Rock; styles Indie-Rock, Rock, Garage; tags obits, american, sohrab habibion, alexis fleisig, rick froberg, rock,"
011_011451.mp3,"genre Rock; styles Indie-Rock, Rock, Garage; tags obits, american, sohrab habibion, alexis fleisig, rick froberg, rock,"
011_011452.mp3,"genre Rock; styles Indie-Rock, Rock, Garage; tags obits, american, sohrab habibion, alexis fleisig, rick froberg, rock,"
011_011453.mp3,"genre Rock; styles Indie-Rock, Rock, Garage; tags obits, american, sohrab habibion, alexis fleisig, rick froberg, rock,"
011_011455.mp3,"genre Rock; styles Indie-Rock, Rock, Garage; tags obits, american, sohrab habibion, alexis fleisig, rick froberg, rock,"
011_011456.mp3,"genre Rock; styles Indie-Rock, Rock, Garage; tags obits, american, sohrab habibion, alexis fleisig, rick froberg, rock,"
011_011463.mp3,tags angels in america
011_011471.mp3,"styles Indie-Rock, Singer-Songwriter, Rock, Folk, Lo-Fi; tags the shivers"
011_011472.mp3,"styles Indie-Rock, Singer-Songwriter, Rock, Folk, Lo-Fi; tags the shivers"
011_011477.mp3,"styles Indie-Rock, Singer-Songwriter, Rock, Folk, Lo-Fi; tags the shivers"
011_011478.mp3,"styles Hip-Hop, Electronic; tags thavius beck"
011_011479.mp3,"styles Hip-Hop, Electronic; tags thavius beck"
011_011480.mp3,"styles Hip-Hop, Electronic; tags thavius beck"
011_011481.mp3,"styles Hip-Hop, Electronic; tags thavius beck"
011_011482.mp3,"styles Hip-Hop, Electronic; tags thavius beck"
011_011483.mp3,"styles Hip-Hop, Electronic; tags thavius beck"
011_011484.mp3,"styles Hip-Hop, Electronic; tags thavius beck"
011_011485.mp3,"styles Hip-Hop, Electronic; tags thavius beck"
011_011486.mp3,"styles Hip-Hop, Electronic; tags thavius beck"
011_011487.mp3,"styles Avant-Garde, Pop, Experimental Pop, Experimental; tags the hathaway family plot"
011_011488.mp3,"styles Avant-Garde, Pop, Experimental Pop, Experimental; tags the hathaway family plot"
011_011489.mp3,"styles Avant-Garde, Pop, Experimental Pop, Experimental; tags the hathaway family plot"
011_011490.mp3,"styles Avant-Garde, Pop, Experimental Pop, Experimental; tags the hathaway family plot"
011_011491.mp3,"styles Avant-Garde, Pop, Experimental Pop, Experimental; tags the hathaway family plot"
011_011492.mp3,"styles Avant-Garde, Pop, Experimental Pop, Experimental; tags the hathaway family plot"
011_011493.mp3,"styles Avant-Garde, Pop, Experimental Pop, Experimental; tags the hathaway family plot"
011_011494.mp3,"styles Avant-Garde, Pop, Experimental Pop, Experimental; tags the hathaway family plot"
011_011495.mp3,"styles Avant-Garde, Pop, Experimental Pop, Experimental; tags the hathaway family plot"
011_011496.mp3,"styles Avant-Garde, Pop, Experimental Pop, Experimental; tags the hathaway family plot"
011_011497.mp3,"styles Avant-Garde, Pop, Experimental Pop, Experimental; tags the hathaway family plot"
011_011498.mp3,"styles Avant-Garde, Pop, Experimental Pop, Experimental; tags the hathaway family plot"
011_011499.mp3,"styles Avant-Garde, Pop, Experimental Pop, Experimental; tags the hathaway family plot"
011_011500.mp3,"styles Avant-Garde, Pop, Experimental Pop, Experimental; tags the hathaway family plot"
011_011501.mp3,"styles Avant-Garde, Pop, Experimental Pop, Experimental; tags the hathaway family plot"
011_011502.mp3,"styles Avant-Garde, Pop, Experimental Pop, Experimental; tags the hathaway family plot"
011_011510.mp3,"genre Folk; styles Psych-Folk, Folk; tags garm"
011_011511.mp3,"genre Folk; styles Psych-Folk, Folk; tags garm"
011_011512.mp3,"genre Folk; styles Psych-Folk, Folk; tags garm"
011_011513.mp3,"genre Folk; styles Psych-Folk, Folk; tags garm"
011_011514.mp3,"genre Folk; styles Psych-Folk, Folk; tags garm"
011_011515.mp3,"genre Folk; styles Psych-Folk, Folk; tags garm"
011_011516.mp3,"genre Folk; styles Psych-Folk, Folk; tags garm"
011_011517.mp3,"genre Folk; styles Psych-Folk, Folk; tags garm"
011_011518.mp3,"genre Folk; styles Psych-Folk, Folk; tags garm"
011_011519.mp3,"genre Folk; styles Psych-Folk, Folk; tags garm"
011_011520.mp3,"genre Folk; styles Psych-Folk, Folk; tags garm"
011_011521.mp3,"genre Folk; styles Psych-Folk, Folk; tags garm"
011_011522.mp3,"genre Folk; styles Psych-Folk, Folk; tags garm"
011_011523.mp3,"genre Folk; styles Psych-Folk, Folk; tags garm"
011_011524.mp3,"genre Folk; styles Psych-Folk, Folk; tags garm"
011_011525.mp3,"genre Folk; styles Psych-Folk, Folk; tags garm"
011_011526.mp3,"genre Folk; styles Psych-Folk, Folk; tags garm"
011_011527.mp3,"genre Folk; styles Psych-Folk, Folk; tags garm"
011_011528.mp3,"genre Folk; styles Psych-Folk, Folk; tags garm"
011_011529.mp3,"genre Folk; styles Psych-Folk, Folk; tags garm"
011_011530.mp3,"genre Folk; styles Psych-Folk, Folk; tags garm"
011_011531.mp3,"genre Folk; styles Psych-Folk, Folk; tags garm"
011_011532.mp3,"genre Folk; styles Psych-Folk, Folk; tags garm"
011_011533.mp3,"genre Folk; styles Psych-Folk, Folk; tags garm"
011_011534.mp3,"genre Folk; styles Psych-Folk, Folk; tags garm"
011_011535.mp3,"genre Folk; styles Psych-Folk, Folk; tags garm"
011_011536.mp3,"genre Folk; styles Psych-Folk, Folk; tags garm"
011_011537.mp3,"genre Folk; styles Psych-Folk, Folk; tags garm"
011_011538.mp3,"genre Folk; styles Psych-Folk, Folk; tags garm"
011_011539.mp3,"genre Folk; styles Psych-Folk, Folk; tags garm"
011_011540.mp3,"genre Folk; styles Psych-Folk, Folk; tags garm"
011_011542.mp3,"styles Psych-Rock, Experimental, Improv, Rock, Space-Rock, Post-Rock, Lo-Fi, Unclassifiable; tags american cassette noise network, noise, avant-retard,"
011_011543.mp3,"styles No Wave, Pop, Rock, Experimental Pop, IDM, Electronic, Punk, Lo-Fi; tags american cassette noise network,"
011_011545.mp3,"styles Psych-Folk, Experimental, Rock, Folk, Post-Rock, Lo-Fi, Unclassifiable; tags american cassette noise network, noise, avant-retard, the"
011_011546.mp3,"styles Noise, Avant-Garde, Experimental, Rock, Improv, Lo-Fi, Unclassifiable; tags american cassette noise network, noise, avant-retard, the"
011_011547.mp3,"styles Avant-Garde, Progressive, Experimental, Rock, Improv; tags american cassette noise network, noise, avant-retard, the lost demension,"
011_011548.mp3,"styles Progressive, Improv, Rock, Experimental; tags american cassette noise network, noise, avant-retard, the lost demension, experimental,"
011_011549.mp3,I’m really happy to announce that we have two phenomenal guest posts over the next two
011_011550.mp3,"This week, I am very happy to present another guest post, this time from psychiatrist, psychotherapist,"
011_011551.mp3,"Who couldn’t admire a man like Moe Asch (1905-1986), the farsighted individual who began Folkways Records"
011_011552.mp3,"In the late 1920s, musicians from across Iraq were being recorded by a variety of companies:"
011_011553.mp3,You wouldn’t get very far exploring traditional Chilean music without running into the cueca . An
011_011556.mp3,"These two tracks of authentic music by Seneca American Indians were recorded 95 years ago, on"
011_011557.mp3,"These two tracks of authentic music by Seneca American Indians were recorded 95 years ago, on"
011_011558.mp3,"styles Pop, Post-Rock, Rock, Experimental Pop; tags wm recordings, the rabbits, netlabels"
011_011559.mp3,"styles Pop, Post-Rock, Rock, Experimental Pop; tags wm recordings, the rabbits, netlabels"
011_011560.mp3,"styles Pop, Post-Rock, Rock, Experimental Pop; tags wm recordings, the rabbits, netlabels"
011_011561.mp3,"styles Pop, Post-Rock, Rock, Experimental Pop; tags wm recordings, the rabbits, netlabels"
011_011562.mp3,"styles Pop, Post-Rock, Rock, Experimental Pop; tags wm recordings, the rabbits, netlabels"
011_011563.mp3,"styles Pop, Post-Rock, Rock, Experimental Pop; tags wm recordings, the rabbits, netlabels"
011_011564.mp3,"styles Pop, Post-Rock, Rock, Experimental Pop; tags wm recordings, the rabbits, netlabels"
011_011565.mp3,"styles Pop, Post-Rock, Rock, Experimental Pop; tags wm recordings, the rabbits, netlabels"
011_011566.mp3,"styles Pop, Post-Rock, Rock, Experimental Pop; tags wm recordings, the rabbits, netlabels"
011_011567.mp3,"styles Avant-Garde, Experimental, Electronic; tags brunk"
011_011568.mp3,"styles Avant-Garde, Experimental, Electronic; tags brunk"
011_011569.mp3,"styles Avant-Garde, Experimental, Electronic; tags brunk"
011_011570.mp3,"styles Avant-Garde, Experimental, Electronic; tags brunk"
011_011571.mp3,"styles Avant-Garde, Experimental, Electronic; tags brunk"
011_011572.mp3,"styles Avant-Garde, Experimental, Electronic; tags brunk"
011_011573.mp3,"styles Avant-Garde, Experimental, Electronic; tags brunk"
011_011574.mp3,"styles Avant-Garde, Experimental, Electronic; tags brunk"
011_011575.mp3,"styles Avant-Garde, Experimental, Electronic; tags brunk"
011_011576.mp3,"styles Avant-Garde, Experimental, Electronic; tags brunk"
011_011577.mp3,"styles Improv, Jazz, Experimental; tags the aperion project"
011_011578.mp3,"styles Improv, Jazz, Experimental; tags the aperion project"
011_011579.mp3,"styles Improv, Jazz, Experimental; tags the aperion project"
011_011580.mp3,"styles Improv, Jazz, Experimental; tags the aperion project"
011_011581.mp3,"styles Improv, Jazz, Experimental; tags the aperion project"
011_011582.mp3,"styles Improv, Jazz, Experimental; tags the aperion project"
011_011584.mp3,"styles Avant-Garde, Experimental, Electronic; tags brunk"
011_011585.mp3,"styles Avant-Garde, Experimental, Electronic; tags brunk"
011_011586.mp3,"styles Avant-Garde, Experimental, Electronic; tags brunk"
011_011587.mp3,"styles Avant-Garde, Experimental, Electronic; tags brunk"
011_011588.mp3,"styles Avant-Garde, Experimental, Electronic; tags brunk"
011_011589.mp3,"styles Avant-Garde, Experimental, Electronic; tags brunk"
011_011590.mp3,"styles Avant-Garde, Experimental, Electronic; tags brunk"
011_011591.mp3,"styles Avant-Garde, Experimental, Electronic; tags brunk"
011_011592.mp3,"styles Folk, Lo-Fi, Rock, Singer-Songwriter; tags tradition"
011_011593.mp3,"styles Folk, Lo-Fi, Rock, Singer-Songwriter; tags tradition"
011_011594.mp3,"styles Folk, Lo-Fi, Rock, Singer-Songwriter; tags tradtition"
011_011595.mp3,"styles Folk, Lo-Fi, Rock, Singer-Songwriter; tags tradition"
011_011596.mp3,"styles Folk, Lo-Fi, Rock, Singer-Songwriter; tags tradition"
011_011597.mp3,"styles Folk, Lo-Fi, Rock, Singer-Songwriter; tags tradition"
011_011601.mp3,"genre Rock; styles Loud-Rock, Rock, Noise-Rock; tags pink and brown"
011_011602.mp3,"genre Rock; styles Loud-Rock, Rock, Noise-Rock; tags pink and brown"
011_011603.mp3,"genre Rock; styles Loud-Rock, Rock, Noise-Rock; tags pink and brown"
011_011604.mp3,"genre Rock; styles Loud-Rock, Rock, Noise-Rock; tags pink and brown"
011_011605.mp3,"genre Rock; styles Loud-Rock, Rock, Noise-Rock; tags pink and brown"
011_011606.mp3,"genre Rock; styles Loud-Rock, Rock, Noise-Rock; tags pink and brown"
011_011613.mp3,genre Rock; styles Rock; tags bolmongani
011_011614.mp3,genre Rock; styles Rock; tags bolmongani
011_011615.mp3,genre Rock; styles Rock; tags bolmongani
011_011616.mp3,genre Rock; styles Rock; tags bolmongani
011_011617.mp3,"styles Ambient, Rock, Free-Folk, Folk, Instrumental, Space-Rock, Post-Rock; tags baltimore, dustin wong"
011_011618.mp3,"tags baltimore, cex"
011_011619.mp3,"tags baltimore, cex"
011_011621.mp3,"tags baltimore, thank you"
011_011622.mp3,"tags baltimore, thank you"
011_011623.mp3,"styles Post-Rock, Ambient, Rock, Instrumental; tags baltimore, ecstatic sunshine, guitar"
011_011624.mp3,"tags baltimore, santa dads"
011_011625.mp3,"tags baltimore, santa dads"
011_011630.mp3,"genre Instrumental; styles Compilation, Soundtrack, Instrumental; tags my mind"
011_011637.mp3,"genre Instrumental; styles Compilation, Soundtrack, Instrumental; tags talk me off"
011_011642.mp3,"null; genre Instrumental; styles Compilation, Soundtrack, Instrumental; tags the blacks and the blues"
011_011645.mp3,"null; genre Instrumental; styles Compilation, Soundtrack, Instrumental; tags philadelphia"
011_011648.mp3,"genre Rock; styles Rock, Loud-Rock, Noise-Rock, Sludge, Metal; tags tournament"
011_011649.mp3,"genre Rock; styles Rock, Loud-Rock, Noise-Rock, Sludge, Metal; tags tournament"
011_011650.mp3,"genre Rock; styles Rock, Loud-Rock, Noise-Rock, Sludge, Metal; tags tournament"
011_011651.mp3,"genre Rock; styles Rock, Loud-Rock, Noise-Rock, Sludge, Metal; tags tournament"
011_011652.mp3,"genre Rock; styles Rock, Loud-Rock, Noise-Rock, Sludge, Metal; tags tournament"
011_011653.mp3,"genre Rock; styles Rock, Loud-Rock, Noise-Rock, Sludge, Metal; tags tournament"
011_011655.mp3,"Piano, harmony, arrangement & recording: Marco Raaphorst Vocals & melody: Kristin Hersh (CC BY-NC) Photo: Marco"
011_011656.mp3,"genre Experimental; styles Experimental, Noise, Audio Collage; tags nat roe"
011_011657.mp3,"Composition & recording: Marco Raaphorst CC BY-SA photo: mickou; tags into infinity, melodiefabriek, found sound, metro,"
011_011660.mp3,"Composition, arrangement & recording: Marco Raaphorst CC BY samples: OLPC Sound Samples v.2 CC BY photo:"
011_011661.mp3,"genre Rock; styles Punk, Rock, Hardcore; tags imperial leather"
011_011662.mp3,"genre Rock; styles Punk, Rock, Hardcore; tags imperial leather"
011_011664.mp3,"genre Rock; styles Punk, Rock; tags the vicious"
011_011665.mp3,"genre Rock; styles Punk, Rock; tags the vicious"
011_011666.mp3,"genre Rock; styles Punk, Rock; tags the vicious"
011_011667.mp3,tags gorilla angreb
011_011668.mp3,tags gorilla angreb
011_011669.mp3,"genre Rock; styles Punk, Rock, Hardcore; tags never healed"
011_011676.mp3,"genre International; styles International, Latin America; tags cordero"
011_011678.mp3,"genre International; styles International, Latin America; tags cordero"
011_011680.mp3,"genre International; styles International, Latin America; tags cordero"
011_011684.mp3,genre Folk; styles Folk; tags matt keating
011_011685.mp3,genre Folk; styles Folk; tags matt keating
011_011686.mp3,genre Folk; styles Folk; tags matt keating
011_011687.mp3,genre Folk; styles Folk; tags matt keating
011_011688.mp3,genre Folk; styles Folk; tags matt keating
011_011689.mp3,"genre Electronic; styles Chip Music, Electronic; tags little-scale"
011_011690.mp3,"genre Jazz; styles Jazz: Out, Jazz; tags evolutionary jass band"
011_011691.mp3,"genre Spoken; styles Radio, Spoken Weird, Spoken, Interview; tags lumberob"
011_011692.mp3,"genre Spoken; styles Radio, Spoken Weird, Spoken; tags lumberob"
011_011697.mp3,"styles Experimental, Pop, Experimental Pop, Novelty; tags athens ga, bird names, athens, vermont, chicago, fun, brattleboro"
011_011698.mp3,"styles Experimental, Pop, Experimental Pop, Novelty; tags athens ga, bird names, athens, vermont, chicago, fun, brattleboro"
011_011699.mp3,"styles Experimental, Pop, Experimental Pop, Novelty; tags athens ga, bird names, athens, vermont, chicago, fun, brattleboro"
011_011700.mp3,"styles Experimental, Pop, Experimental Pop, Novelty; tags athens ga, bird names, athens, vermont, chicago, fun, brattleboro"
011_011701.mp3,"styles Experimental, Pop, Experimental Pop, Novelty; tags athens ga, bird names, athens, vermont, chicago, fun, brattleboro"
011_011702.mp3,"styles Experimental, Pop, Experimental Pop, Novelty; tags athens ga, bird names, athens, vermont, chicago, fun, brattleboro"
011_011703.mp3,"genre Spoken; styles Radio, Spoken Weird, Spoken; tags lumberob"
011_011717.mp3,"genre Rock; styles Rock, Metal; tags knyfe hyts"
011_011718.mp3,tags michael sandler
011_011725.mp3,"genre Rock; styles Punk, Rock, No Wave; tags silk flowers"
011_011726.mp3,"genre Rock; styles Punk, Rock, No Wave; tags silk flowers"
011_011727.mp3,"genre Rock; styles Punk, Rock, No Wave; tags silk flowers"
011_011728.mp3,"genre Rock; styles Punk, Rock, No Wave; tags silk flowers"
011_011729.mp3,"genre Rock; styles Punk, Rock, No Wave; tags silk flowers"
011_011730.mp3,"genre Rock; styles Punk, Rock, No Wave; tags silk flowers"
011_011731.mp3,tags jennifer castellano
011_011736.mp3,"genre Classical; styles Classical; tags classical, romanticism, piano, beethoven, romantic era, michael hawley"
011_011739.mp3,"genre Rock; styles Rock, Garage; tags yikes"
011_011740.mp3,"genre Rock; styles Rock, Garage; tags yikes"
011_011754.mp3,genre Classical; styles Classical; tags nathan eckel
011_011755.mp3,genre Classical; styles Classical; tags david h porter
011_011756.mp3,"genre Classical; styles Classical; tags classical, franz peter schubert, piano, david h porter"
011_011762.mp3,"genre Experimental; styles Experimental; tags san francisco, negativland, sampling"
011_011798.mp3,genre Hip-Hop; styles Hip-Hop; tags its notherground music
011_011800.mp3,genre Hip-Hop; styles Hip-Hop; tags its notherground music
011_011801.mp3,genre Hip-Hop; styles Hip-Hop; tags its notherground music
011_011802.mp3,genre Hip-Hop; styles Hip-Hop; tags its notherground music
011_011804.mp3,genre Hip-Hop; styles Hip-Hop; tags its notherground music
011_011805.mp3,genre Hip-Hop; styles Hip-Hop; tags its notherground music
011_011806.mp3,genre Hip-Hop; styles Hip-Hop; tags its notherground music
011_011807.mp3,genre Hip-Hop; styles Hip-Hop; tags its notherground music
011_011809.mp3,genre Hip-Hop; styles Hip-Hop; tags its notherground music
011_011810.mp3,genre Hip-Hop; styles Hip-Hop; tags its notherground music
011_011811.mp3,genre Hip-Hop; styles Hip-Hop; tags its notherground music
011_011814.mp3,genre Hip-Hop; styles Hip-Hop; tags its notherground music
011_011817.mp3,genre Hip-Hop; styles Hip-Hop; tags its notherground music
011_011820.mp3,genre Hip-Hop; styles Hip-Hop; tags its notherground music
011_011821.mp3,genre Hip-Hop; styles Hip-Hop; tags its notherground music
011_011822.mp3,genre Hip-Hop; styles Hip-Hop; tags its notherground music
011_011823.mp3,genre Hip-Hop; styles Hip-Hop; tags its notherground music
011_011825.mp3,genre Hip-Hop; styles Hip-Hop; tags its notherground music
011_011827.mp3,genre Hip-Hop; styles Hip-Hop; tags its notherground music
011_011833.mp3,genre Hip-Hop; styles Hip-Hop; tags 6th sense amp mick boogie
011_011835.mp3,genre Hip-Hop; styles Hip-Hop; tags 6th sense amp mick boogie
011_011841.mp3,genre Hip-Hop; styles Hip-Hop; tags 6th sense amp mick boogie
011_011852.mp3,genre Hip-Hop; styles Hip-Hop; tags 6th sense amp mick boogie
011_011853.mp3,genre Hip-Hop; styles Hip-Hop; tags 6th sense amp mick boogie
011_011870.mp3,genre Hip-Hop; styles Hip-Hop; tags wildahead portibeast
011_011871.mp3,genre Hip-Hop; styles Hip-Hop; tags wildahead portibeast
011_011872.mp3,genre Hip-Hop; styles Hip-Hop; tags wildahead portibeast
011_011873.mp3,genre Hip-Hop; styles Hip-Hop; tags wildahead portibeast
011_011874.mp3,genre Hip-Hop; styles Hip-Hop; tags wildahead portibeast
011_011876.mp3,genre Hip-Hop; styles Hip-Hop; tags wildahead portibeast
011_011877.mp3,genre Hip-Hop; styles Hip-Hop; tags wildahead portibeast
011_011878.mp3,genre Hip-Hop; styles Hip-Hop; tags wildahead portibeast
011_011887.mp3,genre Hip-Hop; styles Hip-Hop; tags wildabeast
011_011912.mp3,"styles Indie-Rock, Pop, Rock, Experimental Pop, Psych-Rock; tags rock, jasmine love bomb"
011_011913.mp3,"styles Indie-Rock, Post-Rock, Pop, Rock, Experimental Pop, Space-Rock, Psych-Rock; tags rock, jasmine love bomb"
011_011915.mp3,"Although recorded in 1988, ""That River"" was included on two 90s UK compilation albums (both on"
011_011935.mp3,"styles Hip-Hop, Soul-RnB; tags mailit"
011_011939.mp3,genre Rock; styles Rock; tags the home phonema
011_011943.mp3,"genre International; styles International, Indian; tags soumitra lahiri and shailendra mishra"
011_011950.mp3,"genre Experimental; styles Sound Effects, Experimental, Holiday, Novelty; tags mooey moobau"
011_011952.mp3,"genre Experimental; styles Sound Effects, Experimental, Holiday, Novelty; tags weyou"
011_011956.mp3,"genre Rock; styles Indie-Rock, Rock; tags learning music"
011_011960.mp3,"genre Rock; styles Indie-Rock, Rock; tags learning music"
011_011963.mp3,"styles Ambient Electronic, Ambient, Electronic, Soundtrack, Instrumental; tags vitus von degen"
011_011977.mp3,"styles Ambient Electronic, Ambient, Electronic, Soundtrack, Instrumental; tags vitus von degen"
011_011978.mp3,"styles Ambient Electronic, Ambient, Electronic, Soundtrack, Instrumental; tags vitus von degen"
011_011979.mp3,"styles Ambient Electronic, Ambient, Electronic, Soundtrack, Instrumental; tags vitus von degen"
011_011980.mp3,"styles Ambient Electronic, Ambient, Electronic, Soundtrack, Instrumental; tags vitus von degen"
011_011981.mp3,"styles Ambient Electronic, Ambient, Electronic, Soundtrack, Instrumental; tags vitus von degen"
011_011982.mp3,"styles Ambient Electronic, Ambient, Electronic, Soundtrack, Instrumental; tags vitus von degen"
011_011983.mp3,"styles Ambient Electronic, Ambient, Electronic, Soundtrack, Instrumental; tags vitus von degen"
011_011984.mp3,"styles Ambient Electronic, Ambient, Electronic, Soundtrack, Instrumental; tags vitus von degen"
011_011985.mp3,"styles Ambient Electronic, Ambient, Electronic, Soundtrack, Instrumental; tags vitus von degen"
011_011990.mp3,genre Electronic; styles Electronic; tags niwouinwouin
011_011991.mp3,genre Electronic; styles Electronic; tags niwouinwouin
011_011993.mp3,genre Electronic; styles Electronic; tags niwouinwouin
011_011994.mp3,genre Electronic; styles Electronic; tags niwouinwouin
011_011996.mp3,"tags nels cline, quiet orchestra"
011_011997.mp3,"styles Avant-Garde, Experimental, Ambient, Rock, Folk, Space-Rock, Instrumental, Post-Rock; tags nels cline, quiet orchestra"
011_011998.mp3,"styles Avant-Garde, Experimental, Ambient, Rock, Folk, Space-Rock, Instrumental, Post-Rock; tags nels cline, quiet orchestra"
011_011999.mp3,"styles Avant-Garde, Experimental, Ambient, Rock, Folk, Space-Rock, Instrumental, Post-Rock; tags nels cline, quiet orchestra"
012_012000.mp3,"styles Avant-Garde, Experimental, Ambient, Rock, Folk, Space-Rock, Instrumental, Post-Rock; tags nels cline, quiet orchestra"
012_012001.mp3,"styles Avant-Garde, Experimental, Ambient, Rock, Folk, Space-Rock, Instrumental, Post-Rock; tags nels cline, quiet orchestra"
012_012003.mp3,"styles Avant-Garde, Experimental, Ambient, Rock, Folk, Space-Rock, Instrumental, Post-Rock; tags nels cline, quiet orchestra"
012_012004.mp3,"styles Avant-Garde, Experimental, Ambient, Rock, Folk, Space-Rock, Instrumental, Post-Rock; tags nels cline, quiet orchestra"
012_012005.mp3,"styles Avant-Garde, Experimental, Ambient, Rock, Folk, Space-Rock, Instrumental, Post-Rock; tags nels cline, quiet orchestra"
012_012006.mp3,"styles Avant-Garde, Experimental, Ambient, Rock, Folk, Space-Rock, Instrumental, Post-Rock; tags nels cline, quiet orchestra"
012_012007.mp3,"styles Avant-Garde, Experimental, Ambient, Rock, Folk, Space-Rock, Instrumental, Post-Rock; tags nels cline, quiet orchestra"
012_012008.mp3,"styles Avant-Garde, Experimental, Ambient, Rock, Folk, Space-Rock, Instrumental, Post-Rock; tags nels cline, quiet orchestra"
012_012009.mp3,"styles Avant-Garde, Experimental, Ambient, Rock, Folk, Space-Rock, Instrumental, Post-Rock; tags nels cline, quiet orchestra"
012_012013.mp3,"styles Composed Music, Classical, Experimental; tags experimental, no regrets for our youth"
012_012014.mp3,"styles Composed Music, Classical, Experimental; tags experimental, no regrets for our youth"
012_012015.mp3,"styles Composed Music, Classical, Experimental; tags experimental, no regrets for our youth"
012_012016.mp3,"styles Composed Music, Classical, Experimental; tags experimental, no regrets for our youth"
012_012017.mp3,"styles Composed Music, Classical, Experimental; tags experimental, no regrets for our youth"
012_012018.mp3,"styles Composed Music, Classical, Experimental; tags experimental, no regrets for our youth"
012_012019.mp3,"styles Composed Music, Classical, Experimental; tags experimental, no regrets for our youth"
012_012020.mp3,"styles Composed Music, Classical, Experimental; tags experimental, no regrets for our youth"
012_012021.mp3,"styles Composed Music, Classical, Experimental; tags experimental, no regrets for our youth"
012_012022.mp3,genre Jazz; styles Jazz; tags the quadraphonnes
012_012023.mp3,"styles Techno, Spoken, Electronic, Comedy; tags fadt fanfare"
012_012024.mp3,"styles Techno, Spoken, Electronic, Comedy; tags fadt fanfare"
012_012025.mp3,"styles Techno, Spoken, Electronic, Comedy; tags fadt fanfare"
012_012026.mp3,"styles Techno, Spoken, Electronic, Comedy; tags fadt fanfare"
012_012027.mp3,"styles Techno, Spoken, Electronic, Comedy; tags fadt fanfare"
012_012028.mp3,"styles Techno, Spoken, Electronic, Comedy; tags fadt fanfare"
012_012029.mp3,"styles Techno, Spoken, Electronic, Comedy; tags fadt fanfare"
012_012030.mp3,"styles Techno, Spoken, Electronic, Comedy; tags fadt fanfare"
012_012031.mp3,"styles Techno, Spoken, Electronic, Comedy; tags fadt fanfare"
012_012032.mp3,"styles Techno, Spoken, Electronic, Comedy; tags fadt fanfare"
012_012033.mp3,"styles Pop, Experimental Pop, IDM, Electronic; tags silencide"
012_012034.mp3,"styles Pop, Experimental Pop, IDM, Electronic; tags silencide"
012_012035.mp3,"styles Pop, Experimental Pop, IDM, Electronic; tags silencide"
012_012036.mp3,"styles Pop, Experimental Pop, IDM, Electronic; tags silencide"
012_012037.mp3,"styles Pop, Experimental Pop, IDM, Electronic; tags silencide"
012_012039.mp3,"styles Pop, Experimental Pop, IDM, Electronic; tags silencide"
012_012040.mp3,"styles Pop, Experimental Pop, IDM, Electronic; tags silencide"
012_012041.mp3,"styles Pop, Experimental Pop, IDM, Electronic; tags silencide"
012_012042.mp3,"styles Hip-Hop, Electronic; tags hip hop, downtempo, sampling, nu-jazz, bollywood, space age pop, suhov"
012_012043.mp3,"styles Hip-Hop, Electronic; tags hip hop, downtempo, sampling, nu-jazz, bollywood, space age pop, suhov"
012_012054.mp3,"not quite an instrumental -- has some inobtrusive samples of somebody saying ""okay.."" every so often;"
012_012055.mp3,"styles Hip-Hop, Electronic; tags hip hop, downtempo, sampling, nu-jazz, bollywood, space age pop, suhov"
012_012056.mp3,"styles Hip-Hop, Electronic; tags hip hop, downtempo, sampling, nu-jazz, bollywood, space age pop, suhov"
012_012057.mp3,"styles Hip-Hop, Electronic; tags hip hop, downtempo, sampling, nu-jazz, bollywood, space age pop, suhov"
012_012072.mp3,genre Electronic; styles Electronic; tags vernon lenoir
012_012073.mp3,genre Electronic; styles Electronic; tags vernon lenoir
012_012075.mp3,genre Electronic; styles Electronic; tags vernon lenoir
012_012076.mp3,genre Electronic; styles Electronic; tags vernon lenoir
012_012077.mp3,genre Electronic; styles Electronic; tags vernon lenoir
012_012078.mp3,genre Electronic; styles Electronic; tags vernon lenoir
012_012079.mp3,genre Electronic; styles Electronic; tags vernon lenoir
012_012080.mp3,genre Electronic; styles Electronic; tags vernon lenoir
012_012082.mp3,genre Electronic; styles Electronic; tags vernon lenoir
012_012085.mp3,genre Electronic; styles Electronic; tags vernon lenoir
012_012086.mp3,genre Electronic; styles Electronic; tags vernon lenoir
012_012087.mp3,genre Electronic; styles Electronic; tags vernon lenoir
012_012088.mp3,genre Electronic; styles Electronic; tags vernon lenoir
012_012089.mp3,genre Electronic; styles Electronic; tags vernon lenoir
012_012091.mp3,genre Electronic; styles Electronic; tags vernon lenoir
012_012092.mp3,genre Electronic; styles Electronic; tags vernon lenoir
012_012093.mp3,genre Electronic; styles Electronic; tags vernon lenoir
012_012094.mp3,genre Electronic; styles Electronic; tags vernon lenoir
012_012096.mp3,genre Electronic; styles Electronic; tags vernon lenoir
012_012097.mp3,genre Electronic; styles Electronic; tags vernon lenoir
012_012098.mp3,genre Electronic; styles Electronic; tags vernon lenoir
012_012099.mp3,genre Blues; styles Blues; tags the columbines
012_012100.mp3,"styles International, Experimental, Ambient, Reggae - Dub, Instrumental; tags barcelona, spain, hang, selva de mar"
012_012101.mp3,"styles International, Experimental, Ambient, Reggae - Dub, Instrumental; tags barcelona, spain, hang, selva de mar"
012_012102.mp3,"styles International, Experimental, Ambient, Reggae - Dub, Instrumental; tags barcelona, spain, hang, selva de mar"
012_012103.mp3,"styles International, Experimental, Ambient, Reggae - Dub, Instrumental; tags barcelona, spain, hang, selva de mar"
012_012104.mp3,"styles International, Experimental, Ambient, Reggae - Dub, Instrumental; tags barcelona, spain, hang, selva de mar"
012_012105.mp3,"styles International, Experimental, Ambient, Reggae - Dub, Instrumental; tags barcelona, spain, hang, selva de mar"
012_012106.mp3,"styles International, Experimental, Ambient, Reggae - Dub, Instrumental; tags barcelona, spain, hang, selva de mar"
012_012107.mp3,genre Experimental; styles Experimental; tags bermuda triangles
012_012110.mp3,"styles Psych-Rock, Improv, Rock, Experimental; tags lydsod"
012_012116.mp3,"genre Rock; styles Indie-Rock, Rock; tags chill out, netlabels, chill, europe, sound art, glitch, electro, electronic,"
012_012117.mp3,"genre Electronic; styles Electronic; tags experimental, jeva"
012_012118.mp3,"genre Electronic; styles Electronic; tags experimental, jeva"
012_012119.mp3,"genre Electronic; styles Electronic; tags experimental, jeva"
012_012120.mp3,"genre Electronic; styles Electronic; tags experimental, jeva"
012_012121.mp3,"genre Electronic; styles Electronic; tags experimental, jeva"
012_012124.mp3,"genre Experimental; styles Noise, Experimental; tags fellatio del toro"
012_012125.mp3,genre Rock; styles Rock; tags the flat can co
012_012126.mp3,genre Experimental; styles Experimental; tags the yes sirs
012_012131.mp3,"genre Electronic; styles Minimal Electronic, Ambient Electronic, Electronic; tags heather perkins"
012_012150.mp3,"styles Glitch, Unclassifiable, Experimental, Electronic; tags experimental, jeva"
012_012151.mp3,genre Rock; styles Rock; tags the flat can co
012_012152.mp3,"styles Dance, Pop, Electronic; tags wm recordings, electropop, happy elf, pop, the netherlands"
012_012153.mp3,"styles Dance, Pop, Electronic; tags wm recordings, electropop, happy elf, pop, the netherlands"
012_012154.mp3,"styles Dance, Pop, Electronic; tags wm recordings, electropop, happy elf, pop, the netherlands"
012_012155.mp3,"styles Dance, Pop, Electronic; tags wm recordings, electropop, happy elf, pop, the netherlands"
012_012156.mp3,"styles Dance, Pop, Electronic; tags wm recordings, electropop, happy elf, pop, the netherlands"
012_012157.mp3,"styles Avant-Garde, Experimental, Electronic; tags brunk"
012_012158.mp3,"styles Avant-Garde, Experimental, Electronic; tags brunk"
012_012159.mp3,"styles Avant-Garde, Experimental, Electronic; tags brunk"
012_012161.mp3,"styles Avant-Garde, Experimental, Electronic; tags brunk"
012_012162.mp3,"styles Avant-Garde, Experimental, Electronic; tags brunk"
012_012163.mp3,"styles Avant-Garde, Experimental, Electronic; tags brunk"
012_012164.mp3,"styles Avant-Garde, Experimental, Electronic; tags brunk"
012_012165.mp3,"styles Avant-Garde, Experimental, Electronic; tags brunk"
012_012166.mp3,"styles Avant-Garde, Experimental, Electronic; tags brunk"
012_012167.mp3,"styles Avant-Garde, Experimental, Electronic; tags brunk"
012_012168.mp3,"styles Avant-Garde, Experimental, Electronic; tags brunk"
012_012169.mp3,"styles Avant-Garde, Experimental, Electronic; tags brunk"
012_012170.mp3,"styles Avant-Garde, Experimental, Electronic; tags brunk"
012_012172.mp3,"styles Pop, Rock; tags unfactory"
012_012176.mp3,"styles Pop, Rock; tags the transisters"
012_012177.mp3,"styles Pop, Rock; tags the upstairs"
012_012178.mp3,tags amanyth
012_012180.mp3,"styles Pop, Rock; tags bilk"
012_012181.mp3,"tags monk turner, bedroom pop, concept album, soul, pop, concept, hip hop, rock"
012_012186.mp3,"styles Pop, Rock; tags brad sucks"
012_012187.mp3,"styles Pop, Rock; tags josh woodward"
012_012190.mp3,"styles Rock, Spoken, Metal, Comedy; tags nanowar"
012_012191.mp3,"styles Pop, Rock; tags brad sucks"
012_012192.mp3,genre Rock; styles Rock; tags seiurte
012_012197.mp3,tags paper tiger
012_012198.mp3,tags after the ice
012_012201.mp3,tags the wind whistles
012_012203.mp3,"styles Glitch, Unclassifiable, Experimental, Electronic; tags experimental, jeva"
012_012204.mp3,"styles Indie-Rock, Lo-Fi, Rock, Experimental; tags phil reavis, guitar"
012_012205.mp3,"styles Indie-Rock, Lo-Fi, Rock, Experimental; tags phil reavis, guitar"
012_012206.mp3,"styles Indie-Rock, Lo-Fi, Rock, Experimental; tags phil reavis, guitar"
012_012207.mp3,"styles Indie-Rock, Lo-Fi, Rock, Experimental; tags phil reavis, guitar"
012_012208.mp3,"styles Indie-Rock, Lo-Fi, Rock, Experimental; tags phil reavis, guitar"
012_012209.mp3,"styles Indie-Rock, Lo-Fi, Rock, Experimental; tags phil reavis, guitar"
012_012210.mp3,"styles Indie-Rock, Lo-Fi, Rock, Experimental; tags phil reavis, guitar"
012_012211.mp3,"styles Indie-Rock, Lo-Fi, Rock, Experimental; tags phil reavis, guitar"
012_012212.mp3,"styles Indie-Rock, Lo-Fi, Rock, Experimental; tags phil reavis, guitar"
012_012213.mp3,"styles Indie-Rock, Lo-Fi, Rock, Experimental; tags phil reavis, guitar"
012_012214.mp3,"styles Indie-Rock, Lo-Fi, Rock, Experimental; tags phil reavis, guitar"
012_012215.mp3,"styles Indie-Rock, Lo-Fi, Rock, Experimental; tags phil reavis, guitar"
012_012216.mp3,"styles Indie-Rock, Lo-Fi, Rock, Experimental; tags phil reavis, guitar"
012_012217.mp3,"styles Indie-Rock, Lo-Fi, Rock, Experimental; tags phil reavis, guitar"
012_012218.mp3,"styles Indie-Rock, Lo-Fi, Rock, Experimental; tags phil reavis, guitar"
012_012219.mp3,"styles Indie-Rock, Lo-Fi, Rock, Experimental; tags phil reavis, guitar"
012_012220.mp3,"styles Indie-Rock, Lo-Fi, Rock, Experimental; tags phil reavis, guitar"
012_012221.mp3,"styles Indie-Rock, Lo-Fi, Rock, Experimental; tags phil reavis, guitar"
012_012222.mp3,"styles Indie-Rock, Lo-Fi, Rock, Experimental; tags phil reavis, guitar"
012_012223.mp3,"styles Indie-Rock, Lo-Fi, Rock, Experimental; tags phil reavis, guitar"
012_012224.mp3,"styles Indie-Rock, Lo-Fi, Rock, Experimental; tags phil reavis, guitar"
012_012225.mp3,"styles Indie-Rock, Lo-Fi, Rock, Experimental; tags phil reavis, guitar"
012_012226.mp3,"styles Indie-Rock, Lo-Fi, Rock, Experimental; tags phil reavis, guitar"
012_012227.mp3,"styles Indie-Rock, Lo-Fi, Rock, Experimental; tags phil reavis, guitar"
012_012228.mp3,"styles Indie-Rock, Lo-Fi, Rock, Experimental; tags phil reavis, guitar"
012_012229.mp3,"styles Indie-Rock, Lo-Fi, Rock, Experimental; tags phil reavis, guitar"
012_012230.mp3,"styles Indie-Rock, Lo-Fi, Rock, Experimental; tags phil reavis, guitar"
012_012231.mp3,"styles Indie-Rock, Lo-Fi, Rock, Experimental; tags phil reavis, guitar"
012_012232.mp3,"styles Indie-Rock, Lo-Fi, Rock, Experimental; tags phil reavis, guitar"
012_012233.mp3,"styles Indie-Rock, Lo-Fi, Rock, Experimental; tags phil reavis, guitar"
012_012234.mp3,"styles Indie-Rock, Lo-Fi, Rock, Experimental; tags phil reavis, guitar"
012_012235.mp3,"styles Indie-Rock, Lo-Fi, Rock, Experimental; tags phil reavis, guitar"
012_012236.mp3,"styles Indie-Rock, Lo-Fi, Rock, Experimental; tags phil reavis, guitar"
012_012237.mp3,"styles Indie-Rock, Lo-Fi, Rock, Experimental; tags phil reavis, guitar"
012_012239.mp3,"genre Rock; styles Loud-Rock, Rock, Noise-Rock; tags montreal, aids wolf"
012_012240.mp3,"genre Electronic; styles Chip Music, Electronic; tags anavan"
012_012241.mp3,"genre Hip-Hop; styles Alternative Hip-Hop, Hip-Hop; tags big digits"
012_012242.mp3,"genre Rock; styles Loud-Rock, Rock, Noise-Rock; tags bio bitch"
012_012243.mp3,"genre Rock; styles Loud-Rock, Rock, Noise-Rock; tags bitches"
012_012244.mp3,"genre Rock; styles Loud-Rock, Rock, Noise-Rock; tags scotland, glasgow, blue sabbath black fiji"
012_012245.mp3,"genre Rock; styles Loud-Rock, Rock, Noise-Rock; tags brian lewis saunders"
012_012246.mp3,"genre Rock; styles Loud-Rock, Rock, Noise-Rock; tags capn fresh and the stay fresh seals"
012_012247.mp3,"genre Rock; styles Loud-Rock, Rock, Noise-Rock; tags san francisco, death sentence panda"
012_012248.mp3,"genre Rock; styles Loud-Rock, Rock, Noise-Rock; tags eddie brnabic"
012_012250.mp3,"genre Rock; styles Loud-Rock, Rock, Noise-Rock; tags fur fur"
012_012251.mp3,"genre Rock; styles Loud-Rock, Rock, Noise-Rock; tags geiger retort"
012_012252.mp3,"genre Rock; styles Loud-Rock, Rock, Noise-Rock; tags gian carlo"
012_012253.mp3,"genre Rock; styles Loud-Rock, Rock, Noise-Rock; tags herons"
012_012254.mp3,"genre Rock; styles Loud-Rock, Rock, Noise-Rock; tags holy slouch"
012_012255.mp3,"genre Rock; styles Loud-Rock, Rock, Noise-Rock; tags ice sea dead people"
012_012256.mp3,"genre Rock; styles Loud-Rock, Rock, Noise-Rock; tags ie"
012_012258.mp3,"genre Rock; styles Loud-Rock, Rock, Noise-Rock; tags wfmu djs, jason forrest"
012_012259.mp3,"genre Rock; styles Loud-Rock, Rock, Noise-Rock; tags kid infinity"
012_012260.mp3,"genre Rock; styles Loud-Rock, Rock, Noise-Rock; tags kyle h mabson"
012_012261.mp3,"genre Rock; styles Loud-Rock, Rock, Noise-Rock; tags lacote"
012_012262.mp3,"genre Rock; styles Loud-Rock, Rock, Noise-Rock; tags lee noble"
012_012264.mp3,"genre Rock; styles Loud-Rock, Rock, Noise-Rock; tags mr pardeiro"
012_012265.mp3,"genre Electronic; styles Chip Music, Electronic; tags narwhalz of sound"
012_012266.mp3,"genre Rock; styles Loud-Rock, Rock, Noise-Rock; tags neros day at disneyland"
012_012267.mp3,"genre Rock; styles Loud-Rock, Rock, Noise-Rock; tags neros day at disneyland"
012_012268.mp3,"genre Rock; styles Loud-Rock, Rock, Noise-Rock; tags paid in puke"
012_012269.mp3,"genre Rock; styles Loud-Rock, Rock, Noise-Rock; tags power sherlock"
012_012270.mp3,"genre Rock; styles Loud-Rock, Rock, Noise-Rock; tags robert inhuman"
012_012271.mp3,"genre Rock; styles Loud-Rock, Rock, Noise-Rock; tags spirit duplicator"
012_012272.mp3,"genre Rock; styles Loud-Rock, Rock, Noise-Rock; tags sunken landscapes"
012_012273.mp3,"genre Rock; styles Loud-Rock, Rock, Noise-Rock; tags tiktik"
012_012274.mp3,"genre Rock; styles Loud-Rock, Rock, Noise-Rock; tags tits"
012_012275.mp3,genre Electronic; styles Electronic; tags tussle
012_012276.mp3,"genre Rock; styles Loud-Rock, Rock, Noise-Rock; tags vankmen"
012_012277.mp3,"genre Rock; styles Loud-Rock, Rock, Noise-Rock; tags two 2 tango"
012_012278.mp3,"genre Rock; styles Loud-Rock, Rock, Noise-Rock; tags weird habit"
012_012279.mp3,"genre Rock; styles Loud-Rock, Rock, Noise-Rock; tags window"
012_012280.mp3,"genre Rock; styles Loud-Rock, Rock, Noise-Rock; tags wolfblitzer"
012_012282.mp3,"genre Rock; styles Loud-Rock, Rock, Noise-Rock; tags foot village"
012_012283.mp3,"styles Easy Listening, Electronic, Soundtrack, Instrumental, Lounge; tags the protagonist"
012_012284.mp3,"styles Easy Listening, Electronic, Soundtrack, Instrumental, Lounge; tags cleft"
012_012285.mp3,"styles Easy Listening, Electronic, Soundtrack, Instrumental, Lounge; tags wm recordings, electropop, happy elf, pop, the netherlands"
012_012286.mp3,"styles Easy Listening, Electronic, Soundtrack, Instrumental, Lounge; tags dyabolical feat gionni"
012_012287.mp3,"styles Easy Listening, Electronic, Soundtrack, Instrumental, Lounge; tags eraritjaritjaka"
012_012288.mp3,"styles Easy Listening, Electronic, Soundtrack, Instrumental, Lounge; tags jr claiborn"
012_012289.mp3,"styles Easy Listening, Electronic, Soundtrack, Instrumental, Lounge; tags jeffrey letterly, urban inbreed"
012_012290.mp3,"styles Easy Listening, Electronic, Soundtrack, Instrumental, Lounge; tags lemon"
012_012291.mp3,"styles Easy Listening, Electronic, Soundtrack, Instrumental, Lounge; tags marcel"
012_012292.mp3,"styles Easy Listening, Electronic, Soundtrack, Instrumental, Lounge; tags mikrosopht"
012_012293.mp3,"styles Easy Listening, Electronic, Soundtrack, Instrumental, Lounge; tags narcotic syntax"
012_012294.mp3,"styles Easy Listening, Electronic, Soundtrack, Instrumental, Lounge; tags savages"
012_012295.mp3,"styles Easy Listening, Electronic, Soundtrack, Instrumental, Lounge; tags 8m2stereo"
012_012297.mp3,"styles Easy Listening, Electronic, Soundtrack, Instrumental, Lounge; tags principle fetterman"
012_012298.mp3,"styles Easy Listening, Electronic, Soundtrack, Instrumental, Lounge; tags soulfool"
012_012299.mp3,"styles Easy Listening, Electronic, Soundtrack, Instrumental, Lounge; tags v-trap feat f master f"
012_012300.mp3,"styles Easy Listening, Electronic, Soundtrack, Instrumental, Lounge; tags sean ryan woodward"
012_012301.mp3,"styles Easy Listening, Electronic, Soundtrack, Instrumental, Lounge; tags jr claiborn"
012_012302.mp3,"styles Easy Listening, Electronic, Soundtrack, Instrumental, Lounge; tags hydropods"
012_012303.mp3,"styles Easy Listening, Electronic, Soundtrack, Instrumental, Lounge; tags mr_melvis featuring r stevie moore"
012_012311.mp3,"styles Noise, Avant-Garde, Experimental, Singer-Songwriter, Folk, Free-Folk; tags chicago no wave, improvisation, u can unlearn guitar,"
012_012312.mp3,"styles Noise, Avant-Garde, Experimental, Singer-Songwriter, Folk, Free-Folk; tags chicago no wave, improvisation, u can unlearn guitar,"
012_012313.mp3,"This was originally created in 2000, for the seminal Andy Au Go Go album "" The"
012_012314.mp3,"styles Noise, Avant-Garde, Experimental, Singer-Songwriter, Folk, Free-Folk; tags chicago no wave, improvisation, u can unlearn guitar,"
012_012315.mp3,"Eric meyers played guitar, and Simon produced this on the best sounding 4 track ever. Am"
012_012316.mp3,"styles Noise, Avant-Garde, Experimental, Singer-Songwriter, Folk, Free-Folk; tags chicago no wave, improvisation, u can unlearn guitar,"
012_012317.mp3,"genre Experimental; styles Electroacoustic, Experimental; tags ophir ilzetzki, electroacoustic, an hour, experimental, contemporary music, avant garde"
012_012318.mp3,"styles Noise, Avant-Garde, Experimental, Singer-Songwriter, Folk, Free-Folk; tags chicago no wave, improvisation, u can unlearn guitar,"
012_012319.mp3,"styles Noise, Avant-Garde, Experimental, Singer-Songwriter, Folk, Free-Folk; tags chicago no wave, improvisation, u can unlearn guitar,"
012_012320.mp3,"styles Noise, Avant-Garde, Experimental, Singer-Songwriter, Folk, Free-Folk; tags chicago no wave, improvisation, u can unlearn guitar,"
012_012321.mp3,"styles Noise, Avant-Garde, Experimental, Singer-Songwriter, Folk, Free-Folk; tags chicago no wave, improvisation, u can unlearn guitar,"
012_012322.mp3,"styles Noise, Avant-Garde, Experimental, Singer-Songwriter, Folk, Free-Folk; tags chicago no wave, improvisation, u can unlearn guitar,"
012_012323.mp3,"styles Noise, Avant-Garde, Experimental, Singer-Songwriter, Folk, Free-Folk; tags chicago no wave, improvisation, u can unlearn guitar,"
012_012324.mp3,"styles Noise, Avant-Garde, Experimental, Singer-Songwriter, Folk, Free-Folk; tags chicago no wave, improvisation, u can unlearn guitar,"
012_012325.mp3,"styles Noise, Avant-Garde, Experimental, Singer-Songwriter, Folk, Free-Folk; tags chicago no wave, improvisation, u can unlearn guitar,"
012_012326.mp3,"styles Noise, Avant-Garde, Experimental, Singer-Songwriter, Folk, Free-Folk; tags chicago no wave, improvisation, u can unlearn guitar,"
012_012327.mp3,"styles Noise, Avant-Garde, Experimental, Singer-Songwriter, Folk, Free-Folk; tags chicago no wave, improvisation, u can unlearn guitar,"
012_012328.mp3,"styles Noise, Avant-Garde, Experimental, Singer-Songwriter, Folk, Free-Folk; tags chicago no wave, improvisation, u can unlearn guitar,"
012_012329.mp3,"styles Noise, Avant-Garde, Experimental, Singer-Songwriter, Folk, Free-Folk; tags chicago no wave, improvisation, u can unlearn guitar,"
012_012330.mp3,"styles Noise, Avant-Garde, Experimental, Singer-Songwriter, Folk, Free-Folk; tags chicago no wave, improvisation, u can unlearn guitar,"
012_012331.mp3,"styles Noise, Avant-Garde, Experimental, Singer-Songwriter, Folk, Free-Folk; tags chicago no wave, improvisation, u can unlearn guitar,"
012_012332.mp3,"styles Noise, Avant-Garde, Experimental, Singer-Songwriter, Folk, Free-Folk; tags chicago no wave, improvisation, u can unlearn guitar,"
012_012333.mp3,"styles Noise, Avant-Garde, Experimental, Singer-Songwriter, Folk, Free-Folk; tags chicago no wave, improvisation, u can unlearn guitar,"
012_012334.mp3,"styles Noise, Avant-Garde, Experimental, Singer-Songwriter, Folk, Free-Folk; tags chicago no wave, improvisation, u can unlearn guitar,"
012_012335.mp3,"styles Noise, Avant-Garde, Experimental, Singer-Songwriter, Folk, Free-Folk; tags chicago no wave, improvisation, u can unlearn guitar,"
012_012336.mp3,"styles Noise, Avant-Garde, Experimental, Singer-Songwriter, Folk, Free-Folk; tags chicago no wave, improvisation, u can unlearn guitar,"
012_012337.mp3,"styles Noise, Avant-Garde, Experimental, Singer-Songwriter, Folk, Free-Folk; tags chicago no wave, improvisation, u can unlearn guitar,"
012_012341.mp3,"genre Rock; styles Loud-Rock, Rock, Noise-Rock; tags sightings"
012_012342.mp3,"genre Experimental; styles Sound Collage, Electroacoustic, Experimental; tags grey gersten amp g lucas crane"
012_012343.mp3,"genre Experimental; styles Sound Collage, Electroacoustic, Experimental; tags grey gersten amp g lucas crane"
012_012344.mp3,"genre Experimental; styles Sound Collage, Electroacoustic, Experimental; tags grey gersten amp g lucas crane"
012_012345.mp3,"genre Experimental; styles Sound Collage, Electroacoustic, Experimental; tags grey gersten amp g lucas crane"
012_012347.mp3,"genre Electronic; styles Ambient Electronic, Electronic; tags sawako"
012_012357.mp3,"genre Rock; styles Rock, Garage; tags chrome cranks"
012_012358.mp3,"genre Rock; styles Rock, Garage; tags chrome cranks"
012_012359.mp3,"genre Rock; styles Rock, Garage; tags chrome cranks"
012_012360.mp3,"genre Rock; styles Rock, Garage; tags chrome cranks"
012_012361.mp3,"genre Rock; styles Rock, Garage; tags chrome cranks"
012_012362.mp3,"genre Rock; styles Rock, Garage; tags chrome cranks"
012_012363.mp3,"genre Rock; styles Rock, Garage; tags chrome cranks"
012_012364.mp3,"genre Rock; styles Rock, Garage; tags chrome cranks"
012_012366.mp3,"genre Rock; styles Rock, Garage; tags chrome cranks"
012_012368.mp3,"styles Noise, Avant-Garde, Experimental, Singer-Songwriter, Folk, Free-Folk; tags chicago no wave, improvisation, u can unlearn guitar,"
012_012370.mp3,tags bufi
012_012371.mp3,genre Rock; styles Rock; tags the grooming
012_012382.mp3,"genre Rock; styles Lo-Fi, Rock; tags brunk"
012_012389.mp3,"styles Pop, Rock; tags the search"
012_012391.mp3,tags men in route
012_012393.mp3,genre Hip-Hop; styles Hip-Hop; tags s-master amp esco
012_012395.mp3,"styles Pop, Rock; tags josh woodward"
012_012397.mp3,"styles Glitch, Unclassifiable, Experimental, Electronic; tags experimental, jeva"
012_012400.mp3,"genre Rock; styles Indie-Rock, Rock; tags takka takka"
012_012401.mp3,"genre Rock; styles Indie-Rock, Rock; tags takka takka"
012_012403.mp3,"genre Rock; styles Indie-Rock, Rock; tags takka takka"
012_012404.mp3,"genre Rock; styles Indie-Rock, Rock; tags takka takka"
012_012405.mp3,"genre Rock; styles Indie-Rock, Rock; tags takka takka"
012_012411.mp3,"genre Rock; styles Punk, Rock; tags virus"
012_012414.mp3,"styles Noise, Avant-Garde, Experimental, Singer-Songwriter, Folk, Free-Folk; tags chicago no wave, improvisation, u can unlearn guitar,"
012_012415.mp3,"1998, I had a roommat named Simon Tuzziolli. He bet my friend Eric Meyers that he"
012_012416.mp3,I learned how to play the guitar via short little lessons from my musician friends in
012_012417.mp3,"styles Noise, Avant-Garde, Experimental, Singer-Songwriter, Folk, Free-Folk; tags chicago no wave, improvisation, u can unlearn guitar,"
012_012418.mp3,"styles Noise, Avant-Garde, Experimental, Singer-Songwriter, Folk, Free-Folk; tags chicago no wave, improvisation, u can unlearn guitar,"
012_012426.mp3,"styles Noise, Experimental, Ambient Electronic, Ambient, Electronic, Instrumental, Minimal Electronic; tags kevin patton"
012_012427.mp3,"styles Noise, Experimental, Ambient Electronic, Ambient, Electronic, Instrumental, Minimal Electronic; tags kevin patton"
012_012428.mp3,"styles Noise, Experimental, Ambient Electronic, Ambient, Electronic, Instrumental, Minimal Electronic; tags kevin patton"
012_012431.mp3,"styles Avant-Garde, Jazz: Out, Jazz, Experimental, Drone; tags twistycat"
012_012433.mp3,"styles Avant-Garde, Jazz: Out, Jazz, Experimental, Drone; tags twistycat"
012_012435.mp3,"Jeff Cloke’s view (extreme left, three rows back): Sony stereo ECM-MS907 on adjacent seat to a"
012_012438.mp3,"styles Ambient Electronic, Experimental, Electronic; tags kamran sadeghi"
012_012439.mp3,"styles Ambient Electronic, Experimental, Electronic; tags kamran sadeghi"
012_012440.mp3,"styles Ambient Electronic, Experimental, Electronic; tags kamran sadeghi"
012_012441.mp3,"Chris Trent’s view (right, front row): a pair of Oktava MK-012s to a Tascam DA-P1 DAT"
012_012446.mp3,"genre Jazz; styles Jazz: Out, Jazz; tags peter evans tom blancarte and brandon seabrook"
012_012452.mp3,"genre Rock; styles Psych-Rock, Rock, Garage; tags wizzard sleeve"
012_012453.mp3,"David Reid’s view (central, edge of stage): Sony ECM-999PR to a Sony PD150 video camera; genre"
012_012456.mp3,"genre Experimental; styles Improv, Experimental; tags akronfamily"
012_012459.mp3,"genre Experimental; styles Improv, Experimental; tags akronfamily"
012_012461.mp3,"styles Noise, Experimental, Rock, Drone, Metal; tags robedoor"
012_012462.mp3,"styles Noise, Experimental, Rock, Drone, Metal; tags robedoor"
012_012463.mp3,"styles Noise, Experimental, Rock, Drone, Metal; tags robedoor"
012_012464.mp3,"styles Noise, Experimental, Rock, Drone, Metal; tags robedoor"
012_012465.mp3,"styles Noise, Experimental, Rock, Drone, Metal; tags robedoor"
012_012467.mp3,"genre Experimental; styles Improv, Experimental; tags akronfamily"
012_012469.mp3,"genre Rock; styles Psych-Rock, Rock, Garage; tags greg ashley"
012_012470.mp3,"genre Rock; styles Psych-Rock, Rock, Garage; tags greg ashley"
012_012471.mp3,"genre Rock; styles Psych-Rock, Rock, Garage; tags greg ashley"
012_012472.mp3,"genre Rock; styles Psych-Rock, Rock, Garage; tags greg ashley"
012_012473.mp3,"genre Rock; styles Psych-Rock, Rock, Garage; tags greg ashley"
012_012474.mp3,"styles Noise, Experimental, Rock, Drone, Metal; tags robedoor"
012_012475.mp3,"styles Avant-Garde, Europe, International, Experimental, Folk; tags accordion, alec k redfearn and the seizures"
012_012476.mp3,"styles Avant-Garde, Europe, International, Experimental, Folk; tags accordion, alec k redfearn and the seizures"
012_012477.mp3,"styles Avant-Garde, Europe, International, Experimental, Folk; tags accordion, alec k redfearn and the seizures"
012_012478.mp3,"styles Avant-Garde, Europe, International, Experimental, Folk; tags accordion, alec k redfearn and the seizures"
012_012479.mp3,"styles Avant-Garde, Europe, International, Experimental, Folk; tags accordion, alec k redfearn and the seizures"
012_012480.mp3,"styles Avant-Garde, Europe, International, Experimental, Folk; tags accordion, alec k redfearn and the seizures"
012_012491.mp3,"styles Dance, Pop, Electronic; tags sminky"
012_012492.mp3,"styles Dance, Pop, Electronic; tags sminky"
012_012493.mp3,"styles Dance, Pop, Electronic; tags sminky"
012_012494.mp3,"styles Dance, Pop, Electronic; tags sminky"
012_012495.mp3,"styles Dance, Pop, Electronic; tags sminky"
012_012496.mp3,"styles Dance, Pop, Electronic; tags sminky"
012_012497.mp3,"styles Dance, Pop, Electronic; tags sminky"
012_012498.mp3,"styles Dance, Pop, Electronic; tags sminky"
012_012499.mp3,"styles Dance, Pop, Electronic; tags sminky"
012_012500.mp3,"styles Dance, Pop, Electronic; tags sminky"
012_012501.mp3,"styles Dance, Pop, Electronic; tags sminky"
012_012502.mp3,"styles Dance, Pop, Electronic; tags sminky"
012_012503.mp3,"styles Dance, Pop, Electronic; tags sminky"
012_012504.mp3,"styles Dance, Pop, Electronic; tags sminky"
012_012505.mp3,"styles Dance, Pop, Electronic; tags sminky"
012_012506.mp3,"styles Dance, Pop, Electronic; tags sminky"
012_012507.mp3,"styles Dance, Pop, Electronic; tags sminky"
012_012512.mp3,"genre Folk; styles Folk; tags vocal experimental, maine, big blood"
012_012519.mp3,"styles Jazz, Electronic; tags music for video, hip hop beats, revolution void, lounge, hip hop, nu-jazz,"
012_012522.mp3,"styles Pop, Rock; tags nuonu"
012_012524.mp3,"styles Pop, Funk, Hip-Hop, Soul-RnB; tags the kazoo funk orchestra"
012_012525.mp3,"styles Hip-Hop, Electronic; tags mendez amp muna"
012_012528.mp3,"styles Pop, Rock; tags fresh body shop"
012_012529.mp3,"styles Pop, Electronic; tags wm recordings, electropop, happy elf, pop, the netherlands"
012_012536.mp3,"styles Pop, Electronic; tags mach fox"
012_012540.mp3,genre Rock; styles Rock; tags haine brigade
012_012541.mp3,"styles Pop, Post-Rock, Rock, Experimental Pop; tags wm recordings, the rabbits, netlabels"
012_012542.mp3,"styles Pop, Post-Rock, Rock, Experimental Pop; tags wm recordings, the rabbits, netlabels"
012_012543.mp3,"styles Pop, Post-Rock, Rock, Experimental Pop; tags wm recordings, the rabbits, netlabels"
012_012544.mp3,"styles Pop, Post-Rock, Rock, Experimental Pop; tags wm recordings, the rabbits, netlabels"
012_012545.mp3,"styles Pop, Post-Rock, Rock, Experimental Pop; tags wm recordings, the rabbits, netlabels"
012_012546.mp3,"styles Pop, Post-Rock, Rock, Experimental Pop; tags wm recordings, the rabbits, netlabels"
012_012547.mp3,"styles Pop, Post-Rock, Rock, Experimental Pop; tags wm recordings, the rabbits, netlabels"
012_012548.mp3,"styles Pop, Post-Rock, Rock, Experimental Pop; tags wm recordings, the rabbits, netlabels"
012_012549.mp3,"styles Pop, Post-Rock, Rock, Experimental Pop; tags wm recordings, the rabbits, netlabels"
012_012550.mp3,"styles Pop, Post-Rock, Rock, Experimental Pop; tags wm recordings, the rabbits, netlabels"
012_012553.mp3,"styles Disco, Soul-RnB, Electronic; tags staiff featuring klub"
012_012557.mp3,"styles Experimental, Ambient Electronic, Ambient, Electronic, Instrumental, Minimal Electronic; tags music for podcasts, podsafe, ambient, podcast,"
012_012558.mp3,"styles Experimental, Ambient Electronic, Ambient, Electronic, Instrumental, Minimal Electronic; tags music for podcasts, podsafe, ambient, podcast,"
012_012559.mp3,"styles Experimental, Ambient Electronic, Ambient, Electronic, Instrumental, Minimal Electronic; tags music for podcasts, podsafe, ambient, podcast,"
012_012560.mp3,"styles Experimental, Ambient Electronic, Ambient, Electronic, Instrumental, Minimal Electronic; tags music for podcasts, podsafe, ambient, podcast,"
012_012561.mp3,"styles Experimental, Ambient Electronic, Ambient, Electronic, Instrumental, Minimal Electronic; tags music for podcasts, podsafe, ambient, podcast,"
012_012565.mp3,"genre Experimental; styles Noise, Experimental; tags silver ninjas"
012_012580.mp3,"genre Experimental; styles Noise, Experimental; tags fellatio del toro"
012_012581.mp3,"genre Rock; styles Post-Punk, Rock, Punk; tags amoeba men"
012_012583.mp3,genre Experimental; styles Experimental; tags bermuda triangles
012_012584.mp3,"genre Experimental; styles Noise, Avant-Garde, Improv, Experimental; tags jeff mcleod"
012_012585.mp3,"genre Experimental; styles Noise, Avant-Garde, Improv, Experimental; tags jeff mcleod"
012_012587.mp3,"genre Experimental; styles Experimental, Noise, Audio Collage; tags nat roe"
012_012593.mp3,"styles Psych-Rock, Rock, Experimental; tags eternal tapestry"
012_012603.mp3,"genre Experimental; styles Experimental, Drone; tags elm"
012_012604.mp3,"genre Experimental; styles Experimental, Drone; tags elm"
012_012605.mp3,"styles Psych-Folk, Pop, Folk, Electronic; tags imra"
012_012606.mp3,"genre Jazz; styles Free-Jazz, Jazz; tags acid birds"
012_012607.mp3,"genre Rock; styles Rock, Metal; tags slough feg"
012_012612.mp3,"genre Rock; styles Rock, Metal; tags slough feg"
012_012613.mp3,"genre Rock; styles Rock, Metal; tags slough feg"
012_012629.mp3,"genre Spoken; styles Spoken, Comedy; tags david marie-garland"
012_012630.mp3,genre Hip-Hop; styles Hip-Hop; tags mishoo the drumkit
012_012631.mp3,genre Hip-Hop; styles Hip-Hop; tags mishoo the drumkit
012_012632.mp3,genre Hip-Hop; styles Hip-Hop; tags mishoo the drumkit
012_012633.mp3,genre Hip-Hop; styles Hip-Hop; tags mishoo the drumkit
012_012634.mp3,genre Hip-Hop; styles Hip-Hop; tags mishoo the drumkit
012_012635.mp3,genre Hip-Hop; styles Hip-Hop; tags mishoo the drumkit
012_012636.mp3,genre Hip-Hop; styles Hip-Hop; tags mishoo the drumkit
012_012637.mp3,"styles Punk, Pop, Rock; tags tuam ireland pop punk noise korea, so cow"
012_012638.mp3,"styles Punk, Pop, Rock; tags tuam ireland pop punk noise korea, so cow"
012_012639.mp3,"styles Punk, Pop, Rock; tags tuam ireland pop punk noise korea, so cow"
012_012640.mp3,"styles Punk, Pop, Rock; tags tuam ireland pop punk noise korea, so cow"
012_012641.mp3,"styles Punk, Pop, Rock; tags tuam ireland pop punk noise korea, so cow"
012_012642.mp3,"styles Punk, Pop, Rock; tags tuam ireland pop punk noise korea, so cow"
012_012643.mp3,"styles Punk, Pop, Rock; tags tuam ireland pop punk noise korea, so cow"
012_012644.mp3,"styles Punk, Pop, Rock; tags tuam ireland pop punk noise korea, so cow"
012_012645.mp3,"styles Punk, Pop, Rock; tags tuam ireland pop punk noise korea, so cow"
012_012646.mp3,"styles Punk, Pop, Rock; tags tuam ireland pop punk noise korea, so cow"
012_012647.mp3,"styles Punk, Pop, Rock; tags tuam ireland pop punk noise korea, so cow"
012_012648.mp3,"styles Punk, Pop, Rock; tags tuam ireland pop punk noise korea, so cow"
012_012649.mp3,"styles Punk, Pop, Rock; tags tuam ireland pop punk noise korea, so cow"
012_012650.mp3,"styles Punk, Pop, Rock; tags tuam ireland pop punk noise korea, so cow"
012_012651.mp3,"styles Punk, Pop, Rock; tags tuam ireland pop punk noise korea, so cow"
012_012652.mp3,"styles Punk, Pop, Rock; tags tuam ireland pop punk noise korea, so cow"
012_012653.mp3,"genre Rock; styles Psych-Rock, Rock, Garage; tags greg ashley"
012_012657.mp3,"genre International; styles International, Asia-Far East; tags japan, etsuko chida, koto"
012_012658.mp3,"styles Avant-Garde, Composed Music, Classical, Experimental; tags igor ballereau"
012_012694.mp3,"Flute by Erin Lesser; styles Avant-Garde, Composed Music, Classical, Experimental, Electroacoustic; tags kenneth kirschner"
012_012738.mp3,"genre Experimental; styles Experimental; tags prince rama of ayodhya, prince rama"
012_012739.mp3,"genre Experimental; styles Experimental; tags prince rama of ayodhya, prince rama"
012_012740.mp3,"genre Experimental; styles Experimental; tags prince rama of ayodhya, prince rama"
012_012741.mp3,"genre Experimental; styles Experimental; tags prince rama of ayodhya, prince rama"
012_012742.mp3,"genre Experimental; styles Experimental; tags prince rama of ayodhya, prince rama"
012_012743.mp3,"genre Experimental; styles Experimental; tags prince rama of ayodhya, prince rama"
012_012750.mp3,"styles Rock, Soul-RnB; tags jc brooks the uptown sound"
012_012751.mp3,"styles Rock, Soul-RnB; tags jc brooks the uptown sound"
012_012752.mp3,"styles Rock, Soul-RnB; tags jc brooks the uptown sound"
012_012753.mp3,"styles Rock, Soul-RnB; tags jc brooks the uptown sound"
012_012754.mp3,"styles Rock, Soul-RnB; tags jc brooks the uptown sound"
012_012785.mp3,"Originally recorded by Bascom Lamar Lunsford - February 1928 in Ashland, Kentucky. I learned this song"
012_012787.mp3,"Uncle Dave Macon “The Dixie Dew Drop,” recorded this song on 5-string banjo, with guitar by"
012_012788.mp3,This is a joyful sounding song that belies its lyrics. It really doesn’t sound like he’s
012_012789.mp3,"The Packard factory (pictured above) closed in 1956. My grandfather bought one of their last models,"
012_012790.mp3,Written in the 1920s before the Great Depression by Jim Cox and made popular by Bessie
012_012791.mp3,"In early America, respectable folk in Protestant communities have always regarded the fiddle as the devil’s"
012_012792.mp3,"Hedy West (April 6, 1938 - July 3, 2005) was an American folksinger and songwriter. Her"
012_012793.mp3,"“Darlin’ Cory” (Roud 5723) is a well-known folk song about a banjo-picking, moonshine-making mountain woman. The"
012_012794.mp3,I bought a mandolin in Ft. Worth Texas on this tour and decided to use it
012_012795.mp3,"Kind of a poignant traveling song. Originally done in 2/4 time, I’ve recorded it in 4/4"
012_012796.mp3,Joshua Fit de Battle is one of the best known examples of “Negro Spiritual” music. These
012_012797.mp3,We recorded Old Blue on Dr. Byrds & Mr. Hyde in back 1968. I’d heard it
012_012798.mp3,This is another song that I learned at the Old Town School of Folk Music in
012_012799.mp3,"On December 1, 2007 the Old Town School of Folk Music in Chicago celebrated its 50th"
012_012800.mp3,Blow the Man Down originated in the Western Ocean sailing ships. The tune could have originated
012_012801.mp3,This is an old Southern spiritual. I performed this with the Chad Mitchell Trio on the
012_012802.mp3,"So many towns boast a Cripple Creek, it’s hard to know which one this song is"
012_012803.mp3,The picture above tells the whole story. I learned this song at the Old Town School
012_012804.mp3,"styles Folk, Rock; tags roger mcguinn"
012_012805.mp3,"In keeping with the Folk Den tradition, this is a Christmas song for December. I have"
012_012806.mp3,This is an old spiritual. I first heard it performed by Bob Gibson on the 5-string
012_012807.mp3,This is a fairly new folk song. The Boll Weevil didn’t come to Texas from Mexico
012_012808.mp3,"Buell Kazee recorded this on January 16, 1928 in New York City. The original recording was"
012_012809.mp3,This version of “Fair and Tender Ladies” was recorded at New York’s Bottom Line in 1977.
012_012810.mp3,“Glory Glory” appears on Harry Smith’s “Anthology of American Folk Music” as track No. 49 “Since
012_012811.mp3,"""The Great Silkie of Sule Skerry"" is one of numerous tales of the Silkies, or seafolk,"
012_012812.mp3,“The House Carpenter” is a popular name for Child Ballad No. 243. The official names are
012_012814.mp3,This is one of my favorite Christmas Carols. I decided to record it as an instrumental
012_012815.mp3,“King Kong Kitchie Kitchie Ki Me O” is a version of the old English song “Frog
012_012816.mp3,The New Lost City Ramblers were the first to introduce me to this song in the
012_012817.mp3,"“The Coo Coo” is a “folk-lyric” style song, where verses are interchangeable with verses from other"
012_012818.mp3,This song has the same tune as “St. Patrick’s Day in the Morning.” The first part
012_012819.mp3,"On our way up to Oriental North Carolina for a concert, we stopped for “Carolina Bar-B-Que”"
012_012820.mp3,Camilla and I were on the road when I remembered this song and thought it would
012_012821.mp3,This is a song I recorded with the Chad Mitchell Trio in 1961. It’s a cotton
012_012822.mp3,The other day I heard Camilla playing an old African American spiritual. She was having such
012_012823.mp3,"In the 15th through the early 17th centuries, music began to be printed and sold. Musical"
012_012824.mp3,I learned “Housewife’s Lament” at the Old Town School of Folk Music in Chicago around 1958.
012_012825.mp3,Bob Gibson sang this on his “Folk Songs of Ohio” album in the early 1950s. It’s
012_012826.mp3,"Thomas Edison, the father of audio recording recited the first stanza of this poem in testing"
012_012827.mp3,Sean Murphy has composed a nicely detailed page on Molly Malone. He writes: As well as
012_012828.mp3,"styles Pop, Electronic; tags petit mal"
012_012829.mp3,"styles Pop, Electronic; tags petit mal"
012_012831.mp3,"styles Pop, Electronic; tags petit mal"
012_012832.mp3,"styles Pop, Electronic; tags petit mal"
012_012837.mp3,I remember lying on the floor in front of the big brown cathedral radio at my
012_012839.mp3,"This is a sea chantey that got distilled, and transformed into a love ballad in the"
012_012840.mp3,This is a comic story about a tragic boat ride down the Erie Canal. I decided
012_012841.mp3,A circle song is one that comes back to where it started and begins again. It
012_012842.mp3,A good old gospel song from the southern United States. This has been recorded by many
012_012843.mp3,This song is actually made up of two traditional songs combined by Lead Belly. They are
012_012844.mp3,I remember watching Roy Rogers when I was a Chicago cowboy in the 1940s. Bob Nolan
012_012846.mp3,I first heard this song at the Gate of Horn in Chicago. Bob Gibson and Bob
012_012851.mp3,"Ruben Ranzo, an inexperienced sailor is shanghaied aboard a whaling ship. The captain's daughter takes pity"
012_012852.mp3,"This is an old southern spiritual, inspired by the Bible's Revelation chapter 21. Revelation 21 -"
012_012853.mp3,"I first came across this poem in 1981, in San Francisco at my sister-in-law's house. My"
012_012854.mp3,Lyrics and chords available from Folk Den Project; genre Folk; styles Folk; tags roger mcguinn
012_012855.mp3,"Verses 1 & 2, were written by an anonymous author, Some sources show the author as"
012_012856.mp3,"In October of 2000, Camilla and I were on a tour, driving up the East Coast."
012_012857.mp3,"In the late 60's Peter Fonda would call me up and say, 'Jim, would you come"
012_012858.mp3,"The term bullgine was derisive shipboard slang for an engine. Sailors didn't like them much, and"
012_012860.mp3,This is one of the great American folk songs that I learned at the Old Town
012_012861.mp3,What is a 'colly-bird' in the context of the traditional English song 'The Twelve Days of
012_012862.mp3,"styles Pop, Electronic; tags petit mal"
012_012866.mp3,"styles Avant-Garde, International, Experimental; tags kostas vomvolos"
012_012867.mp3,"styles Avant-Garde, International, Experimental; tags kostas vomvolos"
012_012868.mp3,"styles Avant-Garde, International, Experimental; tags kostas vomvolos"
012_012869.mp3,"styles Avant-Garde, International, Experimental; tags kostas vomvolos"
012_012870.mp3,"styles Avant-Garde, International, Experimental; tags kostas vomvolos"
012_012871.mp3,"styles Avant-Garde, International, Experimental; tags kostas vomvolos"
012_012872.mp3,"styles Avant-Garde, International, Experimental; tags kostas vomvolos"
012_012873.mp3,"styles Avant-Garde, International, Experimental; tags kostas vomvolos"
012_012874.mp3,"styles Avant-Garde, International, Experimental; tags kostas vomvolos"
012_012875.mp3,"styles Avant-Garde, International, Experimental; tags kostas vomvolos"
012_012876.mp3,"styles Avant-Garde, International, Experimental; tags kostas vomvolos"
012_012877.mp3,"styles Avant-Garde, International, Experimental; tags kostas vomvolos"
012_012878.mp3,"styles Avant-Garde, International, Experimental; tags kostas vomvolos"
012_012879.mp3,This is a spiritual I learned many years ago at the Old Town School of Folk
012_012880.mp3,This is a Southwestern play-party song. Play party songs were designed to protect young people from
012_012881.mp3,"A cowboy love song. All sources point to a cowboy from Duluth, MN whose name is"
012_012882.mp3,Lyrics and chords available from Folk Den Project; genre Folk; styles Folk; tags roger mcguinn
012_012883.mp3,This was originally an American Honky-tonk song but has returned to the United States by way
012_012884.mp3,"John A. Lomax made his memorable recording. Lomax tells the tale in his remarkable book, Adventures"
012_012885.mp3,"This song is well known on both sides of the Atlantic, used on sailing ships as"
012_012899.mp3,"Some of you may think this song was written by Lead Belly, or Led Zeppelin, or"
012_012901.mp3,Special thanks to Nedra Talley Ross (of the Ronettes) for background vocals. http://www.history-of-rock.com/ronettes.htm FOLLOW THE DRINKING
012_012902.mp3,This is a great old spiritual. I recorded it during a thunder storm in Florida and
012_012914.mp3,genre Folk; styles Folk; tags roger mcguinn
012_012915.mp3,genre Folk; styles Folk; tags roger mcguinn
012_012916.mp3,genre Folk; styles Folk; tags roger mcguinn
012_012917.mp3,genre Folk; styles Folk; tags roger mcguinn
012_012918.mp3,genre Folk; styles Folk; tags roger mcguinn
012_012920.mp3,genre Folk; styles Folk; tags roger mcguinn
012_012925.mp3,"Lute by Andrea Damiani; genre Classical; styles Composed Music, Classical; tags lute, baroque, voice, vocal, piano,"
012_012928.mp3,"styles Noise, Avant-Garde, Experimental, Singer-Songwriter, Folk, Free-Folk; tags chicago no wave, improvisation, u can unlearn guitar,"
012_012929.mp3,"styles Noise, Avant-Garde, Experimental, Singer-Songwriter, Folk, Free-Folk; tags chicago no wave, improvisation, u can unlearn guitar,"
012_012930.mp3,"styles Noise, Avant-Garde, Experimental, Singer-Songwriter, Folk, Free-Folk; tags chicago no wave, improvisation, u can unlearn guitar,"
012_012931.mp3,"styles Noise, Avant-Garde, Experimental, Singer-Songwriter, Folk, Free-Folk; tags chicago no wave, improvisation, u can unlearn guitar,"
012_012932.mp3,"styles Noise, Avant-Garde, Experimental, Singer-Songwriter, Folk, Free-Folk; tags chicago no wave, improvisation, u can unlearn guitar,"
012_012933.mp3,"styles Noise, Avant-Garde, Experimental, Singer-Songwriter, Folk, Free-Folk; tags chicago no wave, improvisation, u can unlearn guitar,"
012_012934.mp3,"styles Noise, Avant-Garde, Experimental, Singer-Songwriter, Folk, Free-Folk; tags chicago no wave, improvisation, u can unlearn guitar,"
012_012935.mp3,"styles Noise, Avant-Garde, Experimental, Singer-Songwriter, Folk, Free-Folk; tags chicago no wave, improvisation, u can unlearn guitar,"
012_012936.mp3,"styles Noise, Avant-Garde, Experimental, Singer-Songwriter, Folk, Free-Folk; tags chicago no wave, improvisation, u can unlearn guitar,"
012_012937.mp3,"styles Noise, Avant-Garde, Experimental, Singer-Songwriter, Folk, Free-Folk; tags chicago no wave, improvisation, u can unlearn guitar,"
012_012938.mp3,"styles Noise, Avant-Garde, Experimental, Singer-Songwriter, Folk, Free-Folk; tags chicago no wave, improvisation, u can unlearn guitar,"
012_012939.mp3,"styles Noise, Avant-Garde, Experimental, Singer-Songwriter, Folk, Free-Folk; tags chicago no wave, improvisation, u can unlearn guitar,"
012_012942.mp3,"styles Spoken Weird, Spoken, Unclassifiable, Experimental; tags slaughtering slobbersville"
012_012943.mp3,"styles Spoken Weird, Spoken, Unclassifiable, Experimental; tags slaughtering slobbersville"
012_012945.mp3,"styles Folk, Pop, Singer-Songwriter; tags pop, greg houwer, belgian"
012_012946.mp3,"styles Folk, Pop, Singer-Songwriter; tags pop, greg houwer, belgian"
012_012947.mp3,"styles Folk, Pop, Singer-Songwriter; tags pop, greg houwer, belgian"
012_012948.mp3,"styles Folk, Pop, Singer-Songwriter; tags pop, greg houwer, belgian"
012_012949.mp3,"styles Folk, Pop, Singer-Songwriter; tags pop, greg houwer, belgian"
012_012950.mp3,"styles Folk, Pop, Singer-Songwriter; tags pop, greg houwer, belgian"
012_012951.mp3,"styles Folk, Pop, Singer-Songwriter; tags pop, greg houwer, belgian"
012_012952.mp3,"styles Folk, Pop, Singer-Songwriter; tags pop, greg houwer, belgian"
012_012953.mp3,"styles Folk, Pop, Singer-Songwriter; tags pop, greg houwer, belgian"
012_012954.mp3,"styles Folk, Pop, Singer-Songwriter; tags pop, greg houwer, belgian"
012_012955.mp3,"styles Folk, Pop, Singer-Songwriter; tags pop, greg houwer, belgian"
012_012956.mp3,"styles Folk, Pop, Singer-Songwriter; tags pop, greg houwer, belgian"
012_012957.mp3,"styles Experimental, Electronic; tags norja"
012_012959.mp3,"styles Experimental, Electronic; tags norja"
012_012960.mp3,"styles Experimental, Electronic; tags norja"
012_012961.mp3,"styles Experimental, Electronic; tags norja"
012_012962.mp3,"styles Experimental, Electronic; tags norja"
012_012963.mp3,"styles Experimental, Electronic; tags norja"
012_012964.mp3,"styles Experimental, Electronic; tags norja"
012_012965.mp3,"styles Experimental, Electronic; tags norja"
012_012966.mp3,"styles Experimental, Electronic; tags norja"
012_012967.mp3,"styles Experimental, Electronic; tags norja"
012_012968.mp3,"styles Experimental, Electronic; tags norja"
012_012969.mp3,"styles Experimental, Electronic; tags norja"
012_012970.mp3,"styles Experimental, Electronic; tags norja"
012_012971.mp3,"styles Experimental, Electronic; tags norja"
012_012972.mp3,"styles Experimental, Electronic; tags norja"
012_012973.mp3,"styles Experimental, Electronic; tags norja"
012_012974.mp3,"styles Experimental, Electronic; tags norja"
012_012975.mp3,"styles Experimental, Electronic; tags norja"
012_012976.mp3,"styles Experimental, Electronic; tags norja"
012_012977.mp3,"styles Experimental, Electronic; tags norja"
012_012978.mp3,"styles Experimental, Electronic; tags norja"
012_012979.mp3,"styles Jazz: Out, Improv, Jazz, Experimental; tags weasel waltermary halvorsonpeter evans"
012_012980.mp3,"styles Jazz: Out, Improv, Jazz, Experimental; tags weasel waltermary halvorsonpeter evans"
012_012992.mp3,genre Electronic; styles Electronic; tags d-84
013_013000.mp3,"genre Experimental; styles Noise, Sound Collage, Experimental; tags wm berger"
013_013002.mp3,"genre Experimental; styles Noise, Sound Collage, Experimental; tags wm berger"
013_013003.mp3,"genre Experimental; styles Noise, Sound Collage, Experimental; tags wm berger"
013_013004.mp3,"genre Experimental; styles Noise, Sound Collage, Experimental; tags wm berger"
013_013005.mp3,"genre Experimental; styles Noise, Sound Collage, Experimental; tags wm berger"
013_013006.mp3,"genre Experimental; styles Noise, Sound Collage, Experimental; tags wm berger"
013_013007.mp3,"genre Experimental; styles Noise, Sound Collage, Experimental; tags wm berger"
013_013008.mp3,"genre Experimental; styles Noise, Sound Collage, Experimental; tags wm berger"
013_013009.mp3,"genre Experimental; styles Noise, Sound Collage, Experimental; tags wm berger"
013_013010.mp3,"genre Experimental; styles Noise, Sound Collage, Experimental; tags wm berger"
013_013011.mp3,"genre Experimental; styles Noise, Sound Collage, Experimental; tags wm berger"
013_013012.mp3,"genre Experimental; styles Noise, Sound Collage, Experimental; tags wm berger"
013_013013.mp3,"genre Experimental; styles Noise, Sound Collage, Experimental; tags wm berger"
013_013017.mp3,"styles Noise, Experimental, Electroacoustic, Rock, Loud-Rock, Electronic, Noise-Rock; tags primate arena"
013_013019.mp3,"styles Noise, Experimental, Electroacoustic, Rock, Loud-Rock, Electronic, Noise-Rock; tags primate arena"
013_013021.mp3,Strings Of Consciousness has united acoustic music and digital technology. The sound of Strings Of Consciousness
013_013022.mp3,"Formed by Austrian saxist Herbert Könighofer and sound artist Norbert Bieber, The Black Hakawati fuses classical"
013_013023.mp3,This version is based on a track originally performed and improvised live as part of a
013_013024.mp3,"DAMO SUZUKI & NOW - ""The London Evening News"" For this recording: CASPAR GORDON = trombone"
013_013025.mp3,"Sergio Ceballos (from RIP KC, Spain): Guitar Bernhard Fasching (from The Blowing Lewinsky, Austria): Drums Dave"
013_013026.mp3,"Benzolnye Mertvecy (Benzol Deadmen) is a Russian jam band, formed in St.Peterburg in 2005. Known for"
013_013027.mp3,"Tune : ""Bye bye blues"", by Fred Hamm and Dave Bennett Cédric Piromalli, piano, keyboards. Improviser"
013_013028.mp3,"Evgeny Makarov was born in Smolensk, Russia, in 1970. At the age of 15, he started"
013_013029.mp3,"1986 - 1988: founding member of Fear of God, hardcore-thrash/grindcore-quartett; a few releases, concerts & short"
013_013030.mp3,"Alexander Senko (Russian Federation) - prepared double bass, electric piano, guitar, sound design. Paul Andreev (UK)"
013_013031.mp3,Live improvisation by Morgan Fisher (keyboards/vocals) (c) Morgan Fisher 2008 This is an excerpt from a
013_013032.mp3,"This song has two parts. The first one is rather experimental ambient, the last one is"
013_013033.mp3,Bluffing The Archons: Synthesizer | Clavinet | Organ | Electric piano | Guitar | Bass |
013_013034.mp3,on this recording: Josef Eriksson - guitar Stefan Larsson - percussion Martin Welander - percussion Contact:
013_013035.mp3,"A blend of jazzy moods, heaviness and ritual electronic music. JD LaCroix (soft & hardware) Eve"
013_013036.mp3,"BF (Beggars Farm) Live recording ""First Meeting Took Place In A Tram"" from 2002 Heikki Tikas"
013_013038.mp3,"""Populaere Mechanik started around 1980 as a group of people who began making music in the"
013_013039.mp3,"""Morviscous are an instrumental five piece based in London and Paris whose compositions plunder the various"
013_013040.mp3,''INTRENCLANT'' from the OUTWARD BOUND is a live recording at St. Marcus Basilica in Iraclion (June
013_013041.mp3,Goat is a unique trio combining an exceptional sonic palette with an expansive sense of space
013_013042.mp3,"About 永見行崇 (Nagami Yukitaka) Nagami Yukitaka is a piano, organ, percussion player, and composer. Born: 24"
013_013043.mp3,"THE STONER Nils Berg - Tenor sax, Bass clarinet, Flute Jonas Östholm - Piano Nils Ölmedal"
013_013044.mp3,"Recorded: November 2007 at: Studio schloter.com, Dieburg, Germany Band members: Reinhard Fenkl-Anspach (as) Guenter Froehlich (g)"
013_013045.mp3,"Antoine Guenet : organ, composition Steven Delannoye : saxophone Lander Gyselinck : drums The Strong &"
013_013046.mp3,"""Improvised and executed with closed eyes and open heads..."" Band Members: Zuri Waters (alto sax) Manny"
013_013047.mp3,"Musicians : Agathe Vitteau, piano Cédric Lemaire, drums Sébastien Jeser, doublebass Contact: www.myspace.com/bloomktrio; styles Avant-Garde, Jazz,"
013_013048.mp3,"Floating on the surface are fragments of something that once was whole, now swirling and eddying,"
013_013049.mp3,"Members of the group: Thomas Dubois (piano), David Lara (soprano sax), Jean Rougier (bass) Contact link:"
013_013050.mp3,"original jazz quartet composition Ali Berkok - Piano, Mark Laver - saxophone, Gord Mowat - bass,"
013_013051.mp3,"Recording Date: Aug 5, 2008 This track was recorded at Sertso Studio in Woodstock, NY at"
013_013052.mp3,Wozzeck was born on the 11th of September 2007 during the first studio session which became
013_013053.mp3,More infos about track : CD: La Grande Peste Label: Insubordinations [insub26] http://www.insubordinations.net/releases26.html Date: 2008 PHAT
013_013054.mp3,"Renato Ciunfrini: theremin, voice, saxophones, clarinets, viola, live electronics Dario Fariello: alto, tenor and soprano saxophones,"
013_013055.mp3,Korhan Arguden - drums Özün Usta - percussion Umut Caglar - guitar/electronics Korhan Futaci - reeds/fx
013_013056.mp3,"Edoardo Marraffa: tenor and sopranino saxophones Chris Iemulo: guitar Stefano Giust: drums Recorded live at Crash,"
013_013057.mp3,"Como no podia ser de mejor manera tratándose de un grupo de improvisación libre, Trio Lio"
013_013058.mp3,A self-taught musician. Start playing electric bass in 1979 in rock bands such as: Spray; Mandrax;
013_013059.mp3,"Andrij Orel (Lviv, Ukraine) improvises quiet/loud Ernst Jandek style blues using mostly a $0 third world"
013_013060.mp3,"Kaido Yutaka was born in Tokyo, Japan. He began to play piano at the age of"
013_013061.mp3,"[Prat 1 - Big Cello - 4:16, Part 2 - Big Guitar - 4:50, Part 3"
013_013062.mp3,"Recorded by Oscar Foss, 17th of April 2008. Mixed by Adam Pultz Melbye. Adam Pultz Melbye"
013_013063.mp3,"Roman Stolyar - piano, melodica, flutes Ilia Belorukov - alto & baritone saxophones, fluteophone, flute Andrey"
013_013064.mp3,"Jean-Philippe Feiss: cello, effects Contact: http://www.myspace.com/jeanphilippefeiss; styles Avant-Garde, Jazz, Experimental, Free-Jazz, Electronic, Improv; tags clinical archives,"
013_013065.mp3,"""Irk Bee Delay"" an improvisation for solo electric guitar. Tony Renner is a musician and artist"
013_013066.mp3,L. Narushevich - guitar V. Bashkov - bas V. Semashko - klarnet Knyaz Mishkin - music
013_013067.mp3,"Stringtrek recorded Krakov Concerto live in Krakow in June of 2007, it is released in 2008"
013_013068.mp3,"Jörgen Adolfsson - altsax, sopransax Andreas Hedwall - trombone Niklas Korssell - drums Gustav Nygren -"
013_013069.mp3,Biography: Christophe de Bezenac is a French experimental saxophonist and researcher based in the UK. After
013_013070.mp3,"Recorded by Gilles Aubry at Vivaldisaal, Berlin, June 2008 mixed by Nicolas Wiese at Hyphacility, Berlin,"
013_013071.mp3,"Personal: Ove Volquartz, tenor-&sopranosaxophone, bassclarinet Andreas Düker, git, electronics Martin Tschoepe, bass Christian Dreher, drums, perc."
013_013072.mp3,"(For prepered piano, Bb clarinet, tenor sax and percussions) Yaremchuk Yuriy Grigorevich was born in 1951"
013_013073.mp3,"Track ""Esoteric"" is an overdubbed piece for 2 soprano saxophones, recorded in Hägersten, Stockholm. Per Gärdin:"
013_013074.mp3,"Recorded live at The Vortex Jazz club in London, UK 15/6/08 Rick Jensen-Tenor Sax Phil Somervell-Piano"
013_013075.mp3,"Recording made recently at The Stain in Brooklyn, NY on Nov. 20th, 2008. This is a"
013_013076.mp3,"Today, we’ll go back to Japan, around the early 1920s. Still very much in the acoustic"
013_013077.mp3,"Back to India so soon? Yes, I’ve focused on the music of India several times over"
013_013078.mp3,Welcome to Excavated Shellac. I feel like I have to say that every once in a
013_013079.mp3,"Over the next couple of weeks, I thought I’d revisit some music from regions I hadn’t"
013_013080.mp3,Allow me to present to you to a type of music that has a special place
013_013081.mp3,“She’s Still Alive” That is the English translation of today’s track from the great Lili Labassi
013_013082.mp3,"First item of business: a huge thanks to painter, sound artist, and friend of the site"
013_013083.mp3,Some of the loudest instruments known to man are double-reed folk instruments in the woodwind family.
013_013084.mp3,"After a long break, we’re back in mountainous Basque country – País Vasco – continuing the"
013_013085.mp3,"I’m pleased to present another guest post this week – this time from David Seubert, the"
013_013086.mp3,"Years ago, when I was completely green when it came to collecting 78s, I sought out"
013_013087.mp3,"Today’s post brings me back to my favorite music from Egypt – that is, classical works"
013_013088.mp3,"Approximately 24 million people in Africa now speak the Hausa language, from Western Africa across the"
013_013089.mp3,"A fiddle masterpiece by a master fiddler. Pawlo Humeniuk was born ca. 1884 in Pidvolochys’k, in"
013_013090.mp3,In previous posts I’ve raved about how the American green Columbia label released some of the
013_013091.mp3,"Chung-Vô-Diệm, the title of this recording which dates from Vietnam (then Indochina) around the 1930s, is"
013_013092.mp3,"In the late 1920s, the Victor company decided to begin producing recordings of music geared specifically"
013_013096.mp3,"styles Sound Collage, Experimental, Dance, Electronic, Audio Collage; tags otis fodder"
013_013097.mp3,"styles Sound Collage, Experimental, Dance, Electronic, Audio Collage; tags jeffrey letterly, urban inbreed"
013_013098.mp3,"styles Sound Collage, Experimental, Dance, Electronic, Audio Collage; tags kaffeinik"
013_013100.mp3,"styles Sound Collage, Experimental, Dance, Electronic, Audio Collage; tags music for podcasts, podsafe, ambient, podcast, synthwave,"
013_013101.mp3,"styles Sound Collage, Experimental, Dance, Electronic, Audio Collage; tags chicky and chenard"
013_013102.mp3,"styles Ambient Electronic, Ambient, Electronic, Instrumental, Minimal Electronic; tags century of aeroplanes"
013_013103.mp3,"styles Ambient Electronic, Ambient, Electronic, Instrumental, Minimal Electronic; tags century of aeroplanes"
013_013104.mp3,"styles Ambient Electronic, Ambient, Electronic, Instrumental, Minimal Electronic; tags century of aeroplanes"
013_013105.mp3,"styles Ambient Electronic, Ambient, Electronic, Instrumental, Minimal Electronic; tags century of aeroplanes"
013_013106.mp3,"styles Ambient Electronic, Ambient, Electronic, Instrumental, Minimal Electronic; tags century of aeroplanes"
013_013107.mp3,"styles Ambient Electronic, Ambient, Electronic, Instrumental, Minimal Electronic; tags century of aeroplanes"
013_013108.mp3,"genre Experimental; styles Noise, Avant-Garde, Improv, Experimental; tags 3sacchetti"
013_013109.mp3,"genre Experimental; styles Noise, Avant-Garde, Improv, Experimental; tags 3sacchetti"
013_013110.mp3,"genre Experimental; styles Noise, Avant-Garde, Improv, Experimental; tags 3sacchetti"
013_013111.mp3,"genre Experimental; styles Noise, Avant-Garde, Improv, Experimental; tags 3sacchetti"
013_013112.mp3,"genre Experimental; styles Noise, Avant-Garde, Improv, Experimental; tags 3sacchetti"
013_013113.mp3,"genre Experimental; styles Noise, Avant-Garde, Improv, Experimental; tags 3sacchetti"
013_013114.mp3,"genre Experimental; styles Noise, Avant-Garde, Improv, Experimental; tags 3sacchetti"
013_013117.mp3,"genre Electronic; styles Dance, Techno, Electronic; tags dance, chill-out, electronic, downtempo, gorowski"
013_013129.mp3,"styles Chip Music, Psych-Rock, Rock, Electronic; tags chip music, bud melvin"
013_013130.mp3,"styles Chip Music, Psych-Rock, Rock, Electronic; tags chip music, bud melvin"
013_013131.mp3,"styles Chip Music, Psych-Rock, Rock, Electronic; tags chip music, bud melvin"
013_013132.mp3,"styles Chip Music, Psych-Rock, Rock, Electronic; tags chip music, bud melvin"
013_013133.mp3,"styles Chip Music, Psych-Rock, Rock, Electronic; tags chip music, bud melvin"
013_013134.mp3,"styles Chip Music, Psych-Rock, Rock, Electronic; tags chip music, bud melvin"
013_013135.mp3,"styles Chip Music, Psych-Rock, Rock, Electronic; tags chip music, bud melvin"
013_013136.mp3,"styles Chip Music, Psych-Rock, Rock, Electronic; tags chip music, bud melvin"
013_013149.mp3,genre Spoken; styles Spoken; tags readings from the lesbian herstory t-shirt archive
013_013151.mp3,"tags xxxmacarena, tony conrad"
013_013160.mp3,"styles Experimental, Electroacoustic, Rock, Electronic, Techno, Lo-Fi, Field Recordings; tags blectum from blechdom, blevin blectum, acousticelectronicexperimental,"
013_013161.mp3,"styles Experimental, Electroacoustic, Rock, Electronic, Techno, Lo-Fi, Field Recordings; tags blectum from blechdom, blevin blectum, acousticelectronicexperimental,"
013_013162.mp3,"styles Experimental, Electroacoustic, Rock, Electronic, Techno, Lo-Fi, Field Recordings; tags blectum from blechdom, blevin blectum, acousticelectronicexperimental,"
013_013163.mp3,"styles Experimental, Electroacoustic, Rock, Electronic, Techno, Lo-Fi, Field Recordings; tags blectum from blechdom, blevin blectum, acousticelectronicexperimental,"
013_013164.mp3,"styles Experimental, Electroacoustic, Rock, Electronic, Techno, Lo-Fi, Field Recordings; tags blectum from blechdom, blevin blectum, acousticelectronicexperimental,"
013_013165.mp3,"styles Experimental, Electroacoustic, Rock, Electronic, Techno, Lo-Fi, Field Recordings; tags blectum from blechdom, blevin blectum, acousticelectronicexperimental,"
013_013166.mp3,"styles Experimental, Electroacoustic, Rock, Electronic, Techno, Lo-Fi, Field Recordings; tags blectum from blechdom, blevin blectum, acousticelectronicexperimental,"
013_013167.mp3,"styles Experimental, Electroacoustic, Rock, Electronic, Techno, Lo-Fi, Field Recordings; tags blectum from blechdom, blevin blectum, acousticelectronicexperimental,"
013_013168.mp3,"styles Experimental, Electroacoustic, Rock, Electronic, Techno, Lo-Fi, Field Recordings; tags blectum from blechdom, blevin blectum, acousticelectronicexperimental,"
013_013169.mp3,"styles Experimental, Electroacoustic, Rock, Electronic, Techno, Lo-Fi, Field Recordings; tags blectum from blechdom, blevin blectum, acousticelectronicexperimental,"
013_013170.mp3,"styles Experimental, Electroacoustic, Rock, Electronic, Techno, Lo-Fi, Field Recordings; tags blectum from blechdom, blevin blectum, acousticelectronicexperimental,"
013_013171.mp3,"styles Experimental, Electroacoustic, Rock, Electronic, Techno, Lo-Fi, Field Recordings; tags blectum from blechdom, blevin blectum, acousticelectronicexperimental,"
013_013172.mp3,"styles Experimental, Electroacoustic, Rock, Electronic, Techno, Lo-Fi, Field Recordings; tags blectum from blechdom, blevin blectum, acousticelectronicexperimental,"
013_013173.mp3,"styles Experimental, Electroacoustic, Rock, Electronic, Techno, Lo-Fi, Field Recordings; tags blectum from blechdom, blevin blectum, acousticelectronicexperimental,"
013_013174.mp3,"styles Experimental, Electroacoustic, Rock, Electronic, Techno, Lo-Fi, Field Recordings; tags blectum from blechdom, blevin blectum, acousticelectronicexperimental,"
013_013175.mp3,"styles Experimental, Electroacoustic, Rock, Electronic, Techno, Lo-Fi, Field Recordings; tags blectum from blechdom, blevin blectum, acousticelectronicexperimental,"
013_013176.mp3,"styles Experimental, Electroacoustic, Rock, Electronic, Techno, Lo-Fi, Field Recordings; tags blectum from blechdom, blevin blectum, acousticelectronicexperimental,"
013_013177.mp3,"styles Experimental, Electroacoustic, Rock, Electronic, Techno, Lo-Fi, Field Recordings; tags blectum from blechdom, blevin blectum, acousticelectronicexperimental,"
013_013178.mp3,"styles Experimental, Electroacoustic, Rock, Electronic, Techno, Lo-Fi, Field Recordings; tags blectum from blechdom, blevin blectum, acousticelectronicexperimental,"
013_013179.mp3,"styles Progressive, Experimental, Rock, Electronic, Space-Rock, Post-Rock; tags sagan"
013_013193.mp3,"styles International, Blues, Reggae - Dub, Electronic; tags malty media"
013_013194.mp3,"styles International, Hip-Hop, Soul-RnB, Reggae - Dub; tags jammin-inc"
013_013195.mp3,genre Pop; styles Pop; tags slogan
013_013200.mp3,"styles Rock, Electronic; tags pornophonique"
013_013202.mp3,genre Electronic; styles Electronic; tags joiejoiejoie
013_013203.mp3,genre Electronic; styles Electronic; tags surbahar
013_013204.mp3,"genre Experimental; styles Improv, Experimental; tags lowe opta"
013_013205.mp3,"styles Pop, Rock; tags davidbowman"
013_013206.mp3,"styles Pop, Electronic; tags garmisch partenkirchen"
013_013208.mp3,"styles Glitch, Pop, Electronic; tags my first trumpet"
013_013210.mp3,"styles Pop, Electronic; tags bangguru"
013_013211.mp3,"styles Jazz, Electronic; tags the incognito traveller"
013_013212.mp3,"styles Instrumental, Sound Collage, Ambient, Experimental; tags die elektrischen"
013_013213.mp3,"styles Instrumental, Sound Collage, Ambient, Experimental; tags die elektrischen"
013_013214.mp3,"styles Instrumental, Sound Collage, Ambient, Experimental; tags die elektrischen"
013_013215.mp3,"styles Instrumental, Sound Collage, Ambient, Experimental; tags die elektrischen"
013_013216.mp3,"styles Instrumental, Sound Collage, Ambient, Experimental; tags die elektrischen"
013_013219.mp3,"styles Pop, Rock; tags monk turner, bedroom pop, concept album, soul, pop, concept, hip hop, rock"
013_013222.mp3,genre Electronic; styles Electronic; tags microtonner
013_013223.mp3,"styles Hip-Hop, Experimental; tags earl grey and the legomen"
013_013226.mp3,genre Electronic; styles Electronic; tags schaua
013_013227.mp3,"styles Progressive, Experimental, Rock, Electronic, Space-Rock, Post-Rock; tags sagan"
013_013228.mp3,"styles Progressive, Experimental, Rock, Electronic, Space-Rock, Post-Rock; tags aelters sagan"
013_013229.mp3,"styles Progressive, Experimental, Rock, Electronic, Space-Rock, Post-Rock; tags aelters sagan"
013_013230.mp3,"styles Progressive, Experimental, Rock, Electronic, Space-Rock, Post-Rock; tags aelters sagan"
013_013231.mp3,"styles Progressive, Experimental, Rock, Electronic, Space-Rock, Post-Rock; tags aelters sagan"
013_013232.mp3,"styles Progressive, Experimental, Rock, Electronic, Space-Rock, Post-Rock; tags aelters sagan"
013_013233.mp3,"styles Progressive, Experimental, Rock, Electronic, Space-Rock, Post-Rock; tags aelters sagan"
013_013234.mp3,"styles Progressive, Experimental, Rock, Electronic, Space-Rock, Post-Rock; tags aelters sagan"
013_013235.mp3,"styles Progressive, Experimental, Rock, Electronic, Space-Rock, Post-Rock; tags aelters sagan"
013_013236.mp3,"styles Progressive, Experimental, Rock, Electronic, Space-Rock, Post-Rock; tags aelters sagan"
013_013237.mp3,"styles Progressive, Experimental, Rock, Electronic, Space-Rock, Post-Rock; tags aelters sagan"
013_013239.mp3,"styles Progressive, Experimental, Rock, Electronic, Space-Rock, Post-Rock; tags aelters sagan"
013_013240.mp3,"styles Progressive, Experimental, Rock, Electronic, Space-Rock, Post-Rock; tags aelters sagan"
013_013241.mp3,"styles Progressive, Experimental, Rock, Electronic, Space-Rock, Post-Rock; tags aelters sagan"
013_013242.mp3,"styles Progressive, Experimental, Rock, Electronic, Space-Rock, Post-Rock; tags aelters sagan"
013_013244.mp3,"styles Dance, Pop, Experimental Pop, Electronic; tags daghoti"
013_013245.mp3,"styles Dance, Pop, Experimental Pop, Electronic; tags daghoti"
013_013246.mp3,"styles Dance, Pop, Experimental Pop, Electronic; tags daghoti"
013_013247.mp3,"styles Dance, Pop, Experimental Pop, Electronic; tags daghoti"
013_013248.mp3,"styles Dance, Pop, Experimental Pop, Electronic; tags daghoti"
013_013249.mp3,"styles Dance, Pop, Experimental Pop, Electronic; tags daghoti"
013_013250.mp3,"styles Dance, Pop, Experimental Pop, Electronic; tags daghoti"
013_013251.mp3,"styles Dance, Pop, Experimental Pop, Electronic; tags daghoti"
013_013252.mp3,"styles Dance, Pop, Experimental Pop, Electronic; tags daghoti"
013_013253.mp3,"styles Dance, Pop, Experimental Pop, Electronic; tags daghoti"
013_013264.mp3,"styles Pop, Post-Rock, Rock, Experimental Pop; tags wm recordings, the rabbits, netlabels"
013_013265.mp3,"styles Pop, Post-Rock, Rock, Experimental Pop; tags wm recordings, the rabbits, netlabels"
013_013266.mp3,"styles Pop, Post-Rock, Rock, Experimental Pop; tags wm recordings, the rabbits, netlabels"
013_013267.mp3,"styles Pop, Post-Rock, Rock, Experimental Pop; tags wm recordings, the rabbits, netlabels"
013_013268.mp3,"styles Pop, Post-Rock, Rock, Experimental Pop; tags wm recordings, the rabbits, netlabels"
013_013269.mp3,"styles Pop, Post-Rock, Rock, Experimental Pop; tags wm recordings, the rabbits, netlabels"
013_013270.mp3,"styles Pop, Post-Rock, Rock, Experimental Pop; tags wm recordings, the rabbits, netlabels"
013_013271.mp3,"styles Pop, Post-Rock, Rock, Experimental Pop; tags wm recordings, the rabbits, netlabels"
013_013316.mp3,"styles Composed Music, Classical, Experimental, Ambient, Instrumental; tags slob82"
013_013317.mp3,"genre Electronic; styles Ambient Electronic, Electronic; tags g alamo"
013_013318.mp3,"genre Electronic; styles Ambient Electronic, Electronic; tags g alamo"
013_013322.mp3,"styles Pop, Rock; tags irreversveis"
013_013323.mp3,"styles Jazz, Rock; tags red lion"
013_013324.mp3,genre Pop; styles Pop; tags flu
013_013343.mp3,"genre Rock; styles Punk, Goth, Rock; tags the damned"
013_013345.mp3,"styles Avant-Garde, Composed Music, Jazz: Out, Jazz, Classical, Experimental; tags curtis hasselbrings decoupage"
013_013346.mp3,"styles Avant-Garde, Composed Music, Jazz: Out, Jazz, Classical, Experimental; tags curtis hasselbrings decoupage"
013_013347.mp3,"styles Avant-Garde, Composed Music, Jazz: Out, Jazz, Classical, Experimental; tags curtis hasselbrings decoupage"
013_013348.mp3,"styles Avant-Garde, Composed Music, Jazz: Out, Jazz, Classical, Experimental; tags curtis hasselbrings decoupage"
013_013349.mp3,"styles Avant-Garde, Composed Music, Jazz: Out, Jazz, Classical, Experimental; tags curtis hasselbrings decoupage"
013_013352.mp3,"styles Noise, Industrial, Experimental, Rock, Electronic, Techno; tags baltimore, the decapitated hed"
013_013353.mp3,"styles Noise, Industrial, Experimental, Rock, Electronic, Techno; tags baltimore, the decapitated hed"
013_013354.mp3,"styles Noise, Industrial, Experimental, Rock, Electronic, Techno; tags baltimore, the decapitated hed"
013_013355.mp3,"styles Noise, Industrial, Experimental, Rock, Electronic, Techno; tags baltimore, the decapitated hed"
013_013356.mp3,"styles Noise, Industrial, Experimental, Rock, Electronic, Techno; tags baltimore, the decapitated hed"
013_013357.mp3,"styles Noise, Industrial, Experimental, Rock, Electronic, Techno; tags baltimore, the decapitated hed"
013_013358.mp3,"styles Noise, Industrial, Experimental, Rock, Electronic, Techno; tags baltimore, the decapitated hed"
013_013359.mp3,"styles Noise, Industrial, Experimental, Rock, Electronic, Techno; tags baltimore, the decapitated hed"
013_013360.mp3,"styles Noise, Industrial, Experimental, Rock, Electronic, Techno; tags baltimore, the decapitated hed"
013_013364.mp3,"styles Pop, Rock; tags tim puma mimi"
013_013368.mp3,"styles Post-Rock, Rock, Electronic; tags umma project"
013_013373.mp3,"genre Experimental; styles Noise, Sound Collage, Experimental; tags baltimore, the decapitated hed"
013_013374.mp3,"genre Experimental; styles Noise, Sound Collage, Experimental; tags baltimore, the decapitated hed"
013_013375.mp3,"genre Experimental; styles Noise, Sound Collage, Experimental; tags baltimore, the decapitated hed"
013_013377.mp3,"genre Experimental; styles Noise, Sound Collage, Experimental; tags baltimore, the decapitated hed"
013_013379.mp3,"styles Pop, Electronic; tags calendar girl"
013_013380.mp3,"styles Electroacoustic, Experimental, Electronic; tags eta carinae"
013_013381.mp3,"styles Experimental, No Wave, Rock, Punk, Improv, Lo-Fi; tags hazardous guadalupe"
013_013382.mp3,"styles Experimental, No Wave, Rock, Punk, Improv, Lo-Fi; tags hazardous guadalupe"
013_013383.mp3,"styles Experimental, No Wave, Rock, Punk, Improv, Lo-Fi; tags hazardous guadalupe"
013_013384.mp3,"styles Experimental, No Wave, Rock, Punk, Improv, Lo-Fi; tags hazardous guadalupe"
013_013385.mp3,"styles Experimental, No Wave, Rock, Punk, Improv, Lo-Fi; tags hazardous guadalupe"
013_013386.mp3,"styles Experimental, No Wave, Rock, Punk, Improv, Lo-Fi; tags hazardous guadalupe"
013_013387.mp3,"styles Experimental, No Wave, Rock, Punk, Improv, Lo-Fi; tags hazardous guadalupe"
013_013388.mp3,"styles Experimental, No Wave, Rock, Punk, Improv, Lo-Fi; tags hazardous guadalupe"
013_013389.mp3,"styles Experimental, No Wave, Rock, Punk, Improv, Lo-Fi; tags hazardous guadalupe"
013_013390.mp3,"styles Experimental, No Wave, Rock, Punk, Improv, Lo-Fi; tags hazardous guadalupe"
013_013391.mp3,"styles Experimental, No Wave, Rock, Punk, Improv, Lo-Fi; tags hazardous guadalupe"
013_013392.mp3,"styles Indie-Rock, Experimental, No Wave, Rock, Punk, Improv, Lo-Fi; tags hazardous guadalupe"
013_013393.mp3,"styles Indie-Rock, Experimental, No Wave, Rock, Punk, Improv, Lo-Fi; tags hazardous guadalupe"
013_013394.mp3,"styles Indie-Rock, Experimental, No Wave, Rock, Punk, Improv, Lo-Fi; tags hazardous guadalupe"
013_013395.mp3,"styles Indie-Rock, Experimental, No Wave, Rock, Punk, Improv, Lo-Fi; tags hazardous guadalupe"
013_013396.mp3,"styles Indie-Rock, Experimental, No Wave, Rock, Punk, Improv, Lo-Fi; tags hazardous guadalupe"
013_013397.mp3,"styles Indie-Rock, Experimental, No Wave, Rock, Punk, Improv, Lo-Fi; tags hazardous guadalupe"
013_013398.mp3,"styles Indie-Rock, Experimental, No Wave, Rock, Punk, Improv, Lo-Fi; tags hazardous guadalupe"
013_013399.mp3,"styles Indie-Rock, Experimental, No Wave, Rock, Punk, Improv, Lo-Fi; tags hazardous guadalupe"
013_013400.mp3,"styles Indie-Rock, Experimental, No Wave, Rock, Punk, Improv, Lo-Fi; tags hazardous guadalupe"
013_013401.mp3,"styles Indie-Rock, Experimental, No Wave, Rock, Punk, Improv, Lo-Fi; tags hazardous guadalupe"
013_013402.mp3,"styles Indie-Rock, Experimental, No Wave, Rock, Punk, Improv, Lo-Fi; tags hazardous guadalupe"
013_013403.mp3,"styles Indie-Rock, Experimental, No Wave, Rock, Punk, Improv, Lo-Fi; tags hazardous guadalupe"
013_013404.mp3,"styles Indie-Rock, Experimental, No Wave, Rock, Punk, Improv, Lo-Fi; tags hazardous guadalupe"
013_013405.mp3,"styles Indie-Rock, Experimental, No Wave, Rock, Punk, Improv, Lo-Fi; tags hazardous guadalupe"
013_013406.mp3,"styles Indie-Rock, Experimental, No Wave, Rock, Punk, Improv, Lo-Fi; tags hazardous guadalupe"
013_013407.mp3,"styles Indie-Rock, Experimental, No Wave, Rock, Punk, Improv, Lo-Fi; tags hazardous guadalupe"
013_013408.mp3,"styles Indie-Rock, Experimental, No Wave, Rock, Punk, Improv, Lo-Fi; tags hazardous guadalupe"
013_013409.mp3,"styles Indie-Rock, Experimental, No Wave, Rock, Punk, Improv, Lo-Fi; tags hazardous guadalupe"
013_013410.mp3,"styles Indie-Rock, Experimental, No Wave, Rock, Punk, Improv, Lo-Fi; tags hazardous guadalupe"
013_013411.mp3,"styles Indie-Rock, Experimental, No Wave, Rock, Punk, Improv, Lo-Fi; tags hazardous guadalupe"
013_013412.mp3,"styles Indie-Rock, Experimental, No Wave, Rock, Punk, Improv, Lo-Fi; tags hazardous guadalupe"
013_013413.mp3,"styles Indie-Rock, Experimental, No Wave, Rock, Punk, Improv, Lo-Fi; tags hazardous guadalupe"
013_013414.mp3,"styles Indie-Rock, Experimental, No Wave, Rock, Punk, Improv, Lo-Fi; tags hazardous guadalupe"
013_013415.mp3,"styles Indie-Rock, Experimental, No Wave, Rock, Punk, Improv, Lo-Fi; tags hazardous guadalupe"
013_013416.mp3,"styles Indie-Rock, Experimental, No Wave, Rock, Punk, Improv, Lo-Fi; tags hazardous guadalupe"
013_013417.mp3,"styles Indie-Rock, Experimental, No Wave, Rock, Punk, Improv, Lo-Fi; tags hazardous guadalupe"
013_013418.mp3,"styles Indie-Rock, Experimental, No Wave, Rock, Punk, Improv, Lo-Fi; tags hazardous guadalupe"
013_013419.mp3,"styles Indie-Rock, Experimental, No Wave, Rock, Punk, Improv, Lo-Fi; tags hazardous guadalupe"
013_013420.mp3,"styles Indie-Rock, Experimental, No Wave, Rock, Punk, Improv, Lo-Fi; tags hazardous guadalupe"
013_013421.mp3,"styles Indie-Rock, Experimental, No Wave, Rock, Punk, Improv, Lo-Fi; tags hazardous guadalupe"
013_013422.mp3,"styles Indie-Rock, Experimental, No Wave, Rock, Punk, Improv, Lo-Fi; tags hazardous guadalupe"
013_013423.mp3,"styles Indie-Rock, Experimental, No Wave, Rock, Punk, Improv, Lo-Fi; tags hazardous guadalupe"
013_013424.mp3,"styles Indie-Rock, Experimental, No Wave, Rock, Punk, Improv, Lo-Fi; tags hazardous guadalupe"
013_013425.mp3,"styles Indie-Rock, Experimental, No Wave, Rock, Punk, Improv, Lo-Fi; tags hazardous guadalupe"
013_013426.mp3,"styles Indie-Rock, Experimental, No Wave, Rock, Punk, Improv, Lo-Fi; tags hazardous guadalupe"
013_013427.mp3,"styles Indie-Rock, Experimental, No Wave, Rock, Punk, Improv, Lo-Fi; tags hazardous guadalupe"
013_013428.mp3,"styles Indie-Rock, Experimental, No Wave, Rock, Punk, Improv, Lo-Fi; tags hazardous guadalupe"
013_013429.mp3,"styles Indie-Rock, Experimental, No Wave, Rock, Punk, Improv, Lo-Fi; tags hazardous guadalupe"
013_013430.mp3,"styles Indie-Rock, Experimental, No Wave, Rock, Punk, Improv, Lo-Fi; tags hazardous guadalupe"
013_013431.mp3,"styles Indie-Rock, Experimental, No Wave, Rock, Punk, Improv, Lo-Fi; tags hazardous guadalupe"
013_013432.mp3,"styles Indie-Rock, Experimental, No Wave, Rock, Punk, Improv, Lo-Fi; tags hazardous guadalupe"
013_013433.mp3,"styles Indie-Rock, Experimental, No Wave, Rock, Punk, Improv, Lo-Fi; tags hazardous guadalupe"
013_013434.mp3,"styles Indie-Rock, Experimental, No Wave, Rock, Punk, Improv, Lo-Fi; tags hazardous guadalupe"
013_013435.mp3,"styles Indie-Rock, Experimental, No Wave, Rock, Punk, Improv, Lo-Fi; tags hazardous guadalupe"
013_013436.mp3,"styles Indie-Rock, Experimental, No Wave, Rock, Punk, Improv, Lo-Fi; tags hazardous guadalupe"
013_013437.mp3,"styles Indie-Rock, Experimental, No Wave, Rock, Punk, Improv, Lo-Fi; tags hazardous guadalupe"
013_013438.mp3,"styles Indie-Rock, Experimental, No Wave, Rock, Punk, Improv, Lo-Fi; tags hazardous guadalupe"
013_013439.mp3,"styles Pop, Rock; tags allison crowe"
013_013441.mp3,"styles Pop, Electronic; tags troupe"
013_013443.mp3,"styles Electroacoustic, Experimental, Electronic; tags nest"
013_013444.mp3,"genre Rock; styles Psych-Rock, Rock, Garage; tags cyclone 60"
013_013445.mp3,"genre Rock; styles Psych-Rock, Rock, Garage; tags cyclone 60"
013_013447.mp3,"genre Rock; styles Psych-Rock, Rock, Garage; tags cyclone 60"
013_013448.mp3,"genre Rock; styles Psych-Rock, Rock, Garage; tags cyclone 60"
013_013449.mp3,"genre Rock; styles Psych-Rock, Rock, Garage; tags cyclone 60"
013_013453.mp3,"genre Rock; styles Psych-Rock, Rock, Garage; tags cyclone 60"
013_013454.mp3,"genre Rock; styles Psych-Rock, Rock, Garage; tags cyclone 60"
013_013455.mp3,genre Folk; styles Folk; tags peter biedermann
013_013456.mp3,genre Folk; styles Folk; tags peter biedermann
013_013457.mp3,genre Folk; styles Folk; tags peter biedermann
013_013459.mp3,genre Folk; styles Folk; tags peter biedermann
013_013460.mp3,genre Folk; styles Folk; tags peter biedermann
013_013461.mp3,genre Folk; styles Folk; tags peter biedermann
013_013462.mp3,"styles Noise, Sound Collage, Experimental, Rock, Lo-Fi; tags kreace peeps"
013_013463.mp3,"styles Noise, Sound Collage, Experimental, Rock, Lo-Fi; tags kreace peeps"
013_013464.mp3,"styles Noise, Sound Collage, Experimental, Rock, Lo-Fi; tags kreace peeps"
013_013465.mp3,"styles Noise, Sound Collage, Experimental, Rock, Lo-Fi; tags kreace peeps"
013_013466.mp3,"styles Noise, Sound Collage, Experimental, Rock, Lo-Fi; tags kreace peeps"
013_013467.mp3,"styles Noise, Sound Collage, Experimental, Rock, Lo-Fi; tags kreace peeps"
013_013468.mp3,"styles Noise, Sound Collage, Experimental, Rock, Lo-Fi; tags kreace peeps"
013_013469.mp3,"styles Noise, Sound Collage, Experimental, Rock, Lo-Fi; tags kreace peeps"
013_013471.mp3,"styles Pop, Rock; tags crick zachary"
013_013473.mp3,"styles Rock, Experimental; tags il maniscalco maldestro"
013_013475.mp3,genre Folk; styles Folk; tags peter biedermann
013_013478.mp3,"styles Indie-Rock, Experimental, Rock, Improv, Lo-Fi; tags marlo eggplant"
013_013479.mp3,"styles Indie-Rock, Experimental, Rock, Improv, Lo-Fi; tags marlo eggplant"
013_013480.mp3,"styles Indie-Rock, Experimental, Rock, Improv, Lo-Fi; tags marlo eggplant"
013_013481.mp3,"styles Indie-Rock, Experimental, Rock, Improv, Lo-Fi; tags marlo eggplant"
013_013482.mp3,"styles Indie-Rock, Experimental, Rock, Improv, Lo-Fi; tags marlo eggplant"
013_013483.mp3,"styles Indie-Rock, Experimental, Rock, Improv, Lo-Fi; tags marlo eggplant"
013_013484.mp3,"styles Indie-Rock, Experimental, Rock, Improv, Lo-Fi; tags marlo eggplant"
013_013485.mp3,"styles Indie-Rock, Experimental, Rock, Improv, Lo-Fi; tags marlo eggplant"
013_013486.mp3,"styles Indie-Rock, Experimental, Rock, Improv, Lo-Fi; tags marlo eggplant"
013_013487.mp3,"styles Indie-Rock, Experimental, Rock, Improv, Lo-Fi; tags marlo eggplant"
013_013488.mp3,"styles Folk, Indie-Rock, Lo-Fi, Rock; tags marlo eggplant"
013_013489.mp3,"styles Folk, Indie-Rock, Lo-Fi, Rock; tags marlo eggplant"
013_013490.mp3,"styles Folk, Indie-Rock, Lo-Fi, Rock; tags marlo eggplant"
013_013491.mp3,"styles Folk, Indie-Rock, Lo-Fi, Rock; tags marlo eggplant"
013_013492.mp3,"styles Folk, Indie-Rock, Lo-Fi, Rock; tags marlo eggplant"
013_013493.mp3,"styles Folk, Indie-Rock, Lo-Fi, Rock; tags marlo eggplant"
013_013494.mp3,"styles Folk, Indie-Rock, Lo-Fi, Rock; tags marlo eggplant"
013_013495.mp3,"styles Folk, Indie-Rock, Lo-Fi, Rock; tags marlo eggplant"
013_013496.mp3,"styles Folk, Indie-Rock, Lo-Fi, Rock; tags marlo eggplant"
013_013497.mp3,"styles Folk, Indie-Rock, Lo-Fi, Rock; tags marlo eggplant"
013_013498.mp3,"styles Folk, Indie-Rock, Lo-Fi, Rock; tags marlo eggplant"
013_013499.mp3,"styles Folk, Indie-Rock, Lo-Fi, Rock; tags marlo eggplant"
013_013500.mp3,"styles Folk, Indie-Rock, Lo-Fi, Rock; tags marlo eggplant"
013_013501.mp3,"styles Folk, Indie-Rock, Lo-Fi, Rock; tags marlo eggplant"
013_013502.mp3,"styles Folk, Indie-Rock, Lo-Fi, Rock; tags marlo eggplant"
013_013504.mp3,"styles Pop, Lo-Fi, Rock, Indie-Rock; tags maryland, baltimore, rosemary krust"
013_013505.mp3,"styles Pop, Lo-Fi, Rock, Indie-Rock; tags maryland, baltimore, rosemary krust"
013_013506.mp3,"styles Pop, Lo-Fi, Rock, Indie-Rock; tags maryland, baltimore, rosemary krust"
013_013507.mp3,"styles Pop, Lo-Fi, Rock, Indie-Rock; tags maryland, baltimore, rosemary krust"
013_013508.mp3,"styles Pop, Lo-Fi, Rock, Indie-Rock; tags maryland, baltimore, rosemary krust"
013_013509.mp3,"styles Noise, Experimental, No Wave, Novelty, Rock, Electronic, Sound Effects, Punk, Holiday; tags holiday music, les"
013_013510.mp3,"styles Noise, Experimental, No Wave, Novelty, Rock, Electronic, Sound Effects, Punk, Holiday; tags holiday music, owen"
013_013511.mp3,"styles Noise, Experimental, No Wave, Novelty, Rock, Electronic, Sound Effects, Punk, Holiday; tags holiday music, brain"
013_013512.mp3,"styles Noise, Experimental, No Wave, Novelty, Rock, Electronic, Sound Effects, Punk, Holiday; tags holiday music, associated"
013_013513.mp3,"styles Noise, Experimental, No Wave, Novelty, Rock, Electronic, Sound Effects, Punk, Holiday; tags holiday music, blakk"
013_013514.mp3,"styles Noise, Experimental, No Wave, Novelty, Rock, Electronic, Sound Effects, Punk, Holiday; tags holiday music, baltimore,"
013_013515.mp3,"styles Noise, Experimental, No Wave, Novelty, Rock, Electronic, Sound Effects, Punk, Holiday; tags holiday music, narwhal"
013_013516.mp3,"styles Noise, Experimental, No Wave, Novelty, Rock, Electronic, Sound Effects, Punk, Holiday; tags holiday music, marlo"
013_013517.mp3,"styles Noise, Experimental, No Wave, Novelty, Rock, Electronic, Sound Effects, Punk, Holiday; tags holiday music, hazardous"
013_013519.mp3,"styles Noise, Experimental, Pop, Rock, Experimental Pop, Electronic, Lo-Fi; tags avant garde, experimental, noise, san francisco,"
013_013520.mp3,"styles Noise, Experimental, Pop, Rock, Experimental Pop, Electronic, Lo-Fi; tags avant garde, experimental, noise, san francisco,"
013_013521.mp3,"styles Noise, Experimental, Pop, Rock, Experimental Pop, Electronic, Lo-Fi; tags avant garde, experimental, noise, san francisco,"
013_013522.mp3,"styles Noise, Experimental, Pop, Rock, Experimental Pop, Electronic, Lo-Fi; tags avant garde, experimental, noise, san francisco,"
013_013523.mp3,"styles Noise, Experimental, Pop, Rock, Experimental Pop, Electronic, Lo-Fi; tags avant garde, experimental, noise, san francisco,"
013_013524.mp3,"styles Noise, Experimental, Pop, Rock, Experimental Pop, Electronic, Lo-Fi; tags avant garde, experimental, noise, san francisco,"
013_013525.mp3,"styles Noise, Experimental, Pop, Rock, Experimental Pop, Electronic, Lo-Fi; tags avant garde, experimental, noise, san francisco,"
013_013526.mp3,"styles Noise, Experimental, Pop, Rock, Experimental Pop, Electronic, Lo-Fi; tags avant garde, experimental, noise, san francisco,"
013_013527.mp3,"styles Noise, Experimental, Pop, Rock, Experimental Pop, Electronic, Lo-Fi; tags avant garde, experimental, noise, san francisco,"
013_013528.mp3,"styles Noise, Experimental, Pop, Rock, Experimental Pop, Electronic, Lo-Fi; tags avant garde, experimental, noise, san francisco,"
013_013531.mp3,"styles Noise, Experimental, Pop, Rock, Experimental Pop, Electronic, Lo-Fi; tags avant garde, experimental, noise, san francisco,"
013_013532.mp3,"styles Noise, Experimental, Pop, Rock, Experimental Pop, Electronic, Lo-Fi; tags avant garde, experimental, noise, san francisco,"
013_013533.mp3,"styles Noise, Experimental, Pop, Rock, Experimental Pop, Electronic, Lo-Fi; tags avant garde, experimental, noise, san francisco,"
013_013534.mp3,"styles Noise, Experimental, Pop, Rock, Experimental Pop, Electronic, Lo-Fi; tags avant garde, experimental, noise, san francisco,"
013_013535.mp3,"styles Noise, Experimental, Pop, Rock, Experimental Pop, Electronic, Lo-Fi; tags avant garde, experimental, noise, san francisco,"
013_013536.mp3,"styles Noise, Experimental, Pop, Rock, Experimental Pop, Electronic, Lo-Fi; tags avant garde, experimental, noise, san francisco,"
013_013541.mp3,"genre Rock; styles Rock, Garage; tags das black milk"
013_013542.mp3,"genre Rock; styles Rock, Garage; tags das black milk"
013_013543.mp3,"genre Rock; styles Rock, Garage; tags das black milk"
013_013544.mp3,"genre Rock; styles Rock, Garage; tags das black milk"
013_013545.mp3,"genre Rock; styles Rock, Garage; tags das black milk"
013_013546.mp3,"genre Rock; styles Rock, Garage; tags das black milk"
013_013548.mp3,"genre Rock; styles Rock, Garage; tags das black milk"
013_013549.mp3,"genre Rock; styles Rock, Garage; tags das black milk"
013_013552.mp3,"styles Pop, Post-Rock, Rock; tags garmisch partenkirchen"
013_013553.mp3,"styles Pop, Electronic, Glitch; tags rob hunter"
013_013554.mp3,"styles Jazz, Electronic; tags mike link amp harvey taylor"
013_013565.mp3,"styles Electroacoustic, Trip-Hop, Experimental, Electronic; tags crepusculum"
013_013568.mp3,"styles Soul-RnB, Electronic; tags deutscheunschuld"
013_013569.mp3,"styles Electroacoustic, Ambient Electronic, Experimental, Electronic; tags bersarin-quartett"
013_013570.mp3,"styles Pop, Rock; tags bsk"
013_013572.mp3,"genre Experimental; styles Improv, Experimental; tags randy lee sutherland"
013_013573.mp3,"genre Experimental; styles Improv, Experimental; tags randy lee sutherland"
013_013574.mp3,"genre Experimental; styles Improv, Experimental; tags randy lee sutherland"
013_013575.mp3,"genre Experimental; styles Avant-Garde, Experimental; tags big city orchestrae, big city orchestra"
013_013583.mp3,"genre Jazz; styles Jazz: Out, Jazz; tags yen pox"
013_013584.mp3,"genre Jazz; styles Jazz: Out, Jazz; tags yen pox"
013_013588.mp3,"styles Pop, Rock; tags camp"
013_013594.mp3,genre Rock; styles Rock; tags levi
013_013599.mp3,"styles Free-Jazz, Improv, Jazz, Experimental; tags daniel barbiero"
013_013600.mp3,"styles Free-Jazz, Improv, Jazz, Experimental; tags daniel barbiero"
013_013601.mp3,"styles Free-Jazz, Improv, Jazz, Experimental; tags daniel barbiero"
013_013602.mp3,"styles Free-Jazz, Improv, Jazz, Experimental; tags daniel barbiero"
013_013603.mp3,"styles Free-Jazz, Improv, Jazz, Experimental; tags daniel barbiero"
013_013604.mp3,"styles Free-Jazz, Improv, Jazz, Experimental; tags daniel barbiero"
013_013605.mp3,"styles Free-Jazz, Improv, Jazz, Experimental; tags daniel barbiero"
013_013606.mp3,"styles Free-Jazz, Improv, Jazz, Experimental; tags daniel barbiero"
013_013607.mp3,"styles Free-Jazz, Improv, Jazz, Experimental; tags daniel barbiero"
013_013647.mp3,genre Electronic; styles Electronic
013_013648.mp3,genre Electronic; styles Electronic; tags dk
013_013663.mp3,genre Electronic; styles Electronic; tags microtonner
013_013665.mp3,"styles Hip-Hop, Electronic; tags vernon lenoir"
013_013667.mp3,"styles International, Reggae - Dub, Electronic; tags youthmansteppa"
013_013674.mp3,"styles Pop, Electronic; tags wm recordings, electropop, happy elf, pop, the netherlands"
013_013675.mp3,"styles Jazz, Hip-Hop; tags pablie"
013_013676.mp3,"styles International, Reggae - Dub, Electronic; tags disrupt"
013_013677.mp3,"styles Psych-Folk, Europe, International, Jazz, Experimental, Free-Jazz, Folk; tags poland, projekt karpaty magiczne magic carpathians, improvisational"
013_013678.mp3,"styles Psych-Folk, Europe, International, Jazz, Experimental, Free-Jazz, Folk; tags poland, projekt karpaty magiczne magic carpathians, improvisational"
013_013679.mp3,"styles Psych-Folk, Europe, International, Jazz, Experimental, Free-Jazz, Folk; tags poland, projekt karpaty magiczne magic carpathians, improvisational"
013_013680.mp3,"styles Psych-Folk, Europe, International, Jazz, Experimental, Free-Jazz, Folk; tags poland, projekt karpaty magiczne magic carpathians, improvisational"
013_013681.mp3,"styles Psych-Folk, Europe, International, Jazz, Experimental, Free-Jazz, Folk; tags poland, projekt karpaty magiczne magic carpathians, improvisational"
013_013682.mp3,"styles Psych-Folk, Europe, International, Jazz, Experimental, Free-Jazz, Folk; tags poland, projekt karpaty magiczne magic carpathians, improvisational"
013_013686.mp3,"styles Avant-Garde, Experimental, Pop, Experimental Pop, Electronic; tags the hathaway family plot"
013_013687.mp3,"styles Avant-Garde, Experimental, Pop, Experimental Pop, Electronic; tags experimental, electronic, clinical archives, djet"
013_013688.mp3,"styles Avant-Garde, Experimental, Pop, Experimental Pop, Electronic; tags daghoti"
013_013689.mp3,"styles Avant-Garde, Experimental, Pop, Experimental Pop, Electronic; tags im dr buoyant"
013_013690.mp3,"styles Avant-Garde, Experimental, Pop, Experimental Pop, Electronic; tags the sursiks"
013_013691.mp3,"styles Avant-Garde, Experimental, Pop, Experimental Pop, Electronic; tags desert gears, khoomei, overtone singing, throat-singing"
013_013692.mp3,"styles Avant-Garde, Experimental, Pop, Experimental Pop, Electronic; tags dick el demasiado"
013_013693.mp3,"styles Avant-Garde, Experimental, Pop, Experimental Pop, Electronic; tags super sonic future"
013_013694.mp3,"styles Avant-Garde, Experimental, Pop, Experimental Pop, Electronic; tags ofer golany"
013_013695.mp3,"styles Avant-Garde, Experimental, Pop, Experimental Pop, Electronic; tags phil reavis, guitar"
013_013696.mp3,"styles Avant-Garde, Experimental, Pop, Experimental Pop, Electronic; tags christmas in march"
013_013697.mp3,"styles Avant-Garde, Experimental, Pop, Experimental Pop, Electronic; tags ron wibbley and the night soil"
013_013698.mp3,"styles Avant-Garde, Experimental, Pop, Experimental Pop, Electronic; tags nambavan"
013_013700.mp3,"styles Avant-Garde, Experimental, Pop, Experimental Pop, Electronic; tags low lifi"
013_013701.mp3,"styles Avant-Garde, Experimental, Pop, Experimental Pop, Electronic; tags 8m2stereo"
013_013702.mp3,"styles Avant-Garde, Experimental, Pop, Experimental Pop, Electronic; tags jeffrey letterly, urban inbreed"
013_013703.mp3,"styles Avant-Garde, Experimental, Pop, Experimental Pop, Electronic; tags wm recordings, electropop, happy elf, pop, the netherlands"
013_013704.mp3,"styles Avant-Garde, Experimental, Pop, Experimental Pop, Electronic; tags terry douglas"
013_013705.mp3,"styles Avant-Garde, Experimental, Pop, Experimental Pop, Electronic; tags music for podcasts, podsafe, ambient, podcast, synthwave, library"
013_013712.mp3,"genre Rock; styles Space-Rock, Psych-Rock, Post-Rock, Rock; tags clinical archives, austria, space-rock, spain, psychedelic, germany, rock,"
013_013713.mp3,"genre Rock; styles Space-Rock, Psych-Rock, Post-Rock, Rock; tags clinical archives, austria, space-rock, spain, psychedelic, germany, rock,"
013_013714.mp3,"genre Rock; styles Space-Rock, Psych-Rock, Post-Rock, Rock; tags clinical archives, austria, space-rock, spain, psychedelic, germany, rock,"
013_013715.mp3,"genre Rock; styles Space-Rock, Psych-Rock, Post-Rock, Rock; tags clinical archives, austria, space-rock, spain, psychedelic, germany, rock,"
013_013716.mp3,"genre Rock; styles Space-Rock, Psych-Rock, Post-Rock, Rock; tags clinical archives, austria, space-rock, spain, psychedelic, germany, rock,"
013_013717.mp3,"genre Rock; styles Space-Rock, Psych-Rock, Post-Rock, Rock; tags clinical archives, austria, space-rock, spain, psychedelic, germany, rock,"
013_013718.mp3,"genre Experimental; styles Avant-Garde, Experimental; tags alex waterman"
013_013726.mp3,genre Hip-Hop; styles Hip-Hop; tags big treal
013_013727.mp3,genre Hip-Hop; styles Hip-Hop; tags big treal
013_013728.mp3,genre Hip-Hop; styles Hip-Hop; tags big treal
013_013729.mp3,genre Hip-Hop; styles Hip-Hop; tags big treal
013_013730.mp3,genre Hip-Hop; styles Hip-Hop; tags big treal
013_013731.mp3,genre Hip-Hop; styles Hip-Hop; tags big treal
013_013732.mp3,genre Hip-Hop; styles Hip-Hop; tags big treal
013_013733.mp3,genre Hip-Hop; styles Hip-Hop; tags big treal
013_013734.mp3,genre Hip-Hop; styles Hip-Hop; tags big treal
013_013736.mp3,genre Hip-Hop; styles Hip-Hop; tags tha connection
013_013737.mp3,genre Hip-Hop; styles Hip-Hop; tags tha connection
013_013738.mp3,genre Hip-Hop; styles Hip-Hop; tags tha connection
013_013739.mp3,genre Hip-Hop; styles Hip-Hop; tags tha connection
013_013740.mp3,genre Hip-Hop; styles Hip-Hop; tags tha connection
013_013741.mp3,genre Hip-Hop; styles Hip-Hop; tags tha connection
013_013743.mp3,genre Hip-Hop; styles Hip-Hop; tags tha connection
013_013745.mp3,genre Hip-Hop; styles Hip-Hop; tags tha connection
013_013746.mp3,genre Hip-Hop; styles Hip-Hop; tags tha connection
013_013750.mp3,genre Hip-Hop; styles Hip-Hop; tags majik most
013_013751.mp3,"styles Avant-Garde, Blues, Rock, Experimental; tags oxbow"
013_013752.mp3,"styles Avant-Garde, Blues, Rock, Experimental; tags oxbow"
013_013753.mp3,"styles Avant-Garde, Blues, Rock, Experimental; tags oxbow"
013_013754.mp3,"styles Avant-Garde, Blues, Rock, Experimental; tags oxbow"
013_013755.mp3,"styles Avant-Garde, Blues, Rock, Experimental; tags oxbow"
013_013756.mp3,"styles Avant-Garde, Blues, Rock, Experimental; tags oxbow"
013_013757.mp3,"styles Avant-Garde, Blues, Rock, Experimental; tags oxbow"
013_013769.mp3,"genre Rock; styles Punk, Rock; tags the doughboys"
013_013770.mp3,"genre Rock; styles Punk, Rock; tags the doughboys"
013_013771.mp3,"genre Rock; styles Punk, Rock; tags the doughboys"
013_013773.mp3,"genre Rock; styles Punk, Rock; tags the doughboys"
013_013774.mp3,"genre Rock; styles Rock, Garage; tags nouvellas"
013_013775.mp3,"genre Rock; styles Rock, Garage; tags nouvellas"
013_013777.mp3,"genre Rock; styles Rock, Garage; tags nouvellas"
013_013778.mp3,"genre Rock; styles Rock, Garage; tags nouvellas"
013_013779.mp3,"genre Rock; styles Rock, Garage; tags nouvellas"
013_013780.mp3,"genre Rock; styles Rock, Garage; tags nouvellas"
013_013781.mp3,"genre Rock; styles Rock, Garage; tags nouvellas"
013_013782.mp3,"genre Rock; styles Rock, Garage; tags nouvellas"
013_013783.mp3,"genre Rock; styles Rock, Garage; tags nouvellas"
013_013784.mp3,"genre Rock; styles Punk, Rock; tags ism"
013_013785.mp3,"genre Rock; styles Punk, Rock; tags ism"
013_013786.mp3,"genre Rock; styles Punk, Rock; tags ism"
013_013787.mp3,"genre Rock; styles Punk, Rock; tags ism"
013_013788.mp3,"genre Rock; styles Punk, Rock; tags ism"
013_013789.mp3,"genre Rock; styles Punk, Rock; tags ism"
013_013790.mp3,"genre Rock; styles Punk, Rock; tags ism"
013_013791.mp3,"genre Rock; styles Punk, Rock; tags ism"
013_013792.mp3,"genre Rock; styles Punk, Rock; tags ism"
013_013793.mp3,"genre Rock; styles Punk, Rock; tags ism"
013_013794.mp3,"genre Rock; styles Punk, Rock; tags ism"
013_013795.mp3,"genre Rock; styles Punk, Rock; tags ism"
013_013796.mp3,"via Domination Recordings : Now available for free download is the first single ""Over"" from Breez"
013_013797.mp3,"styles Hip-Hop, Soul-RnB; tags shorty raw"
013_013806.mp3,"styles Dance, Soul-RnB, Electronic, Funk, Hip-Hop, Techno; tags manuele atzeni"
013_013807.mp3,"styles Dance, Soul-RnB, Electronic, Funk, Hip-Hop, Techno; tags manuele atzeni"
013_013808.mp3,"styles Dance, Soul-RnB, Electronic, Funk, Hip-Hop, Techno; tags manuele atzeni"
013_013809.mp3,"styles Dance, Soul-RnB, Electronic, Funk, Hip-Hop, Techno; tags manuele atzeni"
013_013810.mp3,"styles Dance, Soul-RnB, Electronic, Funk, Hip-Hop, Techno; tags manuele atzeni"
013_013811.mp3,"genre Folk; styles Folk; tags clinical archives, folk, acoustic, menhirs of er grah"
013_013812.mp3,"genre Folk; styles Folk; tags clinical archives, folk, acoustic, menhirs of er grah"
013_013813.mp3,"genre Folk; styles Folk; tags clinical archives, folk, acoustic, menhirs of er grah"
013_013815.mp3,"genre Folk; styles Folk; tags clinical archives, folk, acoustic, menhirs of er grah"
013_013816.mp3,"genre Folk; styles Folk; tags clinical archives, folk, acoustic, menhirs of er grah"
013_013817.mp3,"styles Hip-Hop, Electronic; tags el klan de los dedete"
013_013818.mp3,"styles Hip-Hop, Electronic; tags el klan de los dedete"
013_013819.mp3,"styles Hip-Hop, Electronic; tags el klan de los dedete"
013_013827.mp3,"styles Hip-Hop, Electronic; tags el klan de los dedete"
013_013828.mp3,"styles Hip-Hop, Electronic; tags el klan de los dedete"
013_013830.mp3,"styles Hip-Hop, Electronic; tags el klan de los dedete"
013_013831.mp3,"styles Hip-Hop, Electronic; tags el klan de los dedete"
013_013832.mp3,"styles Hip-Hop, Electronic; tags el klan de los dedete"
013_013836.mp3,"genre Electronic; styles Trip-Hop, Electronic; tags micoland amp holly bretton"
013_013837.mp3,"genre Electronic; styles Trip-Hop, Electronic; tags micoland amp holly bretton"
013_013840.mp3,genre Electronic; styles Electronic; tags kania tieffer
013_013841.mp3,genre Electronic; styles Electronic; tags kania tieffer
013_013842.mp3,genre Electronic; styles Electronic; tags kania tieffer
013_013843.mp3,genre Electronic; styles Electronic; tags kania tieffer
013_013844.mp3,genre Electronic; styles Electronic; tags kania tieffer
013_013845.mp3,genre Electronic; styles Electronic; tags kania tieffer
013_013846.mp3,genre Electronic; styles Electronic; tags kania tieffer
013_013847.mp3,genre Electronic; styles Electronic; tags kania tieffer
013_013848.mp3,"Anyway, music information. Its a solo baritone piece called ""A Good Engine"". The title is a"
013_013849.mp3,Michele Spanghero : doublebass Ugo Boscain : contrabass clarinet The project MIMESYS was born from the
013_013850.mp3,"Composed and performed by J. Filipe Recorded in Porto, Portugal, 2008 ""Joao Filipe is a Portuguese"
013_013851.mp3,"""Chihuahua"" is a ""situationist"" improvised work in which Siegel plays electric guitar along with the two"
013_013852.mp3,"Stefano Giust: drums, laptop Vittorino Curci: alto sax Stefano Giust was born in Switzerland, in 1968,"
013_013853.mp3,"solo electric tenor banjo Multifaceted cellist, engineer & producer Christopher Hoffman has perfomed or recorded with"
013_013854.mp3,'Ilton JN attempts to combine the sounds of techno with the methodology of improvisation and the
013_013855.mp3,"John Ferguson is an electronic musician. His work is inspired by notions of instability, and focuses"
013_013856.mp3,"d'incise: laptop & objects cyril bondi: drums, percussions patricia bosshard: violin & electronic Diatribes is a"
013_013857.mp3,members: John Ferguson (electric guitar and live electronics) http://www.fergalstrandy.co.uk/ http://www.tronlennon.co.uk http://www.myspace.com/fergalstrandy Bennett Hogg (violin) http://www.myspace.com/bennetthogg http://www.ncl.ac.uk/sacs/staff/profile/bennett.hogg;
013_013858.mp3,"A freely-improvised piece of musique-concrete performed straight to open stereo mic by: Pleasure-Drenching Improvers, who are:"
013_013859.mp3,Vortex is an improvised music duo. This discreet duo had more than 5 years age. Sebastien
013_013860.mp3,Performance Instructions Each performer must select a path from the central home point to one of
013_013861.mp3,Stefano Scippa ( soprano sax / laptop ) http://www.stefanoscippa.com/ http://www.myspace.com/stefanoscippa Dicofone DICOFONE ( tenor sax /
013_013862.mp3,Sculpture is a collaboration between Dan Hayhurst (audio devices) and Reuben Sutherland (visual devices). In this
013_013865.mp3,"genre Rock; styles Space-Rock, Post-Rock, Rock; tags soft circle"
013_013866.mp3,"genre Rock; styles Space-Rock, Post-Rock, Rock; tags soft circle"
013_013869.mp3,"genre Rock; styles Lo-Fi, Rock; tags crash normal"
013_013870.mp3,"genre Rock; styles Lo-Fi, Rock; tags crash normal"
013_013871.mp3,"genre Rock; styles Lo-Fi, Rock; tags crash normal"
013_013872.mp3,"genre Rock; styles Lo-Fi, Rock; tags crash normal"
013_013873.mp3,"genre Rock; styles Lo-Fi, Rock; tags crash normal"
013_013874.mp3,"genre Rock; styles Lo-Fi, Rock; tags crash normal"
013_013875.mp3,"genre Rock; styles Lo-Fi, Rock; tags crash normal"
013_013876.mp3,"genre Rock; styles Lo-Fi, Rock; tags crash normal"
013_013877.mp3,"genre Rock; styles Lo-Fi, Rock; tags crash normal"
013_013878.mp3,"genre Rock; styles Lo-Fi, Rock; tags crash normal"
013_013880.mp3,"genre Rock; styles Lo-Fi, Rock; tags crash normal"
013_013881.mp3,"genre Rock; styles Lo-Fi, Rock; tags crash normal"
013_013882.mp3,"genre Rock; styles Lo-Fi, Rock; tags crash normal"
013_013883.mp3,"genre Rock; styles Lo-Fi, Rock; tags crash normal"
013_013884.mp3,"genre Rock; styles Lo-Fi, Rock; tags crash normal"
013_013885.mp3,"genre Rock; styles Lo-Fi, Rock; tags crash normal"
013_013886.mp3,"genre Rock; styles Lo-Fi, Rock; tags crash normal"
013_013887.mp3,"genre Rock; styles Lo-Fi, Rock; tags crash normal"
013_013888.mp3,"genre Rock; styles Lo-Fi, Rock; tags crash normal"
013_013889.mp3,"genre Rock; styles Lo-Fi, Rock; tags crash normal"
013_013890.mp3,"genre Rock; styles Lo-Fi, Rock; tags crash normal"
013_013892.mp3,"genre Rock; styles Lo-Fi, Rock; tags crash normal"
013_013893.mp3,"genre Rock; styles Lo-Fi, Rock; tags crash normal"
013_013894.mp3,"genre Rock; styles Lo-Fi, Rock; tags crash normal"
013_013896.mp3,"by Henry Krutzen (piano: Jean-Louis Aucremanne) Henry Krutzen studied percussion, saxophone and harmony in various schools"
013_013897.mp3,"info: No genre no style every genre every style Contact: http://www.themallets.eu http://www.myspace.com/themallets; styles Avant-Garde, Jazz, Experimental,"
013_013898.mp3,"Workman on an actual ""assembly line"", Giustino Di Gregorio has always been interested in the idea"
013_013899.mp3,"Original composition by Marc Sarrazy released on the CD ""Intranquillite"", Linoleum productions 2008, remixed by Laurent"
013_013900.mp3,"Composed by Claudio Nunez From the album ""paseando por lomas"" musica ano(na)dada 2004 Claudio Nunez: acoustic"
013_013901.mp3,"Artists Statement: ""I am a pianist/composer/sound collage artist whose work falls between the cracks of several"
013_013902.mp3,"Intuitive improvisation is magic that braces musicians altogether with the audience. This type of music, once"
013_013903.mp3,"Raga+Electronica Jam anko (vo,g) yoshino (sitar) yamanaka (bass) mitunaga (dr) Contact: http://www.myspace.com/tranko http://members.jcom.home.ne.jp/a.nko/; styles Avant-Garde, Jazz,"
013_013904.mp3,"Gilad Atzmon : sax, clarinet & electronics Asaf Sirkis: dr Frank Harrison: piano, fender & elec'"
013_013905.mp3,About _ : 1. I can't play musical instruments. 2. I'm a student studying Japanese contemporary
013_013926.mp3,genre Electronic; styles Electronic; tags invisible china
013_013933.mp3,"styles Instrumental, Sound Collage, Ambient, Experimental; tags field recordings, jen boyd"
013_013934.mp3,"styles Instrumental, Sound Collage, Ambient, Experimental; tags field recordings, phonography, hang, aaron ximm, quiet american"
013_013935.mp3,"styles Instrumental, Sound Collage, Ambient, Experimental; tags field recordings, milton cross"
013_013936.mp3,"styles Instrumental, Sound Collage, Ambient, Experimental; tags field recordings, cria cuervos"
013_013937.mp3,"styles Instrumental, Sound Collage, Ambient, Experimental; tags field recordings, die elektrischen"
013_013938.mp3,"styles Instrumental, Sound Collage, Ambient, Experimental; tags field recordings, die elektrischen"
013_013939.mp3,"styles Instrumental, Sound Collage, Ambient, Experimental; tags field recordings, die elektrischen"
013_013940.mp3,"styles Instrumental, Sound Collage, Ambient, Experimental; tags field recordings, die elektrischen"
013_013941.mp3,"styles Instrumental, Sound Collage, Ambient, Experimental; tags field recordings, die elektrischen"
013_013942.mp3,"styles Instrumental, Sound Collage, Ambient, Experimental; tags field recordings, die elektrischen"
013_013943.mp3,"styles Instrumental, Sound Collage, Ambient, Experimental; tags field recordings, die elektrischen"
013_013944.mp3,"styles Instrumental, Sound Collage, Ambient, Experimental; tags field recordings, rudy trubitt"
013_013945.mp3,"styles Instrumental, Sound Collage, Ambient, Experimental; tags field recordings, js bach"
013_013946.mp3,"styles Instrumental, Sound Collage, Ambient, Experimental; tags field recordings, die elektrischen"
013_013947.mp3,"styles Instrumental, Sound Collage, Ambient, Experimental; tags field recordings, toby paddock"
013_013948.mp3,"styles Instrumental, Sound Collage, Ambient, Experimental; tags field recordings, die elektrischen"
013_013949.mp3,"styles Instrumental, Sound Collage, Ambient, Experimental; tags field recordings, die elektrischen"
013_013950.mp3,"styles Instrumental, Sound Collage, Ambient, Experimental; tags field recordings, leticia castaneda peter lograsso mitchell brown"
013_013951.mp3,"styles Instrumental, Sound Collage, Ambient, Experimental; tags field recordings, leticia castaneda"
013_013967.mp3,tags robbie fulks
013_013968.mp3,tags moonshine willy
013_013969.mp3,"styles Minimal Electronic, Composed Music, Classical, Electronic; tags victoire"
013_013970.mp3,"styles Minimal Electronic, Composed Music, Classical, Electronic; tags victoire"
013_013971.mp3,"styles Minimal Electronic, Composed Music, Classical, Electronic; tags victoire"
013_013972.mp3,"styles Minimal Electronic, Composed Music, Classical, Electronic; tags victoire"
013_013973.mp3,"styles Minimal Electronic, Composed Music, Classical, Electronic; tags victoire"
013_013974.mp3,"styles Minimal Electronic, Composed Music, Classical, Electronic; tags victoire"
013_013975.mp3,"styles Minimal Electronic, Composed Music, Classical, Electronic; tags victoire"
013_013980.mp3,"styles Country, Folk, Singer-Songwriter; tags lonesome bob"
013_013981.mp3,"styles Minimal Electronic, Experimental, Electronic; tags aemae"
013_013982.mp3,"styles Minimal Electronic, Experimental, Electronic; tags die elektrischen"
013_013983.mp3,"styles Minimal Electronic, Experimental, Electronic; tags gerritt"
013_013984.mp3,"styles Minimal Electronic, Experimental, Electronic; tags carson day"
013_013985.mp3,"styles Minimal Electronic, Experimental, Electronic; tags die elektrischen"
013_013986.mp3,"styles Minimal Electronic, Experimental, Electronic; tags die elektrischen"
013_013987.mp3,"styles Minimal Electronic, Experimental, Electronic; tags die elektrischen"
013_013988.mp3,"styles Minimal Electronic, Experimental, Electronic; tags arastoo"
013_013989.mp3,"styles Minimal Electronic, Experimental, Electronic; tags die elektrischen"
013_013990.mp3,"styles Minimal Electronic, Experimental, Electronic; tags aemae"
013_013991.mp3,"styles Minimal Electronic, Experimental, Electronic; tags sonic death monkies"
013_013992.mp3,"styles Minimal Electronic, Experimental, Electronic; tags gerritt"
013_013993.mp3,"styles Minimal Electronic, Experimental, Electronic; tags gerritt"
013_013994.mp3,"styles Minimal Electronic, Experimental, Electronic; tags die elektrischen"
013_013995.mp3,"styles Minimal Electronic, Experimental, Electronic; tags die elektrischen"
013_013996.mp3,"styles Minimal Electronic, Experimental, Electronic; tags dielectric minimalist all-stars"
013_013997.mp3,"styles Minimal Electronic, Experimental, Electronic; tags sonic death monkies"
013_013998.mp3,tags the handsome family
014_014000.mp3,tags kelly hogan amp rockateens
014_014003.mp3,"styles Experimental, Novelty, Comedy, Country, Spoken; tags kid-friendly, childrens music, for kids, children, the cornell hurd"
014_014004.mp3,tags andre williams amp 2 star tabernacle
014_014005.mp3,tags kelly hogan
014_014006.mp3,tags jay farrar
014_014007.mp3,tags freakwater
014_014010.mp3,"styles Americana, Rock, Country; tags ben weaver"
014_014011.mp3,tags cary hudson
014_014012.mp3,tags nora oconnor
014_014013.mp3,genre Spoken; styles Spoken; tags neal pollack
014_014020.mp3,"styles Lo-Fi, Rock, Experimental; tags blocks recording club, canadian indie pop, tall british men, hank"
014_014021.mp3,"styles Lo-Fi, Rock, Experimental; tags blocks recording club, canadian indie pop, tall british men, hank"
014_014022.mp3,"styles Lo-Fi, Rock, Experimental; tags blocks recording club, canadian indie pop, tall british men, hank"
014_014023.mp3,"styles Lo-Fi, Rock, Experimental; tags blocks recording club, canadian indie pop, tall british men, hank"
014_014024.mp3,"styles Lo-Fi, Rock, Experimental; tags blocks recording club, canadian indie pop, tall british men, hank"
014_014025.mp3,"styles Lo-Fi, Rock, Experimental; tags blocks recording club, canadian indie pop, tall british men, hank"
014_014026.mp3,"styles Lo-Fi, Rock, Experimental; tags blocks recording club, canadian indie pop, tall british men, hank"
014_014027.mp3,"styles Lo-Fi, Rock, Experimental; tags blocks recording club, canadian indie pop, tall british men, hank"
014_014028.mp3,"styles Lo-Fi, Rock, Experimental; tags blocks recording club, canadian indie pop, tall british men, hank"
014_014029.mp3,"styles Lo-Fi, Rock, Experimental; tags blocks recording club, canadian indie pop, tall british men, hank"
014_014030.mp3,"styles Lo-Fi, Rock, Experimental; tags blocks recording club, canadian indie pop, tall british men, hank"
014_014031.mp3,"styles Lo-Fi, Rock, Experimental; tags blocks recording club, canadian indie pop, tall british men, hank"
014_014032.mp3,"styles Lo-Fi, Rock, Experimental; tags blocks recording club, canadian indie pop, tall british men, hank"
014_014033.mp3,"styles Lo-Fi, Rock, Experimental; tags blocks recording club, canadian indie pop, tall british men, hank"
014_014034.mp3,"styles Lo-Fi, Rock, Experimental; tags blocks recording club, canadian indie pop, tall british men, hank"
014_014035.mp3,"styles Pop, Lo-Fi, Rock, Experimental Pop; tags blocks recording club, canadian indie pop, tall british men,"
014_014036.mp3,"styles Pop, Lo-Fi, Rock, Experimental Pop; tags blocks recording club, canadian indie pop, tall british men,"
014_014037.mp3,"styles Pop, Lo-Fi, Rock, Experimental Pop; tags blocks recording club, canadian indie pop, tall british men,"
014_014038.mp3,"styles Pop, Lo-Fi, Rock, Experimental Pop; tags blocks recording club, canadian indie pop, tall british men,"
014_014039.mp3,"styles Pop, Lo-Fi, Rock, Experimental Pop; tags blocks recording club, canadian indie pop, tall british men,"
014_014040.mp3,"styles Pop, Lo-Fi, Rock, Experimental Pop; tags blocks recording club, canadian indie pop, tall british men,"
014_014041.mp3,"styles Pop, Lo-Fi, Rock, Experimental Pop; tags blocks recording club, canadian indie pop, tall british men,"
014_014042.mp3,"styles Pop, Lo-Fi, Rock, Experimental Pop; tags blocks recording club, canadian indie pop, tall british men,"
014_014043.mp3,"styles Pop, Lo-Fi, Rock, Experimental Pop; tags blocks recording club, canadian indie pop, tall british men,"
014_014044.mp3,"styles Pop, Lo-Fi, Rock, Experimental Pop; tags blocks recording club, canadian indie pop, tall british men,"
014_014045.mp3,"styles Pop, Experimental Pop, Electronic; tags blocks recording club, canadian indie pop, tall british men, hank"
014_014046.mp3,"genre Hip-Hop; styles Alternative Hip-Hop, Hip-Hop; tags harlequinadetexture"
014_014047.mp3,"genre Hip-Hop; styles Alternative Hip-Hop, Hip-Hop; tags harlequinadetexture"
014_014048.mp3,"genre Hip-Hop; styles Alternative Hip-Hop, Hip-Hop; tags harlequinadetexture"
014_014049.mp3,"genre Hip-Hop; styles Alternative Hip-Hop, Hip-Hop; tags harlequinadetexture"
014_014050.mp3,"genre Hip-Hop; styles Alternative Hip-Hop, Hip-Hop; tags harlequinadetexture"
014_014051.mp3,genre Hip-Hop; styles Hip-Hop; tags yung nittlz
014_014052.mp3,genre Hip-Hop; styles Hip-Hop; tags yung nittlz
014_014054.mp3,"genre Jazz; styles Jazz; tags clinical archives, jazz, sandro marinoni"
014_014056.mp3,"genre Jazz; styles Jazz; tags clinical archives, jazz, sandro marinoni"
014_014057.mp3,"genre Jazz; styles Jazz; tags clinical archives, jazz, sandro marinoni"
014_014058.mp3,"genre Jazz; styles Jazz; tags clinical archives, jazz, sandro marinoni"
014_014089.mp3,"genre Rock; styles Loud-Rock, Rock, Noise-Rock; tags the rumrunners"
014_014090.mp3,"genre Rock; styles Loud-Rock, Rock, Noise-Rock; tags the rumrunners"
014_014091.mp3,"genre Rock; styles Loud-Rock, Rock, Noise-Rock; tags the rumrunners"
014_014092.mp3,"genre Rock; styles Loud-Rock, Rock, Noise-Rock; tags the rumrunners"
014_014106.mp3,"genre Electronic; styles Breakcore - Hard, Electronic; tags devnull"
014_014108.mp3,"genre Electronic; styles Breakcore - Hard, Electronic; tags devnull"
014_014109.mp3,"genre Electronic; styles Breakcore - Hard, Electronic; tags devnull"
014_014111.mp3,tags nate wooleycrackleknob
014_014112.mp3,tags nate wooleycrackleknob
014_014118.mp3,"styles Avant-Garde, Composed Music, Classical, Experimental; tags piano, classical, baroque, jazz, soprano, jody pou"
014_014119.mp3,"styles Avant-Garde, Composed Music, Classical, Experimental; tags piano, classical, baroque, jazz, soprano, jody pou"
014_014120.mp3,"styles Avant-Garde, Composed Music, Classical, Experimental; tags piano, classical, baroque, jazz, soprano, jody pou"
014_014121.mp3,"styles Avant-Garde, Composed Music, Classical, Experimental; tags piano, classical, baroque, jazz, soprano, jody pou"
014_014122.mp3,"styles Avant-Garde, Composed Music, Classical, Experimental; tags piano, classical, baroque, jazz, soprano, jody pou"
014_014130.mp3,"styles Folk, Americana, Country, Singer-Songwriter; tags al duvall"
014_014131.mp3,"styles Folk, Americana, Country, Singer-Songwriter; tags al duvall"
014_014132.mp3,"styles Folk, Americana, Country, Singer-Songwriter; tags al duvall"
014_014133.mp3,"styles Folk, Americana, Country, Singer-Songwriter; tags al duvall"
014_014134.mp3,"styles Experimental, Improv, Rock, Loud-Rock, Space-Rock, Noise-Rock, Post-Punk, Post-Rock, Punk; tags ultrabunny"
014_014135.mp3,"styles Experimental, Improv, Rock, Loud-Rock, Space-Rock, Noise-Rock, Post-Punk, Post-Rock, Punk; tags ultrabunny"
014_014136.mp3,"styles Experimental, Improv, Rock, Loud-Rock, Space-Rock, Noise-Rock, Post-Punk, Post-Rock, Punk; tags ultrabunny"
014_014137.mp3,"styles Experimental, Improv, Rock, Loud-Rock, Space-Rock, Noise-Rock, Post-Punk, Post-Rock, Punk; tags ultrabunny"
014_014138.mp3,"styles Experimental, Improv, Rock, Loud-Rock, Space-Rock, Noise-Rock, Post-Punk, Post-Rock, Punk; tags ultrabunny"
014_014139.mp3,"styles Experimental, Improv, Rock, Loud-Rock, Space-Rock, Noise-Rock, Post-Punk, Post-Rock, Punk; tags ultrabunny"
014_014140.mp3,"styles Experimental, Improv, Rock, Loud-Rock, Space-Rock, Noise-Rock, Post-Punk, Post-Rock, Punk; tags ultrabunny"
014_014141.mp3,"styles Experimental, Improv, Rock, Loud-Rock, Space-Rock, Noise-Rock, Post-Punk, Post-Rock, Punk; tags ultrabunny"
014_014142.mp3,"styles Experimental, Improv, Rock, Loud-Rock, Space-Rock, Noise-Rock, Post-Punk, Post-Rock, Punk; tags ultrabunny"
014_014143.mp3,"styles Experimental, Improv, Rock, Loud-Rock, Space-Rock, Noise-Rock, Post-Punk, Post-Rock, Punk; tags ultrabunny"
014_014144.mp3,"styles Experimental, Improv, Rock, Loud-Rock, Space-Rock, Noise-Rock, Post-Punk, Post-Rock, Punk; tags ultrabunny"
014_014145.mp3,"styles Experimental, Improv, Rock, Loud-Rock, Space-Rock, Noise-Rock, Post-Punk, Post-Rock, Punk; tags ultrabunny"
014_014146.mp3,"styles Experimental, Improv, Rock, Loud-Rock, Space-Rock, Noise-Rock, Post-Punk, Post-Rock, Punk; tags ultrabunny"
014_014147.mp3,"styles Experimental, Improv, Rock, Loud-Rock, Space-Rock, Noise-Rock, Post-Punk, Post-Rock, Punk; tags ultrabunny"
014_014148.mp3,"styles Experimental, Improv, Rock, Loud-Rock, Space-Rock, Noise-Rock, Post-Punk, Post-Rock, Punk; tags ultrabunny"
014_014149.mp3,"styles Experimental, Improv, Rock, Loud-Rock, Space-Rock, Noise-Rock, Post-Punk, Post-Rock, Punk; tags ultrabunny"
014_014150.mp3,"styles Electro-Punk, Experimental, Ambient Electronic, Rock, Electronic, Punk; tags mexico, latin america, electronic, vate"
014_014151.mp3,"styles Electro-Punk, Experimental, Ambient Electronic, Rock, Electronic, Punk; tags mexico, latin america, electronic, vate"
014_014152.mp3,"styles Electro-Punk, Experimental, Ambient Electronic, Rock, Electronic, Punk; tags mexico, latin america, electronic, vate"
014_014153.mp3,"styles Electro-Punk, Experimental, Ambient Electronic, Rock, Electronic, Punk; tags mexico, latin america, electronic, vate"
014_014156.mp3,"genre Rock; styles Rock, Shoegaze; tags shoegaze, screen vinyl image"
014_014158.mp3,"genre Rock; styles Rock, Shoegaze; tags shoegaze, screen vinyl image"
014_014159.mp3,"styles Electro-Punk, Experimental, Ambient Electronic, Rock, Electronic, Punk; tags mexico, latin america, electronic, vate"
014_014160.mp3,"styles Electro-Punk, Experimental, Ambient Electronic, Rock, Electronic, Punk; tags mexico, latin america, electronic, vate"
014_014161.mp3,"styles Electro-Punk, Experimental, Ambient Electronic, Rock, Electronic, Punk; tags mexico, latin america, electronic, vate"
014_014162.mp3,"styles Electro-Punk, Experimental, Ambient Electronic, Rock, Electronic, Punk; tags mexico, latin america, electronic, vate"
014_014163.mp3,"styles Electro-Punk, Experimental, Ambient Electronic, Rock, Electronic, Punk; tags mexico, latin america, electronic, vate"
014_014164.mp3,"styles Instrumental, Ambient, Experimental, Drone; tags dielectric drone all-stars"
014_014166.mp3,"styles Instrumental, Ambient, Experimental, Drone; tags sote"
014_014167.mp3,"styles Instrumental, Ambient, Experimental, Drone; tags dielectric drone all-stars"
014_014168.mp3,"styles Instrumental, Ambient, Experimental, Drone; tags dielectric drone all-stars"
014_014169.mp3,"styles Instrumental, Ambient, Experimental, Drone; tags dielectric drone all-stars"
014_014171.mp3,genre Rock; styles Rock; tags we are the arm
014_014172.mp3,genre Rock; styles Rock; tags we are the arm
014_014173.mp3,genre Rock; styles Rock; tags we are the arm
014_014174.mp3,genre Rock; styles Rock; tags we are the arm
014_014175.mp3,genre Rock; styles Rock; tags we are the arm
014_014177.mp3,"styles Experimental, Improv, Rock, Loud-Rock, Space-Rock, Noise-Rock, Post-Punk, Post-Rock, Punk; tags ultrabunny"
014_014178.mp3,"styles Experimental, Improv, Rock, Loud-Rock, Space-Rock, Noise-Rock, Post-Punk, Post-Rock, Punk; tags ultrabunny"
014_014179.mp3,"styles Experimental, Improv, Rock, Loud-Rock, Space-Rock, Noise-Rock, Post-Punk, Post-Rock, Punk; tags ultrabunny"
014_014181.mp3,"styles Experimental, Improv, Rock, Loud-Rock, Space-Rock, Noise-Rock, Post-Punk, Post-Rock, Punk; tags ultrabunny"
014_014183.mp3,"styles Experimental, Improv, Rock, Loud-Rock, Space-Rock, Noise-Rock, Post-Punk, Post-Rock, Punk; tags ultrabunny"
014_014184.mp3,genre Rock; styles Rock; tags we are the arm
014_014185.mp3,tags rico bell
014_014186.mp3,"styles Electro-Punk, Experimental, Ambient Electronic, Rock, Electronic, Punk; tags mexico, latin america, electronic, vate"
014_014187.mp3,"styles Electro-Punk, Experimental, Ambient Electronic, Rock, Electronic, Punk; tags mexico, latin america, electronic, vate"
014_014188.mp3,"styles Electro-Punk, Experimental, Ambient Electronic, Rock, Electronic, Punk; tags deus ex machina"
014_014189.mp3,"styles Electro-Punk, Experimental, Ambient Electronic, Rock, Electronic, Punk; tags mexico, latin america, electronic, vate"
014_014190.mp3,"styles Electro-Punk, Experimental, Ambient Electronic, Rock, Electronic, Punk; tags destreza"
014_014191.mp3,"styles Electro-Punk, Experimental, Ambient Electronic, Rock, Electronic, Punk; tags mexico, latin america, electronic, vate"
014_014193.mp3,"styles Instrumental, Ambient, Experimental, Drone; tags dielectric drone all-stars"
014_014194.mp3,"styles Experimental, Improv, Rock, Loud-Rock, Space-Rock, Noise-Rock, Post-Punk, Post-Rock, Punk; tags ultrabunny"
014_014195.mp3,"styles Experimental, Improv, Rock, Loud-Rock, Space-Rock, Noise-Rock, Post-Punk, Post-Rock, Punk; tags ultrabunny"
014_014196.mp3,"styles Experimental, Improv, Rock, Loud-Rock, Space-Rock, Noise-Rock, Post-Punk, Post-Rock, Punk; tags ultrabunny"
014_014197.mp3,"styles Experimental, Improv, Rock, Loud-Rock, Space-Rock, Noise-Rock, Post-Punk, Post-Rock, Punk; tags ultrabunny"
014_014199.mp3,"genre Rock; styles Punk, Rock, Hardcore; tags mental abuse"
014_014200.mp3,"genre Rock; styles Punk, Rock, Hardcore; tags mental abuse"
014_014201.mp3,"genre Rock; styles Punk, Rock, Hardcore; tags mental abuse"
014_014203.mp3,"genre Rock; styles Punk, Rock, Hardcore; tags mental abuse"
014_014205.mp3,"genre Rock; styles Punk, Rock, Hardcore; tags mental abuse"
014_014206.mp3,"genre Rock; styles Punk, Rock, Hardcore; tags mental abuse"
014_014226.mp3,genre Electronic; styles Electronic; tags bobb bruno
014_014227.mp3,genre Electronic; styles Electronic; tags bobb bruno
014_014228.mp3,"styles Pop, Electronic; tags nite jewel"
014_014229.mp3,"styles Pop, Electronic; tags nite jewel"
014_014230.mp3,"styles Pop, Electronic; tags nite jewel"
014_014231.mp3,"styles Pop, Electronic; tags nite jewel"
014_014232.mp3,"styles Pop, Electronic; tags nite jewel"
014_014233.mp3,"styles Avant-Garde, Pop, Experimental; tags the blankket"
014_014234.mp3,"styles Avant-Garde, Pop, Experimental; tags the blankket"
014_014235.mp3,"styles Avant-Garde, Pop, Experimental; tags the blankket"
014_014236.mp3,genre Electronic; styles Electronic; tags bobb bruno
014_014237.mp3,genre Electronic; styles Electronic; tags bobb bruno
014_014238.mp3,"styles Electro-Punk, Experimental, Ambient Electronic, Rock, Electronic, Punk; tags mexico, latin america, electronic, vate"
014_014240.mp3,"styles Electro-Punk, Experimental, Ambient Electronic, Rock, Electronic, Punk; tags mexico, latin america, electronic, vate"
014_014241.mp3,"styles Electro-Punk, Experimental, Ambient Electronic, Rock, Electronic, Punk; tags mexico, latin america, electronic, vate"
014_014243.mp3,"styles Electro-Punk, Experimental, Ambient Electronic, Rock, Electronic, Punk; tags mexico, latin america, electronic, vate"
014_014244.mp3,"styles Electro-Punk, Experimental, Ambient Electronic, Rock, Electronic, Punk; tags mexico, latin america, electronic, vate"
014_014245.mp3,"styles Electro-Punk, Experimental, Ambient Electronic, Rock, Electronic, Punk; tags mexico, latin america, electronic, vate"
014_014246.mp3,"styles Electro-Punk, Experimental, Ambient Electronic, Rock, Electronic, Punk; tags mexico, latin america, electronic, vate"
014_014247.mp3,"styles Electro-Punk, Experimental, Ambient Electronic, Rock, Electronic, Punk; tags mexico, latin america, electronic, vate"
014_014248.mp3,"styles Electro-Punk, Experimental, Ambient Electronic, Rock, Electronic, Punk; tags mexico, latin america, electronic, vate"
014_014250.mp3,"genre Rock; styles Punk, Rock; tags sea monster"
014_014251.mp3,"genre Rock; styles Punk, Rock; tags sea monster"
014_014253.mp3,"genre Rock; styles Punk, Rock; tags sea monster"
014_014254.mp3,"genre Rock; styles Punk, Rock; tags sea monster"
014_014255.mp3,"genre Rock; styles Punk, Rock; tags sea monster"
014_014256.mp3,"genre Rock; styles Punk, Rock; tags sea monster"
014_014257.mp3,"genre Rock; styles Punk, Rock; tags sea monster"
014_014258.mp3,"genre Rock; styles Punk, Rock; tags sea monster"
014_014259.mp3,"genre Rock; styles Punk, Rock; tags sea monster"
014_014260.mp3,"genre Rock; styles Punk, Rock; tags sea monster"
014_014261.mp3,"genre Rock; styles Punk, Rock; tags sea monster"
014_014262.mp3,"genre Rock; styles Punk, Rock; tags sea monster"
014_014263.mp3,"A sample of the work within the Chill ánd Go collective, based in Marimba sounds and"
014_014264.mp3,"styles Electro-Punk, Experimental, Ambient Electronic, Rock, Electronic, Punk; tags mexico, latin america, electronic, vate"
014_014265.mp3,"styles Electro-Punk, Experimental, Ambient Electronic, Rock, Electronic, Punk; tags mexico, latin america, electronic, vate"
014_014266.mp3,"styles Electro-Punk, Experimental, Ambient Electronic, Rock, Electronic, Punk; tags mexico, latin america, electronic, vate"
014_014267.mp3,"styles Electro-Punk, Experimental, Ambient Electronic, Rock, Electronic, Punk; tags mexico, latin america, electronic, vate"
014_014268.mp3,"styles Electro-Punk, Experimental, Ambient Electronic, Rock, Electronic, Punk; tags mexico, latin america, electronic, vate"
014_014269.mp3,"styles Electro-Punk, Experimental, Ambient Electronic, Rock, Electronic, Punk; tags ube"
014_014270.mp3,"styles Electro-Punk, Experimental, Ambient Electronic, Rock, Electronic, Punk; tags mexico, latin america, electronic, vate"
014_014271.mp3,"styles Electro-Punk, Experimental, Ambient Electronic, Rock, Electronic, Punk; tags mexico, latin america, electronic, vate"
014_014272.mp3,"styles Electro-Punk, Experimental, Ambient Electronic, Rock, Electronic, Punk; tags mexico, latin america, electronic, vate"
014_014273.mp3,"styles Electro-Punk, Experimental, Ambient Electronic, Rock, Electronic, Punk; tags mexico, latin america, electronic, vate"
014_014274.mp3,"tags mexico, latin america, electronic, vate"
014_014275.mp3,"styles Electro-Punk, Experimental, Ambient Electronic, Rock, Electronic, Punk; tags mexico, latin america, electronic, vate"
014_014276.mp3,"styles Electro-Punk, Experimental, Ambient Electronic, Rock, Electronic, Punk; tags mexico, latin america, electronic, vate"
014_014277.mp3,"styles Electro-Punk, Experimental, Ambient Electronic, Rock, Electronic, Punk; tags cranberry conspiracy"
014_014278.mp3,"styles Electro-Punk, Experimental, Ambient Electronic, Rock, Electronic, Punk; tags fussible"
014_014279.mp3,"styles International, Big Band/Swing, Jazz, Balkan; tags eastern european, gypsy jazz, swing, klezmer, balkan, the underscore"
014_014280.mp3,"styles International, Big Band/Swing, Jazz, Balkan; tags eastern european, gypsy jazz, swing, klezmer, balkan, the underscore"
014_014281.mp3,"styles International, Big Band/Swing, Jazz, Balkan; tags eastern european, gypsy jazz, swing, klezmer, balkan, the underscore"
014_014282.mp3,"styles International, Big Band/Swing, Jazz, Balkan; tags eastern european, gypsy jazz, swing, klezmer, balkan, the underscore"
014_014283.mp3,"styles International, Big Band/Swing, Jazz, Balkan; tags eastern european, gypsy jazz, swing, klezmer, balkan, the underscore"
014_014284.mp3,"styles International, Big Band/Swing, Jazz, Balkan; tags eastern european, gypsy jazz, swing, klezmer, balkan, the underscore"
014_014285.mp3,"styles International, Big Band/Swing, Jazz, Balkan; tags eastern european, gypsy jazz, swing, klezmer, balkan, the underscore"
014_014286.mp3,"styles International, Big Band/Swing, Jazz, Balkan; tags eastern european, gypsy jazz, swing, klezmer, balkan, the underscore"
014_014287.mp3,"styles International, Big Band/Swing, Jazz, Balkan; tags eastern european, gypsy jazz, swing, klezmer, balkan, the underscore"
014_014288.mp3,"styles International, Big Band/Swing, Jazz, Balkan; tags eastern european, gypsy jazz, swing, klezmer, balkan, the underscore"
014_014289.mp3,"styles International, Big Band/Swing, Jazz, Balkan; tags eastern european, gypsy jazz, swing, klezmer, balkan, the underscore"
014_014290.mp3,"styles International, Big Band/Swing, Jazz, Balkan; tags eastern european, gypsy jazz, swing, klezmer, balkan, the underscore"
014_014291.mp3,tags dan crary
014_014292.mp3,genre Rock; styles Rock; tags zornjak
014_014293.mp3,genre Rock; styles Rock; tags zornjak
014_014294.mp3,genre Rock; styles Rock; tags zornjak
014_014295.mp3,genre Rock; styles Rock; tags zornjak
014_014296.mp3,genre Rock; styles Rock; tags zornjak
014_014298.mp3,genre Rock; styles Rock; tags zornjak
014_014299.mp3,genre Rock; styles Rock; tags zornjak
014_014300.mp3,"styles Electro-Punk, Experimental, Ambient Electronic, Rock, Electronic, Punk; tags mexico, latin america, electronic, vate"
014_014306.mp3,"styles Electro-Punk, Experimental, Ambient Electronic, Rock, Electronic, Punk; tags mexico, latin america, electronic, vate"
014_014307.mp3,"styles Electro-Punk, Experimental, Ambient Electronic, Rock, Electronic, Punk; tags mexico, latin america, electronic, vate"
014_014308.mp3,"styles Electro-Punk, Experimental, Ambient Electronic, Rock, Electronic, Punk; tags mexico, latin america, electronic, vate"
014_014313.mp3,"styles Electro-Punk, Experimental, Ambient Electronic, Rock, Electronic, Punk; tags mexico, latin america, electronic, vate"
014_014314.mp3,"styles Electro-Punk, Experimental, Ambient Electronic, Rock, Electronic, Punk; tags mexico, latin america, electronic, vate"
014_014321.mp3,"genre Experimental; styles Noise, Avant-Garde, Experimental; tags smegma"
014_014322.mp3,"genre Experimental; styles Noise, Avant-Garde, Experimental; tags smegma"
014_014323.mp3,"genre Experimental; styles Noise, Avant-Garde, Experimental; tags smegma"
014_014324.mp3,"genre Experimental; styles Noise, Avant-Garde, Experimental; tags smegma"
014_014325.mp3,"genre Experimental; styles Noise, Avant-Garde, Experimental; tags smegma"
014_014326.mp3,"genre Experimental; styles Noise, Avant-Garde, Experimental; tags smegma"
014_014327.mp3,"genre Experimental; styles Noise, Avant-Garde, Experimental; tags smegma"
014_014328.mp3,"genre Experimental; styles Noise, Avant-Garde, Experimental; tags smegma"
014_014329.mp3,"genre Experimental; styles Noise, Avant-Garde, Experimental; tags smegma"
014_014330.mp3,"genre Experimental; styles Noise, Avant-Garde, Experimental; tags smegma"
014_014331.mp3,"genre Experimental; styles Noise, Avant-Garde, Experimental; tags smegma"
014_014332.mp3,"genre Experimental; styles Noise, Avant-Garde, Experimental; tags smegma"
014_014333.mp3,genre Rock; styles Rock; tags asa ransom
014_014334.mp3,genre Rock; styles Rock; tags asa ransom
014_014335.mp3,genre Rock; styles Rock; tags asa ransom
014_014336.mp3,genre Rock; styles Rock; tags asa ransom
014_014337.mp3,genre Rock; styles Rock; tags asa ransom
014_014338.mp3,genre Rock; styles Rock; tags asa ransom
014_014339.mp3,genre Rock; styles Rock; tags asa ransom
014_014350.mp3,"styles Metal, Jazz, Rock, Electronic; tags tmk"
014_014351.mp3,genre Hip-Hop; styles Hip-Hop; tags it infinito thaione davis
014_014352.mp3,genre Hip-Hop; styles Hip-Hop; tags it infinito thaione davis
014_014353.mp3,genre Hip-Hop; styles Hip-Hop; tags it infinito thaione davis
014_014354.mp3,genre Hip-Hop; styles Hip-Hop; tags ouo and zimbabwe legit
014_014355.mp3,genre Hip-Hop; styles Hip-Hop; tags raw produce
014_014356.mp3,genre Hip-Hop; styles Hip-Hop; tags shorty raw
014_014357.mp3,genre Hip-Hop; styles Hip-Hop; tags bilal bashir amp divine styler
014_014362.mp3,"styles Noise, Rock, Experimental, Metal; tags kalashnikov"
014_014367.mp3,genre Hip-Hop; styles Hip-Hop; tags eddie meeks
014_014369.mp3,genre Hip-Hop; styles Hip-Hop; tags eddie meeks
014_014371.mp3,genre Hip-Hop; styles Hip-Hop; tags eddie meeks
014_014372.mp3,genre Hip-Hop; styles Hip-Hop; tags mr skurge khingass
014_014373.mp3,genre Hip-Hop; styles Hip-Hop; tags mr skurge khingass
014_014374.mp3,"styles Hip-Hop, Soul-RnB; tags infinito 2017"
014_014375.mp3,"styles Hip-Hop, Soul-RnB; tags infinito 2017"
014_014376.mp3,"styles Hip-Hop, Soul-RnB; tags infinito 2017"
014_014377.mp3,genre Hip-Hop; styles Hip-Hop; tags storm the unpredictable
014_014378.mp3,genre Hip-Hop; styles Hip-Hop; tags storm the unpredictable
014_014381.mp3,genre Hip-Hop; styles Hip-Hop; tags cadence
014_014382.mp3,genre Hip-Hop; styles Hip-Hop; tags cadence
014_014383.mp3,genre Hip-Hop; styles Hip-Hop; tags cadence
014_014384.mp3,"styles Folk, International, Singer-Songwriter; tags zee avi"
014_014385.mp3,"styles Folk, International, Singer-Songwriter; tags zee avi"
014_014392.mp3,genre Hip-Hop; styles Hip-Hop; tags clan destined
014_014393.mp3,tags dead air fresheners
014_014395.mp3,tags riprap
014_014396.mp3,tags paulie think
014_014397.mp3,"styles Ambient, Instrumental, Electronic; tags bonnie baxter"
014_014398.mp3,"styles Ambient, Instrumental, Electronic; tags bonnie baxter"
014_014399.mp3,"styles Ambient, Instrumental, Electronic; tags bonnie baxter"
014_014400.mp3,"styles Ambient, Instrumental, Electronic; tags bonnie baxter"
014_014401.mp3,"styles Ambient, Instrumental, Electronic; tags bonnie baxter"
014_014403.mp3,"styles Ambient, Instrumental, Electronic; tags bonnie baxter"
014_014405.mp3,"genre Rock; styles Indie-Rock, Rock; tags regia"
014_014406.mp3,"genre Rock; styles Indie-Rock, Rock; tags regia"
014_014407.mp3,"genre Rock; styles Indie-Rock, Rock; tags regia"
014_014408.mp3,"genre Rock; styles Indie-Rock, Rock; tags regia"
014_014411.mp3,"genre Rock; styles Indie-Rock, Rock; tags regia"
014_014412.mp3,"genre Rock; styles Indie-Rock, Rock; tags regia"
014_014413.mp3,"genre Rock; styles Indie-Rock, Rock; tags regia"
014_014414.mp3,"genre Rock; styles Indie-Rock, Rock; tags regia"
014_014416.mp3,"genre Rock; styles Punk, Rock; tags sigmund droid"
014_014417.mp3,"genre Rock; styles Punk, Rock; tags sigmund droid"
014_014418.mp3,"genre Rock; styles Punk, Rock; tags sigmund droid"
014_014419.mp3,"genre Rock; styles Punk, Rock; tags sigmund droid"
014_014420.mp3,"genre Rock; styles Punk, Rock; tags sigmund droid"
014_014421.mp3,"genre Rock; styles Punk, Rock; tags sigmund droid"
014_014422.mp3,"genre Rock; styles Punk, Rock; tags sigmund droid"
014_014423.mp3,"genre Rock; styles Punk, Rock; tags sigmund droid"
014_014424.mp3,"genre Rock; styles Punk, Rock; tags sigmund droid"
014_014436.mp3,"genre Rock; styles Punk, Rock; tags pretty flags"
014_014437.mp3,"genre Rock; styles Punk, Rock; tags pretty flags"
014_014438.mp3,"genre Rock; styles Punk, Rock; tags pretty flags"
014_014439.mp3,"genre Rock; styles Punk, Rock; tags pretty flags"
014_014441.mp3,"genre Rock; styles Punk, Rock; tags pretty flags"
014_014458.mp3,"genre Rock; styles Punk, Rock; tags pretty flags"
014_014459.mp3,"styles Psych-Rock, Rock, Experimental; tags terminal lovers"
014_014460.mp3,"styles Psych-Rock, Rock, Experimental; tags terminal lovers"
014_014462.mp3,"styles Psych-Rock, Rock, Experimental; tags terminal lovers"
014_014463.mp3,"styles Psych-Rock, Rock, Experimental; tags terminal lovers"
014_014464.mp3,"styles Psych-Rock, Rock, Experimental; tags terminal lovers"
014_014465.mp3,"styles Psych-Rock, Rock, Experimental; tags terminal lovers"
014_014466.mp3,"styles Folk, Pop, Experimental Pop, Singer-Songwriter; tags blek ink"
014_014467.mp3,"styles Folk, Pop, Experimental Pop, Singer-Songwriter; tags blek ink"
014_014468.mp3,"styles Folk, Pop, Experimental Pop, Singer-Songwriter; tags blek ink"
014_014469.mp3,"styles Folk, Pop, Experimental Pop, Singer-Songwriter; tags blek ink"
014_014470.mp3,"styles Folk, Pop, Experimental Pop, Singer-Songwriter; tags blek ink"
014_014471.mp3,"styles Folk, Pop, Experimental Pop, Singer-Songwriter; tags blek ink"
014_014472.mp3,"styles Folk, Pop, Experimental Pop, Singer-Songwriter; tags blek ink"
014_014473.mp3,"styles Folk, Pop, Experimental Pop, Singer-Songwriter; tags blek ink"
014_014474.mp3,"styles Folk, Pop, Experimental Pop, Singer-Songwriter; tags blek ink"
014_014475.mp3,"styles Folk, Pop, Experimental Pop, Singer-Songwriter; tags blek ink"
014_014483.mp3,"styles Electroacoustic, Experimental, Electronic; tags electroacoustic, clinical archives, electronic, diissc orchestra, antanas jasenka"
014_014484.mp3,"styles Electroacoustic, Experimental, Electronic; tags electroacoustic, clinical archives, electronic, diissc orchestra, martynas bialobzeskis"
014_014485.mp3,"styles Electroacoustic, Experimental, Electronic; tags electroacoustic, clinical archives, electronic, diissc orchestra, jonas jurkunas"
014_014486.mp3,"styles Electroacoustic, Experimental, Electronic; tags electroacoustic, clinical archives, electronic, diissc orchestra, vytautas v jurgutis"
014_014487.mp3,"styles Electroacoustic, Experimental, Electronic; tags electroacoustic, clinical archives, electronic, diissc orchestra, antanas kucinskas"
014_014488.mp3,"Recorded live at IPR May 30th 2009, at a concert that also featured Religious Knives and"
014_014490.mp3,"genre Rock; styles Thrash, Rock, Hardcore, Punk; tags unmen"
014_014495.mp3,genre Electronic; styles Electronic; tags kania tieffer
014_014496.mp3,genre Electronic; styles Electronic; tags kania tieffer
014_014497.mp3,genre Electronic; styles Electronic; tags kania tieffer
014_014499.mp3,genre Electronic; styles Electronic; tags kania tieffer
014_014516.mp3,genre Electronic; styles Electronic; tags kania tieffer
014_014517.mp3,genre Electronic; styles Electronic; tags kania tieffer
014_014518.mp3,genre Electronic; styles Electronic; tags kania tieffer
014_014519.mp3,genre Electronic; styles Electronic; tags kania tieffer
014_014520.mp3,genre Electronic; styles Electronic; tags kania tieffer
014_014521.mp3,genre Electronic; styles Electronic; tags kania tieffer
014_014522.mp3,genre Electronic; styles Electronic; tags kania tieffer
014_014523.mp3,genre Electronic; styles Electronic; tags kania tieffer
014_014524.mp3,genre Electronic; styles Electronic; tags kania tieffer
014_014525.mp3,genre Electronic; styles Electronic; tags kania tieffer
014_014527.mp3,genre Electronic; styles Electronic; tags kania tieffer
014_014529.mp3,"styles Folk, Rock, Psych-Folk; tags clinical archives, folk, rock, psych-folk, dmyra"
014_014530.mp3,"styles Folk, Rock, Psych-Folk; tags clinical archives, folk, rock, psych-folk, dmyra"
014_014531.mp3,"styles Folk, Rock, Psych-Folk; tags clinical archives, folk, rock, psych-folk, dmyra"
014_014532.mp3,"styles Folk, Rock, Psych-Folk; tags clinical archives, folk, rock, psych-folk, dmyra"
014_014533.mp3,"styles Folk, Rock, Psych-Folk; tags clinical archives, folk, rock, psych-folk, dmyra"
014_014534.mp3,"styles Folk, Rock, Psych-Folk; tags clinical archives, folk, rock, psych-folk, dmyra"
014_014535.mp3,"styles Folk, Rock, Psych-Folk; tags clinical archives, folk, rock, psych-folk, dmyra"
014_014536.mp3,"styles Folk, Rock, Psych-Folk; tags clinical archives, folk, rock, psych-folk, dmyra"
014_014537.mp3,"styles Folk, Rock, Psych-Folk; tags clinical archives, folk, rock, psych-folk, dmyra"
014_014544.mp3,"styles Punk, Funk, Rock, Soul-RnB; tags apb"
014_014545.mp3,"styles Punk, Funk, Rock, Soul-RnB; tags apb"
014_014546.mp3,"styles Punk, Funk, Rock, Soul-RnB; tags apb"
014_014547.mp3,"styles Punk, Funk, Rock, Soul-RnB; tags apb"
014_014548.mp3,"styles Punk, Funk, Rock, Soul-RnB; tags apb"
014_014550.mp3,"styles Industrial, Experimental, Rock, Post-Punk, Psych-Rock, Punk"
014_014551.mp3,"styles Industrial, Experimental, Rock, Post-Punk, Psych-Rock, Punk"
014_014554.mp3,"styles Industrial, Experimental, Rock, Post-Punk, Psych-Rock, Punk"
014_014555.mp3,"styles Experimental, Electroacoustic, Rock, Hardcore, Punk; tags brian joseph davis"
014_014557.mp3,"genre Rock; styles Indie-Rock, Rock; tags jared mees the grown children"
014_014560.mp3,"genre Rock; styles Indie-Rock, Rock; tags jared mees the grown children"
014_014567.mp3,Piano For 17.6 Hands Performed by The New York Miniaturist Ensemble Recorded at The Players Theatre
014_014573.mp3,"genre Instrumental; styles Soundtrack, Instrumental; tags ergo phizmiz, surrism-phonoethics"
014_014587.mp3,"genre Instrumental; styles Soundtrack, Instrumental; tags ergo phizmiz, surrism-phonoethics"
014_014591.mp3,genre Experimental; styles Experimental; tags set table live zimmer
014_014605.mp3,"genre Experimental; styles Experimental; tags l-g, elg, el-g"
014_014607.mp3,"genre Experimental; styles Experimental; tags l-g, elg, el-g"
014_014610.mp3,"styles Instrumental, Sound Collage, Ambient, Experimental; tags die elektrischen"
014_014612.mp3,"genre Experimental; styles Experimental; tags l-g, elg, el-g"
014_014621.mp3,"styles Old-Time / Historic, Folk; tags zeke healy"
014_014623.mp3,"styles Old-Time / Historic, Folk; tags zeke healy"
014_014624.mp3,"styles Old-Time / Historic, Folk; tags zeke healy"
014_014625.mp3,"styles Old-Time / Historic, Folk; tags zeke healy"
014_014626.mp3,"styles Old-Time / Historic, Folk; tags zeke healy"
014_014627.mp3,"styles Old-Time / Historic, Folk; tags zeke healy"
014_014628.mp3,tags l-g and duncan
014_014629.mp3,tags l-g sus and jakob olausson
014_014633.mp3,"styles Old-Time / Historic, Folk; tags zeke healy"
014_014635.mp3,"styles Electroacoustic, Experimental, Electronic; tags pussyfinger"
014_014636.mp3,"styles Electroacoustic, Experimental, Electronic; tags pussyfinger"
014_014637.mp3,"styles Electroacoustic, Experimental, Electronic; tags pussyfinger"
014_014639.mp3,"styles Electroacoustic, Experimental, Electronic; tags pussyfinger"
014_014640.mp3,"styles Electroacoustic, Experimental, Electronic; tags pussyfinger"
014_014641.mp3,"styles Electroacoustic, Experimental, Electronic; tags pussyfinger"
014_014642.mp3,"styles Electroacoustic, Experimental, Electronic; tags pussyfinger"
014_014643.mp3,"styles Electroacoustic, Experimental, Electronic; tags pussyfinger"
014_014644.mp3,"styles Electroacoustic, Experimental, Electronic; tags pussyfinger"
014_014647.mp3,"genre Experimental; styles Noise, Experimental; tags greyskull"
014_014648.mp3,"genre Experimental; styles Noise, Experimental; tags greyskull"
014_014650.mp3,"styles Electroacoustic, Experimental, Electronic; tags pussyfinger"
014_014651.mp3,"styles Folk, Rock, Singer-Songwriter; tags andy wagner"
014_014654.mp3,"styles Noise, Punk, Rock, Experimental; tags cool devices"
014_014657.mp3,"styles Progressive, Rock, Experimental; tags progressive, experimental, rock"
014_014658.mp3,"styles Rock, Industrial, Electronic; tags nine inch nails"
014_014659.mp3,"styles Rock, Industrial, Electronic; tags nine inch nails"
014_014662.mp3,"styles Disco, Soul-RnB, Electronic; tags team9"
014_014664.mp3,"styles Pop, Easy Listening; tags curt smith"
014_014665.mp3,"styles Folk, Indie-Rock, Rock; tags casey meehan, rock, indie-rock, folk, jitney"
014_014683.mp3,tags meanest man contest
014_014685.mp3,"styles Post-Punk, Pop, Rock, Punk; tags must have been tokyo"
014_014686.mp3,"styles Pop, Electronic; tags tone"
014_014687.mp3,tags meanest man contest
014_014688.mp3,"styles Folk, Rock, Singer-Songwriter; tags jay bennett"
014_014689.mp3,"styles Pop, Electronic; tags tim puma mimi"
014_014691.mp3,"styles Pop, Electronic; tags sie"
014_014694.mp3,"styles Folk, Jazz; tags het gloren"
014_014695.mp3,"styles Psych-Folk, Indie-Rock, Experimental, Rock, Loud-Rock, Drone, Folk, Noise-Rock, Psych-Rock; tags sleep talker"
014_014696.mp3,"styles Psych-Folk, Indie-Rock, Experimental, Rock, Loud-Rock, Drone, Folk, Noise-Rock, Psych-Rock; tags useless keys"
014_014698.mp3,"styles Psych-Folk, Indie-Rock, Experimental, Rock, Loud-Rock, Drone, Folk, Noise-Rock, Psych-Rock; tags the upsidedown"
014_014699.mp3,"styles Psych-Folk, Indie-Rock, Experimental, Rock, Loud-Rock, Drone, Folk, Noise-Rock, Psych-Rock; tags the chemistry set"
014_014700.mp3,"styles Psych-Folk, Indie-Rock, Experimental, Rock, Loud-Rock, Drone, Folk, Noise-Rock, Psych-Rock; tags vietnam cowboy"
014_014701.mp3,"styles Psych-Folk, Indie-Rock, Experimental, Rock, Loud-Rock, Drone, Folk, Noise-Rock, Psych-Rock; tags cobson"
014_014702.mp3,"styles Psych-Folk, Indie-Rock, Experimental, Rock, Loud-Rock, Drone, Folk, Noise-Rock, Psych-Rock; tags andrew gleason"
014_014703.mp3,"styles Psych-Folk, Indie-Rock, Experimental, Rock, Loud-Rock, Drone, Folk, Noise-Rock, Psych-Rock; tags dan alfresco"
014_014704.mp3,"styles Psych-Folk, Indie-Rock, Experimental, Rock, Loud-Rock, Drone, Folk, Noise-Rock, Psych-Rock; tags the december sound"
014_014705.mp3,"styles Psych-Folk, Indie-Rock, Experimental, Rock, Loud-Rock, Drone, Folk, Noise-Rock, Psych-Rock; tags highway"
014_014706.mp3,"styles Psych-Folk, Indie-Rock, Experimental, Rock, Loud-Rock, Drone, Folk, Noise-Rock, Psych-Rock; tags recife"
014_014707.mp3,"styles Psych-Folk, Indie-Rock, Experimental, Rock, Loud-Rock, Drone, Folk, Noise-Rock, Psych-Rock; tags the stevenson ranch davidians"
014_014708.mp3,"styles Psych-Folk, Indie-Rock, Experimental, Rock, Loud-Rock, Drone, Folk, Noise-Rock, Psych-Rock; tags lower heaven"
014_014709.mp3,"styles Psych-Folk, Indie-Rock, Experimental, Rock, Loud-Rock, Drone, Folk, Noise-Rock, Psych-Rock; tags paul dillon"
014_014710.mp3,"styles Psych-Folk, Indie-Rock, Experimental, Rock, Loud-Rock, Drone, Folk, Noise-Rock, Psych-Rock; tags alone in 1982"
014_014711.mp3,"styles Psych-Folk, Indie-Rock, Experimental, Rock, Loud-Rock, Drone, Folk, Noise-Rock, Psych-Rock; tags sebastien duclos"
014_014712.mp3,"styles Psych-Folk, Indie-Rock, Experimental, Rock, Loud-Rock, Drone, Folk, Noise-Rock, Psych-Rock; tags the left outsides"
014_014716.mp3,"genre Rock; styles Rock; tags clinical archives, indie-rock, alternative, pandorasbox"
014_014717.mp3,"genre Rock; styles Rock; tags clinical archives, indie-rock, alternative, pandorasbox"
014_014718.mp3,"genre Rock; styles Rock; tags clinical archives, indie-rock, alternative, pandorasbox"
014_014719.mp3,"genre Rock; styles Rock; tags clinical archives, indie-rock, alternative, pandorasbox"
014_014721.mp3,"genre Rock; styles Rock; tags clinical archives, indie-rock, alternative, pandorasbox"
014_014722.mp3,"genre Rock; styles Rock; tags clinical archives, indie-rock, alternative, pandorasbox"
014_014723.mp3,"genre Rock; styles Rock; tags clinical archives, indie-rock, alternative, pandorasbox"
014_014724.mp3,"genre Rock; styles Rock; tags clinical archives, indie-rock, alternative, pandorasbox"
014_014725.mp3,"genre Rock; styles Rock; tags clinical archives, indie-rock, alternative, pandorasbox"
014_014726.mp3,"genre Rock; styles Rock; tags clinical archives, indie-rock, alternative, pandorasbox"
014_014727.mp3,"genre Rock; styles Rock; tags clinical archives, indie-rock, alternative, pandorasbox"
014_014728.mp3,"genre Rock; styles Rock; tags clinical archives, indie-rock, alternative, pandorasbox"
014_014729.mp3,"genre Rock; styles Rock; tags clinical archives, indie-rock, alternative, pandorasbox"
014_014730.mp3,"genre Rock; styles Rock; tags clinical archives, indie-rock, alternative, pandorasbox"
014_014732.mp3,"styles Psych-Folk, Indie-Rock, Experimental, Rock, Loud-Rock, Drone, Folk, Noise-Rock, Psych-Rock; tags the koolaid electric company"
014_014746.mp3,"styles Electro-Punk, Experimental, Ambient Electronic, Rock, Electronic, Punk; tags mexico, latin america, electronic, vate"
014_014747.mp3,"styles Electro-Punk, Experimental, Ambient Electronic, Rock, Electronic, Punk; tags mexico, latin america, electronic, vate"
014_014748.mp3,"styles Electro-Punk, Experimental, Ambient Electronic, Rock, Electronic, Punk; tags mexico, latin america, electronic, vate"
014_014749.mp3,"styles Electro-Punk, Experimental, Ambient Electronic, Rock, Electronic, Punk; tags mexico, latin america, electronic, vate"
014_014750.mp3,"styles Electro-Punk, Experimental, Ambient Electronic, Rock, Electronic, Punk; tags mexico, latin america, electronic, vate"
014_014752.mp3,"styles Electro-Punk, Experimental, Ambient Electronic, Rock, Electronic, Punk; tags mexico, latin america, electronic, vate"
014_014753.mp3,"genre Rock; styles Psych-Rock, Loud-Rock, Rock, Noise-Rock; tags barcelona, magik markers"
014_014755.mp3,"genre Rock; styles Psych-Rock, Loud-Rock, Rock, Noise-Rock; tags barcelona, magik markers"
014_014756.mp3,"genre Rock; styles Psych-Rock, Loud-Rock, Rock, Noise-Rock; tags barcelona, magik markers"
014_014757.mp3,"genre Rock; styles Psych-Rock, Loud-Rock, Rock, Noise-Rock; tags barcelona, magik markers"
014_014759.mp3,"genre Experimental; styles Electroacoustic, Experimental; tags clinical archives, electroacoustic, electronic, live, experimental, noise, violet"
014_014782.mp3,"genre Electronic; styles Electronic; tags barcelona, wham city, dan deacon, baltimore"
014_014786.mp3,"genre Rock; styles Lo-Fi, Rock; tags montreal, grand trine"
014_014788.mp3,"genre Rock; styles Lo-Fi, Rock; tags montreal, grand trine"
014_014797.mp3,"genre Electronic; styles Techno, Electronic; tags someone else"
014_014804.mp3,"styles Folk, Synth Pop, Pop, Singer-Songwriter; tags fuck buddies"
014_014805.mp3,"styles Folk, Synth Pop, Pop, Singer-Songwriter; tags fuck buddies"
014_014806.mp3,"styles Folk, Synth Pop, Pop, Singer-Songwriter; tags fuck buddies"
014_014807.mp3,"styles Folk, Synth Pop, Pop, Singer-Songwriter; tags fuck buddies"
014_014810.mp3,"genre Folk; styles Folk, Singer-Songwriter; tags sebastien duclos"
014_014811.mp3,"genre Folk; styles Folk, Singer-Songwriter; tags sebastien duclos"
014_014813.mp3,"genre Folk; styles Folk, Singer-Songwriter; tags sebastien duclos"
014_014814.mp3,"genre Folk; styles Folk, Singer-Songwriter; tags sebastien duclos"
014_014815.mp3,"genre Folk; styles Folk, Singer-Songwriter; tags sebastien duclos"
014_014816.mp3,"genre Folk; styles Folk, Singer-Songwriter; tags sebastien duclos"
014_014817.mp3,"genre Folk; styles Folk, Singer-Songwriter; tags sebastien duclos"
014_014819.mp3,"genre Electronic; styles Techno, Electronic; tags david last"
014_014821.mp3,"genre Electronic; styles Techno, Electronic; tags david last"
014_014822.mp3,"genre Electronic; styles Techno, Electronic; tags david last"
014_014827.mp3,"genre Electronic; styles Techno, Electronic; tags marcoerre"
014_014858.mp3,"genre Electronic; styles Techno, Electronic; tags marcoerre"
014_014859.mp3,"genre Electronic; styles Techno, Electronic; tags marcoerre"
014_014882.mp3,tags rico bell
014_014886.mp3,tags the blacks
014_014887.mp3,tags the blacks
014_014888.mp3,"styles Folk, Americana, Country, Singer-Songwriter; tags alejandro escovedo"
014_014889.mp3,"styles Folk, Americana, Country, Singer-Songwriter; tags alejandro escovedo"
014_014890.mp3,"styles Folk, Americana, Country, Singer-Songwriter; tags alejandro escovedo"
014_014891.mp3,"styles Folk, Americana, Country, Singer-Songwriter; tags alejandro escovedo"
014_014892.mp3,"styles Folk, Americana, Country, Singer-Songwriter; tags alejandro escovedo"
014_014893.mp3,tags alejandro escovedo
014_014895.mp3,tags grievous angels
014_014896.mp3,tags grievous angels
014_014897.mp3,tags grievous angels
014_014902.mp3,genre Country; styles Country; tags rex hobart amp the misery boys
014_014906.mp3,genre Country; styles Country; tags rex hobart amp the misery boys
014_014915.mp3,"styles Folk, Rock, Singer-Songwriter; tags kelly hogan amp the pine valley cosmonauts"
014_014916.mp3,"styles Folk, Rock, Singer-Songwriter; tags kelly hogan amp the pine valley cosmonauts"
014_014934.mp3,"styles Folk, Rock, Singer-Songwriter; tags kelly hogan"
014_014935.mp3,"styles Folk, Rock, Singer-Songwriter; tags kelly hogan"
014_014953.mp3,tags the meat purveyors
014_014968.mp3,tags moonshine willy
014_014978.mp3,"styles Country, Folk; tags trailer bride"
014_014979.mp3,"styles Country, Folk; tags trailer bride"
014_014990.mp3,"styles Country, Folk; tags trailer bride"
014_014991.mp3,"styles Country, Folk; tags trailer bride"
014_014994.mp3,"genre Electronic; styles Techno, Electronic; tags markojux"
014_014995.mp3,"genre Electronic; styles Techno, Electronic; tags lance harrison"
014_014996.mp3,"genre Electronic; styles Techno, Electronic; tags markojux amp stuart mckeown"
014_014999.mp3,"styles Country, Folk; tags trailer bride"
015_015000.mp3,"styles Country, Folk; tags trailer bride"
015_015001.mp3,"styles Country, Folk; tags trailer bride"
015_015003.mp3,"styles Country, Folk; tags trailer bride"
015_015036.mp3,genre Folk; styles Folk; tags white light
015_015037.mp3,"genre Folk; styles Psych-Folk, Folk; tags cursillistas"
015_015043.mp3,"styles Avant-Garde, Audio Collage, Experimental, Electronic; tags bradbury"
015_015044.mp3,"styles Avant-Garde, Audio Collage, Experimental, Electronic; tags bradbury"
015_015045.mp3,"styles Jazz: Out, Improv, Jazz, Experimental; tags clinical archives, jazz, experimental, improvisation, vladislav makarov"
015_015046.mp3,"styles Jazz: Out, Improv, Jazz, Experimental; tags clinical archives, jazz, experimental, improvisation, vladislav makarov"
015_015047.mp3,"styles Jazz: Out, Improv, Jazz, Experimental; tags clinical archives, jazz, experimental, improvisation, vladislav makarov"
015_015048.mp3,"styles Jazz: Out, Improv, Jazz, Experimental; tags clinical archives, jazz, experimental, improvisation, vladislav makarov"
015_015049.mp3,"styles Jazz: Out, Improv, Jazz, Experimental; tags clinical archives, jazz, experimental, improvisation, vladislav makarov"
015_015050.mp3,"styles Jazz: Out, Improv, Jazz, Experimental; tags clinical archives, jazz, experimental, improvisation, vladislav makarov"
015_015051.mp3,"styles Jazz: Out, Improv, Jazz, Experimental; tags clinical archives, jazz, experimental, improvisation, vladislav makarov"
015_015052.mp3,"styles Jazz: Out, Improv, Jazz, Experimental; tags clinical archives, jazz, experimental, improvisation, vladislav makarov"
015_015053.mp3,"styles Jazz: Out, Improv, Jazz, Experimental; tags clinical archives, jazz, experimental, improvisation, vladislav makarov"
015_015054.mp3,"styles Jazz: Out, Improv, Jazz, Experimental; tags clinical archives, jazz, experimental, improvisation, vladislav makarov"
015_015055.mp3,"styles Jazz: Out, Improv, Jazz, Experimental; tags clinical archives, jazz, experimental, improvisation, vladislav makarov"
015_015056.mp3,"styles Jazz: Out, Improv, Jazz, Experimental; tags clinical archives, jazz, experimental, improvisation, vladislav makarov"
015_015057.mp3,"styles Jazz: Out, Improv, Jazz, Experimental; tags clinical archives, jazz, experimental, improvisation, vladislav makarov"
015_015058.mp3,"styles Jazz: Out, Improv, Jazz, Experimental; tags clinical archives, jazz, experimental, improvisation, vladislav makarov"
015_015059.mp3,"styles Jazz: Out, Improv, Jazz, Experimental; tags clinical archives, jazz, experimental, improvisation, vladislav makarov"
015_015060.mp3,"styles Jazz: Out, Improv, Jazz, Experimental; tags clinical archives, jazz, experimental, improvisation, vladislav makarov"
015_015061.mp3,"styles Jazz: Out, Improv, Jazz, Experimental; tags clinical archives, jazz, experimental, improvisation, vladislav makarov"
015_015062.mp3,"styles Jazz: Out, Improv, Jazz, Experimental; tags clinical archives, jazz, experimental, improvisation, vladislav makarov"
015_015063.mp3,"styles Jazz: Out, Improv, Jazz, Experimental; tags clinical archives, jazz, experimental, improvisation, vladislav makarov"
015_015064.mp3,"styles Jazz: Out, Improv, Jazz, Experimental; tags clinical archives, jazz, experimental, improvisation, vladislav makarov"
015_015065.mp3,"styles Instrumental, Ambient, Experimental; tags clinical archives, experimental, gargle"
015_015066.mp3,"styles Instrumental, Ambient, Experimental; tags clinical archives, experimental, gargle"
015_015067.mp3,"styles Instrumental, Ambient, Experimental; tags clinical archives, experimental, gargle"
015_015068.mp3,"styles Instrumental, Ambient, Experimental; tags clinical archives, experimental, gargle"
015_015069.mp3,"styles Experimental, Ambient Electronic, Ambient, Electronic, Instrumental; tags klaz"
015_015070.mp3,"styles Experimental, Ambient Electronic, Ambient, Electronic, Instrumental; tags klaz"
015_015071.mp3,"styles Experimental, Ambient Electronic, Ambient, Electronic, Instrumental; tags klaz"
015_015072.mp3,"styles Experimental, Ambient Electronic, Ambient, Electronic, Instrumental; tags klaz"
015_015073.mp3,"styles Experimental, Ambient Electronic, Ambient, Electronic, Instrumental; tags klaz"
015_015074.mp3,"styles Avant-Garde, Classical, Experimental, Electronic, 20th Century Classical, Unclassifiable; tags hanns ahring - jean quist -"
015_015075.mp3,"styles Avant-Garde, Classical, Experimental, Electronic, 20th Century Classical, Unclassifiable; tags hanns ahring - jean quist -"
015_015076.mp3,"styles Avant-Garde, Classical, Experimental, Electronic, 20th Century Classical, Unclassifiable; tags hanns ahring - jean quist -"
015_015077.mp3,"styles Avant-Garde, Classical, Experimental, Electronic, 20th Century Classical, Unclassifiable; tags hanns ahring - jean quist -"
015_015078.mp3,"styles Avant-Garde, Classical, Experimental, Electronic, 20th Century Classical, Unclassifiable; tags hanns ahring - jean quist -"
015_015079.mp3,"styles Avant-Garde, Classical, Experimental, Electronic, 20th Century Classical, Unclassifiable; tags hanns ahring - jean quist -"
015_015080.mp3,"styles Avant-Garde, Classical, Experimental, Electronic, 20th Century Classical, Unclassifiable; tags hanns ahring - jean quist -"
015_015081.mp3,"styles Avant-Garde, Classical, Experimental, Electronic, 20th Century Classical, Unclassifiable; tags hanns ahring - jean quist -"
015_015082.mp3,"styles Avant-Garde, Classical, Experimental, Electronic, 20th Century Classical, Unclassifiable; tags hanns ahring - jean quist -"
015_015083.mp3,"styles Avant-Garde, Classical, Experimental, Electronic, 20th Century Classical, Unclassifiable; tags hanns ahring - jean quist -"
015_015084.mp3,"styles Avant-Garde, Classical, Experimental, Electronic, 20th Century Classical, Unclassifiable; tags hanns ahring - jean quist -"
015_015085.mp3,"styles Avant-Garde, Classical, Experimental, Electronic, 20th Century Classical, Unclassifiable; tags hanns ahring - jean quist -"
015_015086.mp3,"genre Folk; styles Folk, Singer-Songwriter; tags jim reid"
015_015087.mp3,"genre Rock; styles Space-Rock, Post-Rock, Rock; tags clinical archives, space-rock, psychedelic, rock, squadra omega"
015_015088.mp3,genre Experimental; styles Experimental; tags john king amp stephan moore
015_015089.mp3,"styles Dance, Pop, Electronic; tags wm recordings, electropop, happy elf, pop, the netherlands"
015_015090.mp3,"styles Dance, Pop, Electronic; tags wm recordings, electropop, happy elf, pop, the netherlands"
015_015091.mp3,"styles Dance, Pop, Electronic; tags wm recordings, electropop, happy elf, pop, the netherlands"
015_015092.mp3,"styles Dance, Pop, Electronic; tags wm recordings, electropop, happy elf, pop, the netherlands"
015_015093.mp3,"styles Dance, Pop, Electronic; tags wm recordings, electropop, happy elf, pop, the netherlands"
015_015096.mp3,"genre Experimental; styles Electroacoustic, Experimental; tags clinical archives, jazz, experimental, improvisation, guitarrorisms"
015_015097.mp3,"genre Experimental; styles Electroacoustic, Experimental; tags clinical archives, jazz, experimental, improvisation, guitarrorisms"
015_015098.mp3,"genre Experimental; styles Electroacoustic, Experimental; tags clinical archives, jazz, experimental, improvisation, guitarrorisms"
015_015099.mp3,"genre Experimental; styles Electroacoustic, Experimental; tags clinical archives, jazz, experimental, improvisation, guitarrorisms"
015_015100.mp3,"genre Experimental; styles Electroacoustic, Experimental; tags clinical archives, jazz, experimental, improvisation, guitarrorisms"
015_015101.mp3,"genre Experimental; styles Electroacoustic, Experimental; tags clinical archives, jazz, experimental, improvisation, guitarrorisms"
015_015102.mp3,"genre Experimental; styles Electroacoustic, Experimental; tags clinical archives, jazz, experimental, improvisation, guitarrorisms"
015_015103.mp3,"genre Experimental; styles Electroacoustic, Experimental; tags clinical archives, jazz, experimental, improvisation, guitarrorisms"
015_015104.mp3,"genre Experimental; styles Electroacoustic, Experimental; tags clinical archives, jazz, experimental, improvisation, guitarrorisms"
015_015107.mp3,"genre Electronic; styles Chip Music, Electronic; tags gwem and counter reset"
015_015109.mp3,"genre Electronic; styles Chip Music, Electronic; tags gwem and counter reset"
015_015110.mp3,"genre Electronic; styles Chip Music, Electronic; tags gwem and counter reset"
015_015111.mp3,"genre Electronic; styles Chip Music, Electronic; tags gwem and counter reset"
015_015136.mp3,genre Rock; styles Rock; tags el jesus de magico
015_015138.mp3,"genre Experimental; styles Experimental, Drone; tags pulse emitter, synthesizer, synth"
015_015141.mp3,"genre Jazz; styles Jazz; tags jazz, glows in the dark, improvisation"
015_015142.mp3,genre Hip-Hop; styles Hip-Hop; tags the years
015_015144.mp3,genre Hip-Hop; styles Hip-Hop; tags the years
015_015146.mp3,genre Hip-Hop; styles Hip-Hop; tags the years
015_015147.mp3,genre Hip-Hop; styles Hip-Hop; tags the years
015_015150.mp3,genre Hip-Hop; styles Hip-Hop; tags the years
015_015151.mp3,genre Hip-Hop; styles Hip-Hop; tags the years
015_015153.mp3,genre Hip-Hop; styles Hip-Hop; tags the years
015_015155.mp3,genre Hip-Hop; styles Hip-Hop; tags the years
015_015168.mp3,"styles Singer-Songwriter, Rock, Power-Pop, Folk, Punk; tags john wicks and paul collins"
015_015169.mp3,"styles Singer-Songwriter, Rock, Power-Pop, Folk, Punk; tags john wicks and paul collins"
015_015170.mp3,"styles Singer-Songwriter, Rock, Power-Pop, Folk, Punk; tags john wicks and paul collins"
015_015171.mp3,"styles Singer-Songwriter, Rock, Power-Pop, Folk, Punk; tags john wicks and paul collins"
015_015172.mp3,"styles Singer-Songwriter, Rock, Power-Pop, Folk, Punk; tags john wicks and paul collins"
015_015173.mp3,"styles Singer-Songwriter, Rock, Power-Pop, Folk, Punk; tags john wicks and paul collins"
015_015174.mp3,"styles Singer-Songwriter, Rock, Power-Pop, Folk, Punk; tags john wicks and paul collins"
015_015175.mp3,"styles Singer-Songwriter, Rock, Power-Pop, Folk, Punk; tags john wicks and paul collins"
015_015177.mp3,"genre Rock; styles Progressive, Rock; tags upsilon acrux"
015_015178.mp3,"genre Rock; styles Progressive, Rock; tags upsilon acrux"
015_015179.mp3,"genre Rock; styles Punk, Rock, Hardcore; tags reason enough"
015_015180.mp3,"genre Rock; styles Punk, Rock, Hardcore; tags reason enough"
015_015181.mp3,"genre Rock; styles Punk, Rock, Hardcore; tags reason enough"
015_015182.mp3,"genre Rock; styles Punk, Rock, Hardcore; tags reason enough"
015_015183.mp3,"genre Rock; styles Punk, Rock, Hardcore; tags reason enough"
015_015184.mp3,"genre Rock; styles Punk, Rock, Hardcore; tags reason enough"
015_015185.mp3,"genre Rock; styles Punk, Rock, Hardcore; tags reason enough"
015_015186.mp3,"genre Rock; styles Punk, Rock, Hardcore; tags reason enough"
015_015187.mp3,"genre Rock; styles Punk, Rock, Hardcore; tags reason enough"
015_015188.mp3,"genre Rock; styles Punk, Rock, Hardcore; tags reason enough"
015_015189.mp3,"genre Rock; styles Punk, Rock, Hardcore; tags reason enough"
015_015190.mp3,"genre Rock; styles Punk, Rock, Hardcore; tags reason enough"
015_015191.mp3,"genre Rock; styles Punk, Rock, Hardcore; tags reason enough"
015_015192.mp3,"genre Rock; styles Punk, Rock, Hardcore; tags reason enough"
015_015193.mp3,"genre Rock; styles Punk, Rock, Hardcore; tags reason enough"
015_015196.mp3,"genre Rock; styles Rock, Garage; tags garotas suecas"
015_015197.mp3,"genre Rock; styles Rock, Garage; tags garotas suecas"
015_015198.mp3,"genre Rock; styles Rock, Garage; tags garotas suecas"
015_015199.mp3,"genre Rock; styles Rock, Garage; tags garotas suecas"
015_015200.mp3,"genre Rock; styles Rock, Garage; tags garotas suecas"
015_015205.mp3,genre Hip-Hop; styles Hip-Hop; tags seven
015_015214.mp3,Matt Bauder - sax; Aaron Siegel - percussion; Katherine Young - bassoon; Alex Chechile - electronics;
015_015215.mp3,"Matt Bauder - electronics; Alex Chechile - electronics; Aaron Siegel - percussion; genre Experimental; styles Improv,"
015_015216.mp3,"Matt Bauder - sax; Jeremiah Cymerman - clarinet; Katherine Young - bassoon; genre Experimental; styles Improv,"
015_015225.mp3,genre Rock; styles Rock; tags el jesus de magico
015_015226.mp3,genre Rock; styles Rock; tags el jesus de magico
015_015228.mp3,genre Rock; styles Rock; tags el jesus de magico
015_015229.mp3,genre Rock; styles Rock; tags el jesus de magico
015_015232.mp3,genre Rock; styles Rock; tags el jesus de magico
015_015233.mp3,genre Rock; styles Rock; tags el jesus de magico
015_015234.mp3,"genre Rock; styles Loud-Rock, Rock, Noise-Rock; tags talk normal"
015_015235.mp3,"genre Rock; styles Loud-Rock, Rock, Noise-Rock; tags talk normal"
015_015236.mp3,"genre Rock; styles Loud-Rock, Rock, Noise-Rock; tags talk normal"
015_015237.mp3,"genre Rock; styles Loud-Rock, Rock, Noise-Rock; tags talk normal"
015_015238.mp3,"genre Rock; styles Loud-Rock, Rock, Noise-Rock; tags talk normal"
015_015255.mp3,"genre Folk; styles Folk, Singer-Songwriter; tags matteah baim"
015_015264.mp3,"genre Rock; styles Punk, Rock, Power-Pop; tags barcelona, jeremy jay"
015_015268.mp3,"genre Rock; styles Punk, Rock, Power-Pop; tags barcelona, jeremy jay"
015_015270.mp3,"styles Glitch, Unclassifiable, Experimental, Electronic; tags experimental, jeva"
015_015272.mp3,"genre Rock; styles Indie-Rock, Rock; tags indie-pop, liechtenstein, eighties"
015_015273.mp3,"genre Rock; styles Indie-Rock, Rock; tags indie-pop, liechtenstein, eighties"
015_015274.mp3,"genre Rock; styles Indie-Rock, Rock; tags indie-pop, liechtenstein, eighties"
015_015275.mp3,"genre Rock; styles Indie-Rock, Rock; tags indie-pop, liechtenstein, eighties"
015_015276.mp3,"genre Rock; styles Indie-Rock, Rock; tags indie-pop, liechtenstein, eighties"
015_015277.mp3,"genre Rock; styles Indie-Rock, Rock; tags indie-pop, liechtenstein, eighties"
015_015278.mp3,"genre Rock; styles Indie-Rock, Rock; tags indie-pop, liechtenstein, eighties"
015_015279.mp3,"genre Rock; styles Indie-Rock, Rock; tags indie-pop, liechtenstein, eighties"
015_015280.mp3,"genre Rock; styles Indie-Rock, Rock; tags indie-pop, liechtenstein, eighties"
015_015297.mp3,"genre Rock; styles Punk, Rock; tags 16 band"
015_015298.mp3,"genre Rock; styles Punk, Rock; tags 16 band"
015_015299.mp3,"genre Rock; styles Punk, Rock; tags 16 band"
015_015300.mp3,"genre Rock; styles Punk, Rock; tags 16 band"
015_015302.mp3,"genre Rock; styles Punk, Rock; tags 16 band"
015_015303.mp3,"genre Rock; styles Punk, Rock; tags 16 band"
015_015305.mp3,"genre Rock; styles Punk, Rock; tags 16 band"
015_015306.mp3,"genre Rock; styles Punk, Rock; tags 16 band"
015_015308.mp3,"genre Rock; styles Punk, Rock; tags 16 band"
015_015310.mp3,"genre Rock; styles Punk, Rock; tags 16 band"
015_015312.mp3,"styles Spoken Word, Jazz, Spoken; tags clinical archives, jazz, spoken word, experimental, improvisation, surrism-phonoethics, knyaz mishkin"
015_015313.mp3,"styles Spoken Word, Jazz, Spoken; tags clinical archives, jazz, spoken word, experimental, improvisation, surrism-phonoethics, knyaz mishkin"
015_015314.mp3,"styles Spoken Word, Jazz, Spoken; tags clinical archives, jazz, spoken word, experimental, improvisation, surrism-phonoethics, knyaz mishkin"
015_015315.mp3,"styles Spoken Word, Jazz, Spoken; tags clinical archives, jazz, spoken word, experimental, improvisation, surrism-phonoethics, knyaz mishkin"
015_015316.mp3,"styles Spoken Word, Jazz, Spoken; tags clinical archives, jazz, spoken word, experimental, improvisation, surrism-phonoethics, knyaz mishkin"
015_015317.mp3,"styles Spoken Word, Jazz, Spoken; tags clinical archives, jazz, spoken word, experimental, improvisation, surrism-phonoethics, knyaz mishkin"
015_015318.mp3,"styles Spoken Word, Jazz, Spoken; tags clinical archives, jazz, spoken word, experimental, improvisation, surrism-phonoethics, knyaz mishkin"
015_015344.mp3,"genre Experimental; styles Electroacoustic, Experimental; tags climax golden twins"
015_015357.mp3,"genre Folk; styles Psych-Folk, Folk; tags gowns"
015_015358.mp3,"genre Folk; styles Psych-Folk, Folk; tags gowns"
015_015359.mp3,"genre Folk; styles Psych-Folk, Folk; tags gowns"
015_015360.mp3,"genre Folk; styles Psych-Folk, Folk; tags gowns"
015_015361.mp3,"genre Folk; styles Psych-Folk, Folk; tags gowns"
015_015362.mp3,"genre Folk; styles Psych-Folk, Folk; tags gowns"
015_015363.mp3,"genre Folk; styles Psych-Folk, Folk; tags gowns"
015_015365.mp3,"genre Folk; styles Psych-Folk, Folk; tags gowns"
015_015367.mp3,"genre Folk; styles Psych-Folk, Folk; tags gowns"
015_015377.mp3,"styles Ambient Electronic, Techno, Experimental, Electronic; tags elmaes"
015_015378.mp3,"styles Ambient Electronic, Techno, Experimental, Electronic; tags elmaes"
015_015379.mp3,"styles Ambient Electronic, Techno, Experimental, Electronic; tags elmaes"
015_015380.mp3,"styles Ambient Electronic, Techno, Experimental, Electronic; tags elmaes"
015_015381.mp3,"styles Ambient Electronic, Techno, Experimental, Electronic; tags elmaes"
015_015382.mp3,"styles Ambient Electronic, Techno, Experimental, Electronic; tags elmaes"
015_015383.mp3,"styles Ambient Electronic, Techno, Experimental, Electronic; tags elmaes"
015_015384.mp3,"styles Ambient Electronic, Techno, Experimental, Electronic; tags elmaes"
015_015385.mp3,"styles Ambient Electronic, Techno, Experimental, Electronic; tags elmaes"
015_015386.mp3,"styles Experimental, Electronic; tags horror, ghost, electronic"
015_015387.mp3,"styles Experimental, Electronic; tags horror, ghost, electronic"
015_015388.mp3,"styles Experimental, Electronic; tags horror, ghost, electronic"
015_015389.mp3,"styles Experimental, Electronic; tags horror, ghost, electronic"
015_015390.mp3,"styles Experimental, Electronic; tags horror, ghost, electronic"
015_015391.mp3,"styles Experimental, Electronic; tags horror, ghost, electronic"
015_015392.mp3,"styles Experimental, Electronic; tags horror, ghost, electronic"
015_015393.mp3,"styles Experimental, Electronic; tags horror, ghost, electronic"
015_015394.mp3,"styles Experimental, Electronic; tags horror, ghost, electronic"
015_015395.mp3,"styles Avant-Garde, Experimental, Rock, Loud-Rock, Noise-Rock; tags spain basque, spain, billy bao"
015_015396.mp3,"styles Avant-Garde, Experimental, Rock, Loud-Rock, Noise-Rock; tags spain basque, spain, billy bao"
015_015397.mp3,"styles Avant-Garde, Experimental, Rock, Loud-Rock, Noise-Rock; tags spain basque, spain, billy bao"
015_015398.mp3,"styles Avant-Garde, Experimental, Rock, Loud-Rock, Noise-Rock; tags spain basque, spain, billy bao"
015_015399.mp3,"styles Avant-Garde, Experimental, Rock, Loud-Rock, Noise-Rock; tags spain basque, spain, billy bao"
015_015400.mp3,"styles Avant-Garde, Experimental, Rock, Loud-Rock, Noise-Rock; tags spain basque, spain, billy bao"
015_015401.mp3,"styles Avant-Garde, Experimental, Rock, Loud-Rock, Noise-Rock; tags spain basque, spain, billy bao"
015_015419.mp3,"genre Experimental; styles Electroacoustic, Experimental; tags james fei"
015_015420.mp3,"styles Jazz, Experimental, Electroacoustic, Rock, Improv; tags jojo lasalle"
015_015421.mp3,"styles Jazz, Experimental, Electroacoustic, Rock, Improv; tags mora"
015_015422.mp3,"styles Jazz, Experimental, Electroacoustic, Rock, Improv; tags kyle bruckmann"
015_015423.mp3,"styles Jazz, Experimental, Electroacoustic, Rock, Improv; tags eric leonardson and yasuhiro otano"
015_015425.mp3,"styles Jazz, Experimental, Electroacoustic, Rock, Improv; tags banjo, uncle woody sullender"
015_015426.mp3,"styles Jazz, Experimental, Electroacoustic, Rock, Improv; tags fred lonberg-holm"
015_015427.mp3,"styles Jazz, Experimental, Electroacoustic, Rock, Improv; tags metalux"
015_015429.mp3,"styles Jazz, Experimental, Electroacoustic, Rock, Improv; tags ernst karel brent gutzeit jason soliday"
015_015430.mp3,"styles Jazz, Experimental, Electroacoustic, Rock, Improv; tags lozenge"
015_015431.mp3,"styles Jazz, Experimental, Electroacoustic, Rock, Improv; tags orerar"
015_015432.mp3,"styles Jazz, Experimental, Electroacoustic, Rock, Improv; tags tv pow"
015_015433.mp3,"styles Jazz, Experimental, Electroacoustic, Rock, Improv; tags ian epps"
015_015434.mp3,"styles Jazz, Experimental, Electroacoustic, Rock, Improv; tags rosenberg skronktet"
015_015435.mp3,genre Folk; styles Folk; tags pierre de gaillande
015_015437.mp3,genre Folk; styles Folk; tags pierre de gaillande
015_015438.mp3,genre Folk; styles Folk; tags pierre de gaillande
015_015440.mp3,genre Folk; styles Folk; tags pierre de gaillande
015_015441.mp3,genre Folk; styles Folk; tags pierre de gaillande
015_015442.mp3,genre Folk; styles Folk; tags pierre de gaillande
015_015443.mp3,genre Folk; styles Folk; tags pierre de gaillande
015_015445.mp3,genre Folk; styles Folk; tags pierre de gaillande
015_015446.mp3,genre Folk; styles Folk; tags pierre de gaillande
015_015447.mp3,"genre Experimental; styles Noise, Experimental; tags zamph"
015_015448.mp3,"genre Experimental; styles Noise, Experimental; tags zamph"
015_015449.mp3,"styles Noise, Industrial, Rock, Experimental; tags maurizio bianchi"
015_015450.mp3,"styles Noise, Industrial, Rock, Experimental; tags maurizio bianchi"
015_015451.mp3,"styles Noise, Industrial, Rock, Experimental; tags maurizio bianchi"
015_015452.mp3,"styles Noise, Industrial, Rock, Experimental; tags maurizio bianchi"
015_015453.mp3,"styles Noise, Industrial, Rock, Experimental; tags maurizio bianchi"
015_015459.mp3,"styles Noise, Industrial, Rock, Experimental; tags maurizio bianchi"
015_015460.mp3,"styles Noise, Industrial, Rock, Experimental; tags maurizio bianchi"
015_015461.mp3,"styles Noise, Industrial, Rock, Experimental; tags maurizio bianchi"
015_015462.mp3,"styles Noise, Industrial, Rock, Experimental; tags maurizio bianchi"
015_015463.mp3,"styles Noise, Industrial, Rock, Experimental; tags maurizio bianchi"
015_015477.mp3,"genre Folk; styles Folk, Singer-Songwriter; tags instrumentals, experimental pop, post punk, experimental rock, soundtracks, lo fi,"
015_015478.mp3,"genre Experimental; styles Improv, Experimental; tags uncle woody sullender and kevin davis"
015_015479.mp3,"styles Experimental, Free-Folk, Improv, Folk; tags banjo, uncle woody sullender"
015_015481.mp3,genre Hip-Hop; styles Hip-Hop; tags ak slaughter
015_015483.mp3,genre Hip-Hop; styles Hip-Hop; tags ak slaughter
015_015484.mp3,genre Hip-Hop; styles Hip-Hop; tags ak slaughter
015_015485.mp3,genre Hip-Hop; styles Hip-Hop; tags ak slaughter
015_015514.mp3,"styles Pop, Rock, Indie-Rock, Experimental Pop; tags germany, spheriot, wm recordings"
015_015515.mp3,"styles Pop, Rock, Indie-Rock, Experimental Pop; tags germany, spheriot, wm recordings"
015_015516.mp3,"styles Pop, Rock, Indie-Rock, Experimental Pop; tags germany, spheriot, wm recordings"
015_015517.mp3,"styles Pop, Rock, Indie-Rock, Experimental Pop; tags germany, spheriot, wm recordings"
015_015518.mp3,"styles Pop, Rock, Indie-Rock, Experimental Pop; tags germany, spheriot, wm recordings"
015_015519.mp3,"styles Pop, Rock, Indie-Rock, Experimental Pop; tags germany, spheriot, wm recordings"
015_015520.mp3,"styles Pop, Rock, Indie-Rock, Experimental Pop; tags germany, spheriot, wm recordings"
015_015521.mp3,"styles Pop, Rock, Indie-Rock, Experimental Pop; tags germany, spheriot, wm recordings"
015_015522.mp3,"styles Pop, Rock, Indie-Rock, Experimental Pop; tags germany, spheriot, wm recordings"
015_015523.mp3,"styles Pop, Rock, Indie-Rock, Experimental Pop; tags germany, spheriot, wm recordings"
015_015524.mp3,"styles Pop, Rock, Indie-Rock, Experimental Pop; tags germany, spheriot, wm recordings"
015_015525.mp3,"styles Indie-Rock, Jazz, Krautrock, Rock, New Wave, Post-Rock; tags necronomikon quartett"
015_015526.mp3,"styles Indie-Rock, Jazz, Krautrock, Rock, New Wave, Post-Rock; tags necronomikon quartett"
015_015527.mp3,"styles Indie-Rock, Jazz, Krautrock, Rock, New Wave, Post-Rock; tags necronomikon quartett"
015_015528.mp3,"styles Indie-Rock, Jazz, Krautrock, Rock, New Wave, Post-Rock; tags necronomikon quartett"
015_015529.mp3,"styles Indie-Rock, Jazz, Krautrock, Rock, New Wave, Post-Rock; tags necronomikon quartett"
015_015530.mp3,"styles Indie-Rock, Jazz, Krautrock, Rock, New Wave, Post-Rock; tags necronomikon quartett"
015_015532.mp3,"genre Rock; styles Electro-Punk, Punk, Rock; tags rah bras"
015_015533.mp3,"genre Rock; styles Electro-Punk, Punk, Rock; tags rah bras"
015_015534.mp3,"genre Rock; styles Electro-Punk, Punk, Rock; tags rah bras"
015_015535.mp3,"genre Rock; styles Electro-Punk, Punk, Rock; tags rah bras"
015_015536.mp3,"genre Rock; styles Electro-Punk, Punk, Rock; tags rah bras"
015_015537.mp3,"genre Rock; styles Electro-Punk, Punk, Rock; tags rah bras"
015_015538.mp3,"genre Rock; styles Electro-Punk, Punk, Rock; tags rah bras"
015_015539.mp3,"genre Rock; styles Electro-Punk, Punk, Rock; tags rah bras"
015_015545.mp3,"styles Folk, Rock; tags the goodnight loving"
015_015546.mp3,"styles Folk, Rock; tags the goodnight loving"
015_015547.mp3,"styles Folk, Rock; tags the goodnight loving"
015_015548.mp3,"styles Folk, Rock; tags the goodnight loving"
015_015549.mp3,"styles Folk, Rock; tags the goodnight loving"
015_015550.mp3,"styles Folk, Rock; tags the goodnight loving"
015_015551.mp3,"styles Folk, Rock; tags the goodnight loving"
015_015552.mp3,"styles Folk, Rock; tags the goodnight loving"
015_015553.mp3,"styles Folk, Rock; tags the goodnight loving"
015_015557.mp3,"styles Electro-Punk, Rock, Soul-RnB, Electronic, Funk, Punk; tags electronic, skweee, funk, dance, hip hop beats"
015_015559.mp3,"styles Electro-Punk, Rock, Soul-RnB, Electronic, Funk, Punk; tags electronic, skweee, funk, dance, hip hop beats"
015_015564.mp3,"styles Electro-Punk, Rock, Soul-RnB, Electronic, Funk, Punk; tags hip hop beats, dance, electro, electronic, skweee, funk"
015_015565.mp3,"styles Instrumental, Improv, Ambient, Experimental; tags pineresin"
015_015566.mp3,"styles Instrumental, Improv, Ambient, Experimental; tags pineresin"
015_015567.mp3,"styles Instrumental, Improv, Ambient, Experimental; tags pineresin"
015_015568.mp3,"styles Instrumental, Improv, Ambient, Experimental; tags pineresin"
015_015569.mp3,"styles Instrumental, Improv, Ambient, Experimental; tags pineresin"
015_015570.mp3,"styles Instrumental, Improv, Ambient, Experimental; tags pineresin"
015_015571.mp3,"styles Instrumental, Improv, Ambient, Experimental; tags pineresin"
015_015572.mp3,"styles Instrumental, Improv, Ambient, Experimental; tags pineresin"
015_015573.mp3,"styles Instrumental, Improv, Ambient, Experimental; tags pineresin"
015_015574.mp3,"styles Instrumental, Improv, Ambient, Experimental; tags pineresin"
015_015575.mp3,"styles Instrumental, Improv, Ambient, Experimental; tags pineresin"
015_015577.mp3,"styles Sound Collage, Radio, Experimental, Pop, Radio Art, Experimental Pop, Electronic, Spoken; tags ergo phizmiz, surrism-phonoethics"
015_015578.mp3,"styles Sound Collage, Radio, Experimental, Pop, Radio Art, Experimental Pop, Electronic, Spoken; tags ergo phizmiz, surrism-phonoethics"
015_015579.mp3,"styles Sound Collage, Radio, Experimental, Pop, Radio Art, Experimental Pop, Electronic, Spoken; tags ergo phizmiz, surrism-phonoethics"
015_015580.mp3,"styles Sound Collage, Radio, Experimental, Pop, Radio Art, Experimental Pop, Electronic, Spoken; tags ergo phizmiz, surrism-phonoethics"
015_015581.mp3,"styles Sound Collage, Radio, Experimental, Pop, Radio Art, Experimental Pop, Electronic, Spoken; tags ergo phizmiz, surrism-phonoethics"
015_015582.mp3,"styles Sound Collage, Radio, Experimental, Pop, Radio Art, Experimental Pop, Electronic, Spoken; tags ergo phizmiz, surrism-phonoethics"
015_015583.mp3,"styles Sound Collage, Radio, Experimental, Pop, Radio Art, Experimental Pop, Electronic, Spoken; tags ergo phizmiz, surrism-phonoethics"
015_015584.mp3,"styles Sound Collage, Radio, Experimental, Pop, Radio Art, Experimental Pop, Electronic, Spoken; tags ergo phizmiz, surrism-phonoethics"
015_015585.mp3,"styles Sound Collage, Radio, Experimental, Pop, Radio Art, Experimental Pop, Electronic, Spoken; tags ergo phizmiz, surrism-phonoethics"
015_015586.mp3,"styles Sound Collage, Radio, Experimental, Pop, Radio Art, Experimental Pop, Electronic, Spoken; tags ergo phizmiz, surrism-phonoethics"
015_015587.mp3,"styles Sound Collage, Radio, Experimental, Pop, Radio Art, Experimental Pop, Electronic, Spoken; tags ergo phizmiz, surrism-phonoethics"
015_015588.mp3,"styles Sound Collage, Radio, Experimental, Pop, Radio Art, Experimental Pop, Electronic, Spoken; tags ergo phizmiz, surrism-phonoethics"
015_015598.mp3,"styles Experimental, Free-Folk, Improv, Folk; tags banjo, uncle woody sullender"
015_015601.mp3,"genre Rock; styles Rock; tags barcelona, vivian girls"
015_015602.mp3,"genre Rock; styles Rock; tags barcelona, vivian girls"
015_015604.mp3,"genre Rock; styles Rock; tags barcelona, vivian girls"
015_015606.mp3,"genre Rock; styles Rock; tags barcelona, vivian girls"
015_015614.mp3,"styles Improv, Rock, Experimental; tags gloatdragon"
015_015616.mp3,tags john randall pelosi
015_015617.mp3,"tags banjo, uncle woody sullender"
015_015618.mp3,tags zuerichten
015_015621.mp3,"styles Improv, Rock, Experimental; tags bennoune"
015_015624.mp3,"genre Experimental; styles Avant-Garde, Experimental, Musique Concrete; tags repetophile"
015_015626.mp3,tags glockenspiel
015_015627.mp3,genre Classical; styles Classical; tags neal and nancy odoan
015_015630.mp3,genre Classical; styles Classical; tags neal and nancy odoan
015_015631.mp3,"genre Rock; styles Psych-Rock, Lo-Fi, Rock, Metal; tags michael yonkers"
015_015632.mp3,"genre Experimental; styles Improv, Experimental; tags uncle woody sullender and kevin davis"
015_015633.mp3,genre Electronic; styles Electronic; tags agents del futuro
015_015634.mp3,genre Electronic; styles Electronic; tags agents del futuro
015_015635.mp3,genre Electronic; styles Electronic; tags agents del futuro
015_015636.mp3,genre Electronic; styles Electronic; tags agents del futuro
015_015637.mp3,genre Electronic; styles Electronic; tags agents del futuro
015_015638.mp3,genre Electronic; styles Electronic; tags agents del futuro
015_015639.mp3,genre Electronic; styles Electronic; tags agents del futuro
015_015640.mp3,genre Electronic; styles Electronic; tags agents del futuro
015_015641.mp3,genre Electronic; styles Electronic; tags agents del futuro
015_015642.mp3,genre Electronic; styles Electronic; tags agents del futuro
015_015644.mp3,genre Electronic; styles Electronic; tags agents del futuro
015_015645.mp3,genre Electronic; styles Electronic; tags agents del futuro
015_015646.mp3,genre Electronic; styles Electronic; tags agents del futuro
015_015647.mp3,genre Electronic; styles Electronic; tags agents del futuro
015_015649.mp3,genre Electronic; styles Electronic; tags agents del futuro
015_015667.mp3,tags agripon
015_015669.mp3,"genre Folk; styles Folk, Singer-Songwriter; tags instrumentals, experimental pop, post punk, experimental rock, soundtracks, lo fi,"
015_015670.mp3,"genre Folk; styles Folk, Singer-Songwriter; tags instrumentals, experimental pop, post punk, experimental rock, soundtracks, lo fi,"
015_015671.mp3,"styles Experimental, Ambient Electronic, Ambient, Electronic, Instrumental, Minimal Electronic; tags music for podcasts, podsafe, ambient, podcast,"
015_015672.mp3,"styles Experimental, Ambient Electronic, Ambient, Electronic, Instrumental, Minimal Electronic; tags music for podcasts, podsafe, ambient, podcast,"
015_015673.mp3,"styles Experimental, Ambient Electronic, Ambient, Electronic, Instrumental, Minimal Electronic; tags music for podcasts, podsafe, ambient, podcast,"
015_015674.mp3,"styles Experimental, Ambient Electronic, Ambient, Electronic, Instrumental, Minimal Electronic; tags music for podcasts, podsafe, ambient, podcast,"
015_015675.mp3,"styles Experimental, Ambient Electronic, Ambient, Electronic, Instrumental, Minimal Electronic; tags music for podcasts, podsafe, ambient, podcast,"
015_015676.mp3,"styles Experimental, Ambient Electronic, Ambient, Electronic, Instrumental, Minimal Electronic; tags music for podcasts, podsafe, ambient, podcast,"
015_015677.mp3,"styles Experimental, Ambient Electronic, Ambient, Electronic, Instrumental, Minimal Electronic; tags music for podcasts, podsafe, ambient, podcast,"
015_015678.mp3,"styles Experimental, Ambient Electronic, Ambient, Electronic, Instrumental, Minimal Electronic; tags music for podcasts, podsafe, ambient, podcast,"
015_015680.mp3,"styles Dance, Disco, Soul-RnB, Electronic, Techno, House; tags nambavan"
015_015681.mp3,"styles Pop, Experimental Pop, Synth Pop, Electronic; tags doron deutsch"
015_015682.mp3,"styles Pop, Experimental Pop, Synth Pop, Electronic; tags doron deutsch"
015_015683.mp3,"styles Pop, Experimental Pop, Synth Pop, Electronic; tags doron deutsch"
015_015684.mp3,"styles Pop, Experimental Pop, Synth Pop, Electronic; tags doron deutsch"
015_015685.mp3,"styles Pop, Experimental Pop, Synth Pop, Electronic; tags doron deutsch"
015_015686.mp3,"styles Pop, Experimental Pop, Synth Pop, Electronic; tags doron deutsch"
015_015687.mp3,"styles Pop, Experimental Pop, Synth Pop, Electronic; tags doron deutsch"
015_015688.mp3,"styles Pop, Experimental Pop, Synth Pop, Electronic; tags doron deutsch"
015_015689.mp3,"styles Pop, International, Europe; tags dagos"
015_015690.mp3,"styles Pop, International, Europe; tags dagos"
015_015691.mp3,"styles Pop, International, Europe; tags dagos"
015_015692.mp3,"styles Pop, International, Europe; tags dagos"
015_015694.mp3,"styles Pop, International, Europe; tags dagos"
015_015695.mp3,"styles Pop, Experimental Pop, Synth Pop, Electronic; tags ren vis"
015_015696.mp3,"styles Pop, Experimental Pop, Synth Pop, Electronic; tags ren vis"
015_015697.mp3,"styles Pop, Experimental Pop, Synth Pop, Electronic; tags ren vis"
015_015698.mp3,"styles Pop, Experimental Pop, Synth Pop, Electronic; tags ren vis"
015_015699.mp3,"styles Pop, Experimental Pop, Synth Pop, Electronic; tags ren vis"
015_015700.mp3,"styles Pop, Experimental Pop, Synth Pop, Electronic; tags ren vis"
015_015701.mp3,"styles Pop, Experimental Pop, Synth Pop, Electronic; tags ren vis"
015_015702.mp3,"styles Pop, Experimental Pop, Synth Pop, Electronic; tags ren vis"
015_015703.mp3,"styles Pop, Experimental Pop, Synth Pop, Electronic; tags ren vis"
015_015704.mp3,"styles Pop, Experimental Pop, Synth Pop, Electronic; tags ren vis"
015_015705.mp3,"styles Avant-Garde, Jazz, Experimental, Free-Jazz, Musique Concrete, Improv; tags gitarrenarmee"
015_015706.mp3,"styles Avant-Garde, Jazz, Experimental, Free-Jazz, Musique Concrete, Improv; tags gitarrenarmee"
015_015707.mp3,"styles Avant-Garde, Jazz, Experimental, Free-Jazz, Musique Concrete, Improv; tags gitarrenarmee"
015_015708.mp3,"styles Avant-Garde, Jazz, Experimental, Free-Jazz, Musique Concrete, Improv; tags gitarrenarmee"
015_015709.mp3,"genre Pop; styles Pop, Experimental Pop; tags chichi y los putos del orto"
015_015710.mp3,"genre Pop; styles Pop, Experimental Pop; tags chichi y los putos del orto"
015_015711.mp3,"genre Pop; styles Pop, Experimental Pop; tags chichi y los putos del orto"
015_015712.mp3,"genre Pop; styles Pop, Experimental Pop; tags chichi y los putos del orto"
015_015713.mp3,"styles Noise, Lo-Fi, Rock, Experimental; tags oso el roto"
015_015714.mp3,"styles Noise, Lo-Fi, Rock, Experimental; tags oso el roto"
015_015715.mp3,"styles Noise, Lo-Fi, Rock, Experimental; tags oso el roto"
015_015716.mp3,"styles Noise, Lo-Fi, Rock, Experimental; tags oso el roto"
015_015717.mp3,"styles Noise, Lo-Fi, Rock, Experimental; tags oso el roto"
015_015718.mp3,"styles Noise, Lo-Fi, Rock, Experimental; tags oso el roto"
015_015720.mp3,"styles Pop, Lo-Fi, Rock, Experimental Pop; tags manuel j grotesque"
015_015721.mp3,"styles Avant-Garde, Free-Jazz, Jazz, Experimental; tags flow trio"
015_015722.mp3,"styles Avant-Garde, Rock, Experimental; tags talibam"
015_015729.mp3,"styles Pop, Lo-Fi, Rock, Experimental Pop; tags manuel j grotesque"
015_015730.mp3,"styles Pop, Lo-Fi, Rock, Experimental Pop; tags manuel j grotesque"
015_015732.mp3,"styles Pop, Lo-Fi, Rock, Experimental Pop; tags manuel j grotesque"
015_015733.mp3,"styles Pop, Lo-Fi, Rock, Experimental Pop; tags manuel j grotesque"
015_015734.mp3,"styles Pop, Lo-Fi, Rock, Experimental Pop; tags manuel j grotesque"
015_015735.mp3,"styles Avant-Garde, Rock, Experimental; tags talibam"
015_015736.mp3,"styles Pop, Lo-Fi, Rock, Experimental Pop; tags manuel j grotesque"
015_015737.mp3,"styles Psych-Folk, Country, Americana, Folk, Freak-Folk, Bluegrass; tags the holy modal rounders"
015_015738.mp3,"styles Country, Pop, Americana, Jazz; tags for kids, levitts, bubblegum pop, kid-friendly, sunshine pop, youth performance,"
015_015739.mp3,"styles Avant-Garde, Jazz: Out, Jazz, Jazz: Vocal, Experimental; tags lindha kallerdahl"
015_015740.mp3,genre Electronic; styles Electronic; tags carson day
015_015741.mp3,genre Electronic; styles Electronic; tags carson day
015_015742.mp3,genre Electronic; styles Electronic; tags carson day
015_015743.mp3,genre Electronic; styles Electronic; tags carson day
015_015744.mp3,"styles Avant-Garde, Free-Jazz, Jazz, Experimental; tags the naked future"
015_015745.mp3,genre Electronic; styles Electronic; tags carson day
015_015746.mp3,genre Electronic; styles Electronic; tags carson day
015_015747.mp3,genre Electronic; styles Electronic; tags carson day
015_015748.mp3,genre Electronic; styles Electronic; tags carson day
015_015751.mp3,"styles Avant-Garde, Free-Jazz, Jazz, Experimental; tags totemgt"
015_015752.mp3,"styles Avant-Garde, Free-Jazz, Jazz, Experimental; tags yuganaut"
015_015753.mp3,"styles Avant-Garde, Experimental, Electronic; tags yximalloo"
015_015756.mp3,"genre Rock; styles Punk, Rock, Garage; tags jonny chan and the new dynasty 6"
015_015757.mp3,"genre Rock; styles Punk, Rock, Garage; tags jonny chan and the new dynasty 6"
015_015758.mp3,"genre Rock; styles Punk, Rock, Garage; tags jonny chan and the new dynasty 6"
015_015759.mp3,"genre Rock; styles Punk, Rock, Garage; tags jonny chan and the new dynasty 6"
015_015760.mp3,"genre Rock; styles Punk, Rock, Garage; tags jonny chan and the new dynasty 6"
015_015761.mp3,"genre Rock; styles Punk, Rock, Garage; tags jonny chan and the new dynasty 6"
015_015762.mp3,"genre Rock; styles Punk, Rock, Garage; tags jonny chan and the new dynasty 6"
015_015763.mp3,"genre Jazz; styles Jazz: Out, Jazz; tags barnacled"
015_015764.mp3,"genre Rock; styles Punk, Rock, Garage; tags jonny chan and the new dynasty 6"
015_015765.mp3,"genre Experimental; styles Experimental; tags brooklyn, bing and ruth"
015_015766.mp3,genre Experimental; styles Experimental; tags loren mazzacane connors
015_015767.mp3,genre Experimental; styles Experimental; tags loren mazzacane connors
015_015768.mp3,genre Experimental; styles Experimental; tags loren mazzacane connors
015_015774.mp3,"styles Avant-Garde, Jazz, Experimental; tags bob james trio"
015_015788.mp3,"styles Instrumental, Ambient, Experimental; tags clinical archives, experimental, h stewart"
015_015789.mp3,"styles Instrumental, Ambient, Experimental; tags clinical archives, experimental, h stewart"
015_015790.mp3,"styles Instrumental, Ambient, Experimental; tags clinical archives, experimental, h stewart"
015_015791.mp3,"styles Instrumental, Ambient, Experimental; tags clinical archives, experimental, h stewart"
015_015792.mp3,"styles Instrumental, Ambient, Experimental; tags clinical archives, experimental, h stewart"
015_015793.mp3,"styles Instrumental, Ambient, Experimental; tags clinical archives, experimental, h stewart"
015_015794.mp3,"styles Instrumental, Ambient, Experimental; tags clinical archives, experimental, h stewart"
015_015795.mp3,"styles Instrumental, Ambient, Experimental; tags clinical archives, experimental, h stewart"
015_015798.mp3,genre Experimental; styles Experimental; tags loren mazzacane connors
015_015799.mp3,"styles Psych-Folk, Pop, Rock, Experimental Pop, Folk, Psych-Rock; tags bobb trimble, rock, psych-rock, obscure, psychedelic, psych-folk,"
015_015800.mp3,"styles Psych-Folk, Pop, Rock, Experimental Pop, Folk, Psych-Rock; tags bobb trimble, rock, psych-rock, obscure, psychedelic, psych-folk,"
015_015801.mp3,"styles Psych-Folk, Pop, Rock, Experimental Pop, Folk, Psych-Rock; tags bobb trimble, rock, psych-rock, obscure, psychedelic, psych-folk,"
015_015802.mp3,"styles Psych-Folk, Pop, Rock, Experimental Pop, Folk, Psych-Rock; tags bobb trimble, rock, psych-rock, obscure, psychedelic, psych-folk,"
015_015803.mp3,"styles Psych-Folk, Pop, Rock, Experimental Pop, Folk, Psych-Rock; tags bobb trimble, rock, psych-rock, obscure, psychedelic, psych-folk,"
015_015804.mp3,"genre Spoken; styles Radio, Spoken, Interview; tags bobb trimble, rock, psych-rock, obscure, psychedelic, psych-folk, psych, psychedelia,"
015_015847.mp3,"genre Experimental; styles Avant-Garde, Experimental; tags cooper-moore"
015_015848.mp3,"genre Experimental; styles Avant-Garde, Experimental; tags cooper-moore"
015_015849.mp3,"genre Experimental; styles Avant-Garde, Experimental; tags cooper-moore"
015_015850.mp3,"styles Lo-Fi, Rock, Experimental; tags jesus du dos"
015_015851.mp3,"styles Lo-Fi, Rock, Experimental; tags jesus du dos"
015_015852.mp3,"styles Lo-Fi, Rock, Experimental; tags jesus du dos"
015_015853.mp3,"styles Pop, Experimental Pop, Classical; tags guitar, baritone, strings, le ton mite"
015_015854.mp3,"styles Pop, Experimental Pop, Classical; tags guitar, baritone, strings, le ton mite"
015_015855.mp3,"styles Pop, Experimental Pop, Classical; tags guitar, baritone, strings, le ton mite"
015_015856.mp3,"styles Pop, Experimental Pop, Classical; tags guitar, baritone, strings, le ton mite"
015_015861.mp3,"genre Hip-Hop; styles Hip-Hop; tags hip-hop, the kid daytona, bronx"
015_015872.mp3,"styles Drone, Experimental, Electronic; tags bear bones lay low"
015_015873.mp3,"genre Experimental; styles Experimental; tags clinical archives, electronic, experimental, improvisation, maria grigoryeva"
015_015874.mp3,"genre Experimental; styles Experimental; tags clinical archives, electronic, experimental, improvisation, maria grigoryeva"
015_015875.mp3,"genre Experimental; styles Experimental; tags clinical archives, electronic, experimental, improvisation, maria grigoryeva"
015_015876.mp3,"genre Experimental; styles Experimental; tags clinical archives, electronic, experimental, improvisation, maria grigoryeva"
015_015877.mp3,"genre Experimental; styles Experimental; tags clinical archives, electronic, experimental, improvisation, maria grigoryeva"
015_015878.mp3,"genre Experimental; styles Experimental; tags clinical archives, electronic, experimental, improvisation, maria grigoryeva"
015_015879.mp3,"genre Classical; styles 20th Century Classical, Classical; tags oskar fried"
015_015881.mp3,"styles Psych-Folk, Rock, Folk, Shoegaze; tags silver pines"
015_015882.mp3,"styles Psych-Folk, Rock, Folk, Shoegaze; tags silver pines"
015_015883.mp3,"styles Psych-Folk, Rock, Folk, Shoegaze; tags silver pines"
015_015884.mp3,"styles Psych-Folk, Rock, Folk, Shoegaze; tags silver pines"
015_015885.mp3,"styles Psych-Folk, Rock, Folk, Shoegaze; tags silver pines"
015_015886.mp3,"styles Psych-Folk, Rock, Folk, Shoegaze; tags silver pines"
015_015887.mp3,"styles Noise, Avant-Garde, Jazz, Experimental, Free-Jazz, Improv; tags zloty dawai"
015_015888.mp3,"styles Noise, Avant-Garde, Jazz, Experimental, Free-Jazz, Improv; tags zloty dawai"
015_015889.mp3,"styles Noise, Avant-Garde, Jazz, Experimental, Free-Jazz, Improv; tags zloty dawai"
015_015890.mp3,"styles Noise, Avant-Garde, Jazz, Experimental, Free-Jazz, Improv; tags zloty dawai"
015_015891.mp3,"styles Noise, Avant-Garde, Jazz, Experimental, Free-Jazz, Improv; tags zloty dawai"
015_015892.mp3,"styles Noise, Avant-Garde, Jazz, Experimental, Free-Jazz, Improv; tags zloty dawai"
015_015893.mp3,genre Electronic; styles Electronic; tags khn
015_015894.mp3,genre Electronic; styles Electronic; tags khn
015_015895.mp3,"styles Dance, Disco, Soul-RnB, Electronic, Techno, House; tags nambavan"
015_015896.mp3,"styles Dance, Disco, Soul-RnB, Electronic, Techno, House; tags nambavan"
015_015897.mp3,"styles Dance, Disco, Soul-RnB, Electronic, Techno, House; tags nambavan"
015_015898.mp3,"styles Dance, Disco, Soul-RnB, Electronic, Techno, House; tags nambavan"
015_015899.mp3,"styles Dance, Disco, Soul-RnB, Electronic, Techno, House; tags nambavan"
015_015900.mp3,"styles Dance, Pop, Electronic; tags wm recordings, electropop, happy elf, pop, the netherlands"
015_015901.mp3,"styles Dance, Pop, Electronic; tags wm recordings, electropop, happy elf, pop, the netherlands"
015_015902.mp3,"styles Dance, Pop, Electronic; tags wm recordings, electropop, happy elf, pop, the netherlands"
015_015903.mp3,"styles Dance, Pop, Electronic; tags wm recordings, electropop, happy elf, pop, the netherlands"
015_015904.mp3,"styles Dance, Pop, Electronic; tags wm recordings, electropop, happy elf, pop, the netherlands"
015_015905.mp3,"styles Dance, Pop, Electronic; tags wm recordings, electropop, happy elf, pop, the netherlands"
015_015906.mp3,"styles Dance, Pop, Electronic; tags wm recordings, electropop, happy elf, pop, the netherlands"
015_015907.mp3,"styles Dance, Pop, Electronic; tags wm recordings, electropop, happy elf, pop, the netherlands"
015_015908.mp3,"styles Dance, Pop, Electronic; tags wm recordings, electropop, happy elf, pop, the netherlands"
015_015909.mp3,"styles Dance, Pop, Electronic; tags wm recordings, electropop, happy elf, pop, the netherlands"
015_015910.mp3,"styles Dance, Pop, Electronic; tags wm recordings, electropop, happy elf, pop, the netherlands"
015_015911.mp3,"styles Avant-Garde, Blues, Experimental; tags ignatz, free folk, psychedelic, avant-blues, experimental"
015_015912.mp3,"styles Avant-Garde, Blues, Experimental; tags ignatz, free folk, psychedelic, avant-blues, experimental"
015_015914.mp3,"styles Avant-Garde, Blues, Experimental; tags ignatz, free folk, psychedelic, avant-blues, experimental"
015_015916.mp3,"styles Experimental, Pop, Rock, Experimental Pop, Post-Rock; tags kukkiva kunnas"
015_015917.mp3,"styles Experimental, Pop, Rock, Experimental Pop, Post-Rock; tags kukkiva kunnas"
015_015918.mp3,"styles Experimental, Pop, Rock, Experimental Pop, Post-Rock; tags kukkiva kunnas"
015_015919.mp3,"styles Experimental, Pop, Rock, Experimental Pop, Post-Rock; tags kukkiva kunnas"
015_015920.mp3,"styles Experimental, Pop, Rock, Experimental Pop, Post-Rock; tags kukkiva kunnas"
015_015921.mp3,"styles Experimental, Pop, Rock, Experimental Pop, Post-Rock; tags kukkiva kunnas"
015_015922.mp3,"styles Experimental, Pop, Rock, Experimental Pop, Post-Rock; tags kukkiva kunnas"
015_015923.mp3,"styles Experimental, Pop, Rock, Experimental Pop, Post-Rock; tags kukkiva kunnas"
015_015924.mp3,"styles Avant-Garde, Experimental, Pop, Rock, Experimental Pop, Electronic, Post-Rock; tags kukkiva kunnas"
015_015925.mp3,"styles Avant-Garde, Experimental, Pop, Rock, Experimental Pop, Electronic, Post-Rock; tags kukkiva kunnas"
015_015926.mp3,"styles Avant-Garde, Experimental, Pop, Rock, Experimental Pop, Electronic, Post-Rock; tags kukkiva kunnas"
015_015927.mp3,"styles Avant-Garde, Experimental, Pop, Rock, Experimental Pop, Electronic, Post-Rock; tags kukkiva kunnas"
015_015928.mp3,"styles Avant-Garde, Experimental, Pop, Rock, Experimental Pop, Electronic, Post-Rock; tags kukkiva kunnas"
015_015929.mp3,"styles Avant-Garde, Experimental, Pop, Rock, Experimental Pop, Electronic, Post-Rock; tags kukkiva kunnas"
015_015930.mp3,"styles Avant-Garde, Experimental, Pop, Rock, Experimental Pop, Electronic, Post-Rock; tags kukkiva kunnas"
015_015931.mp3,"styles Avant-Garde, Experimental, Pop, Rock, Experimental Pop, Electronic, Post-Rock; tags kukkiva kunnas"
015_015932.mp3,"styles Experimental, Ambient Electronic, Pop, Experimental Pop, Synth Pop, Electronic; tags kinetic jane"
015_015933.mp3,"styles Experimental, Ambient Electronic, Pop, Experimental Pop, Synth Pop, Electronic; tags kinetic jane"
015_015934.mp3,"styles Experimental, Ambient Electronic, Pop, Experimental Pop, Synth Pop, Electronic; tags kinetic jane"
015_015935.mp3,"styles Experimental, Ambient Electronic, Pop, Experimental Pop, Synth Pop, Electronic; tags kinetic jane"
015_015936.mp3,"styles Experimental, Ambient Electronic, Pop, Experimental Pop, Synth Pop, Electronic; tags kinetic jane"
015_015937.mp3,"styles Experimental, Ambient Electronic, Pop, Experimental Pop, Synth Pop, Electronic; tags kinetic jane"
015_015938.mp3,"styles Experimental, Ambient Electronic, Pop, Experimental Pop, Synth Pop, Electronic; tags kinetic jane"
015_015939.mp3,"styles Experimental, Ambient Electronic, Pop, Experimental Pop, Synth Pop, Electronic; tags kinetic jane"
015_015940.mp3,"styles Experimental, Ambient Electronic, Pop, Experimental Pop, Synth Pop, Electronic; tags kinetic jane"
015_015941.mp3,"genre Electronic; styles Ambient Electronic, Electronic; tags driven like the snow"
015_015943.mp3,"styles Folk, Lo-Fi, Rock, Shoegaze; tags rivulets"
015_015945.mp3,"styles Folk, Lo-Fi, Rock, Shoegaze; tags rivulets"
015_015946.mp3,"styles Folk, Lo-Fi, Rock, Shoegaze; tags rivulets"
015_015947.mp3,"styles Folk, Lo-Fi, Rock, Shoegaze; tags rivulets"
015_015948.mp3,"styles Folk, Lo-Fi, Rock, Shoegaze; tags rivulets"
015_015950.mp3,"styles Folk, Lo-Fi, Rock, Shoegaze; tags rivulets"
015_015951.mp3,"genre Electronic; styles Techno, Electronic; tags vernon lenoir"
015_015952.mp3,"styles Dance, Pop, Electronic; tags sminky"
015_015953.mp3,"styles Dance, Pop, Electronic; tags sminky"
015_015954.mp3,"styles Dance, Pop, Electronic; tags sminky"
015_015955.mp3,"styles Dance, Pop, Electronic; tags sminky"
015_015956.mp3,"styles Dance, Pop, Electronic; tags sminky"
015_015957.mp3,"styles Dance, Pop, Electronic; tags sminky"
015_015958.mp3,"styles Dance, Pop, Electronic; tags sminky"
015_015959.mp3,"styles Dance, Pop, Electronic; tags sminky"
015_015969.mp3,"genre Electronic; styles Dance, Techno, Electronic; tags dance, chill-out, electronic, downtempo, gorowski"
015_015971.mp3,"styles Dance, Pop, Electronic; tags wm recordings, electropop, happy elf, pop, the netherlands"
015_015972.mp3,"styles Dance, Pop, Electronic; tags kinley caliper"
015_015973.mp3,"styles Dance, Pop, Electronic; tags phil reavis, guitar"
015_015974.mp3,"styles Dance, Pop, Electronic; tags flexor"
015_015975.mp3,"styles Dance, Pop, Electronic; tags cobson"
015_015977.mp3,"styles Dance, Pop, Electronic; tags century of aeroplanes"
015_015978.mp3,"styles Dance, Pop, Electronic; tags anton oosterwijk"
015_015979.mp3,"styles Dance, Pop, Electronic; tags music for podcasts, podsafe, ambient, podcast, synthwave, library music, instrumental, retrowave,"
015_015980.mp3,"styles Dance, Pop, Electronic; tags romme bilger hanns ahring"
015_015981.mp3,"styles Dance, Pop, Electronic; tags nambavan"
015_015982.mp3,"styles Dance, Pop, Electronic; tags troy"
015_015983.mp3,"styles Dance, Pop, Electronic; tags sid peacock"
015_015984.mp3,"styles Dance, Pop, Electronic; tags stefan van den hout"
015_015987.mp3,"genre Electronic; styles Techno, Electronic; tags vernon lenoir"
015_015990.mp3,"genre Electronic; styles Techno, Electronic; tags vernon lenoir"
015_015998.mp3,"styles Ambient Electronic, Ambient, Electronic, Instrumental, Minimal Electronic; tags century of aeroplanes"
015_015999.mp3,"styles Ambient Electronic, Ambient, Electronic, Instrumental, Minimal Electronic; tags century of aeroplanes"
016_016000.mp3,"styles Ambient Electronic, Ambient, Electronic, Instrumental, Minimal Electronic; tags century of aeroplanes"
016_016001.mp3,"styles Ambient Electronic, Ambient, Electronic, Instrumental, Minimal Electronic; tags century of aeroplanes"
016_016002.mp3,"styles Ambient Electronic, Ambient, Electronic, Instrumental, Minimal Electronic; tags century of aeroplanes"
016_016003.mp3,"styles Ambient Electronic, Ambient, Electronic, Instrumental, Minimal Electronic; tags century of aeroplanes"
016_016004.mp3,"styles Ambient Electronic, Ambient, Electronic, Instrumental, Minimal Electronic; tags century of aeroplanes"
016_016005.mp3,"styles Ambient Electronic, Ambient, Electronic, Instrumental, Minimal Electronic; tags century of aeroplanes"
016_016006.mp3,"styles Ambient Electronic, Ambient, Electronic, Instrumental, Minimal Electronic; tags century of aeroplanes"
016_016007.mp3,"styles Ambient Electronic, Ambient, Electronic, Instrumental, Minimal Electronic; tags century of aeroplanes"
016_016008.mp3,"styles Ambient Electronic, Ambient, Electronic, Instrumental, Minimal Electronic; tags century of aeroplanes"
016_016009.mp3,"styles Ambient Electronic, Ambient, Electronic, Instrumental, Minimal Electronic; tags century of aeroplanes"
016_016010.mp3,"styles Sound Collage, Experimental, Spoken, Sound Poetry, Poetry; tags mellsch"
016_016011.mp3,"styles Sound Collage, Experimental, Spoken, Sound Poetry, Poetry; tags mellsch"
016_016012.mp3,"styles Sound Collage, Experimental, Spoken, Sound Poetry, Poetry; tags mellsch"
016_016013.mp3,"styles Sound Collage, Experimental, Spoken, Sound Poetry, Poetry; tags mellsch"
016_016014.mp3,"styles Sound Collage, Experimental, Spoken, Sound Poetry, Poetry; tags mellsch"
016_016015.mp3,"styles Sound Collage, Experimental, Spoken, Sound Poetry, Poetry; tags mellsch"
016_016016.mp3,"styles Pop, Disco, Soul-RnB, Synth Pop; tags dr sjaak"
016_016017.mp3,"styles Pop, Disco, Soul-RnB, Synth Pop; tags dr sjaak"
016_016018.mp3,"styles Pop, Disco, Soul-RnB, Synth Pop; tags dr sjaak"
016_016019.mp3,"styles Pop, Disco, Soul-RnB, Synth Pop; tags dr sjaak"
016_016020.mp3,"styles Pop, Disco, Soul-RnB, Synth Pop; tags dr sjaak"
016_016021.mp3,"styles Pop, Disco, Soul-RnB, Synth Pop; tags dr sjaak"
016_016022.mp3,"styles Pop, Disco, Soul-RnB, Synth Pop; tags dr sjaak"
016_016029.mp3,"genre Electronic; styles Glitch, Electronic; tags tuk"
016_016030.mp3,genre Electronic; styles Electronic; tags sote
016_016031.mp3,genre Electronic; styles Electronic; tags sote
016_016032.mp3,genre Electronic; styles Electronic; tags sote
016_016033.mp3,genre Electronic; styles Electronic; tags sote
016_016035.mp3,"styles Novelty, Experimental, Electronic, Sound Effects, Glitch, Holiday; tags tuk"
016_016037.mp3,"styles Experimental, Psych-Folk, Folk, Drone; tags silvester anfang"
016_016038.mp3,"styles Folk, Experimental, Electroacoustic; tags toy instruments, kiila"
016_016039.mp3,"styles Folk, Experimental, Electroacoustic; tags toy instruments, kiila"
016_016041.mp3,"styles Improv, Experimental, Electronic; tags finland, psych-folk, free-folk, finnish underground, es sami snpkkil"
016_016042.mp3,"genre Pop; styles Pop, Experimental Pop; tags wio"
016_016043.mp3,"genre Pop; styles Pop, Experimental Pop; tags wio"
016_016044.mp3,"genre Electronic; styles Minimal Electronic, Electronic; tags shifts"
016_016052.mp3,"genre Electronic; styles Chip Music, Techno, Electronic; tags starpause"
016_016058.mp3,"Early this morning I heard somebody calling me, It wasn't my baby, that black snake's biting"
016_016061.mp3,"genre Rock; styles Post-Rock, Rock, Indie-Rock; tags de portables"
016_016062.mp3,"genre Rock; styles Post-Rock, Rock, Indie-Rock; tags de portables"
016_016063.mp3,"genre Rock; styles Post-Rock, Rock, Indie-Rock; tags de portables"
016_016094.mp3,"genre Pop; styles Pop, Experimental Pop; tags megachurch"
016_016096.mp3,"genre Pop; styles Pop, Experimental Pop; tags megachurch"
016_016098.mp3,"genre Pop; styles Pop, Experimental Pop; tags megachurch"
016_016100.mp3,"styles Pop, Disco, Soul-RnB, Synth Pop; tags dr sjaak"
016_016101.mp3,"styles Pop, Disco, Soul-RnB, Synth Pop; tags dr sjaak"
016_016102.mp3,"styles Pop, Disco, Soul-RnB, Synth Pop; tags dr sjaak"
016_016103.mp3,"styles Pop, Disco, Soul-RnB, Synth Pop; tags dr sjaak"
016_016104.mp3,"styles Pop, Disco, Soul-RnB, Synth Pop; tags dr sjaak"
016_016105.mp3,"styles Pop, Disco, Soul-RnB, Synth Pop; tags dr sjaak"
016_016106.mp3,"styles Pop, Disco, Soul-RnB, Synth Pop; tags dr sjaak"
016_016107.mp3,"styles Pop, Disco, Soul-RnB, Synth Pop; tags dr sjaak"
016_016108.mp3,"styles Pop, Disco, Soul-RnB, Synth Pop; tags dr sjaak"
016_016109.mp3,"styles Pop, Disco, Soul-RnB, Synth Pop; tags dr sjaak"
016_016110.mp3,"styles Pop, Disco, Soul-RnB, Synth Pop; tags dr sjaak"
016_016111.mp3,"styles Pop, Disco, Soul-RnB, Synth Pop; tags dr sjaak"
016_016112.mp3,"styles Pop, Disco, Soul-RnB, Synth Pop; tags dr sjaak"
016_016113.mp3,"styles Pop, Disco, Soul-RnB, Synth Pop; tags dr sjaak"
016_016114.mp3,"styles Pop, Disco, Soul-RnB, Synth Pop; tags dr sjaak"
016_016115.mp3,"styles International, Europe, Jazz, Jazz: Vocal, Pop; tags bacco baccanels"
016_016116.mp3,"styles International, Europe, Jazz, Jazz: Vocal, Pop; tags bacco baccanels"
016_016117.mp3,"styles International, Europe, Jazz, Jazz: Vocal, Pop; tags bacco baccanels"
016_016118.mp3,"styles International, Europe, Jazz, Jazz: Vocal, Pop; tags bacco baccanels"
016_016119.mp3,"styles International, Europe, Jazz, Jazz: Vocal, Pop; tags bacco baccanels"
016_016120.mp3,"styles International, Europe, Jazz, Jazz: Vocal, Pop; tags bacco baccanels"
016_016121.mp3,"styles International, Europe, Jazz, Jazz: Vocal, Pop; tags bacco baccanels"
016_016122.mp3,"styles International, Europe, Jazz, Jazz: Vocal, Pop; tags bacco baccanels"
016_016123.mp3,"styles International, Europe, Jazz, Jazz: Vocal, Pop; tags bacco baccanels"
016_016124.mp3,"styles International, Europe, Jazz, Jazz: Vocal, Pop; tags bacco baccanels"
016_016125.mp3,genre Electronic; styles Electronic; tags bubbles
016_016126.mp3,genre Electronic; styles Electronic; tags bubbles
016_016128.mp3,genre Electronic; styles Electronic; tags bubbles
016_016129.mp3,"styles Avant-Garde, Experimental, Pop, Rock, Loud-Rock, Experimental Pop, Noise-Rock; tags rusty toolkit"
016_016130.mp3,"styles Avant-Garde, Experimental, Pop, Rock, Loud-Rock, Experimental Pop, Noise-Rock; tags rusty toolkit"
016_016131.mp3,"styles Avant-Garde, Experimental, Pop, Rock, Loud-Rock, Experimental Pop, Noise-Rock; tags rusty toolkit"
016_016132.mp3,"styles Avant-Garde, Experimental, Pop, Rock, Loud-Rock, Experimental Pop, Noise-Rock; tags rusty toolkit"
016_016133.mp3,"styles Avant-Garde, Experimental, Pop, Rock, Loud-Rock, Experimental Pop, Noise-Rock; tags rusty toolkit"
016_016134.mp3,"styles Avant-Garde, Experimental, Pop, Rock, Loud-Rock, Experimental Pop, Noise-Rock; tags rusty toolkit"
016_016135.mp3,"styles Experimental, Ambient Electronic, Ambient, Electronic, Instrumental, Minimal Electronic; tags music for podcasts, podsafe, ambient, podcast,"
016_016136.mp3,"styles Experimental, Ambient Electronic, Ambient, Electronic, Instrumental, Minimal Electronic; tags music for podcasts, podsafe, ambient, podcast,"
016_016137.mp3,"styles Experimental, Ambient Electronic, Ambient, Electronic, Instrumental, Minimal Electronic; tags music for podcasts, podsafe, ambient, podcast,"
016_016160.mp3,"genre Electronic; styles Electronic; tags bg, scrambled mache"
016_016166.mp3,"styles Musique Concrete, Experimental, Electronic; tags noise, marko and myky, electronic"
016_016167.mp3,"styles Musique Concrete, Experimental, Electronic; tags noise, marko and myky, electronic"
016_016168.mp3,"styles Musique Concrete, Experimental, Electronic; tags noise, marko and myky, electronic"
016_016169.mp3,"styles Musique Concrete, Experimental, Electronic; tags noise, marko and myky, electronic"
016_016170.mp3,"styles Musique Concrete, Experimental, Electronic; tags noise, marko and myky, electronic"
016_016171.mp3,"styles Musique Concrete, Experimental, Electronic; tags noise, marko and myky, electronic"
016_016172.mp3,"styles Noise, Experimental, Ambient, Drone, Electronic, Instrumental, Musique Concrete; tags electronic, salakapakka sound system"
016_016173.mp3,"styles Noise, Experimental, Ambient, Drone, Electronic, Instrumental, Musique Concrete; tags electronic, salakapakka sound system"
016_016174.mp3,"styles Noise, Experimental, Ambient, Drone, Electronic, Instrumental, Musique Concrete; tags electronic, salakapakka sound system"
016_016175.mp3,"styles Noise, Experimental, Ambient, Drone, Electronic, Instrumental, Musique Concrete; tags electronic, salakapakka sound system"
016_016176.mp3,"styles Noise, Experimental, Ambient, Drone, Electronic, Instrumental, Musique Concrete; tags electronic, salakapakka sound system"
016_016177.mp3,"styles Noise, Experimental, Ambient, Drone, Electronic, Instrumental, Musique Concrete; tags electronic, salakapakka sound system"
016_016178.mp3,"styles Noise, Experimental, Ambient, Drone, Electronic, Instrumental, Musique Concrete; tags electronic, salakapakka sound system"
016_016179.mp3,"styles Noise, Experimental, Ambient, Drone, Electronic, Instrumental, Musique Concrete; tags electronic, salakapakka sound system"
016_016180.mp3,"genre Rock; styles Punk, Rock, No Wave; tags the sediment club"
016_016182.mp3,"genre Rock; styles Punk, Rock, No Wave; tags the sediment club"
016_016185.mp3,"genre Rock; styles Punk, Rock, No Wave; tags the sediment club"
016_016187.mp3,"genre Rock; styles Punk, Rock, No Wave; tags the sediment club"
016_016189.mp3,"genre Rock; styles Punk, Rock, No Wave; tags the sediment club"
016_016191.mp3,"genre Rock; styles Punk, Rock, No Wave; tags the sediment club"
016_016192.mp3,"genre Rock; styles Punk, Rock, No Wave; tags the sediment club"
016_016193.mp3,"genre Rock; styles Punk, Rock, No Wave; tags the sediment club"
016_016194.mp3,"genre Experimental; styles Avant-Garde, Experimental, Drone; tags new zealand, greg malcolm"
016_016213.mp3,"styles Electro-Punk, Indie-Rock, Krautrock, Pop, Rock, Experimental Pop, Electronic, Punk; tags rockformation diskokugel"
016_016214.mp3,"styles Electro-Punk, Indie-Rock, Krautrock, Pop, Rock, Experimental Pop, Electronic, Punk; tags jj jones"
016_016215.mp3,"styles Electro-Punk, Indie-Rock, Krautrock, Pop, Rock, Experimental Pop, Electronic, Punk; tags andrea donau"
016_016216.mp3,"styles Electro-Punk, Indie-Rock, Krautrock, Pop, Rock, Experimental Pop, Electronic, Punk; tags saskia von klitzing"
016_016217.mp3,"styles Electro-Punk, Indie-Rock, Krautrock, Pop, Rock, Experimental Pop, Electronic, Punk; tags kiesgroup"
016_016218.mp3,"styles Electro-Punk, Indie-Rock, Krautrock, Pop, Rock, Experimental Pop, Electronic, Punk; tags helge hiller"
016_016219.mp3,"styles Electro-Punk, Indie-Rock, Krautrock, Pop, Rock, Experimental Pop, Electronic, Punk; tags kuenstler treu"
016_016220.mp3,"styles Electro-Punk, Indie-Rock, Krautrock, Pop, Rock, Experimental Pop, Electronic, Punk; tags les eves nouvelles"
016_016221.mp3,"styles Electro-Punk, Indie-Rock, Krautrock, Pop, Rock, Experimental Pop, Electronic, Punk; tags popeye experience"
016_016222.mp3,"styles Electro-Punk, Indie-Rock, Krautrock, Pop, Rock, Experimental Pop, Electronic, Punk; tags germany, ton rckert"
016_016223.mp3,"styles Dance, Disco, Soul-RnB, Electronic, Techno, House; tags nambavan"
016_016224.mp3,"styles Dance, Disco, Soul-RnB, Electronic, Techno, House; tags nambavan"
016_016225.mp3,"styles Dance, Disco, Soul-RnB, Electronic, Techno, House; tags nambavan"
016_016226.mp3,"styles Dance, Disco, Soul-RnB, Electronic, Techno, House; tags nambavan"
016_016227.mp3,"styles Dance, Disco, Soul-RnB, Electronic, Techno, House; tags nambavan"
016_016228.mp3,"styles Dance, Disco, Soul-RnB, Electronic, Techno, House; tags nambavan"
016_016229.mp3,"styles Dance, Disco, Soul-RnB, Electronic, Techno, House; tags nambavan"
016_016230.mp3,"styles Dance, Disco, Soul-RnB, Electronic, Techno, House; tags nambavan"
016_016231.mp3,"styles Dance, Disco, Soul-RnB, Electronic, Techno, House; tags nambavan"
016_016233.mp3,"genre Jazz; styles Free-Jazz, Jazz, Jazz: Vocal; tags sid peacock"
016_016234.mp3,"genre Jazz; styles Free-Jazz, Jazz, Jazz: Vocal; tags sid peacock"
016_016236.mp3,"genre Jazz; styles Free-Jazz, Jazz, Jazz: Vocal; tags sid peacock"
016_016240.mp3,"styles Pop, Experimental Pop, Electronic; tags khn and de portables"
016_016241.mp3,genre Folk; styles Folk; tags kiss the anus of a black cat
016_016242.mp3,genre Folk; styles Folk; tags kiss the anus of a black cat
016_016243.mp3,"genre Electronic; styles Glitch, Electronic; tags ovil bianca"
016_016244.mp3,"styles Dance, Pop, Experimental Pop, Electronic; tags daghoti"
016_016245.mp3,"styles Dance, Pop, Experimental Pop, Electronic; tags daghoti"
016_016246.mp3,"styles Dance, Pop, Experimental Pop, Electronic; tags daghoti"
016_016247.mp3,"styles Dance, Pop, Experimental Pop, Electronic; tags daghoti"
016_016248.mp3,"styles Dance, Pop, Experimental Pop, Electronic; tags daghoti"
016_016249.mp3,"styles Dance, Pop, Experimental Pop, Electronic; tags daghoti"
016_016250.mp3,"styles Dance, Pop, Experimental Pop, Electronic; tags daghoti"
016_016251.mp3,"styles Dance, Pop, Experimental Pop, Electronic; tags daghoti"
016_016252.mp3,"styles Dance, Pop, Experimental Pop, Electronic; tags daghoti"
016_016253.mp3,"styles Dance, Pop, Experimental Pop, Electronic; tags daghoti"
016_016254.mp3,"styles Dance, Pop, Experimental Pop, Electronic; tags daghoti"
016_016255.mp3,"genre Experimental; styles Avant-Garde, Experimental; tags toss"
016_016256.mp3,"genre Electronic; styles Glitch, Electronic; tags pimmon"
016_016264.mp3,"genre Rock; styles Rock, Industrial; tags clinical archives, industrial, daina dieva svart1"
016_016265.mp3,"styles Free-Jazz, Improv, Jazz, Experimental; tags cooper-moore"
016_016266.mp3,"styles Free-Jazz, Improv, Jazz, Experimental; tags cooper-moore"
016_016267.mp3,"styles Free-Jazz, Improv, Jazz, Experimental; tags cooper-moore"
016_016268.mp3,"styles Free-Jazz, Improv, Jazz, Experimental; tags cooper-moore"
016_016270.mp3,"styles Free-Jazz, Improv, Jazz, Experimental; tags cooper-moore"
016_016271.mp3,genre Classical; styles Classical; tags felix weingartner
016_016273.mp3,"genre Experimental; styles Sound Collage, Avant-Garde, Experimental, Musique Concrete; tags gen ken montgomery and monty cantsin"
016_016274.mp3,"genre Experimental; styles Sound Collage, Avant-Garde, Experimental, Musique Concrete; tags gen ken montgomery and monty cantsin"
016_016275.mp3,"genre Experimental; styles Sound Collage, Avant-Garde, Experimental, Musique Concrete; tags gen ken montgomery and monty cantsin"
016_016276.mp3,"genre Experimental; styles Sound Collage, Avant-Garde, Experimental, Musique Concrete; tags gen ken montgomery and monty cantsin"
016_016277.mp3,genre Classical; styles Classical; tags michal hambourg
016_016278.mp3,"styles Free-Jazz, Improv, Jazz, Experimental; tags cooper-moore"
016_016279.mp3,"styles Jazz: Out, Jazz, Experimental, No Wave, Rock, Punk; tags zs"
016_016280.mp3,"styles Jazz: Out, Jazz, Experimental, No Wave, Rock, Punk; tags zs"
016_016281.mp3,"genre Experimental; styles Electroacoustic, Improv, Experimental; tags karen stackpole"
016_016282.mp3,"genre Experimental; styles Electroacoustic, Improv, Experimental; tags karen stackpole"
016_016283.mp3,"genre Experimental; styles Electroacoustic, Improv, Experimental; tags karen stackpole"
016_016284.mp3,"genre Experimental; styles Electroacoustic, Improv, Experimental; tags karen stackpole"
016_016285.mp3,"genre Experimental; styles Electroacoustic, Improv, Experimental; tags karen stackpole"
016_016286.mp3,genre Classical; styles Classical; tags ferruccio busoni
016_016290.mp3,"genre Rock; styles Punk, Rock, Garage; tags after party"
016_016291.mp3,"genre Rock; styles Punk, Rock, Garage; tags after party"
016_016292.mp3,"genre Rock; styles Punk, Rock, Garage; tags after party"
016_016293.mp3,"genre Rock; styles Punk, Rock, Garage; tags after party"
016_016294.mp3,"genre Rock; styles Punk, Rock, Garage; tags after party"
016_016295.mp3,"genre Rock; styles Punk, Rock, Garage; tags after party"
016_016297.mp3,"genre Rock; styles Punk, Rock, Garage; tags after party"
016_016299.mp3,"genre International; styles International, Indian; tags ashok pathak"
016_016301.mp3,"styles Old-Time / Historic, Blues; tags reverend gary davis"
016_016302.mp3,"genre Rock; styles Punk, Rock, Garage; tags after party"
016_016304.mp3,"styles Old-Time / Historic, Blues; tags blind lemon jefferson"
016_016306.mp3,"genre Rock; styles Rock, Garage; tags dan melchior und das menace"
016_016307.mp3,"genre Rock; styles Rock, Garage; tags dan melchior und das menace"
016_016308.mp3,"genre Rock; styles Rock, Garage; tags dan melchior und das menace"
016_016309.mp3,"genre Rock; styles Rock, Garage; tags dan melchior und das menace"
016_016310.mp3,"genre Rock; styles Rock, Garage; tags dan melchior und das menace"
016_016311.mp3,"genre Rock; styles Rock, Garage; tags dan melchior und das menace"
016_016312.mp3,"genre Spoken; styles Radio, Spoken, Interview; tags dan melchiors broke revue"
016_016314.mp3,"genre Rock; styles Rock, Garage; tags dan melchiors broke revue"
016_016315.mp3,"genre Rock; styles Rock, Garage; tags dan melchiors broke revue"
016_016316.mp3,"genre Rock; styles Rock, Garage; tags dan melchiors broke revue"
016_016317.mp3,"genre Rock; styles Rock, Garage; tags dan melchiors broke revue"
016_016318.mp3,"genre Rock; styles Rock, Garage; tags dan melchiors broke revue"
016_016319.mp3,"genre Rock; styles Rock, Garage; tags dan melchiors broke revue"
016_016320.mp3,"genre Rock; styles Rock, Garage; tags dan melchiors broke revue"
016_016321.mp3,"genre Rock; styles Rock, Garage; tags dan melchiors broke revue"
016_016322.mp3,"genre Spoken; styles Radio, Spoken, Interview; tags dan melchior"
016_016323.mp3,"genre Rock; styles Rock, Garage; tags dan melchior"
016_016324.mp3,"genre Rock; styles Rock, Garage; tags dan melchior"
016_016325.mp3,"genre Rock; styles Rock, Garage; tags dan melchior"
016_016326.mp3,"genre Spoken; styles Radio, Spoken, Interview; tags dan melchior"
016_016327.mp3,"genre Rock; styles Rock, Garage; tags dan melchior"
016_016328.mp3,"genre Rock; styles Rock, Garage; tags dan melchior"
016_016329.mp3,"genre Rock; styles Rock, Garage; tags dan melchior"
016_016330.mp3,"genre Spoken; styles Radio, Spoken, Interview; tags dan melchior"
016_016331.mp3,"genre Rock; styles Rock, Garage; tags dan melchior"
016_016332.mp3,"genre Rock; styles Rock, Garage; tags dan melchior"
016_016333.mp3,"genre Rock; styles Rock, Garage; tags dan melchior"
016_016335.mp3,"genre International; styles International, Asia-Far East; tags lo ka ping"
016_016356.mp3,"genre Classical; styles 20th Century Classical, Classical; tags paul jacobs"
016_016379.mp3,genre Old-Time / Historic; styles Old-Time / Historic; tags arthur collins and byron g harlan
016_016396.mp3,genre Classical; styles Classical; tags feodor chaliapin
016_016397.mp3,genre Classical; styles Classical; tags bruno walter
016_016407.mp3,"Edison 3497 4-minute cylinder 1918; styles Old-Time / Historic, Spoken; tags premier quartet and company"
016_016420.mp3,genre Classical; styles Classical; tags ferruccio busoni
016_016440.mp3,genre Experimental; styles Experimental; tags nadja
016_016446.mp3,"styles Noise, Free-Jazz, Jazz, Experimental; tags total system failure"
016_016447.mp3,"genre Jazz; styles Free-Jazz, Jazz; tags radon, steve mackay and the blue prostitutes"
016_016451.mp3,"genre Jazz; styles Free-Jazz, Jazz; tags radon, steve mackay and the blue prostitutes"
016_016453.mp3,"styles Indie-Rock, Experimental, Pop, Synth Pop, Rock, Experimental Pop; tags 3 bears quartet feat eor"
016_016454.mp3,"styles Indie-Rock, Experimental, Pop, Synth Pop, Rock, Experimental Pop; tags eor feat luka"
016_016455.mp3,"styles Indie-Rock, Experimental, Pop, Synth Pop, Rock, Experimental Pop; tags gjo"
016_016456.mp3,"styles Indie-Rock, Experimental, Pop, Synth Pop, Rock, Experimental Pop; tags yamil burguener"
016_016457.mp3,"styles Indie-Rock, Experimental, Pop, Synth Pop, Rock, Experimental Pop; tags monodei"
016_016458.mp3,"styles Indie-Rock, Experimental, Pop, Synth Pop, Rock, Experimental Pop; tags jerry king musser"
016_016459.mp3,"styles Indie-Rock, Experimental, Pop, Synth Pop, Rock, Experimental Pop; tags xavi marx"
016_016460.mp3,"styles Indie-Rock, Experimental, Pop, Synth Pop, Rock, Experimental Pop; tags bad duck l"
016_016461.mp3,"styles Indie-Rock, Experimental, Pop, Synth Pop, Rock, Experimental Pop; tags escha"
016_016462.mp3,"styles Indie-Rock, Experimental, Pop, Synth Pop, Rock, Experimental Pop; tags derkopf"
016_016463.mp3,"styles Indie-Rock, Experimental, Pop, Synth Pop, Rock, Experimental Pop; tags gjo"
016_016464.mp3,"styles Indie-Rock, Experimental, Pop, Synth Pop, Rock, Experimental Pop; tags family perez-hita"
016_016482.mp3,"styles Noise, Experimental, Electronic; tags computer jesus refrigerator"
016_016492.mp3,"styles Noise, Experimental, Ambient, Drone, Electronic, Instrumental, Musique Concrete; tags electronic, salakapakka sound system"
016_016493.mp3,"styles Noise, Experimental, Ambient, Drone, Electronic, Instrumental, Musique Concrete; tags electronic, salakapakka sound system"
016_016495.mp3,"styles Noise, Experimental, Ambient, Drone, Electronic, Instrumental, Musique Concrete; tags electronic, salakapakka sound system"
016_016496.mp3,"styles Noise, Experimental, Ambient, Drone, Electronic, Instrumental, Musique Concrete; tags electronic, salakapakka sound system"
016_016506.mp3,"styles Musique Concrete, Experimental, Electronic; tags electronic, salakapakka sound system"
016_016507.mp3,"styles Musique Concrete, Experimental, Electronic; tags electronic, salakapakka sound system"
016_016508.mp3,"styles Musique Concrete, Experimental, Electronic; tags electronic, salakapakka sound system"
016_016509.mp3,"styles Musique Concrete, Experimental, Electronic; tags electronic, salakapakka sound system"
016_016510.mp3,"styles Musique Concrete, Experimental, Electronic; tags electronic, salakapakka sound system"
016_016511.mp3,"genre Classical; styles 20th Century Classical, Classical; tags andr marchal"
016_016512.mp3,genre Classical; styles Classical; tags leo sirota
016_016513.mp3,genre Classical; styles Classical; tags bruno walter
016_016514.mp3,"styles Noise, Avant-Garde, Experimental, Electronic; tags terry douglas"
016_016515.mp3,"styles Noise, Avant-Garde, Experimental, Electronic; tags terry douglas"
016_016516.mp3,"styles Noise, Avant-Garde, Experimental, Electronic; tags terry douglas"
016_016517.mp3,"styles Noise, Avant-Garde, Experimental, Electronic; tags terry douglas"
016_016518.mp3,"styles Noise, Avant-Garde, Experimental, Electronic; tags terry douglas"
016_016519.mp3,"styles Noise, Avant-Garde, Experimental, Electronic; tags terry douglas"
016_016520.mp3,"styles Noise, Avant-Garde, Experimental, Electronic; tags terry douglas"
016_016534.mp3,genre Hip-Hop; styles Hip-Hop; tags arie b
016_016535.mp3,genre Hip-Hop; styles Hip-Hop; tags arie b
016_016536.mp3,"styles Folk, Pop, Experimental Pop, Singer-Songwriter; tags the subhuman"
016_016537.mp3,"styles Folk, Pop, Experimental Pop, Singer-Songwriter; tags the subhuman"
016_016538.mp3,"styles Folk, Pop, Experimental Pop, Singer-Songwriter; tags the subhuman"
016_016539.mp3,"styles Folk, Pop, Experimental Pop, Singer-Songwriter; tags the subhuman"
016_016540.mp3,"styles Folk, Pop, Experimental Pop, Singer-Songwriter; tags the subhuman"
016_016541.mp3,"styles Folk, Pop, Experimental Pop, Singer-Songwriter; tags the subhuman"
016_016542.mp3,"styles Folk, Pop, Experimental Pop, Singer-Songwriter; tags the subhuman"
016_016543.mp3,"styles Folk, Pop, Experimental Pop, Singer-Songwriter; tags the subhuman"
016_016544.mp3,"styles Folk, Pop, Experimental Pop, Singer-Songwriter; tags the subhuman"
016_016555.mp3,"genre Electronic; styles Ambient Electronic, Electronic; tags arastoo"
016_016557.mp3,"genre Electronic; styles Ambient Electronic, Electronic; tags arastoo"
016_016558.mp3,"genre Electronic; styles Ambient Electronic, Electronic; tags arastoo"
016_016559.mp3,"genre Electronic; styles Ambient Electronic, Electronic; tags arastoo"
016_016560.mp3,"genre Electronic; styles Ambient Electronic, Electronic; tags arastoo"
016_016561.mp3,"genre Electronic; styles Ambient Electronic, Electronic; tags arastoo"
016_016567.mp3,"genre Experimental; styles Avant-Garde, Experimental; tags to live and shave in la"
016_016568.mp3,"genre Experimental; styles Avant-Garde, Experimental; tags to live and shave in la"
016_016569.mp3,"genre Experimental; styles Avant-Garde, Experimental; tags to live and shave in la"
016_016570.mp3,"genre Experimental; styles Avant-Garde, Experimental; tags to live and shave in la"
016_016571.mp3,"genre Experimental; styles Avant-Garde, Experimental; tags to live and shave in la"
016_016572.mp3,"genre Experimental; styles Avant-Garde, Experimental; tags to live and shave in la"
016_016573.mp3,"genre Experimental; styles Avant-Garde, Experimental; tags to live and shave in la"
016_016574.mp3,"genre Experimental; styles Avant-Garde, Experimental; tags to live and shave in la"
016_016575.mp3,"genre Experimental; styles Avant-Garde, Experimental; tags to live and shave in la"
016_016576.mp3,"genre Electronic; styles Chip Music, Electronic"
016_016577.mp3,"genre Electronic; styles Chip Music, Electronic"
016_016578.mp3,"genre Electronic; styles Chip Music, Electronic"
016_016579.mp3,"genre Electronic; styles Chip Music, Electronic"
016_016593.mp3,"styles Minimal Electronic, Electroacoustic, Experimental, Electronic; tags electroacoustic, electronic, minimal electronic, spain, tape"
016_016594.mp3,"styles Minimal Electronic, Electroacoustic, Experimental, Electronic; tags electroacoustic, electronic, minimal electronic, spain, tape"
016_016595.mp3,"styles Minimal Electronic, Electroacoustic, Experimental, Electronic; tags electroacoustic, electronic, minimal electronic, spain, tape"
016_016596.mp3,"styles Minimal Electronic, Electroacoustic, Experimental, Electronic; tags electroacoustic, electronic, minimal electronic, spain, tape"
016_016597.mp3,"styles Dance, Disco, Soul-RnB, Electronic, Techno, House; tags nambavan"
016_016598.mp3,"styles Dance, Disco, Soul-RnB, Electronic, Techno, House; tags nambavan"
016_016599.mp3,"styles Dance, Disco, Soul-RnB, Electronic, Techno, House; tags nambavan"
016_016600.mp3,"styles Dance, Disco, Soul-RnB, Electronic, Techno, House; tags nambavan"
016_016601.mp3,"styles Pop, Experimental Pop, Synth Pop, Electronic; tags ren vis"
016_016602.mp3,"styles Pop, Experimental Pop, Synth Pop, Electronic; tags ren vis"
016_016603.mp3,"styles Pop, Experimental Pop, Synth Pop, Electronic; tags ren vis"
016_016604.mp3,"styles Pop, Experimental Pop, Synth Pop, Electronic; tags ren vis"
016_016605.mp3,"styles Pop, Experimental Pop, Synth Pop, Electronic; tags ren vis"
016_016606.mp3,"styles Pop, Experimental Pop, Synth Pop, Electronic; tags ren vis"
016_016607.mp3,"styles Pop, Experimental Pop, Synth Pop, Electronic; tags ren vis"
016_016608.mp3,"styles Pop, Experimental Pop, Synth Pop, Electronic; tags ren vis"
016_016609.mp3,"styles Pop, Experimental Pop, Synth Pop, Electronic; tags ren vis"
016_016618.mp3,"styles Alternative Hip-Hop, Hip-Hop, Electronic; tags nu-jazz, sampling, downtempo, hip-hop, victrola"
016_016619.mp3,"styles Hip-Hop, Electronic; tags nu-jazz, sampling, downtempo, hip-hop, victrola"
016_016620.mp3,"styles Alternative Hip-Hop, Jazz, Hip-Hop, Electronic; tags nu-jazz, sampling, downtempo, hip-hop, victrola"
016_016621.mp3,"genre Electronic; styles Electronic; tags nu-jazz, sampling, downtempo, hip-hop, victrola"
016_016622.mp3,"styles Alternative Hip-Hop, Hip-Hop, Electronic; tags nu-jazz, sampling, downtempo, hip-hop, victrola"
016_016623.mp3,"null; genre Electronic; styles Electronic; tags nu-jazz, sampling, downtempo, hip-hop, victrola"
016_016650.mp3,"styles International, Brazilian, Rock, Electronic, Folk; tags brazil, folk, afro-brazilian, chico correa and electronic band"
016_016651.mp3,"styles International, Brazilian, Rock, Electronic, Folk; tags brazil, folk, afro-brazilian, chico correa and electronic band"
016_016652.mp3,"styles International, Brazilian, Rock, Electronic, Folk; tags brazil, folk, afro-brazilian, chico correa and electronic band"
016_016653.mp3,"styles International, Brazilian, Rock, Electronic, Folk; tags brazil, folk, afro-brazilian, chico correa and electronic band"
016_016654.mp3,"styles International, Brazilian, Rock, Electronic, Folk; tags brazil, folk, afro-brazilian, chico correa and electronic band"
016_016655.mp3,"styles International, Brazilian, Rock, Electronic, Folk; tags brazil, folk, afro-brazilian, chico correa and electronic band"
016_016656.mp3,"styles International, Brazilian, Rock, Electronic, Folk; tags brazil, folk, afro-brazilian, chico correa and electronic band"
016_016657.mp3,"styles International, Brazilian, Rock, Electronic, Folk; tags brazil, folk, afro-brazilian, chico correa and electronic band"
016_016658.mp3,"styles International, Brazilian, Rock, Electronic, Folk; tags brazil, folk, afro-brazilian, chico correa and electronic band"
016_016663.mp3,"styles Pop, Electronic; tags throcke"
016_016664.mp3,"styles Pop, Electronic; tags throcke"
016_016665.mp3,"styles Pop, Electronic; tags throcke"
016_016666.mp3,"styles Pop, Electronic; tags throcke"
016_016667.mp3,"styles Pop, Electronic; tags throcke"
016_016672.mp3,"styles International, Brazilian, Rock, Electronic, Folk; tags brazil, folk, afro-brazilian, chico correa and electronic band"
016_016673.mp3,"styles International, Brazilian, Rock, Electronic, Folk; tags brazil, folk, afro-brazilian, chico correa and electronic band"
016_016674.mp3,"styles International, Brazilian, Rock, Electronic, Folk; tags brazil, folk, afro-brazilian, chico correa and electronic band"
016_016675.mp3,"styles International, Brazilian, Rock, Electronic, Folk; tags brazil, folk, afro-brazilian, chico correa and electronic band"
016_016680.mp3,"styles Easy Listening, Electronic, Chill-out, Bigbeat, Techno, House, Lounge; tags superbus"
016_016681.mp3,"styles Easy Listening, Electronic, Chill-out, Bigbeat, Techno, House, Lounge; tags superbus"
016_016682.mp3,"styles Easy Listening, Electronic, Chill-out, Bigbeat, Techno, House, Lounge; tags superbus"
016_016683.mp3,"styles Easy Listening, Electronic, Chill-out, Bigbeat, Techno, House, Lounge; tags superbus feat ns"
016_016684.mp3,"styles Easy Listening, Electronic, Chill-out, Bigbeat, Techno, House, Lounge; tags superbus feat loop loops clan"
016_016685.mp3,"styles Easy Listening, Electronic, Chill-out, Bigbeat, Techno, House, Lounge; tags superbus"
016_016686.mp3,"styles Easy Listening, Electronic, Chill-out, Bigbeat, Techno, House, Lounge; tags superbus"
016_016687.mp3,"styles Easy Listening, Electronic, Chill-out, Bigbeat, Techno, House, Lounge; tags superbus feat loop loops clan"
016_016688.mp3,"styles Easy Listening, Electronic, Chill-out, Bigbeat, Techno, House, Lounge; tags superbus"
016_016689.mp3,"styles Easy Listening, Electronic, Chill-out, Bigbeat, Techno, House, Lounge; tags superbus"
016_016697.mp3,"null; genre Rock; styles Punk, Rock, Loud-Rock, Power-Pop; tags rock, punk, hard rock, germany, shearer"
016_016704.mp3,"styles Dance, Pop, Electronic; tags stark effect"
016_016705.mp3,"styles Dance, Pop, Electronic; tags wm recordings, electropop, happy elf, pop, the netherlands"
016_016706.mp3,"styles Dance, Pop, Electronic; tags experimental, electronic, clinical archives, djet"
016_016708.mp3,"styles Dance, Pop, Electronic; tags popeye experience"
016_016709.mp3,"styles Dance, Pop, Electronic; tags klaz"
016_016710.mp3,"styles Dance, Pop, Electronic; tags germany, ton rckert"
016_016711.mp3,"styles Dance, Pop, Electronic; tags mombus"
016_016712.mp3,"styles Dance, Pop, Electronic; tags jan van den dobbelsteen"
016_016713.mp3,"styles Dance, Pop, Electronic; tags fortyone"
016_016714.mp3,"styles Dance, Pop, Electronic; tags donny hue and the colors"
016_016715.mp3,"styles Dance, Pop, Electronic; tags messer chups, rockabilly, guitar, surf guitar, surf, russia, horror, experimental pop,"
016_016716.mp3,"styles Dance, Pop, Electronic; tags bedstead tremolo"
016_016717.mp3,"styles Dance, Pop, Electronic; tags jeffrey letterly, urban inbreed"
016_016718.mp3,"styles Dance, Pop, Electronic; tags the ronnie wibbley orchestra"
016_016719.mp3,"styles Dance, Pop, Electronic; tags chip music, bud melvin"
016_016720.mp3,"styles Dance, Pop, Electronic; tags chenard walcker"
016_016721.mp3,"styles Dance, Pop, Electronic; tags elmaes"
016_016722.mp3,"styles Dance, Pop, Electronic; tags instrumental, soundtrack, electronic, contemporary classical, argentina, composer, lanark"
016_016723.mp3,"styles Dance, Pop, Electronic; tags residuum"
016_016724.mp3,"styles Indie-Rock, Singer-Songwriter, Pop, Rock, Folk; tags cobson"
016_016725.mp3,"styles Indie-Rock, Singer-Songwriter, Pop, Rock, Folk; tags cobson"
016_016726.mp3,"styles Indie-Rock, Singer-Songwriter, Pop, Rock, Folk; tags cobson"
016_016727.mp3,"styles Indie-Rock, Singer-Songwriter, Pop, Rock, Folk; tags cobson"
016_016728.mp3,"styles Indie-Rock, Singer-Songwriter, Pop, Rock, Folk; tags cobson"
016_016729.mp3,"styles Indie-Rock, Singer-Songwriter, Pop, Rock, Folk; tags cobson"
016_016730.mp3,"genre Rock; styles Indie-Rock, Rock, Loud-Rock, Noise-Rock, Psych-Rock; tags rod"
016_016732.mp3,"genre Rock; styles Indie-Rock, Rock, Loud-Rock, Noise-Rock, Psych-Rock; tags rod"
016_016734.mp3,"genre Rock; styles Indie-Rock, Rock, Loud-Rock, Noise-Rock, Psych-Rock; tags rod"
016_016735.mp3,"genre Rock; styles Indie-Rock, Rock, Loud-Rock, Noise-Rock, Psych-Rock; tags rod"
016_016738.mp3,"styles Dance, Pop, Electronic; tags wm recordings, electropop, happy elf, pop, the netherlands"
016_016739.mp3,"styles Dance, Pop, Electronic; tags wm recordings, electropop, happy elf, pop, the netherlands"
016_016740.mp3,"styles Dance, Pop, Electronic; tags wm recordings, electropop, happy elf, pop, the netherlands"
016_016741.mp3,"styles Dance, Pop, Electronic; tags wm recordings, electropop, happy elf, pop, the netherlands"
016_016742.mp3,"styles Dance, Pop, Electronic; tags wm recordings, electropop, happy elf, pop, the netherlands"
016_016746.mp3,"genre International; styles Afrobeat, International, African; tags salam"
016_016748.mp3,"styles International, Pop, Synth Pop; tags roy chicky arad"
016_016749.mp3,"styles International, Pop, Synth Pop; tags mule driver"
016_016750.mp3,"styles International, Pop, Synth Pop; tags 101 player feat sillypoo"
016_016751.mp3,"styles International, Pop, Synth Pop; tags roy chicky arad"
016_016752.mp3,"styles International, Pop, Synth Pop; tags roy chicky arad"
016_016753.mp3,"styles Noise, Avant-Garde, Jazz, Experimental, Free-Jazz, Improv; tags zloty dawai"
016_016754.mp3,"styles Noise, Avant-Garde, Jazz, Experimental, Free-Jazz, Improv; tags zloty dawai"
016_016755.mp3,"styles Noise, Avant-Garde, Jazz, Experimental, Free-Jazz, Improv; tags zloty dawai"
016_016756.mp3,"styles Noise, Avant-Garde, Jazz, Experimental, Free-Jazz, Improv; tags zloty dawai"
016_016757.mp3,"styles Noise, Avant-Garde, Jazz, Experimental, Free-Jazz, Improv; tags zloty dawai"
016_016758.mp3,"styles Noise, Avant-Garde, Jazz, Experimental, Free-Jazz, Improv; tags zloty dawai"
016_016760.mp3,"genre Rock; styles Lo-Fi, Rock; tags light echoes"
016_016763.mp3,"genre Rock; styles Lo-Fi, Rock; tags light echoes"
016_016764.mp3,"genre Rock; styles Lo-Fi, Rock; tags light echoes"
016_016766.mp3,"genre Rock; styles Lo-Fi, Rock; tags light echoes"
016_016767.mp3,"genre Rock; styles Lo-Fi, Rock; tags light echoes"
016_016770.mp3,"genre Rock; styles Lo-Fi, Rock; tags light echoes"
016_016773.mp3,"styles International, Country, Americana, Celtic, Bluegrass; tags banjo, fiddle, old-time, united kingdom, americana, traditional, celtic, britain,"
016_016774.mp3,"styles International, Country, Americana, Celtic, Bluegrass; tags banjo, fiddle, old-time, united kingdom, americana, traditional, celtic, britain,"
016_016775.mp3,"styles International, Country, Americana, Celtic, Bluegrass; tags banjo, fiddle, old-time, united kingdom, americana, traditional, celtic, britain,"
016_016776.mp3,"styles International, Country, Americana, Celtic, Bluegrass; tags banjo, fiddle, old-time, united kingdom, americana, traditional, celtic, britain,"
016_016777.mp3,"styles International, Country, Americana, Celtic, Bluegrass; tags banjo, fiddle, old-time, united kingdom, americana, traditional, celtic, britain,"
016_016779.mp3,"styles International, Country, Americana, Celtic, Bluegrass; tags banjo, fiddle, old-time, united kingdom, americana, traditional, celtic, britain,"
016_016780.mp3,"styles International, Country, Americana, Celtic, Bluegrass; tags banjo, fiddle, old-time, united kingdom, americana, traditional, celtic, britain,"
016_016781.mp3,"styles International, Country, Americana, Celtic, Bluegrass; tags banjo, fiddle, old-time, united kingdom, americana, traditional, celtic, britain,"
016_016782.mp3,"styles International, Country, Americana, Celtic, Bluegrass; tags banjo, fiddle, old-time, united kingdom, americana, traditional, celtic, britain,"
016_016783.mp3,"styles International, Country, Americana, Celtic, Bluegrass; tags banjo, fiddle, old-time, united kingdom, americana, traditional, celtic, britain,"
016_016784.mp3,"styles International, Country, Americana, Celtic, Bluegrass; tags banjo, fiddle, old-time, united kingdom, americana, traditional, celtic, britain,"
016_016785.mp3,"styles International, Country, Americana, Celtic, Bluegrass; tags banjo, fiddle, old-time, united kingdom, americana, traditional, celtic, britain,"
016_016786.mp3,"styles International, Country, Americana, Celtic, Bluegrass; tags banjo, fiddle, old-time, united kingdom, americana, traditional, celtic, britain,"
016_016787.mp3,"styles International, Country, Americana, Celtic, Bluegrass; tags banjo, fiddle, old-time, united kingdom, americana, traditional, celtic, britain,"
016_016788.mp3,"styles International, Country, Americana, Celtic, Bluegrass; tags banjo, fiddle, old-time, united kingdom, americana, traditional, celtic, britain,"
016_016789.mp3,"styles Experimental, Ambient Electronic, Ambient, Electronic, Instrumental; tags klaz"
016_016790.mp3,"styles Experimental, Ambient Electronic, Ambient, Electronic, Instrumental; tags klaz"
016_016791.mp3,"styles Experimental, Ambient Electronic, Ambient, Electronic, Instrumental; tags klaz"
016_016792.mp3,"styles Experimental, Ambient Electronic, Ambient, Electronic, Instrumental; tags klaz"
016_016793.mp3,"styles Experimental, Ambient Electronic, Ambient, Electronic, Instrumental; tags klaz"
016_016794.mp3,"genre Rock; styles Lo-Fi, Rock; tags light echoes"
016_016798.mp3,"styles Dance, Pop, Electronic; tags wm recordings, electropop, happy elf, pop, the netherlands"
016_016799.mp3,"styles Dance, Pop, Electronic; tags wm recordings, electropop, happy elf, pop, the netherlands"
016_016800.mp3,"styles Dance, Pop, Electronic; tags wm recordings, electropop, happy elf, pop, the netherlands"
016_016801.mp3,"styles Dance, Pop, Electronic; tags wm recordings, electropop, happy elf, pop, the netherlands"
016_016802.mp3,"styles Dance, Pop, Electronic; tags wm recordings, electropop, happy elf, pop, the netherlands"
016_016803.mp3,"styles Dance, Pop, Electronic; tags wm recordings, electropop, happy elf, pop, the netherlands"
016_016804.mp3,"styles Dance, Pop, Electronic; tags wm recordings, electropop, happy elf, pop, the netherlands"
016_016805.mp3,"styles Dance, Pop, Electronic; tags wm recordings, electropop, happy elf, pop, the netherlands"
016_016806.mp3,"styles Dance, Pop, Electronic; tags wm recordings, electropop, happy elf, pop, the netherlands"
016_016807.mp3,"styles Dance, Pop, Electronic; tags wm recordings, electropop, happy elf, pop, the netherlands"
016_016808.mp3,"styles Dance, Pop, Electronic; tags wm recordings, electropop, happy elf, pop, the netherlands"
016_016809.mp3,"genre Electronic; styles Chip Music, Electronic; tags chiptune, soundtrack, player two"
016_016811.mp3,"genre Electronic; styles Chip Music, Electronic; tags chiptune, soundtrack, player two"
016_016812.mp3,"genre Electronic; styles Chip Music, Electronic; tags chiptune, soundtrack, player two"
016_016813.mp3,"genre Electronic; styles Chip Music, Electronic; tags chiptune, soundtrack, player two"
016_016814.mp3,"genre Electronic; styles Chip Music, Electronic; tags chiptune, soundtrack, player two"
016_016830.mp3,"styles Progressive, Experimental, Rock, Electronic, Space-Rock, Post-Rock; tags sagan"
016_016831.mp3,"styles Progressive, Experimental, Rock, Electronic, Space-Rock, Post-Rock; tags sagan"
016_016832.mp3,"styles Progressive, Experimental, Rock, Electronic, Space-Rock, Post-Rock; tags sagan"
016_016833.mp3,"styles Progressive, Experimental, Rock, Electronic, Space-Rock, Post-Rock; tags sagan"
016_016834.mp3,"styles Progressive, Experimental, Rock, Electronic, Space-Rock, Post-Rock; tags sagan"
016_016835.mp3,"styles Progressive, Experimental, Rock, Electronic, Space-Rock, Post-Rock; tags sagan"
016_016836.mp3,"styles Progressive, Experimental, Rock, Electronic, Space-Rock, Post-Rock; tags sagan"
016_016837.mp3,"styles Progressive, Experimental, Rock, Electronic, Space-Rock, Post-Rock; tags sagan"
016_016838.mp3,"styles Progressive, Experimental, Rock, Electronic, Space-Rock, Post-Rock; tags sagan"
016_016839.mp3,"styles Progressive, Experimental, Rock, Electronic, Space-Rock, Post-Rock; tags sagan"
016_016840.mp3,"styles Progressive, Experimental, Rock, Electronic, Space-Rock, Post-Rock; tags sagan"
016_016841.mp3,"styles Progressive, Experimental, Rock, Electronic, Space-Rock, Post-Rock; tags sagan"
016_016842.mp3,"genre Rock; styles Punk, Rock, Hardcore; tags columbus, the unholy two"
016_016844.mp3,"genre Rock; styles Punk, Rock, Hardcore; tags columbus, the unholy two"
016_016845.mp3,"genre Rock; styles Punk, Rock, Hardcore; tags columbus, the unholy two"
016_016846.mp3,"genre Rock; styles Punk, Rock, Hardcore; tags columbus, the unholy two"
016_016847.mp3,"genre Rock; styles Punk, Rock, Hardcore; tags columbus, the unholy two"
016_016850.mp3,genre Experimental; styles Experimental; tags loren mazzacane connors
016_016851.mp3,"styles Noise, Experimental, Rock, Hardcore, Punk; tags total abuse"
016_016852.mp3,"styles Noise, Experimental, Rock, Hardcore, Punk; tags total abuse"
016_016853.mp3,"styles Noise, Experimental, Rock, Hardcore, Punk; tags total abuse"
016_016855.mp3,"styles Noise, Experimental, Rock, Hardcore, Punk; tags total abuse"
016_016856.mp3,"styles Noise, Experimental, Rock, Hardcore, Punk; tags total abuse"
016_016857.mp3,"styles Noise, Experimental, Rock, Hardcore, Punk; tags total abuse"
016_016858.mp3,"styles Noise, Experimental, Rock, Hardcore, Punk; tags total abuse"
016_016860.mp3,genre Spoken; styles Spoken; tags alan licht
016_016867.mp3,"genre Experimental; styles Avant-Garde, Experimental; tags to live and shave in la"
016_016868.mp3,"genre Experimental; styles Avant-Garde, Experimental; tags to live and shave in la"
016_016869.mp3,"genre Experimental; styles Avant-Garde, Experimental; tags to live and shave in la"
016_016870.mp3,"genre Experimental; styles Avant-Garde, Experimental; tags to live and shave in la"
016_016871.mp3,"genre Experimental; styles Avant-Garde, Experimental; tags to live and shave in la"
016_016872.mp3,"genre Experimental; styles Avant-Garde, Experimental; tags to live and shave in la"
016_016873.mp3,"genre Experimental; styles Avant-Garde, Experimental; tags to live and shave in la"
016_016874.mp3,"genre Experimental; styles Avant-Garde, Experimental; tags to live and shave in la"
016_016875.mp3,"genre Experimental; styles Avant-Garde, Experimental; tags to live and shave in la"
016_016890.mp3,"genre Rock; styles Rock, Garage; tags dan melchior und das menace"
016_016891.mp3,"genre Rock; styles Rock, Garage; tags dan melchior und das menace"
016_016892.mp3,"genre Rock; styles Rock, Garage; tags dan melchior und das menace"
016_016893.mp3,"genre Rock; styles Rock, Garage; tags dan melchior und das menace"
016_016894.mp3,"genre Rock; styles Rock, Garage; tags dan melchior und das menace"
016_016897.mp3,"styles Pop, Disco, Soul-RnB, Synth Pop; tags dr sjaak"
016_016898.mp3,"styles Pop, Disco, Soul-RnB, Synth Pop; tags dr sjaak"
016_016899.mp3,"styles Pop, Disco, Soul-RnB, Synth Pop; tags dr sjaak"
016_016900.mp3,"styles Avant-Garde, Pop, Experimental Pop, Experimental; tags datapanik"
016_016901.mp3,"styles Avant-Garde, Pop, Experimental Pop, Experimental; tags datapanik"
016_016902.mp3,"styles Avant-Garde, Pop, Experimental Pop, Experimental; tags datapanik"
016_016903.mp3,"styles Avant-Garde, Pop, Experimental Pop, Experimental; tags datapanik"
016_016904.mp3,"styles Avant-Garde, Pop, Experimental Pop, Experimental; tags datapanik"
016_016905.mp3,"styles Avant-Garde, Pop, Experimental Pop, Experimental; tags datapanik"
016_016906.mp3,"styles Dance, Pop, Electronic; tags wm recordings, electropop, happy elf, pop, the netherlands"
016_016907.mp3,"styles Dance, Pop, Electronic; tags wm recordings, electropop, happy elf, pop, the netherlands"
016_016908.mp3,"styles Dance, Pop, Electronic; tags wm recordings, electropop, happy elf, pop, the netherlands"
016_016909.mp3,"styles Dance, Pop, Electronic; tags wm recordings, electropop, happy elf, pop, the netherlands"
016_016910.mp3,"styles Folk, Pop, Synth Pop, Singer-Songwriter; tags roy chicky arad"
016_016911.mp3,"styles Folk, Pop, Synth Pop, Singer-Songwriter; tags roy chicky arad"
016_016912.mp3,"styles Folk, Pop, Synth Pop, Singer-Songwriter; tags roy chicky arad"
016_016913.mp3,"styles Folk, Pop, Synth Pop, Singer-Songwriter; tags roy chicky arad"
016_016914.mp3,"styles Folk, Pop, Synth Pop, Singer-Songwriter; tags roy chicky arad"
016_016915.mp3,"styles Folk, Pop, Synth Pop, Singer-Songwriter; tags roy chicky arad"
016_016916.mp3,"styles Folk, Pop, Synth Pop, Singer-Songwriter; tags roy chicky arad"
016_016917.mp3,"styles Folk, Pop, Synth Pop, Singer-Songwriter; tags roy chicky arad"
016_016918.mp3,"styles Folk, Pop, Synth Pop, Singer-Songwriter; tags roy chicky arad"
016_016919.mp3,"styles Folk, Pop, Synth Pop, Singer-Songwriter; tags roy chicky arad"
016_016920.mp3,"styles Folk, Pop, Synth Pop, Singer-Songwriter; tags roy chicky arad"
016_016921.mp3,"styles Folk, Pop, Synth Pop, Singer-Songwriter; tags roy chicky arad"
016_016922.mp3,"styles Folk, Pop, Synth Pop, Singer-Songwriter; tags roy chicky arad"
016_016923.mp3,"styles Folk, Pop, Synth Pop, Singer-Songwriter; tags roy chicky arad"
016_016924.mp3,"styles Folk, Pop, Synth Pop, Singer-Songwriter; tags roy chicky arad"
016_016925.mp3,"styles Folk, Pop, Synth Pop, Singer-Songwriter; tags roy chicky arad"
016_016926.mp3,"styles Folk, Pop, Synth Pop, Singer-Songwriter; tags roy chicky arad"
016_016927.mp3,"styles Jazz, Classical, Experimental, Free-Jazz, Improv, 20th Century Classical; tags claudio nuez"
016_016928.mp3,"styles Jazz, Classical, Experimental, Free-Jazz, Improv, 20th Century Classical; tags claudio nuez"
016_016929.mp3,"styles Jazz, Classical, Experimental, Free-Jazz, Improv, 20th Century Classical; tags claudio nuez"
016_016930.mp3,"styles Radio, International, Middle East, Spoken, Talk Radio; tags liminal spaces"
016_016931.mp3,"styles Pop, Experimental Pop, Electronic; tags city center"
016_016932.mp3,"styles Pop, Experimental Pop, Electronic; tags city center"
016_016933.mp3,"styles Pop, Experimental Pop, Electronic; tags city center"
016_016934.mp3,"styles Pop, Experimental Pop, Electronic; tags city center"
016_016935.mp3,"styles Pop, Experimental Pop, Electronic; tags city center"
016_016936.mp3,"styles Pop, Experimental Pop, Electronic; tags city center"
016_016939.mp3,"genre Experimental; styles Experimental, Drone; tags hunted creatures"
016_016941.mp3,"genre Experimental; styles Experimental, Drone; tags hunted creatures"
016_016942.mp3,"genre Experimental; styles Experimental, Drone; tags hunted creatures"
016_016944.mp3,"genre Experimental; styles Experimental, Drone; tags hunted creatures"
016_016949.mp3,genre Classical; styles Classical; tags vladimir de pachmann
016_016980.mp3,"styles Hip-Hop, Experimental; tags sileni"
016_016981.mp3,tags loren mazzacane connors
016_016987.mp3,genre Classical; styles Classical; tags madeleine de valmalte
016_016988.mp3,genre Experimental; styles Experimental; tags cromagnon
016_016998.mp3,tags tusk lord
016_016999.mp3,tags tusk lord
017_017000.mp3,genre Folk; styles Folk; tags tusk lord
017_017001.mp3,genre Folk; styles Folk; tags tusk lord
017_017002.mp3,genre Folk; styles Folk; tags tusk lord
017_017004.mp3,genre Folk; styles Folk; tags tusk lord
017_017005.mp3,genre Folk; styles Folk; tags tusk lord
017_017006.mp3,genre Folk; styles Folk; tags tusk lord
017_017007.mp3,genre Folk; styles Folk; tags tusk lord
017_017008.mp3,genre Folk; styles Folk; tags tusk lord
017_017009.mp3,genre Folk; styles Folk; tags tusk lord
017_017010.mp3,genre Folk; styles Folk; tags tusk lord
017_017011.mp3,genre Folk; styles Folk; tags tusk lord
017_017012.mp3,genre Folk; styles Folk; tags tusk lord
017_017013.mp3,genre Folk; styles Folk; tags tusk lord
017_017014.mp3,genre Folk; styles Folk; tags tusk lord
017_017015.mp3,genre Folk; styles Folk; tags tusk lord
017_017016.mp3,genre Folk; styles Folk; tags tusk lord
017_017017.mp3,genre Folk; styles Folk; tags tusk lord
017_017018.mp3,genre Folk; styles Folk; tags tusk lord
017_017019.mp3,genre Folk; styles Folk; tags tusk lord
017_017020.mp3,genre Folk; styles Folk; tags tusk lord
017_017021.mp3,"styles Folk, Rock; tags tusk lord"
017_017022.mp3,"styles Folk, Rock, Experimental; tags tusk lord"
017_017023.mp3,"styles Folk, Rock, Experimental; tags tusk lord"
017_017024.mp3,"styles Folk, Rock, Experimental; tags tusk lord"
017_017025.mp3,"styles Folk, Rock, Experimental; tags tusk lord"
017_017026.mp3,"styles Folk, Rock, Experimental; tags tusk lord"
017_017027.mp3,"styles Folk, Rock, Experimental; tags tusk lord"
017_017028.mp3,"styles Folk, Rock, Experimental; tags tusk lord"
017_017029.mp3,"styles Folk, Rock, Experimental; tags tusk lord"
017_017030.mp3,"styles Folk, Rock, Experimental; tags tusk lord"
017_017031.mp3,"styles Folk, Rock, Experimental; tags tusk lord"
017_017032.mp3,"styles Folk, Rock, Experimental; tags tusk lord"
017_017033.mp3,"styles Folk, Rock, Experimental; tags tusk lord"
017_017034.mp3,"styles Folk, Rock, Experimental; tags tusk lord"
017_017035.mp3,"styles Folk, Rock, Experimental; tags tusk lord"
017_017036.mp3,"styles Folk, Rock, Experimental; tags tusk lord"
017_017037.mp3,"styles Folk, Rock, Experimental; tags tusk lord"
017_017038.mp3,"styles Folk, Rock, Experimental; tags tusk lord"
017_017039.mp3,"styles Folk, Rock, Experimental; tags tusk lord"
017_017040.mp3,"styles Folk, Rock, Experimental; tags tusk lord"
017_017041.mp3,"styles Folk, Rock, Experimental; tags tusk lord"
017_017042.mp3,"styles Folk, Rock, Experimental; tags tusk lord"
017_017043.mp3,"styles Folk, Rock, Experimental; tags tusk lord"
017_017044.mp3,"styles Folk, Rock, Experimental; tags tusk lord"
017_017045.mp3,"styles Folk, Rock, Experimental; tags tusk lord"
017_017046.mp3,"styles Folk, Rock, Experimental; tags tusk lord"
017_017047.mp3,"tags chip music, chiptune, bubblyfish"
017_017048.mp3,"styles Folk, Rock, Experimental; tags tusk lord"
017_017049.mp3,"styles Folk, Rock, Experimental; tags tusk lord"
017_017050.mp3,"styles Folk, Rock, Experimental; tags tusk lord"
017_017051.mp3,"styles Folk, Rock, Experimental; tags tusk lord"
017_017052.mp3,"styles Folk, Rock, Experimental; tags tusk lord"
017_017054.mp3,"genre Rock; styles Punk, Rock, No Wave; tags cro magnon"
017_017055.mp3,"genre Rock; styles Punk, Rock, No Wave; tags cro magnon"
017_017056.mp3,"genre Rock; styles Punk, Rock, No Wave; tags cro magnon"
017_017058.mp3,"genre Rock; styles Punk, Rock, No Wave; tags cro magnon"
017_017059.mp3,"genre Rock; styles Punk, Rock, No Wave; tags cro magnon"
017_017061.mp3,"styles Indie-Rock, Lo-Fi, Rock, Experimental; tags guitar, phil reavis"
017_017062.mp3,"styles Indie-Rock, Lo-Fi, Rock, Experimental; tags guitar, phil reavis"
017_017063.mp3,"styles Indie-Rock, Lo-Fi, Rock, Experimental; tags guitar, phil reavis"
017_017064.mp3,"styles Indie-Rock, Lo-Fi, Rock, Experimental; tags guitar, phil reavis"
017_017065.mp3,"styles Indie-Rock, Lo-Fi, Rock, Experimental; tags guitar, phil reavis"
017_017066.mp3,"styles Indie-Rock, Lo-Fi, Rock, Experimental; tags guitar, phil reavis"
017_017067.mp3,"styles Indie-Rock, Lo-Fi, Rock, Experimental; tags guitar, phil reavis"
017_017068.mp3,"styles Indie-Rock, Lo-Fi, Rock, Experimental; tags guitar, phil reavis"
017_017069.mp3,"styles Indie-Rock, Lo-Fi, Rock, Experimental; tags guitar, phil reavis"
017_017070.mp3,"styles Indie-Rock, Lo-Fi, Rock, Experimental; tags guitar, phil reavis"
017_017085.mp3,"styles Indie-Rock, Lo-Fi, Rock, Experimental; tags guitar, phil reavis"
017_017086.mp3,"styles Indie-Rock, Lo-Fi, Rock, Experimental; tags guitar, phil reavis"
017_017087.mp3,"styles Indie-Rock, Lo-Fi, Rock, Experimental; tags guitar, phil reavis"
017_017088.mp3,"styles Indie-Rock, Lo-Fi, Rock, Experimental; tags guitar, phil reavis"
017_017089.mp3,"styles Indie-Rock, Lo-Fi, Rock, Experimental; tags guitar, phil reavis"
017_017090.mp3,"styles Indie-Rock, Lo-Fi, Rock, Experimental; tags guitar, phil reavis"
017_017091.mp3,"styles Indie-Rock, Lo-Fi, Rock, Experimental; tags guitar, phil reavis"
017_017092.mp3,"styles Indie-Rock, Lo-Fi, Rock, Experimental; tags guitar, phil reavis"
017_017093.mp3,"styles Indie-Rock, Lo-Fi, Rock, Experimental; tags guitar, phil reavis"
017_017094.mp3,"styles Indie-Rock, Lo-Fi, Rock, Experimental; tags guitar, phil reavis"
017_017095.mp3,"styles Indie-Rock, Lo-Fi, Rock, Experimental; tags guitar, phil reavis"
017_017096.mp3,"styles Indie-Rock, Lo-Fi, Rock, Experimental; tags guitar, phil reavis"
017_017097.mp3,"styles Indie-Rock, Lo-Fi, Rock, Experimental; tags guitar, phil reavis"
017_017098.mp3,"styles Indie-Rock, Lo-Fi, Rock, Experimental; tags guitar, phil reavis"
017_017099.mp3,"styles Glitch, Unclassifiable, Experimental, Electronic; tags experimental, jeva"
017_017100.mp3,"styles Glitch, Unclassifiable, Experimental, Electronic; tags experimental, jeva"
017_017102.mp3,"genre Experimental; styles Noise, Improv, Experimental; tags bang on a jam"
017_017103.mp3,"styles Experimental, Audio Collage, Electronic; tags chenard walcker"
017_017104.mp3,"styles Experimental, Audio Collage, Electronic; tags chenard walcker"
017_017105.mp3,"styles Experimental, Audio Collage, Electronic; tags chenard walcker"
017_017106.mp3,"styles Experimental, Audio Collage, Electronic; tags chenard walcker"
017_017107.mp3,"styles Experimental, Audio Collage, Electronic; tags chenard walcker"
017_017108.mp3,"styles Experimental, Audio Collage, Electronic; tags chenard walcker"
017_017109.mp3,"styles Experimental, Audio Collage, Electronic; tags chenard walcker"
017_017110.mp3,"styles Experimental, Audio Collage, Electronic; tags chenard walcker"
017_017111.mp3,"styles Experimental, Audio Collage, Electronic; tags chenard walcker"
017_017112.mp3,"styles Experimental, Audio Collage, Electronic; tags chenard walcker"
017_017113.mp3,"styles Experimental, Audio Collage, Electronic; tags chenard walcker"
017_017114.mp3,"styles Experimental, Audio Collage, Electronic; tags chenard walcker"
017_017115.mp3,"styles Experimental, Audio Collage, Electronic; tags chenard walcker"
017_017116.mp3,"styles Experimental, Audio Collage, Electronic; tags chenard walcker"
017_017117.mp3,"styles Experimental, Audio Collage, Electronic; tags chenard walcker"
017_017118.mp3,"styles Experimental, Audio Collage, Electronic; tags chenard walcker"
017_017119.mp3,"styles Experimental, Audio Collage, Electronic; tags chenard walcker"
017_017120.mp3,"styles Experimental, Audio Collage, Electronic; tags chenard walcker"
017_017122.mp3,"styles Experimental, Audio Collage, Electronic; tags chenard walcker"
017_017123.mp3,"styles Experimental, Audio Collage, Electronic; tags chenard walcker"
017_017133.mp3,"styles Chiptune, Chip Music, Pop, Electronic; tags nullsleep, 8bitpeoples, chiptune, post-punk, synthpop, drone, chip music, electronic,"
017_017173.mp3,"genre Experimental; styles Avant-Garde, Experimental; tags jon rose"
017_017174.mp3,"genre Experimental; styles Avant-Garde, Experimental; tags jon rose"
017_017175.mp3,"genre Experimental; styles Avant-Garde, Experimental; tags jon rose"
017_017176.mp3,"genre Experimental; styles Avant-Garde, Experimental; tags jon rose"
017_017177.mp3,"genre Experimental; styles Avant-Garde, Experimental; tags jon rose"
017_017178.mp3,"genre Experimental; styles Avant-Garde, Experimental; tags jon rose"
017_017179.mp3,"genre Experimental; styles Avant-Garde, Experimental; tags jon rose"
017_017180.mp3,"genre Experimental; styles Avant-Garde, Experimental; tags jon rose"
017_017181.mp3,"genre Experimental; styles Avant-Garde, Experimental; tags jon rose"
017_017182.mp3,"genre Experimental; styles Avant-Garde, Experimental; tags jon rose"
017_017183.mp3,"genre Experimental; styles Avant-Garde, Experimental; tags jon rose"
017_017184.mp3,"genre Experimental; styles Avant-Garde, Experimental; tags jon rose"
017_017185.mp3,"genre Experimental; styles Avant-Garde, Experimental; tags jon rose"
017_017186.mp3,"genre Experimental; styles Avant-Garde, Experimental; tags jon rose"
017_017187.mp3,"genre Experimental; styles Avant-Garde, Experimental; tags jon rose"
017_017188.mp3,"genre Experimental; styles Avant-Garde, Experimental; tags jon rose"
017_017189.mp3,"genre Experimental; styles Avant-Garde, Experimental; tags jon rose"
017_017190.mp3,"genre Experimental; styles Avant-Garde, Experimental; tags jon rose"
017_017191.mp3,"genre Experimental; styles Avant-Garde, Experimental; tags jon rose"
017_017192.mp3,"genre Experimental; styles Avant-Garde, Experimental; tags jon rose"
017_017193.mp3,"genre Experimental; styles Avant-Garde, Experimental; tags jon rose"
017_017194.mp3,"genre Experimental; styles Avant-Garde, Experimental; tags jon rose"
017_017195.mp3,"genre Experimental; styles Avant-Garde, Experimental; tags jon rose"
017_017196.mp3,"genre Experimental; styles Avant-Garde, Experimental; tags jon rose"
017_017197.mp3,"genre Experimental; styles Avant-Garde, Experimental; tags jon rose"
017_017198.mp3,"genre Experimental; styles Avant-Garde, Experimental; tags jon rose"
017_017199.mp3,"genre Experimental; styles Avant-Garde, Experimental; tags jon rose"
017_017200.mp3,"genre Experimental; styles Avant-Garde, Experimental; tags jon rose"
017_017201.mp3,"genre Experimental; styles Avant-Garde, Experimental; tags jon rose"
017_017202.mp3,"genre Experimental; styles Avant-Garde, Experimental; tags jon rose"
017_017203.mp3,"genre Experimental; styles Avant-Garde, Experimental; tags jon rose"
017_017204.mp3,"genre Experimental; styles Avant-Garde, Experimental; tags jon rose"
017_017205.mp3,"genre Experimental; styles Avant-Garde, Experimental; tags jon rose"
017_017206.mp3,"genre Experimental; styles Avant-Garde, Experimental; tags jon rose"
017_017207.mp3,"genre Experimental; styles Avant-Garde, Experimental; tags jon rose"
017_017208.mp3,"genre Experimental; styles Avant-Garde, Experimental; tags jon rose"
017_017209.mp3,"genre Experimental; styles Avant-Garde, Experimental; tags jon rose"
017_017210.mp3,"genre Experimental; styles Avant-Garde, Experimental; tags jon rose"
017_017211.mp3,"genre Experimental; styles Avant-Garde, Experimental; tags jon rose"
017_017212.mp3,"genre Experimental; styles Avant-Garde, Experimental; tags jon rose"
017_017213.mp3,"genre Experimental; styles Avant-Garde, Experimental; tags jon rose"
017_017214.mp3,"genre Experimental; styles Avant-Garde, Experimental; tags jon rose"
017_017215.mp3,"genre Experimental; styles Avant-Garde, Experimental; tags jon rose"
017_017216.mp3,"genre Experimental; styles Avant-Garde, Experimental; tags jon rose"
017_017217.mp3,"genre Experimental; styles Avant-Garde, Experimental; tags jon rose"
017_017218.mp3,"genre Experimental; styles Avant-Garde, Experimental; tags jon rose"
017_017219.mp3,"genre Experimental; styles Avant-Garde, Experimental; tags jon rose"
017_017220.mp3,"genre Experimental; styles Avant-Garde, Experimental; tags jon rose"
017_017221.mp3,"genre Experimental; styles Avant-Garde, Experimental; tags jon rose"
017_017222.mp3,"genre Experimental; styles Avant-Garde, Experimental; tags jon rose"
017_017223.mp3,"genre Experimental; styles Avant-Garde, Experimental; tags jon rose"
017_017224.mp3,"genre Experimental; styles Avant-Garde, Experimental; tags jon rose"
017_017225.mp3,"genre Experimental; styles Avant-Garde, Experimental; tags jon rose"
017_017226.mp3,"genre Experimental; styles Avant-Garde, Experimental; tags jon rose"
017_017227.mp3,"genre Experimental; styles Avant-Garde, Experimental; tags jon rose"
017_017228.mp3,"genre Experimental; styles Avant-Garde, Experimental; tags jon rose"
017_017229.mp3,"genre Experimental; styles Avant-Garde, Experimental; tags jon rose"
017_017230.mp3,"genre Experimental; styles Avant-Garde, Experimental; tags jon rose"
017_017238.mp3,"genre Experimental; styles Avant-Garde, Experimental; tags jon rose"
017_017239.mp3,"genre Experimental; styles Avant-Garde, Experimental; tags jon rose"
017_017240.mp3,"genre Experimental; styles Avant-Garde, Experimental; tags jon rose"
017_017241.mp3,"genre Experimental; styles Avant-Garde, Experimental; tags jon rose"
017_017242.mp3,"genre Experimental; styles Avant-Garde, Experimental; tags jon rose"
017_017243.mp3,"genre Experimental; styles Avant-Garde, Experimental; tags jon rose"
017_017244.mp3,"genre Experimental; styles Avant-Garde, Experimental; tags jon rose"
017_017260.mp3,"styles Avant-Garde, Experimental, Rock, Loud-Rock, Noise-Rock; tags billy bao, spain basque"
017_017282.mp3,"styles Sound Collage, Jazz, Experimental, Modern Jazz, Electronic; tags curha"
017_017327.mp3,"styles Psych-Rock, Pop, Rock, Experimental Pop; tags tonstartssbandht"
017_017328.mp3,"styles Psych-Rock, Pop, Rock, Experimental Pop; tags tonstartssbandht"
017_017329.mp3,"styles Psych-Rock, Pop, Rock, Experimental Pop; tags tonstartssbandht"
017_017348.mp3,"genre Rock; styles Indie-Rock, Rock; tags clinical archives, other, rock, folk, experimental, indie-rock, keith morris the"
017_017349.mp3,"genre Rock; styles Indie-Rock, Rock; tags clinical archives, other, rock, folk, experimental, indie-rock, keith morris the"
017_017350.mp3,"genre Rock; styles Indie-Rock, Rock; tags clinical archives, other, rock, folk, experimental, indie-rock, keith morris the"
017_017352.mp3,"styles Experimental, International, Audio Collage, Electronic; tags lucky dragons"
017_017353.mp3,"styles Experimental, International, Audio Collage, Electronic; tags lucky dragons"
017_017354.mp3,"genre Rock; styles Loud-Rock, Rock, Noise-Rock; tags zoo"
017_017355.mp3,"genre Rock; styles Loud-Rock, Rock, Noise-Rock; tags zoo"
017_017356.mp3,"genre Rock; styles Loud-Rock, Rock, Noise-Rock; tags zoo"
017_017357.mp3,"genre Rock; styles Loud-Rock, Rock, Noise-Rock; tags zoo"
017_017358.mp3,"genre Rock; styles Loud-Rock, Rock, Noise-Rock; tags zoo"
017_017364.mp3,"genre Rock; styles Loud-Rock, Rock, Noise-Rock; tags zoo"
017_017366.mp3,"genre Rock; styles Loud-Rock, Rock, Noise-Rock; tags zoo"
017_017367.mp3,"genre Rock; styles Loud-Rock, Rock, Noise-Rock; tags zoo"
017_017368.mp3,"genre Rock; styles Rock; tags clinical archives, rock, experimental, zack kouns"
017_017369.mp3,"genre Rock; styles Rock; tags clinical archives, rock, experimental, zack kouns"
017_017370.mp3,"genre Rock; styles Rock; tags clinical archives, rock, experimental, zack kouns"
017_017371.mp3,"genre Rock; styles Rock; tags clinical archives, rock, experimental, zack kouns"
017_017372.mp3,"genre Rock; styles Rock; tags clinical archives, rock, experimental, zack kouns"
017_017373.mp3,"genre Rock; styles Rock; tags clinical archives, rock, experimental, zack kouns"
017_017374.mp3,"genre Rock; styles Rock; tags clinical archives, rock, experimental, zack kouns"
017_017375.mp3,"genre Rock; styles Rock; tags clinical archives, rock, experimental, zack kouns"
017_017376.mp3,"genre Rock; styles Rock; tags clinical archives, rock, experimental, zack kouns"
017_017377.mp3,"genre Rock; styles Rock; tags clinical archives, rock, experimental, zack kouns"
017_017378.mp3,"genre Rock; styles Rock; tags clinical archives, rock, experimental, zack kouns"
017_017389.mp3,"styles International, Reggae - Dub, Latin America, Electronic; tags bomba estereo"
017_017390.mp3,"styles International, Reggae - Dub, Latin America, Electronic; tags bomba estereo"
017_017391.mp3,"styles International, Reggae - Dub, Latin America, Electronic; tags bomba estereo"
017_017392.mp3,"styles International, Reggae - Dub, Latin America, Electronic; tags bomba estereo"
017_017393.mp3,"styles International, Reggae - Dub, Latin America, Electronic; tags bomba estereo"
017_017394.mp3,"styles International, Reggae - Dub, Latin America, Electronic; tags bomba estereo"
017_017401.mp3,"styles Electro-Punk, Pop, Rock, Experimental Pop, Punk; tags 3puen"
017_017404.mp3,"styles Electro-Punk, Pop, Rock, Experimental Pop, Punk; tags 3puen"
017_017405.mp3,"styles Electro-Punk, Pop, Rock, Experimental Pop, Punk; tags 3puen"
017_017406.mp3,"styles Electro-Punk, Pop, Rock, Experimental Pop, Punk; tags 3puen"
017_017408.mp3,"styles Electro-Punk, Pop, Rock, Experimental Pop, Punk; tags 3puen"
017_017409.mp3,"styles Electro-Punk, Pop, Rock, Experimental Pop, Punk; tags 3puen"
017_017413.mp3,"genre Folk; styles Psych-Folk, Folk, Singer-Songwriter; tags theo angell"
017_017414.mp3,"genre Folk; styles Psych-Folk, Folk, Singer-Songwriter; tags theo angell"
017_017415.mp3,"genre Folk; styles Psych-Folk, Folk, Singer-Songwriter; tags theo angell"
017_017416.mp3,"genre Folk; styles Psych-Folk, Folk, Singer-Songwriter; tags theo angell"
017_017417.mp3,"genre Folk; styles Psych-Folk, Folk, Singer-Songwriter; tags theo angell"
017_017418.mp3,"genre Folk; styles Psych-Folk, Folk, Singer-Songwriter; tags theo angell"
017_017419.mp3,"genre Folk; styles Psych-Folk, Folk, Singer-Songwriter; tags theo angell"
017_017420.mp3,"genre Folk; styles Psych-Folk, Folk, Singer-Songwriter; tags theo angell"
017_017421.mp3,"genre Folk; styles Psych-Folk, Folk, Singer-Songwriter; tags theo angell"
017_017423.mp3,"genre Folk; styles Psych-Folk, Folk, Singer-Songwriter; tags theo angell"
017_017424.mp3,"genre Folk; styles Psych-Folk, Folk, Singer-Songwriter; tags theo angell"
017_017425.mp3,"genre Folk; styles Psych-Folk, Folk, Singer-Songwriter; tags theo angell"
017_017433.mp3,"styles Sound Collage, Jazz, Experimental, Modern Jazz, Electronic; tags curha"
017_017434.mp3,"styles Sound Collage, Jazz, Experimental, Modern Jazz, Electronic; tags curha"
017_017435.mp3,"styles Sound Collage, Jazz, Experimental, Modern Jazz, Electronic; tags curha"
017_017443.mp3,"styles Folk, Rock, Experimental; tags tusk lord"
017_017458.mp3,"genre Rock; styles Post-Punk, Punk, Indie-Rock, Rock; tags latent chaos"
017_017459.mp3,"genre Rock; styles Post-Punk, Punk, Indie-Rock, Rock; tags latent chaos"
017_017465.mp3,"genre Rock; styles Post-Punk, Punk, Indie-Rock, Rock; tags latent chaos"
017_017466.mp3,"styles Sound Collage, Experimental, Pop, Experimental Pop, Audio Collage; tags weirdomusic"
017_017479.mp3,"styles Pop, Lo-Fi, Rock, Experimental Pop; tags michael stasis"
017_017481.mp3,"styles Ambient Electronic, Drone, Experimental, Electronic; tags telecult powers"
017_017482.mp3,"styles Ambient Electronic, Drone, Experimental, Electronic; tags telecult powers"
017_017501.mp3,"styles Experimental, Audio Collage, Electronic; tags chenard walcker"
017_017502.mp3,"styles Experimental, Audio Collage, Electronic; tags chenard walcker"
017_017503.mp3,"styles Experimental, Audio Collage, Electronic; tags chenard walcker"
017_017504.mp3,"styles Experimental, Audio Collage, Electronic; tags chenard walcker"
017_017505.mp3,"styles Experimental, Audio Collage, Electronic; tags chenard walcker"
017_017506.mp3,"styles Experimental, Audio Collage, Electronic; tags dj th"
017_017507.mp3,"styles Experimental, Audio Collage, Electronic; tags blue dew"
017_017508.mp3,"styles Experimental, Audio Collage, Electronic; tags chenard walcker"
017_017509.mp3,"styles Experimental, Audio Collage, Electronic; tags toos ligtenberg"
017_017511.mp3,"styles Experimental, Audio Collage, Electronic; tags weirdomusic"
017_017512.mp3,"styles Experimental, Audio Collage, Electronic; tags jj"
017_017513.mp3,"styles Experimental, Audio Collage, Electronic; tags instrumental, soundtrack, electronic, contemporary classical, argentina, composer, lanark"
017_017514.mp3,"styles Experimental, Audio Collage, Electronic; tags dj daan jansen"
017_017515.mp3,"styles Experimental, Audio Collage, Electronic; tags dennis hermansonrichard skidmore"
017_017516.mp3,"styles Experimental, Audio Collage, Electronic; tags the sewing circle feat marylin rondy rip"
017_017517.mp3,"styles Experimental, Audio Collage, Electronic; tags dj harsman"
017_017518.mp3,"styles Experimental, Audio Collage, Electronic; tags det"
017_017519.mp3,"styles Experimental, Audio Collage, Electronic; tags marcel and the dutch birds"
017_017520.mp3,"styles Experimental, Audio Collage, Electronic; tags chenard walcker"
017_017521.mp3,"styles Experimental, Audio Collage, Electronic; tags germany, ton rckert"
017_017522.mp3,"styles Experimental, Punk, Rock, Novelty; tags personal and the pizzas"
017_017523.mp3,"styles Experimental, Punk, Rock, Novelty; tags personal and the pizzas"
017_017524.mp3,"styles Experimental, Punk, Rock, Novelty; tags personal and the pizzas"
017_017525.mp3,"styles Experimental, Punk, Rock, Novelty; tags personal and the pizzas"
017_017526.mp3,"styles Experimental, Punk, Rock, Novelty; tags personal and the pizzas"
017_017527.mp3,"styles Experimental, Punk, Rock, Novelty; tags personal and the pizzas"
017_017528.mp3,"styles Experimental, Punk, Rock, Novelty; tags personal and the pizzas"
017_017529.mp3,"styles Experimental, Punk, Rock, Novelty; tags personal and the pizzas"
017_017530.mp3,"styles Experimental, Punk, Rock, Novelty; tags personal and the pizzas"
017_017561.mp3,"styles Folk, Rock, Experimental; tags tusk lord"
017_017568.mp3,"genre Experimental; styles Improv, Experimental, Drone"
017_017569.mp3,"genre Experimental; styles Improv, Experimental, Drone"
017_017570.mp3,"styles Free-Folk, Experimental, Folk; tags ilya monosov"
017_017571.mp3,"styles Free-Folk, Experimental, Folk; tags ilya monosov"
017_017572.mp3,"styles Free-Folk, Experimental, Folk; tags ilya monosov"
017_017574.mp3,"genre Rock; styles Punk, Psych-Rock, Rock; tags montreal, lofi, abstract, the pink noise, minimal"
017_017575.mp3,"genre Rock; styles Punk, Psych-Rock, Rock; tags montreal, lofi, abstract, the pink noise, minimal"
017_017577.mp3,"genre Rock; styles Punk, Psych-Rock, Rock; tags montreal, lofi, abstract, the pink noise, minimal"
017_017578.mp3,"genre Rock; styles Punk, Psych-Rock, Rock; tags montreal, lofi, abstract, the pink noise, minimal"
017_017581.mp3,"genre Rock; styles Psych-Rock, Rock; tags the shining path"
017_017583.mp3,"styles International, Drone, Experimental, Electronic; tags dj ilya monosov the 21st century punks"
017_017592.mp3,"genre Rock; styles Rock, Metal; tags noiz complaint"
017_017593.mp3,"genre Rock; styles Rock, Metal; tags noiz complaint"
017_017594.mp3,"genre Rock; styles Rock, Metal; tags noiz complaint"
017_017595.mp3,"genre Rock; styles Rock, Metal; tags noiz complaint"
017_017596.mp3,"genre Rock; styles Rock, Metal; tags noiz complaint"
017_017598.mp3,"styles Free-Folk, Folk, Experimental, Drone"
017_017612.mp3,"styles Noise, Sound Collage, Industrial, Experimental, Rock; tags jed hershon"
017_017613.mp3,"styles Noise, Sound Collage, Industrial, Experimental, Rock; tags jed hershon"
017_017614.mp3,"styles Noise, Sound Collage, Industrial, Experimental, Rock; tags jed hershon"
017_017615.mp3,"styles Noise, Sound Collage, Industrial, Experimental, Rock; tags jed hershon"
017_017616.mp3,"styles Noise, Sound Collage, Industrial, Experimental, Rock; tags jed hershon"
017_017617.mp3,"styles Noise, Sound Collage, Industrial, Experimental, Rock; tags jed hershon"
017_017618.mp3,"styles Noise, Sound Collage, Industrial, Experimental, Rock; tags jed hershon"
017_017619.mp3,"styles Noise, Sound Collage, Industrial, Experimental, Rock; tags jed hershon"
017_017621.mp3,"styles Noise, Sound Collage, Industrial, Experimental, Rock; tags jed hershon"
017_017626.mp3,"genre Electronic; styles Electronic; tags spain, burdeos, sevilla"
017_017628.mp3,"genre Electronic; styles Electronic; tags spain, burdeos, sevilla"
017_017630.mp3,"genre Electronic; styles Electronic; tags spain, burdeos, sevilla"
017_017638.mp3,genre Spoken; styles Spoken; tags jalikebba kuyateh and the toubabs
017_017639.mp3,"styles Glitch, Unclassifiable, Experimental, Electronic; tags experimental, jeva"
017_017640.mp3,"styles Pop, Lo-Fi, Rock, Experimental Pop; tags michael stasis"
017_017641.mp3,"styles Pop, Lo-Fi, Rock, Experimental Pop; tags michael stasis"
017_017642.mp3,"genre Experimental; styles Noise, Experimental; tags western mass, angst hase pfeffer nase"
017_017645.mp3,"genre Experimental; styles Noise, Experimental; tags western mass, angst hase pfeffer nase"
017_017646.mp3,"styles Pop, Experimental Pop, Electronic; tags spain, rominger, barcelona"
017_017647.mp3,"styles Pop, Experimental Pop, Electronic; tags spain, rominger, barcelona"
017_017648.mp3,"styles Pop, Experimental Pop, Electronic; tags spain, rominger, barcelona"
017_017649.mp3,"styles Pop, Experimental Pop, Electronic; tags spain, rominger, barcelona"
017_017650.mp3,"styles Pop, Experimental Pop, Electronic; tags spain, rominger, barcelona"
017_017651.mp3,"styles Pop, Experimental Pop, Electronic; tags spain, rominger, barcelona"
017_017652.mp3,"styles Pop, Experimental Pop, Electronic; tags spain, rominger, barcelona"
017_017653.mp3,"genre Experimental; styles Avant-Garde, Experimental; tags aaron moore"
017_017654.mp3,"genre Experimental; styles Avant-Garde, Experimental; tags aaron moore"
017_017655.mp3,"genre Experimental; styles Avant-Garde, Experimental; tags aaron moore"
017_017656.mp3,"genre Electronic; styles Electronic; tags oto, italy"
017_017658.mp3,"genre Electronic; styles Electronic; tags oto, italy"
017_017659.mp3,"genre Electronic; styles Electronic; tags oto, italy"
017_017660.mp3,"genre Electronic; styles Electronic; tags oto, italy"
017_017661.mp3,"genre Electronic; styles Electronic; tags oto, italy"
017_017662.mp3,genre Experimental; styles Experimental
017_017663.mp3,"From a Monosov forthcoming album due in 2010 on YouDon'tHaveToCallItMusic Records; styles Free-Folk, Experimental, Folk; tags"
017_017664.mp3,"genre Rock; styles Psych-Rock, Rock; tags the shining path"
017_017665.mp3,"genre Electronic; styles Electronic; tags spain, betelgeuse, valencia"
017_017666.mp3,"genre Electronic; styles Electronic; tags spain, betelgeuse, valencia"
017_017667.mp3,"genre Electronic; styles Electronic; tags spain, betelgeuse, valencia"
017_017668.mp3,"genre Electronic; styles Electronic; tags spain, betelgeuse, valencia"
017_017669.mp3,"styles Free-Folk, Experimental, Folk; tags ilya monosov"
017_017670.mp3,"styles Free-Folk, Experimental, Folk; tags ilya monosov"
017_017671.mp3,"7"" out later in 2009. Dj Ilya M and the Hedonic Islands. All beats, music, and"
017_017673.mp3,"styles Americana, Rock, Country; tags alternative, navel, rock"
017_017674.mp3,"genre Classical; styles Composed Music, Classical; tags luke dubois and mivos quartet"
017_017675.mp3,"genre Classical; styles 20th Century Classical, Classical; tags jonathan biss"
017_017676.mp3,"genre Classical; styles 20th Century Classical, Classical; tags jonathan biss"
017_017677.mp3,"genre Classical; styles 20th Century Classical, Classical; tags jonathan biss"
017_017688.mp3,genre Classical; styles Classical; tags jeremy denk
017_017689.mp3,genre Classical; styles Classical; tags jeremy denk
017_017690.mp3,"styles Pop, Krautrock, Rock; tags sans blanc, chris andrews, blah blah blah"
017_017691.mp3,"styles Pop, Krautrock, Rock; tags sans blanc, chris andrews, blah blah blah"
017_017692.mp3,"styles Pop, Krautrock, Rock; tags sans blanc, chris andrews, blah blah blah"
017_017693.mp3,"styles Pop, Krautrock, Rock; tags sans blanc, chris andrews, blah blah blah"
017_017695.mp3,"styles Post-Punk, Punk, Blues, Rock; tags alternative, navel, rock"
017_017699.mp3,"genre Electronic; styles Chip Music, Electronic; tags factor6"
017_017709.mp3,"genre Electronic; styles Chip Music, Electronic; tags x-agon"
017_017710.mp3,"genre Electronic; styles Chip Music, Electronic; tags factor6"
017_017713.mp3,"genre Rock; styles Rock; tags clinical archives, folk, space-rock, jazz, psychedelic, other, rock, pigeons crazy porridgemakers"
017_017714.mp3,"genre Rock; styles Rock; tags clinical archives, folk, space-rock, jazz, psychedelic, other, rock, pigeons crazy porridgemakers"
017_017715.mp3,"genre Rock; styles Rock; tags clinical archives, folk, space-rock, jazz, psychedelic, other, rock, pigeons crazy porridgemakers"
017_017716.mp3,"genre Rock; styles Rock; tags clinical archives, folk, space-rock, jazz, psychedelic, other, rock, pigeons crazy porridgemakers"
017_017717.mp3,"genre Rock; styles Rock; tags clinical archives, folk, space-rock, jazz, psychedelic, other, rock, pigeons crazy porridgemakers"
017_017718.mp3,"genre Rock; styles Rock; tags clinical archives, folk, space-rock, jazz, psychedelic, other, rock, pigeons crazy porridgemakers"
017_017720.mp3,"genre Rock; styles Rock; tags clinical archives, folk, space-rock, jazz, psychedelic, other, rock, pigeons crazy porridgemakers"
017_017721.mp3,"genre Rock; styles Rock; tags clinical archives, folk, space-rock, jazz, psychedelic, other, rock, pigeons crazy porridgemakers"
017_017722.mp3,"genre Rock; styles Rock; tags clinical archives, folk, space-rock, jazz, psychedelic, other, rock, pigeons crazy porridgemakers"
017_017723.mp3,"genre Rock; styles Rock; tags clinical archives, folk, space-rock, jazz, psychedelic, other, rock, pigeons crazy porridgemakers"
017_017724.mp3,"genre Pop; styles Pop, Experimental Pop; tags ergo phizmiz, surrism-phonoethics"
017_017725.mp3,"genre Rock; styles Punk, Rock, Hardcore; tags myra lee"
017_017726.mp3,"genre Rock; styles Punk, Rock, Hardcore; tags myra lee"
017_017727.mp3,"genre Rock; styles Punk, Rock, Hardcore; tags myra lee"
017_017728.mp3,"genre Rock; styles Punk, Rock, Hardcore; tags myra lee"
017_017730.mp3,"genre Rock; styles Punk, Rock, Hardcore; tags myra lee"
017_017731.mp3,"genre Rock; styles Punk, Rock, Hardcore; tags myra lee"
017_017732.mp3,"genre Rock; styles Punk, Rock, Hardcore; tags myra lee"
017_017733.mp3,"genre Rock; styles Punk, Rock, Hardcore; tags myra lee"
017_017737.mp3,"styles Sound Collage, Experimental, Electronic; tags brooklyn, guardian alien, greg fox, drummers, infinite limbs, liturgy, experimental"
017_017738.mp3,"genre Rock; styles Rock; tags clinical archives, japan psychedelic rockfolk, space-rock, experimental, psychedelic, rock, magical unicellular"
017_017739.mp3,"styles Sound Collage, Experimental, Electronic; tags brooklyn, guardian alien, greg fox, drummers, infinite limbs, liturgy, experimental"
017_017741.mp3,"genre Rock; styles Sludge, Loud-Rock, Rock, Noise-Rock; tags twin stumps"
017_017742.mp3,"genre Rock; styles Sludge, Loud-Rock, Rock, Noise-Rock; tags twin stumps"
017_017743.mp3,"genre Rock; styles Sludge, Loud-Rock, Rock, Noise-Rock; tags twin stumps"
017_017744.mp3,"genre Rock; styles Sludge, Loud-Rock, Rock, Noise-Rock; tags twin stumps"
017_017745.mp3,"genre Rock; styles Sludge, Loud-Rock, Rock, Noise-Rock; tags twin stumps"
017_017748.mp3,"styles Sound Collage, Experimental, Electronic; tags brooklyn, guardian alien, greg fox, drummers, infinite limbs, liturgy, experimental"
017_017762.mp3,"styles Minimal Electronic, Electronic, Experimental, Drone; tags the shining path"
017_017763.mp3,genre Classical; styles Classical; tags paavali jumppanen
017_017764.mp3,genre Classical; styles Classical; tags claremont trio
017_017769.mp3,"styles Sound Collage, Experimental, Electronic; tags brooklyn, guardian alien, greg fox, drummers, infinite limbs, liturgy, experimental"
017_017774.mp3,genre Classical; styles Classical; tags gardner chamber orchestra
017_017775.mp3,Corey Cerovsek - violin Kim Kashkashian - viola; genre Classical; styles Classical; tags gardner chamber orchestra
017_017776.mp3,Paula Robinson - flute; genre Classical; styles Classical; tags gardner chamber orchestra
017_017779.mp3,"styles Blues, Jazz; tags julius hemphill sextet"
017_017780.mp3,genre Classical; styles Classical; tags russell sherman
017_017783.mp3,genre Classical; styles Classical; tags gleb ivanov
017_017784.mp3,"styles Pop, Rock, Indie-Rock; tags rock, indie rock, pop, the notes and scratches, the notes scratches"
017_017787.mp3,genre Classical; styles Classical; tags orion string quartet
017_017789.mp3,genre Classical; styles Classical; tags robert levin ya-fei chuang
017_017790.mp3,genre Classical; styles Classical; tags viviane hagner
017_017792.mp3,genre Classical; styles Classical; tags seymour lipkin
017_017793.mp3,genre Classical; styles Classical; tags anton belov
017_017802.mp3,tags ethan master of the hawaiian ukelele
017_017808.mp3,tags ethan master of the hawaiian ukelele
017_017813.mp3,"genre Electronic; styles Chip Music, Techno, Electronic; tags eats tapes"
017_017814.mp3,"genre Experimental; styles Avant-Garde, Experimental; tags if bwana and michael peters"
017_017817.mp3,"styles International, Brazilian, Jazz; tags brazil, scott kettners brazilian brass band"
017_017818.mp3,"styles International, Brazilian, Jazz; tags brazil, scott kettners brazilian brass band"
017_017819.mp3,"styles International, Brazilian, Jazz; tags brazil, scott kettners brazilian brass band"
017_017820.mp3,"styles International, Brazilian, Jazz; tags brazil, scott kettners brazilian brass band"
017_017821.mp3,"styles International, Brazilian, Jazz; tags brazil, scott kettners brazilian brass band"
017_017822.mp3,"styles International, Brazilian, Jazz; tags brazil, scott kettners brazilian brass band"
017_017823.mp3,"styles International, Brazilian, Jazz; tags brazil, scott kettners brazilian brass band"
017_017829.mp3,"styles Electro-Punk, Dance, Rock, Electronic, Punk; tags thieves like us"
017_017830.mp3,"styles Electro-Punk, Dance, Rock, Electronic, Punk; tags thieves like us"
017_017831.mp3,"styles Electro-Punk, Dance, Rock, Electronic, Punk; tags thieves like us"
017_017832.mp3,"styles Electro-Punk, Dance, Rock, Electronic, Punk; tags thieves like us"
017_017833.mp3,"styles Electro-Punk, Dance, Rock, Electronic, Punk; tags thieves like us"
017_017834.mp3,"styles Indie-Rock, Singer-Songwriter, Pop, Rock, Folk; tags joe pernice"
017_017835.mp3,"styles Indie-Rock, Singer-Songwriter, Pop, Rock, Folk; tags joe pernice"
017_017844.mp3,"styles Shoegaze, Disco, Rock, Soul-RnB, Punk, Psych-Rock; tags brooklyn, ryan hicks, brett lyman, washington dc, mark"
017_017845.mp3,"styles Shoegaze, Disco, Rock, Soul-RnB, Punk, Psych-Rock; tags brooklyn, ryan hicks, brett lyman, washington dc, mark"
017_017846.mp3,"styles Shoegaze, Disco, Rock, Soul-RnB, Punk, Psych-Rock; tags brooklyn, ryan hicks, brett lyman, washington dc, mark"
017_017847.mp3,"styles Shoegaze, Disco, Rock, Soul-RnB, Punk, Psych-Rock; tags brooklyn, ryan hicks, brett lyman, washington dc, mark"
017_017848.mp3,"styles Shoegaze, Disco, Rock, Soul-RnB, Punk, Psych-Rock; tags brooklyn, ryan hicks, brett lyman, washington dc, mark"
017_017849.mp3,"styles Shoegaze, Disco, Rock, Soul-RnB, Punk, Psych-Rock; tags brooklyn, ryan hicks, brett lyman, washington dc, mark"
017_017850.mp3,"styles Shoegaze, Disco, Rock, Soul-RnB, Punk, Psych-Rock; tags brooklyn, ryan hicks, brett lyman, washington dc, mark"
017_017851.mp3,"styles Indie-Rock, Pop, Rock, Experimental Pop, Psych-Rock; tags good omens"
017_017852.mp3,"styles Indie-Rock, Pop, Rock, Experimental Pop, Psych-Rock; tags good omens"
017_017853.mp3,"styles Indie-Rock, Pop, Rock, Experimental Pop, Psych-Rock; tags good omens"
017_017861.mp3,"genre Rock; styles Post-Punk, Punk, Rock; tags brooklyn, ryan hicks, brett lyman, washington dc, mark ropelewski,"
017_017862.mp3,"genre Rock; styles Post-Punk, Punk, Rock; tags brooklyn, ryan hicks, brett lyman, washington dc, mark ropelewski,"
017_017877.mp3,"genre Rock; styles Rock, Hardcore, Loud-Rock, Noise-Rock, Punk; tags warsaw was raw"
017_017878.mp3,"genre Rock; styles Rock, Hardcore, Loud-Rock, Noise-Rock, Punk; tags warsaw was raw"
017_017879.mp3,"genre Rock; styles Rock, Hardcore, Loud-Rock, Noise-Rock, Punk; tags warsaw was raw"
017_017894.mp3,"genre Rock; styles Punk, Psych-Rock, Rock; tags montreal, lofi, abstract, the pink noise, minimal"
017_017896.mp3,"genre Rock; styles Punk, Psych-Rock, Rock; tags montreal, lofi, abstract, the pink noise, minimal"
017_017897.mp3,"genre Rock; styles Punk, Psych-Rock, Rock; tags montreal, lofi, abstract, the pink noise, minimal"
017_017898.mp3,"genre Rock; styles Punk, Psych-Rock, Rock; tags montreal, lofi, abstract, the pink noise, minimal"
017_017899.mp3,"genre Rock; styles Punk, Psych-Rock, Rock; tags montreal, lofi, abstract, the pink noise, minimal"
017_017904.mp3,"""Ninety nine 20-second tracks, meant to be played in random order, composed only of sounds made"
017_017923.mp3,"genre Rock; styles Lo-Fi, Rock; tags the ether"
017_017925.mp3,"genre Rock; styles Lo-Fi, Rock; tags the ether"
017_017926.mp3,"genre Rock; styles Lo-Fi, Rock; tags the ether"
017_017928.mp3,"genre Rock; styles Lo-Fi, Rock; tags the ether"
017_017929.mp3,"genre Rock; styles Lo-Fi, Rock; tags the ether"
017_017930.mp3,"genre Rock; styles Lo-Fi, Rock; tags the ether"
017_017931.mp3,"genre Rock; styles Lo-Fi, Rock; tags the ether"
017_017933.mp3,"genre Rock; styles Lo-Fi, Rock; tags the ether"
017_017934.mp3,"genre Rock; styles Lo-Fi, Rock; tags the ether"
017_017935.mp3,"genre Rock; styles Lo-Fi, Rock; tags the ether"
017_017936.mp3,"genre Rock; styles Lo-Fi, Rock; tags the ether"
017_017937.mp3,"genre Rock; styles Lo-Fi, Rock; tags the ether"
017_017938.mp3,"genre Rock; styles Lo-Fi, Rock; tags the ether"
017_017940.mp3,"genre Experimental; styles Noise, Improv, Experimental; tags graveyards"
017_017941.mp3,"genre Experimental; styles Noise, Improv, Experimental; tags graveyards"
017_017942.mp3,"genre Experimental; styles Noise, Improv, Experimental; tags graveyards"
017_017943.mp3,"genre Experimental; styles Noise, Improv, Experimental; tags graveyards"
017_017944.mp3,"genre Rock; styles Psych-Rock, Rock; tags new orleans, athens ga, dark meat"
017_017945.mp3,"genre Rock; styles Psych-Rock, Rock; tags new orleans, athens ga, dark meat"
017_017946.mp3,"genre Rock; styles Psych-Rock, Rock; tags new orleans, athens ga, dark meat"
017_017947.mp3,"genre Rock; styles Psych-Rock, Rock; tags new orleans, athens ga, dark meat"
017_017948.mp3,"genre Rock; styles Psych-Rock, Rock; tags new orleans, athens ga, dark meat"
017_017949.mp3,"genre Rock; styles Psych-Rock, Rock; tags new orleans, athens ga, dark meat"
017_017950.mp3,"genre Rock; styles Psych-Rock, Rock; tags new orleans, athens ga, dark meat"
017_017953.mp3,"styles Pop, Rock, Garage; tags outrageous cherry"
017_017954.mp3,"styles Pop, Rock, Garage; tags outrageous cherry"
017_017955.mp3,"styles Pop, Rock, Garage; tags outrageous cherry"
017_017956.mp3,"styles Pop, Rock, Garage; tags outrageous cherry"
017_017957.mp3,"styles Pop, Rock, Garage; tags outrageous cherry"
017_017958.mp3,"styles Pop, Rock, Garage; tags outrageous cherry"
017_017959.mp3,"styles Pop, Rock, Garage; tags outrageous cherry"
017_017960.mp3,"styles Pop, Rock, Garage; tags outrageous cherry"
017_017961.mp3,"styles Pop, Rock, Garage; tags outrageous cherry"
017_017976.mp3,"genre Experimental; styles Experimental; tags montreal, aids wolf"
017_017977.mp3,"genre Experimental; styles Experimental; tags montreal, aids wolf"
017_017978.mp3,"genre Rock; styles Rock, Loud-Rock, Noise-Rock, Punk, Sludge; tags black feelings"
018_018035.mp3,"genre Experimental; styles Noise, Experimental; tags metis yeti"
018_018036.mp3,"genre Experimental; styles Noise, Experimental; tags metis yeti"
018_018057.mp3,"styles Noise, Avant-Garde, Experimental, Electronic, Glitch, Breakcore - Hard, Unclassifiable; tags computer jesus refrigerator"
018_018059.mp3,"styles Noise, Avant-Garde, Experimental, Electronic, Glitch, Breakcore - Hard, Unclassifiable; tags computer jesus refrigerator"
018_018060.mp3,"styles Noise, Avant-Garde, Experimental, Electronic, Glitch, Breakcore - Hard, Unclassifiable; tags computer jesus refrigerator"
018_018061.mp3,tags lary 7
018_018062.mp3,"styles Jazz: Out, Funk, Jazz, Soul-RnB; tags curlew"
018_018063.mp3,"styles Jazz: Out, Funk, Jazz, Soul-RnB; tags curlew"
018_018064.mp3,"styles Jazz: Out, Funk, Jazz, Soul-RnB; tags curlew"
018_018065.mp3,"styles Jazz: Out, Funk, Jazz, Soul-RnB; tags curlew"
018_018066.mp3,"styles Jazz: Out, Funk, Jazz, Soul-RnB; tags curlew"
018_018067.mp3,"styles Jazz: Out, Funk, Jazz, Soul-RnB; tags curlew"
018_018069.mp3,"genre Jazz; styles Jazz: Out, Jazz; tags george cartwrights gloryland ponycat"
018_018077.mp3,genre Hip-Hop; styles Hip-Hop; tags advantage music group
018_018078.mp3,genre Hip-Hop; styles Hip-Hop; tags advantage music group
018_018079.mp3,genre Hip-Hop; styles Hip-Hop; tags advantage music group
018_018080.mp3,genre Hip-Hop; styles Hip-Hop; tags advantage music group
018_018081.mp3,genre Hip-Hop; styles Hip-Hop; tags advantage music group
018_018082.mp3,genre Hip-Hop; styles Hip-Hop; tags advantage music group
018_018083.mp3,genre Hip-Hop; styles Hip-Hop; tags advantage music group
018_018084.mp3,genre Hip-Hop; styles Hip-Hop; tags advantage music group
018_018086.mp3,genre Hip-Hop; styles Hip-Hop; tags advantage music group
018_018087.mp3,genre Hip-Hop; styles Hip-Hop; tags advantage music group
018_018088.mp3,genre Hip-Hop; styles Hip-Hop; tags advantage music group
018_018089.mp3,genre Hip-Hop; styles Hip-Hop; tags advantage music group
018_018090.mp3,genre Hip-Hop; styles Hip-Hop; tags advantage music group
018_018091.mp3,genre Hip-Hop; styles Hip-Hop; tags advantage music group
018_018092.mp3,genre Hip-Hop; styles Hip-Hop; tags advantage music group
018_018093.mp3,genre Hip-Hop; styles Hip-Hop; tags advantage music group
018_018094.mp3,genre Hip-Hop; styles Hip-Hop; tags advantage music group
018_018095.mp3,genre Hip-Hop; styles Hip-Hop; tags advantage music group
018_018097.mp3,genre Hip-Hop; styles Hip-Hop; tags advantage music group
018_018098.mp3,genre Hip-Hop; styles Hip-Hop; tags advantage music group
018_018099.mp3,genre Hip-Hop; styles Hip-Hop; tags advantage music group
018_018101.mp3,"genre Folk; styles Folk, Singer-Songwriter; tags jim bryson"
018_018102.mp3,"genre Folk; styles Folk, Singer-Songwriter; tags jim bryson"
018_018103.mp3,tags hilotrons
018_018104.mp3,tags andrew vincent
018_018105.mp3,"styles Folk, Indie-Rock, Rock, Singer-Songwriter; tags andrew vincent and the pirates"
018_018106.mp3,"styles Glitch, Unclassifiable, Experimental, Electronic; tags experimental, jeva"
018_018107.mp3,"Steve Mackay on his first visit to Portugal, where he happened to find Kamilsky at a"
018_018108.mp3,"styles Jazz: Out, Jazz, Experimental; tags united scum soundclash"
018_018113.mp3,"styles Folk, Indie-Rock, Rock, Singer-Songwriter; tags flecton big sky"
018_018119.mp3,"genre Experimental; styles Experimental; tags clinical archives, electronic, experimental, yoko absorbing"
018_018120.mp3,"genre Experimental; styles Experimental; tags clinical archives, electronic, experimental, yoko absorbing"
018_018121.mp3,"genre Experimental; styles Experimental; tags clinical archives, electronic, experimental, yoko absorbing"
018_018122.mp3,"genre Experimental; styles Experimental; tags clinical archives, electronic, experimental, yoko absorbing"
018_018123.mp3,"genre Experimental; styles Experimental; tags clinical archives, electronic, experimental, yoko absorbing"
018_018125.mp3,"genre Experimental; styles Experimental; tags clinical archives, electronic, experimental, yoko absorbing"
018_018126.mp3,"genre Experimental; styles Experimental; tags clinical archives, electronic, experimental, yoko absorbing"
018_018127.mp3,"genre Experimental; styles Experimental; tags clinical archives, electronic, experimental, yoko absorbing"
018_018128.mp3,"genre Experimental; styles Experimental; tags clinical archives, electronic, experimental, yoko absorbing"
018_018129.mp3,"genre Experimental; styles Experimental; tags clinical archives, electronic, experimental, yoko absorbing"
018_018130.mp3,"genre Experimental; styles Experimental; tags clinical archives, electronic, experimental, yoko absorbing"
018_018131.mp3,"genre Experimental; styles Experimental; tags clinical archives, electronic, experimental, yoko absorbing"
018_018132.mp3,"genre Experimental; styles Experimental; tags clinical archives, electronic, experimental, yoko absorbing"
018_018133.mp3,"genre Experimental; styles Experimental; tags clinical archives, electronic, experimental, yoko absorbing"
018_018134.mp3,"genre Experimental; styles Experimental; tags clinical archives, electronic, experimental, yoko absorbing"
018_018136.mp3,"genre Experimental; styles Experimental; tags clinical archives, electronic, experimental, yoko absorbing"
018_018137.mp3,"genre Experimental; styles Experimental; tags clinical archives, electronic, experimental, yoko absorbing"
018_018140.mp3,"styles Spoken Weird, Spoken, Unclassifiable, Experimental; tags acapella, beatbox, accapella, dokaka"
018_018141.mp3,"styles Spoken Weird, Spoken, Unclassifiable, Experimental; tags acapella, beatbox, accapella, dokaka"
018_018142.mp3,"styles Spoken Weird, Spoken, Unclassifiable, Experimental; tags acapella, beatbox, accapella, dokaka"
018_018143.mp3,"styles Spoken Weird, Spoken, Unclassifiable, Experimental; tags acapella, beatbox, accapella, dokaka"
018_018152.mp3,tags flexible music
018_018153.mp3,tags flexible music
018_018154.mp3,tags flexible music
018_018155.mp3,tags flexible music
018_018156.mp3,tags flexible music
018_018157.mp3,"genre Folk; styles Psych-Folk, Folk; tags the friendly dimension"
018_018160.mp3,"genre Folk; styles Psych-Folk, Folk; tags the friendly dimension"
018_018161.mp3,"genre Folk; styles Psych-Folk, Folk; tags the friendly dimension"
018_018162.mp3,"styles Psych-Folk, Lo-Fi, Rock, Folk; tags the friendly dimension"
018_018163.mp3,"styles Pop, Experimental Pop, Electronic; tags yacht"
018_018164.mp3,"styles Pop, Experimental Pop, Electronic; tags yacht"
018_018165.mp3,"styles Pop, Experimental Pop, Electronic; tags yacht"
018_018166.mp3,"styles Pop, Experimental Pop, Electronic; tags yacht"
018_018167.mp3,"styles Pop, Experimental Pop, Electronic; tags yacht"
018_018168.mp3,"styles Pop, Experimental Pop, Electronic; tags yacht"
018_018169.mp3,"styles Pop, Experimental Pop, Electronic; tags yacht"
018_018170.mp3,"styles Pop, Experimental Pop, Electronic; tags yacht"
018_018171.mp3,"styles Pop, Experimental Pop, Electronic; tags yacht"
018_018185.mp3,"styles Blues, Singer-Songwriter, Americana, Country, Folk; tags jeremy wallace"
018_018186.mp3,"styles Blues, Singer-Songwriter, Americana, Country, Folk; tags jeremy wallace"
018_018187.mp3,"styles Blues, Singer-Songwriter, Americana, Country, Folk; tags jeremy wallace"
018_018188.mp3,"styles Blues, Singer-Songwriter, Americana, Country, Folk; tags jeremy wallace"
018_018189.mp3,"styles Blues, Singer-Songwriter, Americana, Country, Folk; tags jeremy wallace"
018_018190.mp3,"styles Blues, Singer-Songwriter, Americana, Country, Folk; tags jeremy wallace"
018_018192.mp3,"styles Blues, Singer-Songwriter, Americana, Country, Folk; tags jeremy wallace"
018_018193.mp3,"styles Blues, Singer-Songwriter, Americana, Country, Folk; tags jeremy wallace"
018_018194.mp3,"styles Blues, Singer-Songwriter, Americana, Country, Folk; tags jeremy wallace"
018_018195.mp3,"styles Blues, Singer-Songwriter, Americana, Country, Folk; tags jeremy wallace"
018_018202.mp3,genre Hip-Hop; styles Hip-Hop; tags aesthetics crew
018_018204.mp3,genre Hip-Hop; styles Hip-Hop; tags aesthetics crew
018_018205.mp3,"styles Psych-Folk, Lo-Fi, Rock, Folk; tags amen dunes"
018_018206.mp3,"styles Psych-Folk, Lo-Fi, Rock, Folk; tags amen dunes"
018_018207.mp3,"styles Psych-Folk, Lo-Fi, Rock, Folk; tags amen dunes"
018_018208.mp3,"styles Psych-Folk, Lo-Fi, Rock, Folk; tags amen dunes"
018_018209.mp3,"styles Psych-Folk, Lo-Fi, Rock, Folk; tags amen dunes"
018_018210.mp3,"styles Psych-Folk, Lo-Fi, Rock, Folk; tags amen dunes"
018_018212.mp3,"styles Glitch, Unclassifiable, Experimental, Electronic; tags experimental, jeva"
018_018213.mp3,"genre Hip-Hop; styles Hip-Hop; tags hip-hop, luck ripps"
018_018214.mp3,"genre Hip-Hop; styles Hip-Hop; tags hip-hop, luck ripps"
018_018216.mp3,"genre Hip-Hop; styles Hip-Hop; tags hip-hop, luck ripps"
018_018218.mp3,"genre Hip-Hop; styles Hip-Hop; tags hip-hop, luck ripps"
018_018219.mp3,"genre Hip-Hop; styles Hip-Hop; tags hip-hop, luck ripps"
018_018220.mp3,"genre Hip-Hop; styles Hip-Hop; tags hip-hop, luck ripps"
018_018221.mp3,"genre Hip-Hop; styles Hip-Hop; tags hip-hop, luck ripps"
018_018223.mp3,"genre Hip-Hop; styles Hip-Hop; tags hip-hop, luck ripps"
018_018224.mp3,"genre Hip-Hop; styles Hip-Hop; tags hip-hop, luck ripps"
018_018225.mp3,"genre Hip-Hop; styles Hip-Hop; tags hip-hop, luck ripps"
018_018236.mp3,genre Jazz; styles Jazz; tags gato loco de bajo
018_018238.mp3,genre Jazz; styles Jazz; tags gato loco de bajo
018_018239.mp3,genre Jazz; styles Jazz; tags gato loco de bajo
018_018240.mp3,genre Jazz; styles Jazz; tags gato loco de bajo
018_018241.mp3,genre Jazz; styles Jazz; tags gato loco de bajo
018_018242.mp3,genre Jazz; styles Jazz; tags gato loco de bajo
018_018243.mp3,genre Jazz; styles Jazz; tags gato loco de bajo
018_018254.mp3,"styles Jazz, Classical, Experimental, Free-Jazz, Improv, 20th Century Classical; tags claudio nuez"
018_018255.mp3,"styles Jazz, Classical, Experimental, Free-Jazz, Improv, 20th Century Classical; tags claudio nuez"
018_018256.mp3,"styles Jazz, Classical, Experimental, Free-Jazz, Improv, 20th Century Classical; tags claudio nuez"
018_018257.mp3,"styles Jazz, Classical, Experimental, Free-Jazz, Improv, 20th Century Classical; tags claudio nuez"
018_018258.mp3,"styles Jazz, Classical, Experimental, Free-Jazz, Improv, 20th Century Classical; tags claudio nuez"
018_018259.mp3,"styles Jazz, Classical, Experimental, Free-Jazz, Improv, 20th Century Classical; tags claudio nuez"
018_018276.mp3,"styles Experimental, Electroacoustic, Pop, Synth Pop, Experimental Pop, Unclassifiable; tags learning music"
018_018277.mp3,"genre Experimental; styles Experimental; tags clinical archives, electronic, experimental, djet"
018_018278.mp3,"genre Experimental; styles Experimental; tags clinical archives, electronic, experimental, djet"
018_018279.mp3,"genre Experimental; styles Experimental; tags clinical archives, electronic, experimental, djet"
018_018280.mp3,"genre Experimental; styles Experimental; tags clinical archives, electronic, experimental, djet"
018_018281.mp3,"genre Experimental; styles Experimental; tags clinical archives, electronic, experimental, djet"
018_018282.mp3,"genre Experimental; styles Experimental; tags clinical archives, electronic, experimental, djet"
018_018283.mp3,"genre Experimental; styles Experimental; tags clinical archives, electronic, experimental, djet"
018_018284.mp3,"genre Experimental; styles Experimental; tags clinical archives, electronic, experimental, djet"
018_018285.mp3,"genre Experimental; styles Experimental; tags clinical archives, electronic, experimental, djet"
018_018286.mp3,"genre Experimental; styles Experimental; tags clinical archives, electronic, experimental, djet"
018_018287.mp3,"genre Experimental; styles Experimental; tags clinical archives, electronic, experimental, djet"
018_018288.mp3,"genre Spoken; styles Radio, Spoken, Interview; tags silver apples"
018_018289.mp3,"styles Psych-Rock, Pop, Rock, Synth Pop; tags silver apples"
018_018290.mp3,"genre Spoken; styles Radio, Spoken, Interview; tags silver apples"
018_018291.mp3,"genre Spoken; styles Radio, Spoken, Interview; tags silver apples"
018_018292.mp3,"styles Psych-Rock, Pop, Rock, Synth Pop; tags silver apples"
018_018293.mp3,"styles Psych-Rock, Pop, Rock, Synth Pop; tags silver apples"
018_018294.mp3,"genre Spoken; styles Radio, Spoken, Interview; tags silver apples"
018_018295.mp3,"styles Psych-Rock, Pop, Rock, Synth Pop; tags silver apples"
018_018296.mp3,"genre Spoken; styles Radio, Spoken, Interview; tags silver apples"
018_018298.mp3,"styles Psych-Rock, Pop, Rock, Synth Pop; tags silver apples"
018_018299.mp3,"genre Spoken; styles Radio, Spoken, Interview; tags silver apples"
018_018300.mp3,"styles Psych-Rock, Pop, Rock, Synth Pop; tags silver apples"
018_018301.mp3,"styles Psych-Rock, Pop, Rock, Synth Pop; tags silver apples"
018_018302.mp3,"styles Noise, Unclassifiable, Experimental, Electronic; tags milkshake daddy, outer space, space, rpm challenge"
018_018303.mp3,"styles Noise, Unclassifiable, Experimental, Electronic; tags milkshake daddy, outer space, space, rpm challenge"
018_018304.mp3,"styles Noise, Unclassifiable, Experimental, Electronic; tags milkshake daddy, outer space, space, rpm challenge"
018_018305.mp3,"styles Noise, Unclassifiable, Experimental, Electronic; tags milkshake daddy, outer space, space, rpm challenge"
018_018306.mp3,"styles Noise, Unclassifiable, Experimental, Electronic; tags milkshake daddy, outer space, space, rpm challenge"
018_018307.mp3,"styles Noise, Unclassifiable, Experimental, Electronic; tags milkshake daddy, outer space, space, rpm challenge"
018_018308.mp3,"styles Noise, Unclassifiable, Experimental, Electronic; tags milkshake daddy, outer space, space, rpm challenge"
018_018309.mp3,"styles Noise, Unclassifiable, Experimental, Electronic; tags milkshake daddy, outer space, space, rpm challenge"
018_018310.mp3,"styles Noise, Unclassifiable, Experimental, Electronic; tags milkshake daddy, outer space, space, rpm challenge"
018_018311.mp3,"styles Noise, Unclassifiable, Experimental, Electronic; tags milkshake daddy, outer space, space, rpm challenge"
018_018312.mp3,"styles Noise, Unclassifiable, Experimental, Electronic; tags milkshake daddy, outer space, space, rpm challenge"
018_018313.mp3,"styles Jazz, Rock, Loud-Rock, Easy Listening, Electronic, Noise-Rock, Lounge; tags curha"
018_018314.mp3,"styles Jazz, Rock, Loud-Rock, Easy Listening, Electronic, Noise-Rock, Lounge; tags curha"
018_018315.mp3,"styles Jazz, Rock, Loud-Rock, Easy Listening, Electronic, Noise-Rock, Lounge; tags curha"
018_018316.mp3,"styles Jazz, Rock, Loud-Rock, Easy Listening, Electronic, Noise-Rock, Lounge; tags curha"
018_018317.mp3,"styles Jazz, Rock, Loud-Rock, Easy Listening, Electronic, Noise-Rock, Lounge; tags curha"
018_018318.mp3,genre Experimental; styles Experimental; tags paul klee and the bounceboys
018_018319.mp3,genre Experimental; styles Experimental; tags paul klee and the bounceboys
018_018320.mp3,genre Experimental; styles Experimental; tags paul klee and the bounceboys
018_018321.mp3,genre Experimental; styles Experimental; tags paul klee and the bounceboys
018_018324.mp3,"genre Electronic; styles Trip-Hop, Electronic; tags clinical archives, trip-hop, zero consequences"
018_018328.mp3,genre Experimental; styles Experimental; tags amolvacy
018_018329.mp3,genre Experimental; styles Experimental; tags amolvacy
018_018330.mp3,genre Experimental; styles Experimental; tags amolvacy
018_018331.mp3,genre Experimental; styles Experimental; tags amolvacy
018_018332.mp3,genre Experimental; styles Experimental; tags amolvacy
018_018333.mp3,genre Experimental; styles Experimental; tags amolvacy
018_018334.mp3,"styles Radio Theater, Spoken, Experimental; tags new orleans, flossie and the unicorns"
018_018335.mp3,"styles Radio Theater, Spoken, Experimental; tags new orleans, flossie and the unicorns"
018_018336.mp3,"styles Radio Theater, Spoken, Experimental; tags new orleans, flossie and the unicorns"
018_018345.mp3,"genre Folk; styles Folk, Singer-Songwriter; tags josh mease"
018_018348.mp3,"genre Folk; styles Folk, Singer-Songwriter; tags josh mease"
018_018349.mp3,"genre Folk; styles Folk, Singer-Songwriter; tags josh mease"
018_018352.mp3,"genre Folk; styles Folk, Singer-Songwriter; tags josh mease"
018_018368.mp3,"styles Synth Pop, Pop, Rock, Electronic, Post-Punk, Punk; tags anavan"
018_018369.mp3,"styles Synth Pop, Pop, Rock, Electronic, Post-Punk, Punk; tags anavan"
018_018370.mp3,"styles Synth Pop, Pop, Rock, Electronic, Post-Punk, Punk; tags anavan"
018_018371.mp3,"styles Synth Pop, Pop, Rock, Electronic, Post-Punk, Punk; tags anavan"
018_018372.mp3,"styles Synth Pop, Pop, Rock, Electronic, Post-Punk, Punk; tags anavan"
018_018373.mp3,"styles Synth Pop, Pop, Rock, Electronic, Post-Punk, Punk; tags anavan"
018_018374.mp3,"styles Synth Pop, Pop, Rock, Electronic, Post-Punk, Punk; tags anavan"
018_018375.mp3,"styles Free-Jazz, Improv, Jazz, Experimental; tags guitar, drums, violin, saxophone, instrumental, the frightingales"
018_018376.mp3,"styles Free-Jazz, Improv, Jazz, Experimental; tags guitar, drums, violin, saxophone, instrumental, the frightingales"
018_018377.mp3,"styles Free-Jazz, Improv, Jazz, Experimental; tags guitar, drums, violin, saxophone, instrumental, the frightingales"
018_018378.mp3,"styles Free-Jazz, Improv, Jazz, Experimental; tags guitar, drums, violin, saxophone, instrumental, the frightingales"
018_018379.mp3,"styles Free-Jazz, Improv, Jazz, Experimental; tags guitar, drums, violin, saxophone, instrumental, the frightingales"
018_018380.mp3,"genre Rock; styles Punk, Rock, Garage; tags impediments"
018_018381.mp3,"genre Rock; styles Punk, Rock, Garage; tags impediments"
018_018382.mp3,"genre Rock; styles Punk, Rock, Garage; tags impediments"
018_018383.mp3,"genre Rock; styles Punk, Rock, Garage; tags impediments"
018_018384.mp3,"genre Rock; styles Punk, Rock, Garage; tags impediments"
018_018385.mp3,"styles Jazz: Out, Jazz, Experimental; tags radon, steve mackay and the radon ensemble"
018_018387.mp3,"genre Spoken; styles Poetry, Spoken; tags nikki giovanni"
018_018394.mp3,"styles Folk, Pop, Experimental Pop; tags learning music"
018_018396.mp3,"genre Pop; styles Pop, Experimental Pop; tags learning music"
018_018397.mp3,"styles Folk, Pop, Experimental Pop; tags learning music"
018_018398.mp3,"styles Folk, Pop, Experimental Pop; tags learning music"
018_018399.mp3,"styles Folk, Pop, Experimental Pop; tags learning music"
018_018400.mp3,"styles Folk, Pop, Experimental Pop; tags learning music"
018_018401.mp3,"styles Folk, Pop, Experimental Pop; tags learning music"
018_018402.mp3,"styles Folk, Pop, Experimental Pop; tags learning music"
018_018403.mp3,"styles Folk, Pop, Experimental Pop; tags learning music"
018_018404.mp3,"styles Folk, Pop, Experimental Pop; tags learning music"
018_018405.mp3,"styles Folk, Pop, Experimental Pop; tags learning music"
018_018406.mp3,"styles Folk, Pop, Experimental Pop; tags learning music"
018_018407.mp3,"styles Folk, Pop, Experimental Pop; tags learning music"
018_018408.mp3,"styles Folk, Pop, Experimental Pop; tags learning music"
018_018409.mp3,"styles Folk, Pop, Experimental Pop; tags learning music"
018_018410.mp3,"genre Rock; styles Punk, Rock; tags the back ccs"
018_018411.mp3,"genre Rock; styles Punk, Rock; tags the back ccs"
018_018413.mp3,"genre Rock; styles Punk, Rock; tags the back ccs"
018_018414.mp3,"genre Rock; styles Punk, Rock; tags the back ccs"
018_018415.mp3,"genre Rock; styles Punk, Rock; tags the back ccs"
018_018416.mp3,"genre Rock; styles Punk, Rock; tags the back ccs"
018_018417.mp3,"genre Rock; styles Punk, Rock; tags the back ccs"
018_018419.mp3,"styles Avant-Garde, Improv, Experimental, Folk; tags volcano the bear"
018_018420.mp3,"styles Avant-Garde, Improv, Experimental, Folk; tags volcano the bear"
018_018427.mp3,"styles Avant-Garde, Improv, Experimental, Folk; tags volcano the bear"
018_018428.mp3,"styles Avant-Garde, Improv, Experimental, Folk; tags volcano the bear"
018_018430.mp3,"styles Avant-Garde, Improv, Experimental, Folk; tags volcano the bear"
018_018431.mp3,"styles Avant-Garde, Improv, Experimental, Folk; tags volcano the bear"
018_018432.mp3,"styles Avant-Garde, Improv, Experimental, Folk; tags volcano the bear"
018_018433.mp3,"styles Avant-Garde, Improv, Experimental, Folk; tags volcano the bear"
018_018434.mp3,"styles Avant-Garde, Improv, Experimental, Folk; tags volcano the bear"
018_018436.mp3,"styles Avant-Garde, Improv, Experimental, Folk; tags volcano the bear"
018_018437.mp3,"styles Avant-Garde, Improv, Experimental, Folk; tags volcano the bear"
018_018438.mp3,"styles Avant-Garde, Improv, Experimental, Folk; tags volcano the bear"
018_018439.mp3,"styles Avant-Garde, Improv, Experimental, Folk; tags volcano the bear"
018_018440.mp3,"styles Avant-Garde, Improv, Experimental, Folk; tags volcano the bear"
018_018441.mp3,"styles Avant-Garde, Improv, Experimental, Folk; tags volcano the bear"
018_018442.mp3,"genre Rock; styles Punk, Rock; tags buzzer"
018_018443.mp3,"genre Rock; styles Punk, Rock; tags buzzer"
018_018445.mp3,"genre Rock; styles Punk, Rock; tags buzzer"
018_018447.mp3,"styles Avant-Garde, Improv, Experimental, Folk; tags volcano the bear"
018_018448.mp3,"styles Avant-Garde, Improv, Experimental, Folk; tags volcano the bear"
018_018449.mp3,"styles Avant-Garde, Improv, Experimental, Folk; tags volcano the bear"
018_018450.mp3,"styles Avant-Garde, Improv, Experimental, Folk; tags volcano the bear"
018_018451.mp3,"styles Avant-Garde, Improv, Experimental, Folk; tags volcano the bear"
018_018452.mp3,"styles Avant-Garde, Improv, Experimental, Folk; tags volcano the bear"
018_018453.mp3,"styles Avant-Garde, Improv, Experimental, Folk; tags volcano the bear"
018_018454.mp3,"styles Avant-Garde, Improv, Experimental, Folk; tags volcano the bear"
018_018455.mp3,"styles Avant-Garde, Improv, Experimental, Folk; tags volcano the bear"
018_018456.mp3,"styles Avant-Garde, Improv, Experimental, Folk; tags volcano the bear"
018_018457.mp3,"styles Avant-Garde, Improv, Experimental, Folk; tags volcano the bear"
018_018462.mp3,"styles Avant-Garde, Improv, Experimental, Folk; tags volcano the bear"
018_018465.mp3,"genre Experimental; styles Avant-Garde, Improv, Experimental; tags aaron moore"
018_018466.mp3,"genre Experimental; styles Avant-Garde, Improv, Experimental; tags aaron moore"
018_018555.mp3,"Dedicated to Barry Hannah; genre Jazz; styles Jazz: Out, Jazz; tags curlew"
018_018556.mp3,"genre Jazz; styles Jazz: Out, Jazz; tags curlew"
018_018557.mp3,"genre Jazz; styles Jazz: Out, Jazz; tags curlew"
018_018558.mp3,"genre Jazz; styles Jazz: Out, Jazz; tags curlew"
018_018559.mp3,"George Cartwright composition, arranged by Tom Cora; genre Jazz; styles Jazz: Out, Jazz; tags curlew"
018_018566.mp3,"genre Jazz; styles Jazz: Out, Jazz; tags curlew"
018_018567.mp3,"genre Experimental; styles Avant-Garde, Improv, Experimental; tags courtismoore"
018_018568.mp3,"genre Experimental; styles Avant-Garde, Improv, Experimental; tags courtismoore"
018_018569.mp3,"genre Experimental; styles Avant-Garde, Improv, Experimental; tags courtismoore"
018_018570.mp3,"genre Jazz; styles Jazz: Out, Jazz; tags curlew"
018_018571.mp3,"genre Jazz; styles Jazz: Out, Jazz; tags curlew"
018_018572.mp3,"genre Experimental; styles Avant-Garde, Experimental; tags aaron moore"
018_018574.mp3,"genre Experimental; styles Avant-Garde, Experimental; tags aaron moore"
018_018575.mp3,"genre Experimental; styles Avant-Garde, Experimental; tags aaron moore"
018_018576.mp3,"genre Experimental; styles Avant-Garde, Experimental; tags aaron moore"
018_018581.mp3,"styles Pop, Krautrock, Rock; tags sans blanc, chris andrews, blah blah blah"
018_018582.mp3,"styles Pop, Krautrock, Rock; tags sans blanc, chris andrews, blah blah blah"
018_018583.mp3,"styles Pop, Krautrock, Rock; tags sans blanc, chris andrews, blah blah blah"
018_018584.mp3,"genre Rock; styles Rock, Loud-Rock; tags dragon or emperor"
018_018585.mp3,"genre Rock; styles Rock, Loud-Rock; tags dragon or emperor"
018_018586.mp3,"genre Rock; styles Rock, Loud-Rock; tags dragon or emperor"
018_018587.mp3,"genre Rock; styles Rock, Loud-Rock; tags dragon or emperor"
018_018588.mp3,genre Pop; styles Pop; tags nicad
018_018590.mp3,genre Pop; styles Pop; tags nicad
018_018591.mp3,genre Pop; styles Pop; tags nicad
018_018593.mp3,genre Pop; styles Pop; tags nicad
018_018595.mp3,"Some of these days - from ""Honky tonk"" Performed by: Sophie Tucker Composed by: Shelton Brooks"
018_018597.mp3,"(via archive.org ); styles Old-Time / Historic, Jazz, Jazz: Vocal; tags sophie tucker and al jolson"
018_018598.mp3,"(via archive.org ); styles Old-Time / Historic, Jazz, Jazz: Vocal; tags sophie tucker"
018_018599.mp3,"(via archive.org ); styles Old-Time / Historic, Jazz, Jazz: Vocal; tags sophie tucker"
018_018603.mp3,"(via archive.org ); styles Old-Time / Historic, Jazz, Jazz: Vocal; tags sophie tucker"
018_018615.mp3,"styles Folk, Rock, Punk; tags the taxpayers"
018_018616.mp3,"styles Folk, Rock, Punk; tags the taxpayers"
018_018617.mp3,"styles Folk, Rock, Punk; tags the taxpayers"
018_018618.mp3,"styles Folk, Rock, Punk; tags the taxpayers"
018_018619.mp3,"styles Folk, Rock, Punk; tags the taxpayers"
018_018620.mp3,"styles Folk, Rock, Punk; tags the taxpayers"
018_018621.mp3,"styles Folk, Rock, Punk; tags the taxpayers"
018_018622.mp3,"styles Folk, Rock, Punk; tags the taxpayers"
018_018623.mp3,"styles Glitch, Unclassifiable, Experimental, Electronic; tags experimental, jeva"
018_018624.mp3,"styles Glitch, Unclassifiable, Experimental, Electronic; tags experimental, jeva"
018_018625.mp3,tags les enfants sauvages
018_018626.mp3,"genre Electronic; styles Chip Music, Electronic; tags gustav thomas"
018_018627.mp3,"genre Electronic; styles Chip Music, Electronic; tags gustav thomas"
018_018628.mp3,"genre Electronic; styles Chip Music, Electronic; tags gustav thomas"
018_018629.mp3,"genre Electronic; styles Chip Music, Electronic; tags gustav thomas"
018_018630.mp3,"genre Electronic; styles Chip Music, Electronic; tags gustav thomas"
018_018631.mp3,"genre Electronic; styles Chip Music, Electronic; tags gustav thomas"
018_018632.mp3,"genre Electronic; styles Chip Music, Electronic; tags gustav thomas"
018_018633.mp3,"genre Electronic; styles Chip Music, Electronic; tags gustav thomas"
018_018634.mp3,"genre Electronic; styles Chip Music, Electronic; tags gustav thomas"
018_018637.mp3,"genre Experimental; styles Sound Collage, Sound Poetry, Experimental; tags position normal"
018_018638.mp3,"genre Experimental; styles Sound Collage, Sound Poetry, Experimental; tags position normal"
018_018639.mp3,"genre Rock; styles Space-Rock, Post-Rock, Lo-Fi, Rock; tags lo-fi, devolver"
018_018640.mp3,"genre Rock; styles Space-Rock, Post-Rock, Lo-Fi, Rock; tags lo-fi, devolver"
018_018642.mp3,"genre Rock; styles Space-Rock, Post-Rock, Lo-Fi, Rock; tags lo-fi, devolver"
018_018643.mp3,"One of the great blues from New Orleans, originally 'Gambler's Blues.' Find lyrics and more information"
018_018644.mp3,"genre Rock; styles Space-Rock, Post-Rock, Lo-Fi, Rock; tags lo-fi, devolver"
018_018645.mp3,"genre Rock; styles Space-Rock, Post-Rock, Lo-Fi, Rock; tags lo-fi, devolver"
018_018653.mp3,"genre Rock; styles Space-Rock, Post-Rock, Lo-Fi, Rock; tags lo-fi, devolver"
018_018657.mp3,"genre Experimental; styles Noise, Experimental; tags caldera lakes"
018_018658.mp3,"genre Experimental; styles Noise, Experimental; tags caldera lakes"
018_018660.mp3,"genre Experimental; styles Noise, Experimental; tags caldera lakes"
018_018661.mp3,"genre Experimental; styles Noise, Experimental; tags caldera lakes"
018_018662.mp3,"styles Noise, Sound Collage, Industrial, Experimental, Comedy, Rock, Spoken; tags jed hershon"
018_018663.mp3,"styles Noise, Sound Collage, Industrial, Experimental, Comedy, Rock, Spoken; tags jed hershon"
018_018664.mp3,"styles Noise, Sound Collage, Industrial, Experimental, Comedy, Rock, Spoken; tags jed hershon"
018_018665.mp3,"styles Noise, Sound Collage, Industrial, Experimental, Comedy, Rock, Spoken; tags jed hershon"
018_018666.mp3,"styles Noise, Sound Collage, Industrial, Experimental, Comedy, Rock, Spoken; tags jed hershon"
018_018667.mp3,"styles Noise, Sound Collage, Industrial, Experimental, Comedy, Rock, Spoken; tags jed hershon"
018_018668.mp3,"styles Noise, Sound Collage, Industrial, Experimental, Comedy, Rock, Spoken; tags jed hershon"
018_018669.mp3,"styles Noise, Sound Collage, Industrial, Experimental, Comedy, Rock, Spoken; tags jed hershon"
018_018670.mp3,"styles Noise, Sound Collage, Industrial, Experimental, Comedy, Rock, Spoken; tags jed hershon"
018_018671.mp3,"styles Noise, Sound Collage, Industrial, Experimental, Comedy, Rock, Spoken; tags jed hershon"
018_018672.mp3,"styles Noise, Sound Collage, Industrial, Experimental, Comedy, Rock, Spoken; tags jed hershon"
018_018673.mp3,"styles Noise, Sound Collage, Industrial, Experimental, Comedy, Rock, Spoken; tags jed hershon"
018_018674.mp3,"styles Noise, Sound Collage, Industrial, Experimental, Comedy, Rock, Spoken; tags jed hershon"
018_018675.mp3,"styles Experimental, Progressive, Rock, Audio Collage; tags sinistre"
018_018676.mp3,"styles Experimental, Progressive, Rock, Audio Collage; tags sinistre"
018_018677.mp3,"styles Experimental, Progressive, Rock, Audio Collage; tags sinistre"
018_018678.mp3,"styles Experimental, Progressive, Rock, Audio Collage; tags sinistre"
018_018679.mp3,"styles Experimental, Progressive, Rock, Audio Collage; tags sinistre"
018_018680.mp3,"genre Experimental; styles Noise, Sound Collage, Experimental; tags wm berger"
018_018689.mp3,(via archive.org ); genre Old-Time / Historic; styles Old-Time / Historic; tags al jolson
018_018691.mp3,(via archive.org ); genre Old-Time / Historic; styles Old-Time / Historic; tags al jolson
018_018693.mp3,(via archive.org ); genre Old-Time / Historic; styles Old-Time / Historic; tags al jolson
018_018695.mp3,"styles Noise, Avant-Garde, Experimental, Black-Metal, Electroacoustic, Ambient, Rock, Hardcore, Electronic, Drone, Instrumental, Minimal Electronic, Punk, Unclassifiable,"
018_018696.mp3,"styles Noise, Avant-Garde, Experimental, Black-Metal, Electroacoustic, Ambient, Rock, Hardcore, Electronic, Drone, Instrumental, Minimal Electronic, Punk, Unclassifiable,"
018_018697.mp3,"styles Noise, Avant-Garde, Experimental, Black-Metal, Electroacoustic, Ambient, Rock, Hardcore, Electronic, Drone, Instrumental, Minimal Electronic, Punk, Unclassifiable,"
018_018698.mp3,"styles Noise, Avant-Garde, Experimental, Black-Metal, Electroacoustic, Ambient, Rock, Hardcore, Electronic, Drone, Instrumental, Minimal Electronic, Punk, Unclassifiable,"
018_018703.mp3,"genre Spoken; styles Radio, Spoken, Interview; tags jessie evans"
018_018705.mp3,"styles International, Rock, Easy Listening, Lounge, New Wave; tags jessie evans"
018_018706.mp3,"styles International, Rock, Easy Listening, Lounge, New Wave; tags jessie evans"
018_018707.mp3,"styles International, Rock, Easy Listening, Lounge, New Wave; tags jessie evans"
018_018708.mp3,"styles International, Rock, Easy Listening, Lounge, New Wave; tags jessie evans"
018_018709.mp3,"styles International, Rock, Easy Listening, Lounge, New Wave; tags jessie evans"
018_018710.mp3,"styles International, Rock, Easy Listening, Lounge, New Wave; tags jessie evans"
018_018713.mp3,(via archive.org ); genre Old-Time / Historic; styles Old-Time / Historic; tags al jolson
018_018715.mp3,genre Folk; styles Folk; tags amy annelle
018_018716.mp3,genre Folk; styles Folk; tags amy annelle
018_018717.mp3,genre Folk; styles Folk; tags amy annelle
018_018718.mp3,genre Folk; styles Folk; tags amy annelle
018_018719.mp3,genre Folk; styles Folk; tags amy annelle
018_018720.mp3,genre Folk; styles Folk; tags amy annelle
018_018721.mp3,genre Folk; styles Folk; tags amy annelle
018_018722.mp3,genre Folk; styles Folk; tags amy annelle
018_018723.mp3,genre Folk; styles Folk; tags amy annelle
018_018725.mp3,genre Folk; styles Folk; tags amy annelle
018_018727.mp3,(via archive.org ); genre Old-Time / Historic; styles Old-Time / Historic; tags al jolson
018_018729.mp3,genre Folk; styles Folk; tags amy annelle
018_018730.mp3,"genre Rock; styles Post-Rock, Rock, Psych-Rock"
018_018742.mp3,"styles Folk, Rock, Punk; tags the taxpayers"
018_018743.mp3,"styles Folk, Rock, Punk; tags the taxpayers"
018_018744.mp3,"styles Folk, Rock, Punk; tags the taxpayers"
018_018745.mp3,"styles Folk, Rock, Punk; tags the taxpayers"
018_018746.mp3,"styles Folk, Rock, Punk; tags the taxpayers"
018_018747.mp3,"styles Folk, Rock, Punk; tags the taxpayers"
018_018751.mp3,"styles Folk, Rock, Punk; tags the taxpayers"
018_018752.mp3,"styles Folk, Rock, Punk; tags the taxpayers"
018_018753.mp3,"styles Folk, Rock, Punk; tags the taxpayers"
018_018754.mp3,"styles Folk, Rock, Punk; tags the taxpayers"
018_018755.mp3,"genre Rock; styles Punk, Rock; tags montreal, dead wife"
018_018756.mp3,"genre Rock; styles Punk, Rock; tags montreal, dead wife"
018_018757.mp3,"genre Rock; styles Punk, Rock; tags montreal, dead wife"
018_018758.mp3,"genre Rock; styles Punk, Rock; tags montreal, dead wife"
018_018777.mp3,"genre Rock; styles Rock; tags clinical archives, folk, rock, world, rebe"
018_018778.mp3,"genre Rock; styles Rock; tags clinical archives, folk, rock, world, rebe"
018_018779.mp3,"genre Rock; styles Rock; tags clinical archives, folk, rock, world, rebe"
018_018780.mp3,"genre Rock; styles Rock; tags clinical archives, folk, rock, world, rebe"
018_018781.mp3,"genre Rock; styles Rock; tags clinical archives, folk, rock, world, rebe"
018_018783.mp3,"styles Indie-Rock, Pop, Rock, Experimental Pop; tags learning music"
018_018784.mp3,"styles Pop, Experimental Pop, Electronic; tags learning music"
018_018785.mp3,"styles Indie-Rock, Pop, Rock, Experimental Pop; tags learning music"
018_018789.mp3,"styles Electroacoustic, Chip Music, Experimental, Electronic; tags samba, 8-bit, chip music, dance, electronic, minusbaby"
018_018790.mp3,"styles Electroacoustic, Chip Music, Experimental, Electronic; tags samba, 8-bit, chip music, dance, electronic, minusbaby"
018_018791.mp3,"styles Electroacoustic, Chip Music, Experimental, Electronic; tags samba, 8-bit, chip music, dance, electronic, minusbaby"
018_018792.mp3,"styles Electroacoustic, Chip Music, Experimental, Electronic; tags samba, 8-bit, chip music, dance, electronic, minusbaby"
018_018793.mp3,"styles Electroacoustic, Chip Music, Experimental, Electronic; tags samba, 8-bit, chip music, dance, electronic, minusbaby"
018_018794.mp3,"styles Electroacoustic, Chip Music, Experimental, Electronic; tags samba, 8-bit, chip music, dance, electronic, minusbaby"
018_018795.mp3,"styles Electroacoustic, Chip Music, Experimental, Electronic; tags samba, 8-bit, chip music, dance, electronic, minusbaby"
018_018796.mp3,"styles Electroacoustic, Chip Music, Experimental, Electronic; tags samba, 8-bit, chip music, dance, electronic, minusbaby"
018_018797.mp3,"styles Electroacoustic, Chip Music, Experimental, Electronic; tags samba, 8-bit, chip music, dance, electronic, minusbaby"
018_018798.mp3,"styles Electroacoustic, Chip Music, Experimental, Electronic; tags samba, 8-bit, chip music, dance, electronic, minusbaby"
018_018799.mp3,"styles Electroacoustic, Chip Music, Experimental, Electronic; tags samba, 8-bit, chip music, dance, electronic, minusbaby"
018_018800.mp3,"styles Electroacoustic, Chip Music, Experimental, Electronic; tags samba, 8-bit, chip music, dance, electronic, minusbaby"
018_018801.mp3,"styles Electroacoustic, Chip Music, Experimental, Electronic; tags samba, 8-bit, chip music, dance, electronic, minusbaby"
018_018816.mp3,"styles Glitch, Unclassifiable, Experimental, Electronic; tags experimental, jeva"
018_018817.mp3,genre Jazz; styles Jazz; tags gabe noel
018_018819.mp3,Charles Altura - guitars Gene Coye - drums Tigran Hamasyan - piano Nat McIntosh - sousaphone
018_018820.mp3,"genre Experimental; styles Sound Collage, Experimental; tags vosotros"
018_018821.mp3,genre Folk; styles Folk; tags learning music
018_018824.mp3,"genre Rock; styles Post-Rock, Rock, Psych-Rock"
018_018826.mp3,"genre Rock; styles Post-Rock, Rock, Psych-Rock"
018_018833.mp3,"styles Instrumental, Hip-Hop; tags hip-hop, instrumental, the custodian of records"
018_018834.mp3,"styles Instrumental, Hip-Hop; tags hip-hop, instrumental, the custodian of records"
018_018835.mp3,"styles Instrumental, Hip-Hop; tags hip-hop, instrumental, the custodian of records"
018_018836.mp3,"styles Instrumental, Hip-Hop; tags hip-hop, instrumental, the custodian of records"
018_018837.mp3,"styles Instrumental, Hip-Hop; tags hip-hop, instrumental, the custodian of records"
018_018838.mp3,"styles Instrumental, Hip-Hop; tags hip-hop, instrumental, the custodian of records"
018_018839.mp3,"styles Instrumental, Hip-Hop; tags hip-hop, instrumental, the custodian of records"
018_018840.mp3,"styles Instrumental, Hip-Hop; tags hip-hop, instrumental, the custodian of records"
018_018841.mp3,"styles Instrumental, Hip-Hop; tags hip-hop, instrumental, the custodian of records"
018_018842.mp3,"styles Instrumental, Hip-Hop; tags hip-hop, instrumental, the custodian of records"
018_018843.mp3,"styles Instrumental, Hip-Hop; tags hip-hop, instrumental, the custodian of records"
018_018844.mp3,"styles Instrumental, Hip-Hop; tags hip-hop, instrumental, the custodian of records"
018_018845.mp3,"styles Instrumental, Hip-Hop; tags hip-hop, instrumental, the custodian of records"
018_018846.mp3,"styles Instrumental, Hip-Hop; tags hip-hop, instrumental, the custodian of records"
018_018847.mp3,"styles Instrumental, Hip-Hop; tags hip-hop, instrumental, the custodian of records"
018_018848.mp3,"styles Instrumental, Hip-Hop; tags hip-hop, instrumental, the custodian of records"
018_018849.mp3,"styles Instrumental, Hip-Hop; tags hip-hop, instrumental, the custodian of records"
018_018850.mp3,"styles Instrumental, Hip-Hop; tags hip-hop, instrumental, the custodian of records"
018_018851.mp3,"styles Instrumental, Hip-Hop; tags hip-hop, instrumental, the custodian of records"
018_018852.mp3,"styles Instrumental, Hip-Hop; tags hip-hop, instrumental, the custodian of records"
018_018853.mp3,"styles Instrumental, Hip-Hop; tags hip-hop, instrumental, the custodian of records"
018_018854.mp3,"styles Instrumental, Hip-Hop; tags hip-hop, instrumental, the custodian of records"
018_018855.mp3,"styles Instrumental, Hip-Hop; tags hip-hop, instrumental, the custodian of records"
018_018856.mp3,"styles Instrumental, Hip-Hop; tags hip-hop, instrumental, the custodian of records"
018_018857.mp3,"styles Instrumental, Hip-Hop; tags hip-hop, instrumental, the custodian of records"
018_018858.mp3,"styles Avant-Garde, Rock, Experimental, Punk; tags mucca pazza"
018_018859.mp3,"styles Avant-Garde, Rock, Experimental, Punk; tags mucca pazza"
018_018860.mp3,"styles Avant-Garde, Classical, Experimental, Rock, Punk, 20th Century Classical; tags mucca pazza"
018_018861.mp3,"styles Avant-Garde, Rock, Experimental, Punk; tags mucca pazza"
018_018862.mp3,"styles Avant-Garde, Rock, Experimental, Punk; tags mucca pazza"
018_018863.mp3,"styles Avant-Garde, Rock, Experimental, Punk; tags mucca pazza"
018_018864.mp3,"styles Avant-Garde, Rock, Experimental, Punk; tags mucca pazza"
018_018865.mp3,"styles Avant-Garde, Rock, Experimental, Punk; tags mucca pazza"
018_018866.mp3,"styles Avant-Garde, Rock, Experimental, Punk; tags mucca pazza"
018_018867.mp3,"styles Avant-Garde, Rock, Experimental, Punk; tags mucca pazza"
018_018868.mp3,"styles Avant-Garde, Rock, Experimental, Punk; tags mucca pazza"
018_018869.mp3,"styles Avant-Garde, Rock, Experimental, Punk; tags mucca pazza"
018_018870.mp3,"styles Avant-Garde, Rock, Experimental, Punk; tags mucca pazza"
018_018871.mp3,"styles Avant-Garde, Rock, Experimental, Punk; tags mucca pazza"
018_018872.mp3,"styles Avant-Garde, Classical, Experimental, Rock, Punk, 20th Century Classical; tags mucca pazza"
018_018873.mp3,tags jabladav
018_018874.mp3,genre Experimental; styles Experimental; tags urthquake
018_018875.mp3,genre Experimental; styles Experimental; tags urthquake
018_018889.mp3,"genre Rock; styles Krautrock, Rock, Loud-Rock, Noise-Rock, Psych-Rock; tags indonesia, seek six sick"
018_018892.mp3,Op.4 : Five Songs on poems by Stefan George Voice and piano - [1908-1909] (Definitive version
018_018917.mp3,"styles Pop, Synth Pop, Blues; tags mattress"
018_018918.mp3,"styles Pop, Synth Pop, Blues; tags mattress"
018_018919.mp3,"styles Pop, Synth Pop, Blues; tags mattress"
018_018920.mp3,"styles Pop, Synth Pop, Blues; tags mattress"
018_018921.mp3,"styles Pop, Synth Pop, Blues; tags mattress"
018_018922.mp3,"styles Pop, Synth Pop, Blues; tags mattress"
018_018923.mp3,"styles Pop, Synth Pop, Blues; tags mattress"
018_018925.mp3,"styles Grindcore, Rock, Electronic, Glitch, Metal; tags delayed desire"
018_018926.mp3,"styles Grindcore, Rock, Electronic, Glitch, Metal; tags delayed desire"
018_018927.mp3,"styles Grindcore, Rock, Electronic, Glitch, Metal; tags delayed desire"
018_018928.mp3,"styles Grindcore, Rock, Electronic, Glitch, Metal; tags delayed desire"
018_018929.mp3,"styles Grindcore, Rock, Electronic, Glitch, Metal; tags delayed desire"
018_018930.mp3,"styles Grindcore, Rock, Electronic, Glitch, Metal; tags delayed desire"
018_018931.mp3,"styles Grindcore, Rock, Electronic, Glitch, Metal; tags delayed desire"
018_018932.mp3,"styles Grindcore, Rock, Electronic, Glitch, Metal; tags delayed desire"
018_018934.mp3,"styles Grindcore, Rock, Electronic, Glitch, Metal; tags delayed desire"
018_018935.mp3,"styles Noise, Experimental, Chip Music, Electronic, Chiptune; tags chip music, loud objects"
018_018936.mp3,"styles Noise, Experimental, Chip Music, Electronic, Chiptune; tags chip music, loud objects"
018_018937.mp3,"styles Noise, Experimental, Chip Music, Electronic, Chiptune; tags chip music, loud objects"
018_018938.mp3,"styles Noise, Experimental, Chip Music, Electronic, Chiptune; tags chip music, loud objects"
018_018939.mp3,"styles Noise, Experimental, Chip Music, Electronic, Chiptune; tags chip music, loud objects"
018_018940.mp3,"styles Noise, Experimental, Chip Music, Electronic, Chiptune; tags chip music, loud objects"
018_018941.mp3,"styles Noise, Experimental, Chip Music, Electronic, Chiptune; tags chip music, loud objects"
018_018942.mp3,"styles Noise, Experimental, Chip Music, Electronic, Chiptune; tags chip music, loud objects"
018_018943.mp3,"styles Avant-Garde, Classical, Experimental; tags anton webern"
018_018944.mp3,"styles Avant-Garde, Classical, Experimental; tags anton webern"
018_018968.mp3,"genre Jazz; styles Jazz; tags clinical archives, contemporary composition, jazz, sandro marinoni stefano roncarolo, free-jazz, experimental"
018_018969.mp3,"genre Jazz; styles Jazz; tags clinical archives, contemporary composition, jazz, sandro marinoni stefano roncarolo, free-jazz, experimental"
018_018970.mp3,"genre Jazz; styles Jazz; tags clinical archives, contemporary composition, jazz, sandro marinoni stefano roncarolo, free-jazz, experimental"
018_018971.mp3,"genre Jazz; styles Jazz; tags clinical archives, contemporary composition, jazz, sandro marinoni stefano roncarolo, free-jazz, experimental"
018_018972.mp3,"genre Jazz; styles Jazz; tags clinical archives, contemporary composition, jazz, sandro marinoni stefano roncarolo, free-jazz, experimental"
018_018977.mp3,"genre Experimental; styles Electroacoustic, Experimental, Musique Concrete; tags improvisation, musique concrete, free-jazz, thf drenching, electronic, electroacoustic"
018_018978.mp3,"genre Experimental; styles Electroacoustic, Experimental, Musique Concrete; tags improvisation, musique concrete, free-jazz, thf drenching, electronic, electroacoustic"
019_019057.mp3,"styles Pop, Rock, Experimental Pop, Electronic, Psych-Rock"
019_019060.mp3,"styles Pop, Rock, Experimental Pop, Electronic, Psych-Rock; tags marshall allen, four tet, sun ra, caribou vibration"
019_019061.mp3,"styles Pop, Rock, Experimental Pop, Electronic, Psych-Rock; tags marshall allen, four tet, sun ra, caribou vibration"
019_019063.mp3,"styles Pop, Rock, Experimental Pop, Electronic, Psych-Rock; tags marshall allen, four tet, sun ra, caribou vibration"
019_019064.mp3,"styles Pop, Rock, Indie-Rock; tags glasgow, lo-fi, el jugador, scotland, rock, pop"
019_019065.mp3,"styles Pop, Rock, Indie-Rock; tags glasgow, lo-fi, el jugador, scotland, rock, pop"
019_019066.mp3,"styles Pop, Blues, Rock, Indie-Rock; tags glasgow, lo-fi, el jugador, scotland, rock, pop"
019_019067.mp3,"styles Pop, Rock, Indie-Rock; tags glasgow, lo-fi, el jugador, scotland, rock, pop"
019_019068.mp3,"styles Pop, Rock, Indie-Rock; tags glasgow, lo-fi, el jugador, scotland, rock, pop"
019_019069.mp3,"styles Pop, Rock, Indie-Rock; tags glasgow, lo-fi, el jugador, scotland, rock, pop"
019_019070.mp3,"genre Rock; styles Indie-Rock, Rock; tags wildbirds and peacedrums"
019_019071.mp3,"genre Rock; styles Indie-Rock, Rock; tags wildbirds and peacedrums"
019_019161.mp3,"genre Rock; styles Loud-Rock, Rock, Noise-Rock; tags alaskas"
019_019163.mp3,"genre Rock; styles Loud-Rock, Rock, Noise-Rock; tags male nudity"
019_019164.mp3,"genre Rock; styles Loud-Rock, Rock, Noise-Rock; tags navel gazer"
019_019165.mp3,"genre Rock; styles Loud-Rock, Rock, Noise-Rock; tags no babies"
019_019166.mp3,"genre Rock; styles Loud-Rock, Rock, Noise-Rock; tags poingly, electropunk, noise, electronic pop, laptop"
019_019167.mp3,"genre Rock; styles Loud-Rock, Rock, Noise-Rock; tags no wave, radio shock, jank, ddm, noise-rock, no-core, fake"
019_019168.mp3,"genre Rock; styles Loud-Rock, Rock, Noise-Rock; tags the press fire"
019_019169.mp3,"genre Rock; styles Loud-Rock, Rock, Noise-Rock; tags what have the unborn done for us"
019_019170.mp3,"genre Rock; styles Loud-Rock, Rock, Noise-Rock; tags whitman"
019_019171.mp3,"genre Rock; styles Loud-Rock, Rock, Noise-Rock; tags zombience"
019_019172.mp3,"genre Rock; styles Rock Opera, Rock; tags special moments"
019_019173.mp3,"genre Rock; styles Rock Opera, Rock; tags special moments"
019_019174.mp3,"genre Rock; styles Rock Opera, Rock; tags special moments"
019_019176.mp3,"genre Rock; styles Rock Opera, Rock; tags special moments"
019_019177.mp3,"genre Rock; styles Rock Opera, Rock; tags special moments"
019_019182.mp3,"genre Rock; styles Rock Opera, Rock; tags special moments"
019_019183.mp3,"genre Rock; styles Rock Opera, Rock; tags special moments"
019_019185.mp3,"genre Rock; styles Rock Opera, Rock; tags special moments"
019_019189.mp3,"genre Rock; styles Rock Opera, Rock; tags special moments"
019_019190.mp3,"styles Psych-Folk, Pop, Rock, Experimental Pop, Folk, Psych-Rock; tags experimental brooklyn, gary war, experimental rock, experimental,"
019_019191.mp3,"styles Psych-Folk, Pop, Rock, Experimental Pop, Folk, Psych-Rock; tags experimental brooklyn, gary war, experimental rock, experimental,"
019_019193.mp3,genre Experimental; styles Experimental; tags tom carter
019_019195.mp3,"genre Rock; styles Loud-Rock, Rock, Noise-Rock; tags lucky dragons"
019_019196.mp3,"styles Folk, Pop, Rock, Singer-Songwriter; tags special moments"
019_019198.mp3,"styles Psych-Folk, Indie-Rock, Experimental, Rock, Folk; tags akronfamily"
019_019199.mp3,"styles Psych-Folk, Indie-Rock, Experimental, Rock, Folk; tags akronfamily"
019_019201.mp3,"tags poingly, electropunk, noise, electronic pop, laptop"
019_019202.mp3,"tags poingly, electropunk, noise, electronic pop, laptop"
019_019203.mp3,"genre Experimental; styles Noise, Experimental, Drone; tags grasshopper"
019_019204.mp3,"genre Experimental; styles Noise, Experimental, Drone; tags grasshopper"
019_019205.mp3,"styles Psych-Rock, Pop, Rock, Experimental Pop; tags tonstartssbandht"
019_019206.mp3,"FMA exclusive: extended cut; styles Psych-Rock, Pop, Rock, Experimental Pop; tags tonstartssbandht"
019_019207.mp3,"styles Psych-Rock, Pop, Rock, Experimental Pop; tags tonstartssbandht"
019_019208.mp3,"styles Psych-Rock, Pop, Rock, Experimental Pop; tags tonstartssbandht"
019_019209.mp3,"styles Psych-Rock, Pop, Rock, Experimental Pop; tags tonstartssbandht"
019_019210.mp3,"FMA exclusive: extended cut; styles Psych-Rock, Pop, Rock, Experimental Pop; tags tonstartssbandht"
019_019211.mp3,"styles Pop, Rock, Experimental Pop, Garage; tags superbud"
019_019212.mp3,"styles Pop, Rock, Experimental Pop, Garage; tags superbud"
019_019214.mp3,"styles Pop, Rock, Experimental Pop, Garage; tags superbud"
019_019215.mp3,genre Electronic; styles Electronic; tags samita sinha
019_019216.mp3,genre Electronic; styles Electronic; tags samita sinha
019_019217.mp3,genre Electronic; styles Electronic; tags samita sinha
019_019219.mp3,"genre Experimental; styles Avant-Garde, Experimental; tags bob ostertag, bob ostertag fred frith phil minton"
019_019221.mp3,"genre Experimental; styles Avant-Garde, Experimental; tags bob ostertag, bob ostertag fred frith phil minton"
019_019225.mp3,"genre Country; styles Country, Americana, Rockabilly; tags dallas kincaid"
019_019234.mp3,genre Electronic; styles Electronic; tags i have clones
019_019235.mp3,genre Electronic; styles Electronic; tags i have clones
019_019237.mp3,genre Electronic; styles Electronic; tags i have clones
019_019238.mp3,genre Electronic; styles Electronic; tags i have clones
019_019239.mp3,genre Electronic; styles Electronic; tags i have clones
019_019240.mp3,genre Electronic; styles Electronic; tags i have clones
019_019241.mp3,genre Electronic; styles Electronic; tags i have clones
019_019242.mp3,genre Electronic; styles Electronic; tags i have clones
019_019246.mp3,"styles International, Rock, Progressive, Metal; tags avantgarde, diablo swing orchestra"
019_019247.mp3,"styles International, Rock, Progressive, Metal; tags avantgarde, diablo swing orchestra"
019_019248.mp3,"styles International, Rock, Progressive, Metal; tags avantgarde, diablo swing orchestra"
019_019250.mp3,"styles International, Rock, Progressive, Metal; tags avantgarde, diablo swing orchestra"
019_019251.mp3,"styles International, Rock, Progressive, Metal; tags avantgarde, diablo swing orchestra"
019_019252.mp3,"styles International, Rock, Progressive, Metal; tags avantgarde, diablo swing orchestra"
019_019253.mp3,"styles International, Rock, Progressive, Metal; tags avantgarde, diablo swing orchestra"
019_019254.mp3,"styles International, Rock, Progressive, Metal; tags avantgarde, diablo swing orchestra"
019_019255.mp3,"styles International, Rock, Progressive, Metal; tags avantgarde, diablo swing orchestra"
019_019256.mp3,"styles International, Rock, Progressive, Metal; tags avantgarde, diablo swing orchestra"
019_019257.mp3,"styles International, Rock, Progressive, Metal; tags avantgarde, diablo swing orchestra"
019_019260.mp3,"styles International, Rock, Progressive, Metal; tags avantgarde, diablo swing orchestra"
019_019261.mp3,"styles International, Rock, Progressive, Metal; tags avantgarde, diablo swing orchestra"
019_019275.mp3,"styles Loud-Rock, Rock, Noise-Rock, Experimental; tags canada, panopticon eyelids, montreal"
019_019276.mp3,"styles Loud-Rock, Rock, Noise-Rock, Experimental; tags canada, panopticon eyelids, montreal"
019_019277.mp3,"styles Indie-Rock, Singer-Songwriter, Pop, Rock, Experimental Pop, Folk"
019_019278.mp3,"styles Indie-Rock, Singer-Songwriter, Pop, Rock, Experimental Pop, Folk"
019_019279.mp3,"styles Indie-Rock, Singer-Songwriter, Pop, Rock, Experimental Pop, Folk"
019_019280.mp3,"styles Indie-Rock, Singer-Songwriter, Pop, Rock, Experimental Pop, Folk"
019_019281.mp3,"styles Indie-Rock, Singer-Songwriter, Pop, Rock, Experimental Pop, Folk"
019_019282.mp3,"styles Indie-Rock, Singer-Songwriter, Pop, Rock, Experimental Pop, Folk"
019_019283.mp3,"styles Indie-Rock, Singer-Songwriter, Pop, Rock, Experimental Pop, Folk"
019_019284.mp3,"styles Indie-Rock, Singer-Songwriter, Pop, Rock, Experimental Pop, Folk"
019_019285.mp3,"styles Indie-Rock, Singer-Songwriter, Pop, Rock, Experimental Pop, Folk"
019_019286.mp3,"styles Indie-Rock, Singer-Songwriter, Pop, Rock, Experimental Pop, Folk"
019_019287.mp3,"styles Indie-Rock, Singer-Songwriter, Pop, Rock, Experimental Pop, Folk"
019_019290.mp3,"genre Pop; styles Pop, Experimental Pop; tags position normal"
019_019291.mp3,tags position normal
019_019292.mp3,"genre Pop; styles Pop, Experimental Pop; tags position normal"
019_019293.mp3,"genre Pop; styles Pop, Experimental Pop; tags position normal"
019_019295.mp3,"genre Pop; styles Pop, Experimental Pop; tags position normal"
019_019296.mp3,tags position normal
019_019297.mp3,genre Rock; styles Rock; tags learning music
019_019301.mp3,tags the polyps
019_019322.mp3,tags the twin atlas
019_019323.mp3,tags the twin atlas
019_019324.mp3,"styles Psych-Folk, Pop, Rock, Experimental Pop, Folk, Post-Rock, Lo-Fi; tags learning music"
019_019325.mp3,"This track is an excerpt recording from an audio installation by Shawn Greenlee, running Feb. 20"
019_019326.mp3,"genre Rock; styles Loud-Rock, Lo-Fi, Rock, Noise-Rock; tags holy cobras"
019_019327.mp3,"genre Rock; styles Loud-Rock, Lo-Fi, Rock, Noise-Rock; tags holy cobras"
019_019334.mp3,"genre Rock; styles Rock, Garage; tags wau y los arrghs"
019_019335.mp3,"genre Rock; styles Rock, Garage; tags wau y los arrghs"
019_019336.mp3,"genre Rock; styles Rock, Garage; tags wau y los arrghs"
019_019337.mp3,"genre Rock; styles Rock, Garage; tags wau y los arrghs"
019_019338.mp3,"genre Rock; styles Rock, Garage; tags wau y los arrghs"
019_019339.mp3,"genre Rock; styles Rock, Garage; tags wau y los arrghs"
019_019347.mp3,"genre Rock; styles Psych-Rock, Rock; tags new zealand, kraus"
019_019368.mp3,"styles Avant-Garde, Experimental, Ambient Electronic, Electronic, Folk; tags portland, grouper"
019_019371.mp3,"styles Avant-Garde, Experimental, Ambient Electronic, Electronic, Folk; tags portland, grouper"
019_019372.mp3,tags the polyps
019_019373.mp3,"styles Avant-Garde, Experimental, Ambient Electronic, Electronic, Folk; tags portland, grouper"
019_019374.mp3,"styles Avant-Garde, Experimental, Ambient Electronic, Electronic, Folk; tags portland, grouper"
019_019376.mp3,tags angela jaeger
019_019377.mp3,tags chris brokaw
019_019379.mp3,tags chris brokaw
019_019380.mp3,tags command v
019_019381.mp3,tags command v
019_019384.mp3,"genre Experimental; styles Avant-Garde, Experimental; tags mudang rouge, evan rapport, chuck bettis, jerry lim"
019_019385.mp3,"genre Experimental; styles Avant-Garde, Experimental; tags mudang rouge, evan rapport, chuck bettis, jerry lim"
019_019386.mp3,"genre Experimental; styles Avant-Garde, Experimental; tags mudang rouge, evan rapport, chuck bettis, jerry lim"
019_019388.mp3,"genre Experimental; styles Avant-Garde, Experimental; tags mudang rouge, evan rapport, chuck bettis, jerry lim"
019_019394.mp3,"genre Rock; styles Punk, Rock; tags new zealand, the mint chicks"
019_019395.mp3,"genre Rock; styles Punk, Rock; tags new zealand, the mint chicks"
019_019396.mp3,"genre Rock; styles Punk, Rock; tags new zealand, the mint chicks"
019_019397.mp3,"genre Rock; styles Punk, Rock; tags new zealand, the mint chicks"
019_019398.mp3,"genre Rock; styles Punk, Rock; tags new zealand, the mint chicks"
019_019399.mp3,"genre Rock; styles Punk, Rock; tags new zealand, the mint chicks"
019_019400.mp3,"genre Rock; styles Punk, Rock; tags new zealand, the mint chicks"
019_019402.mp3,"styles Noise, Avant-Garde, Experimental, Electronic; tags pleasurehorse"
019_019404.mp3,"genre Rock; styles Punk, Rock; tags fnu ronnies"
019_019405.mp3,"genre Rock; styles Punk, Rock; tags fnu ronnies"
019_019406.mp3,"styles Chip Music, Rock, Loud-Rock, Electronic, Chiptune, Folk, Noise-Rock; tags mark denardo"
019_019409.mp3,"genre Rock; styles Post-Punk, Psych-Rock, Rock, Punk; tags outpost"
019_019410.mp3,"genre Rock; styles Post-Punk, Psych-Rock, Rock, Punk; tags outpost"
019_019411.mp3,"genre Rock; styles Post-Punk, Psych-Rock, Rock, Punk; tags outpost"
019_019414.mp3,"genre Pop; styles Pop, Experimental Pop; tags clinical archives, other, experimental pop, orquestra popular de paio"
019_019424.mp3,"styles Jazz, Classical, Rock, Rock Opera, Opera, Metal; tags diablo swing orchestra"
019_019426.mp3,"styles Minimal Electronic, Pop, Experimental Pop, Electronic; tags nobara hayakawa"
019_019428.mp3,"styles Folk, Electronic; tags atlas sound"
019_019429.mp3,"styles Folk, Electronic; tags atlas sound"
019_019430.mp3,"styles Folk, Electronic; tags atlas sound"
019_019431.mp3,"styles Folk, Electronic; tags atlas sound"
019_019432.mp3,"styles Folk, Electronic; tags atlas sound"
019_019433.mp3,"styles Folk, Electronic; tags atlas sound"
019_019434.mp3,"styles Folk, Electronic; tags atlas sound"
019_019435.mp3,"styles Folk, Electronic; tags atlas sound"
019_019436.mp3,"styles Dance, Hip-Hop, Soul-RnB, Electronic; tags eclectek"
019_019437.mp3,"styles Pop, Rock; tags muha"
019_019440.mp3,"styles Jazz, Easy Listening, Soul-RnB, Lounge; tags juanitos, space age pop, sexy, surf, exotica"
019_019443.mp3,"styles Indie-Rock, Funk, Rock, Soul-RnB; tags 60 tigres"
019_019448.mp3,"styles Folk, Electronic; tags atlas sound"
019_019460.mp3,"genre International; styles International, Latin America; tags haiti, djarara, rara"
019_019463.mp3,"genre Rock; styles Psych-Rock, Rock; tags deerhunter"
019_019467.mp3,"genre Rock; styles Psych-Rock, Rock; tags deerhunter"
019_019468.mp3,"genre Rock; styles Psych-Rock, Rock; tags deerhunter"
019_019469.mp3,"genre Rock; styles Psych-Rock, Rock; tags deerhunter"
019_019471.mp3,"genre Rock; styles Psych-Rock, Rock; tags deerhunter"
019_019472.mp3,"genre Rock; styles Psych-Rock, Rock; tags deerhunter"
019_019474.mp3,"styles Minimalism, Composed Music, Classical, Experimental; tags piano, evgeny grinko"
019_019475.mp3,"styles Minimalism, Composed Music, Classical, Experimental; tags piano, evgeny grinko"
019_019476.mp3,"styles Minimalism, Composed Music, Classical, Experimental; tags piano, evgeny grinko"
019_019477.mp3,"styles Minimalism, Composed Music, Classical, Experimental; tags piano, evgeny grinko"
019_019478.mp3,"styles Minimalism, Composed Music, Classical, Experimental; tags piano, evgeny grinko"
019_019479.mp3,"styles Minimalism, Composed Music, Classical, Experimental; tags piano, evgeny grinko"
019_019480.mp3,"styles Minimalism, Composed Music, Classical, Experimental; tags piano, evgeny grinko"
019_019483.mp3,"genre Jazz; styles Free-Jazz, Jazz; tags clinical archives, jazz, experimental, improvisation, ilia belorukov"
019_019490.mp3,"genre Electronic; styles Minimal Electronic, Electronic, Glitch; tags noise, glitch, lebensjunge, lebens"
019_019491.mp3,"genre Electronic; styles Minimal Electronic, Electronic, Glitch; tags noise, glitch, lebensjunge, lebens"
019_019495.mp3,"genre Rock; styles Post-Punk, Rock, Punk; tags the snails"
019_019496.mp3,"genre Rock; styles Post-Punk, Rock, Punk; tags the snails"
019_019497.mp3,"genre Rock; styles Post-Punk, Rock, Punk; tags the snails"
019_019498.mp3,"genre Rock; styles Post-Punk, Rock, Punk; tags the snails"
019_019499.mp3,"genre Rock; styles Post-Punk, Rock, Punk; tags the snails"
019_019500.mp3,"genre Rock; styles Post-Punk, Rock, Punk; tags the snails"
019_019501.mp3,"genre Rock; styles Post-Punk, Rock, Punk; tags the snails"
019_019502.mp3,"genre Rock; styles Post-Punk, Rock, Punk; tags the snails"
019_019503.mp3,"genre Rock; styles Post-Punk, Rock, Punk; tags the snails"
019_019504.mp3,"genre Rock; styles Post-Punk, Rock, Punk; tags the snails"
019_019505.mp3,"genre Rock; styles Post-Punk, Rock, Punk; tags the snails"
019_019506.mp3,"genre Rock; styles Post-Punk, Rock, Punk; tags the snails"
019_019507.mp3,"genre Rock; styles Post-Punk, Rock, Punk; tags the snails"
019_019508.mp3,"genre Rock; styles Post-Punk, Rock, Punk; tags the snails"
019_019509.mp3,"genre Rock; styles Post-Punk, Rock, Punk; tags the snails"
019_019510.mp3,"genre Rock; styles Post-Punk, Rock, Punk; tags the snails"
019_019511.mp3,"genre Rock; styles Post-Punk, Rock, Punk; tags the snails"
019_019529.mp3,"genre Instrumental; styles Ambient, Instrumental; tags light under water"
019_019531.mp3,"genre Instrumental; styles Ambient, Instrumental; tags light under water"
019_019533.mp3,"styles Progressive, Chip Music, Rock, Electronic, Chiptune; tags chip music, zan-zan-zawa-veia"
019_019534.mp3,"styles Progressive, Chip Music, Rock, Electronic, Chiptune; tags chip music, zan-zan-zawa-veia"
019_019535.mp3,"styles Progressive, Chip Music, Rock, Electronic, Chiptune; tags chip music, zan-zan-zawa-veia"
019_019536.mp3,"styles Progressive, Chip Music, Rock, Electronic, Chiptune; tags chip music, zan-zan-zawa-veia"
019_019537.mp3,"styles Progressive, Chip Music, Rock, Electronic, Chiptune; tags chip music, zan-zan-zawa-veia"
019_019538.mp3,"styles Progressive, Chip Music, Rock, Electronic, Chiptune; tags chip music, zan-zan-zawa-veia"
019_019539.mp3,"styles Pop, Rock; tags san francisco, bay area, the fresh onlys"
019_019540.mp3,"styles Pop, Rock; tags san francisco, bay area, the fresh onlys"
019_019541.mp3,"styles Pop, Rock; tags san francisco, bay area, the fresh onlys"
019_019542.mp3,"styles Pop, Rock; tags san francisco, bay area, the fresh onlys"
019_019543.mp3,"styles Pop, Rock; tags san francisco, bay area, the fresh onlys"
019_019544.mp3,"styles Pop, Rock; tags san francisco, bay area, the fresh onlys"
019_019545.mp3,"styles Pop, Rock; tags san francisco, bay area, the fresh onlys"
019_019546.mp3,"styles Pop, Rock; tags san francisco, bay area, the fresh onlys"
019_019547.mp3,"styles Pop, Rock; tags san francisco, bay area, the fresh onlys"
019_019548.mp3,"genre Rock; styles Punk, Rock; tags static static"
019_019549.mp3,"genre Rock; styles Punk, Rock; tags static static"
019_019551.mp3,"genre Rock; styles Punk, Rock; tags static static"
019_019554.mp3,"styles Musique Concrete, Experimental, Electronic; tags improvisation, musique concrete, free-jazz, thf drenching, electronic, electroacoustic"
019_019555.mp3,"styles Musique Concrete, Experimental, Electronic; tags improvisation, musique concrete, free-jazz, thf drenching, electronic, electroacoustic"
019_019556.mp3,"styles Musique Concrete, Experimental, Electronic; tags improvisation, musique concrete, free-jazz, thf drenching, electronic, electroacoustic"
019_019580.mp3,"genre Rock; styles Lo-Fi, Rock; tags the netherlands, borre zon"
019_019581.mp3,"genre Rock; styles Lo-Fi, Rock; tags the netherlands, borre zon"
019_019590.mp3,Victor 4783 Disc 1906; genre Old-Time / Historic; styles Old-Time / Historic; tags jw meyers
019_019594.mp3,"styles International, Jazz, Country, Brazilian, Folk, Bluegrass; tags clay ross and matuto"
019_019595.mp3,"styles International, Jazz, Country, Brazilian, Folk, Bluegrass; tags clay ross and matuto"
019_019596.mp3,"styles International, Jazz, Country, Brazilian, Folk, Bluegrass; tags clay ross and matuto"
019_019597.mp3,"styles International, Jazz, Country, Brazilian, Folk, Bluegrass; tags clay ross and matuto"
019_019598.mp3,"styles International, Jazz, Country, Brazilian, Folk, Bluegrass; tags clay ross and matuto"
019_019599.mp3,"styles International, Jazz, Country, Brazilian, Folk, Bluegrass; tags clay ross and matuto"
019_019600.mp3,"styles International, Jazz, Country, Brazilian, Folk, Bluegrass; tags clay ross and matuto"
019_019620.mp3,"Sam Barsh - keyboards, Gene Coye - drums, Gabe Noel - bass; styles Rock, Easy Listening,"
019_019624.mp3,"Columbia A2800 Disc 1919; styles Novelty, Experimental, Old-Time / Historic, Sound Effects, Holiday; tags holiday music,"
019_019625.mp3,"Columbia A2800 Disc 1919; styles Novelty, Experimental, Old-Time / Historic, Sound Effects, Holiday; tags holiday music,"
019_019635.mp3,"genre Folk; styles Folk, Singer-Songwriter; tags autumn shade"
019_019636.mp3,"genre Folk; styles Folk, Psych-Folk; tags ben reynolds"
019_019637.mp3,"genre Rock; styles Post-Rock, Rock; tags bright"
019_019638.mp3,"genre Folk; styles Folk, Psych-Folk; tags charlie schmidt"
019_019639.mp3,"genre Rock; styles Post-Rock, Rock; tags cul de sac"
019_019640.mp3,"genre Rock; styles Post-Rock, Rock; tags cul de sac"
019_019643.mp3,genre Rock; styles Rock; tags cul de sacdamo suzuki
019_019645.mp3,"genre Rock; styles Rock, Metal; tags wizardry"
019_019646.mp3,"genre Rock; styles Rock, Metal; tags wizardry"
019_019650.mp3,"genre Rock; styles Lo-Fi, Rock; tags the netherlands, borre zon"
019_019651.mp3,"genre Rock; styles Lo-Fi, Rock; tags the netherlands, borre zon"
019_019652.mp3,"genre Rock; styles Lo-Fi, Rock; tags the netherlands, borre zon"
019_019653.mp3,"styles International, Experimental, Rock, Drone, Space-Rock, Indian, Post-Rock; tags fi"
019_019656.mp3,"genre Rock; styles Punk, Rock, No Wave; tags tv ghost"
019_019659.mp3,"genre Rock; styles Punk, Rock, No Wave; tags tv ghost"
019_019660.mp3,"genre Rock; styles Punk, Rock, No Wave; tags tv ghost"
019_019661.mp3,"genre Rock; styles Punk, Rock, No Wave; tags tv ghost"
019_019662.mp3,"genre Rock; styles Punk, Rock, No Wave; tags tv ghost"
019_019665.mp3,genre Folk; styles Folk; tags harris newman
019_019667.mp3,genre Folk; styles Folk; tags harris newman
019_019672.mp3,"genre Jazz; styles Jazz: Out, Free-Jazz, Jazz; tags nels cline, nels clinewally shoupchris corsano"
019_019678.mp3,"genre Folk; styles Folk, Psych-Folk; tags nick castro"
019_019679.mp3,"genre Spoken; styles Radio, Spoken, Interview; tags deerhunter"
019_019680.mp3,"genre Folk; styles Folk, Psych-Folk; tags nick castro"
019_019681.mp3,"genre Experimental; styles Improv, Experimental; tags marco cappelli"
019_019683.mp3,"styles Minimalism, Psych-Folk, Folk, Experimental; tags nonloc"
019_019686.mp3,"genre Rock; styles Psych-Rock, Rock; tags plants"
019_019687.mp3,"genre Pop; styles Pop, Experimental Pop; tags clinical archives, electronic, psychedelic, psy-folk, experimental pop, other, post-rock,"
019_019688.mp3,"genre Pop; styles Pop, Experimental Pop; tags clinical archives, electronic, psychedelic, psy-folk, experimental pop, other, post-rock,"
019_019690.mp3,"genre Pop; styles Pop, Experimental Pop; tags clinical archives, electronic, psychedelic, psy-folk, experimental pop, other, post-rock,"
019_019691.mp3,"genre Pop; styles Pop, Experimental Pop; tags clinical archives, electronic, psychedelic, psy-folk, experimental pop, other, post-rock,"
019_019692.mp3,"genre Pop; styles Pop, Experimental Pop; tags clinical archives, electronic, psychedelic, psy-folk, experimental pop, other, post-rock,"
019_019693.mp3,"genre Pop; styles Pop, Experimental Pop; tags clinical archives, electronic, psychedelic, psy-folk, experimental pop, other, post-rock,"
019_019694.mp3,"genre Pop; styles Pop, Experimental Pop; tags clinical archives, electronic, psychedelic, psy-folk, experimental pop, other, post-rock,"
019_019695.mp3,"genre Pop; styles Pop, Experimental Pop; tags clinical archives, electronic, psychedelic, psy-folk, experimental pop, other, post-rock,"
019_019696.mp3,"genre Pop; styles Pop, Experimental Pop; tags clinical archives, electronic, psychedelic, psy-folk, experimental pop, other, post-rock,"
019_019697.mp3,"genre Pop; styles Pop, Experimental Pop; tags clinical archives, electronic, psychedelic, psy-folk, experimental pop, other, post-rock,"
019_019698.mp3,"genre Pop; styles Pop, Experimental Pop; tags clinical archives, electronic, psychedelic, psy-folk, experimental pop, other, post-rock,"
019_019699.mp3,"genre Pop; styles Pop, Experimental Pop; tags clinical archives, electronic, psychedelic, psy-folk, experimental pop, other, post-rock,"
019_019700.mp3,"genre Pop; styles Pop, Experimental Pop; tags clinical archives, electronic, psychedelic, psy-folk, experimental pop, other, post-rock,"
019_019701.mp3,"genre Pop; styles Pop, Experimental Pop; tags clinical archives, electronic, psychedelic, psy-folk, experimental pop, other, post-rock,"
019_019702.mp3,"genre Pop; styles Pop, Experimental Pop; tags clinical archives, electronic, psychedelic, psy-folk, experimental pop, other, post-rock,"
019_019703.mp3,"genre Pop; styles Pop, Experimental Pop; tags clinical archives, electronic, psychedelic, psy-folk, experimental pop, other, post-rock,"
019_019704.mp3,"styles Psych-Rock, Rock, Experimental; tags primordial undermind"
019_019705.mp3,genre Folk; styles Folk; tags steffen basho-junghans
019_019706.mp3,genre Folk; styles Folk; tags steffen basho-junghans
019_019709.mp3,"styles Progressive, Rock, Experimental; tags subarachnoid space"
019_019725.mp3,genre Hip-Hop; styles Hip-Hop; tags shlohmo
019_019726.mp3,genre Hip-Hop; styles Hip-Hop; tags shlohmo
019_019730.mp3,"styles Progressive, Jazz, Ambient, Rock, Instrumental; tags rushus, a foggy realm"
019_019731.mp3,"styles Progressive, Jazz, Ambient, Rock, Instrumental; tags rushus, a foggy realm"
019_019732.mp3,"styles Progressive, Jazz, Ambient, Rock, Instrumental; tags rushus, a foggy realm"
019_019733.mp3,"styles Progressive, Jazz, Ambient, Rock, Instrumental; tags rushus, a foggy realm"
019_019734.mp3,"styles Progressive, Jazz, Ambient, Rock, Instrumental; tags rushus, a foggy realm"
019_019736.mp3,"genre Rock; styles Rock, Loud-Rock, Noise-Rock, Sludge, Metal; tags san francisco, kowloon walled city"
019_019739.mp3,"genre Rock; styles Rock, Loud-Rock, Noise-Rock, Sludge, Metal; tags san francisco, kowloon walled city"
019_019740.mp3,"genre Rock; styles Rock, Loud-Rock, Noise-Rock, Sludge, Metal; tags san francisco, kowloon walled city"
019_019743.mp3,"styles International, Reggae - Dub, Electronic; tags volatil"
019_019744.mp3,"styles International, Reggae - Dub, Electronic; tags volatil"
019_019746.mp3,"styles International, Reggae - Dub, Electronic; tags volatil"
019_019748.mp3,"styles International, Reggae - Dub, Electronic; tags volatil"
019_019750.mp3,"styles International, Reggae - Dub, Electronic; tags volatil"
019_019751.mp3,"styles International, Reggae - Dub, Electronic; tags volatil"
019_019752.mp3,"styles International, Reggae - Dub, Electronic; tags volatil"
019_019753.mp3,"styles International, Reggae - Dub, Electronic; tags volatil"
019_019754.mp3,"styles International, Reggae - Dub, Electronic; tags volatil"
019_019755.mp3,"styles International, Reggae - Dub, Electronic; tags volatil"
019_019756.mp3,"styles International, Reggae - Dub, Electronic; tags volatil"
019_019757.mp3,"styles Folk, Rock, Punk; tags the taxpayers"
019_019762.mp3,"styles Noise, Industrial, Experimental, Pop, Rock, Experimental Pop; tags invaders from sears"
019_019763.mp3,"styles Noise, Industrial, Experimental, Pop, Rock, Experimental Pop; tags invaders from sears"
019_019764.mp3,"styles Noise, Industrial, Experimental, Pop, Rock, Experimental Pop; tags invaders from sears"
019_019765.mp3,"styles Noise, Industrial, Experimental, Pop, Rock, Experimental Pop; tags invaders from sears"
019_019766.mp3,"styles Noise, Industrial, Experimental, Pop, Rock, Experimental Pop; tags invaders from sears"
019_019767.mp3,"styles Noise, Industrial, Experimental, Pop, Rock, Experimental Pop; tags invaders from sears"
019_019768.mp3,"styles Noise, Industrial, Experimental, Pop, Rock, Experimental Pop; tags invaders from sears"
019_019769.mp3,"styles Noise, Industrial, Experimental, Pop, Rock, Experimental Pop; tags invaders from sears"
019_019770.mp3,"styles Noise, Industrial, Experimental, Pop, Rock, Experimental Pop; tags invaders from sears"
019_019771.mp3,"styles Noise, Industrial, Experimental, Pop, Rock, Experimental Pop; tags invaders from sears"
019_019772.mp3,"styles Noise, Industrial, Experimental, Pop, Rock, Experimental Pop; tags invaders from sears"
019_019773.mp3,"styles Noise, Industrial, Experimental, Pop, Rock, Experimental Pop; tags invaders from sears"
019_019774.mp3,"styles International, Dubstep, Reggae - Dub, Electronic; tags volatil"
019_019776.mp3,"styles International, Reggae - Dub, Electronic; tags volatil"
019_019777.mp3,"styles Avant-Garde, Composed Music, Classical, Experimental, Musical Theater, Spoken; tags kyle gann"
019_019778.mp3,"styles Avant-Garde, Composed Music, Classical, Experimental, Musical Theater, Spoken; tags kyle gann"
019_019779.mp3,"styles Avant-Garde, Composed Music, Classical, Experimental, Musical Theater, Spoken; tags kyle gann"
019_019780.mp3,"styles Avant-Garde, Composed Music, Classical, Experimental, Musical Theater, Spoken; tags kyle gann"
019_019781.mp3,tags elliott sharp
019_019782.mp3,"genre Electronic; styles Chiptune, Chip Music, Electronic; tags the hardliner"
019_019783.mp3,"genre Electronic; styles Chiptune, Chip Music, Electronic; tags the hardliner"
019_019784.mp3,"genre Electronic; styles Chiptune, Chip Music, Electronic; tags the hardliner"
019_019785.mp3,"genre Electronic; styles Chiptune, Chip Music, Electronic; tags the hardliner"
019_019786.mp3,"genre Electronic; styles Chiptune, Chip Music, Electronic; tags the hardliner"
019_019787.mp3,"genre Electronic; styles Chiptune, Chip Music, Electronic; tags the hardliner"
019_019788.mp3,"genre Electronic; styles Chiptune, Chip Music, Electronic; tags the hardliner"
019_019789.mp3,"genre Rock; styles Progressive, Rock; tags liturgy"
019_019792.mp3,"genre Rock; styles Progressive, Rock, Metal, Black-Metal; tags liturgy"
019_019795.mp3,"styles Pop, Ambient, Experimental Pop, Instrumental; tags hexlove"
019_019796.mp3,"styles Pop, Ambient, Experimental Pop, Instrumental; tags hexlove"
019_019797.mp3,"styles Pop, Ambient, Experimental Pop, Instrumental; tags hexlove"
019_019798.mp3,"styles Pop, Ambient, Experimental Pop, Instrumental; tags hexlove"
019_019819.mp3,"styles Musique Concrete, Experimental, Electronic; tags improvisation, musique concrete, free-jazz, thf drenching, electronic, electroacoustic"
019_019820.mp3,"styles Musique Concrete, Experimental, Electronic; tags improvisation, musique concrete, free-jazz, thf drenching, electronic, electroacoustic"
019_019821.mp3,"styles Musique Concrete, Experimental, Electronic; tags improvisation, musique concrete, free-jazz, thf drenching, electronic, electroacoustic"
019_019822.mp3,"styles Musique Concrete, Experimental, Electronic; tags improvisation, musique concrete, free-jazz, thf drenching, electronic, electroacoustic"
019_019839.mp3,"genre Experimental; styles Electroacoustic, Experimental, Musique Concrete; tags improvisation, musique concrete, free-jazz, thf drenching, electronic, electroacoustic"
019_019840.mp3,"genre Experimental; styles Electroacoustic, Experimental, Musique Concrete; tags improvisation, musique concrete, free-jazz, thf drenching, electronic, electroacoustic"
019_019841.mp3,"genre Experimental; styles Electroacoustic, Experimental, Musique Concrete; tags improvisation, musique concrete, free-jazz, thf drenching, electronic, electroacoustic"
019_019842.mp3,"genre Experimental; styles Electroacoustic, Experimental, Musique Concrete; tags improvisation, musique concrete, free-jazz, thf drenching, electronic, electroacoustic"
019_019843.mp3,"genre Experimental; styles Electroacoustic, Experimental, Musique Concrete; tags improvisation, musique concrete, free-jazz, thf drenching, electronic, electroacoustic"
019_019844.mp3,"genre Experimental; styles Electroacoustic, Experimental, Musique Concrete; tags improvisation, musique concrete, free-jazz, thf drenching, electronic, electroacoustic"
019_019845.mp3,"genre Experimental; styles Electroacoustic, Experimental, Musique Concrete; tags improvisation, musique concrete, free-jazz, thf drenching, electronic, electroacoustic"
019_019846.mp3,"genre Experimental; styles Electroacoustic, Experimental, Musique Concrete; tags improvisation, musique concrete, free-jazz, thf drenching, electronic, electroacoustic"
019_019847.mp3,"genre Experimental; styles Electroacoustic, Experimental, Musique Concrete; tags improvisation, musique concrete, free-jazz, thf drenching, electronic, electroacoustic"
019_019848.mp3,"genre Experimental; styles Electroacoustic, Experimental, Musique Concrete; tags improvisation, musique concrete, free-jazz, thf drenching, electronic, electroacoustic"
019_019849.mp3,"genre Experimental; styles Electroacoustic, Experimental, Musique Concrete; tags improvisation, musique concrete, free-jazz, thf drenching, electronic, electroacoustic"
019_019850.mp3,"genre Experimental; styles Electroacoustic, Experimental, Musique Concrete; tags improvisation, musique concrete, free-jazz, thf drenching, electronic, electroacoustic"
019_019851.mp3,"genre Experimental; styles Electroacoustic, Experimental, Musique Concrete; tags improvisation, musique concrete, free-jazz, thf drenching, electronic, electroacoustic"
019_019852.mp3,"genre Experimental; styles Electroacoustic, Experimental, Musique Concrete; tags improvisation, musique concrete, free-jazz, thf drenching, electronic, electroacoustic"
019_019853.mp3,"genre Experimental; styles Electroacoustic, Experimental, Musique Concrete; tags improvisation, musique concrete, free-jazz, thf drenching, electronic, electroacoustic"
019_019854.mp3,"genre Experimental; styles Electroacoustic, Experimental, Musique Concrete; tags improvisation, musique concrete, free-jazz, thf drenching, electronic, electroacoustic"
019_019855.mp3,"genre Experimental; styles Electroacoustic, Experimental, Musique Concrete; tags improvisation, musique concrete, free-jazz, thf drenching, electronic, electroacoustic"
019_019856.mp3,"genre Experimental; styles Experimental; tags clinical archives, electronic, id of mobius, experimental, live"
019_019857.mp3,"genre Experimental; styles Experimental; tags clinical archives, electronic, id of mobius, experimental, live"
019_019858.mp3,"genre Experimental; styles Improv, Experimental; tags improvisation, musique concrete, free-jazz, thf drenching, electronic, electroacoustic"
019_019859.mp3,"genre Experimental; styles Improv, Experimental; tags improvisation, musique concrete, free-jazz, thf drenching, electronic, electroacoustic"
019_019860.mp3,"styles Free-Jazz, Improv, Jazz, Experimental; tags improvisation, musique concrete, free-jazz, thf drenching, electronic, electroacoustic"
019_019863.mp3,"genre Experimental; styles Improv, Experimental; tags improvisation, musique concrete, free-jazz, thf drenching, electronic, electroacoustic"
019_019865.mp3,"genre Experimental; styles Improv, Experimental; tags improvisation, musique concrete, free-jazz, thf drenching, electronic, electroacoustic"
019_019866.mp3,"styles Jazz, Experimental, Free-Jazz, Musique Concrete, Improv; tags improvisation, musique concrete, free-jazz, thf drenching, electronic, electroacoustic"
019_019871.mp3,"styles Jazz, Experimental, Free-Jazz, Musique Concrete, Improv; tags improvisation, musique concrete, free-jazz, thf drenching, electronic, electroacoustic"
019_019872.mp3,"styles Jazz, Experimental, Free-Jazz, Musique Concrete, Improv; tags improvisation, musique concrete, free-jazz, thf drenching, electronic, electroacoustic"
019_019873.mp3,"styles Jazz, Experimental, Free-Jazz, Musique Concrete, Improv; tags improvisation, musique concrete, free-jazz, thf drenching, electronic, electroacoustic"
019_019874.mp3,"styles Jazz, Experimental, Free-Jazz, Musique Concrete, Improv; tags improvisation, musique concrete, free-jazz, thf drenching, electronic, electroacoustic"
019_019875.mp3,"genre Experimental; styles Electroacoustic, Improv, Experimental, Musique Concrete; tags improvisation, musique concrete, free-jazz, thf drenching, electronic,"
019_019877.mp3,"genre Experimental; styles Electroacoustic, Improv, Experimental, Musique Concrete; tags improvisation, musique concrete, free-jazz, thf drenching, electronic,"
019_019878.mp3,"styles Minimal Electronic, Musique Concrete, Experimental, Electronic; tags improvisation, musique concrete, free-jazz, thf drenching, electronic, electroacoustic"
019_019880.mp3,"genre Experimental; styles Experimental, Musique Concrete; tags improvisation, musique concrete, free-jazz, thf drenching, electronic, electroacoustic"
019_019881.mp3,"genre Experimental; styles Experimental, Musique Concrete; tags improvisation, musique concrete, free-jazz, thf drenching, electronic, electroacoustic"
019_019882.mp3,"genre Experimental; styles Experimental, Musique Concrete; tags improvisation, musique concrete, free-jazz, thf drenching, electronic, electroacoustic"
019_019883.mp3,"genre Experimental; styles Experimental, Musique Concrete; tags improvisation, musique concrete, free-jazz, thf drenching, electronic, electroacoustic"
019_019884.mp3,"genre Experimental; styles Experimental, Musique Concrete; tags improvisation, musique concrete, free-jazz, thf drenching, electronic, electroacoustic"
019_019885.mp3,"genre Experimental; styles Experimental, Musique Concrete; tags improvisation, musique concrete, free-jazz, thf drenching, electronic, electroacoustic"
019_019888.mp3,"genre Experimental; styles Experimental, Musique Concrete; tags improvisation, musique concrete, free-jazz, thf drenching, electronic, electroacoustic"
019_019892.mp3,"genre Experimental; styles Experimental, Musique Concrete; tags improvisation, musique concrete, free-jazz, thf drenching, electronic, electroacoustic"
019_019893.mp3,"styles Musique Concrete, Experimental, Electronic; tags improvisation, musique concrete, free-jazz, thf drenching, electronic, electroacoustic"
019_019894.mp3,"styles Musique Concrete, Experimental, Electronic; tags improvisation, musique concrete, free-jazz, thf drenching, electronic, electroacoustic"
019_019895.mp3,"styles Musique Concrete, Experimental, Electronic; tags improvisation, musique concrete, free-jazz, thf drenching, electronic, electroacoustic"
019_019896.mp3,"styles Musique Concrete, Experimental, Electronic; tags improvisation, musique concrete, free-jazz, thf drenching, electronic, electroacoustic"
019_019897.mp3,"styles Musique Concrete, Experimental, Electronic; tags improvisation, musique concrete, free-jazz, thf drenching, electronic, electroacoustic"
019_019898.mp3,"styles Musique Concrete, Experimental, Electronic; tags improvisation, musique concrete, free-jazz, thf drenching, electronic, electroacoustic"
019_019899.mp3,"styles Musique Concrete, Experimental, Electronic; tags improvisation, musique concrete, free-jazz, thf drenching, electronic, electroacoustic"
019_019900.mp3,"styles Musique Concrete, Experimental, Electronic; tags improvisation, musique concrete, free-jazz, thf drenching, electronic, electroacoustic"
019_019902.mp3,"styles Musique Concrete, Experimental, Electronic; tags improvisation, musique concrete, free-jazz, thf drenching, electronic, electroacoustic"
019_019903.mp3,"styles Musique Concrete, Experimental, Electronic; tags improvisation, musique concrete, free-jazz, thf drenching, electronic, electroacoustic"
019_019904.mp3,"styles Musique Concrete, Experimental, Electronic; tags improvisation, musique concrete, free-jazz, thf drenching, electronic, electroacoustic"
019_019905.mp3,"styles Musique Concrete, Experimental, Electronic; tags improvisation, musique concrete, free-jazz, thf drenching, electronic, electroacoustic"
019_019906.mp3,"styles Musique Concrete, Experimental, Electronic; tags improvisation, musique concrete, free-jazz, thf drenching, electronic, electroacoustic"
019_019907.mp3,"styles Musique Concrete, Experimental, Electronic; tags improvisation, musique concrete, free-jazz, thf drenching, electronic, electroacoustic"
019_019908.mp3,"styles Musique Concrete, Experimental, Electronic; tags improvisation, musique concrete, free-jazz, thf drenching, electronic, electroacoustic"
019_019909.mp3,"styles Musique Concrete, Experimental, Electronic; tags improvisation, musique concrete, free-jazz, thf drenching, electronic, electroacoustic"
019_019910.mp3,"styles Musique Concrete, Experimental, Electronic; tags improvisation, musique concrete, free-jazz, thf drenching, electronic, electroacoustic"
019_019912.mp3,"styles Musique Concrete, Experimental, Electronic; tags improvisation, musique concrete, free-jazz, thf drenching, electronic, electroacoustic"
019_019913.mp3,"styles Musique Concrete, Experimental, Electronic; tags improvisation, musique concrete, free-jazz, thf drenching, electronic, electroacoustic"
019_019914.mp3,"styles Musique Concrete, Experimental, Electronic; tags improvisation, musique concrete, free-jazz, thf drenching, electronic, electroacoustic"
019_019915.mp3,"styles Musique Concrete, Experimental, Electronic; tags improvisation, musique concrete, free-jazz, thf drenching, electronic, electroacoustic"
019_019916.mp3,"styles Musique Concrete, Experimental, Electronic; tags improvisation, musique concrete, free-jazz, thf drenching, electronic, electroacoustic"
019_019917.mp3,"styles Musique Concrete, Experimental, Electronic; tags improvisation, musique concrete, free-jazz, thf drenching, electronic, electroacoustic"
019_019918.mp3,"styles Musique Concrete, Experimental, Electronic; tags improvisation, musique concrete, free-jazz, thf drenching, electronic, electroacoustic"
019_019919.mp3,"styles Musique Concrete, Experimental, Electronic; tags improvisation, musique concrete, free-jazz, thf drenching, electronic, electroacoustic"
019_019920.mp3,"styles Musique Concrete, Experimental, Electronic; tags improvisation, musique concrete, free-jazz, thf drenching, electronic, electroacoustic"
019_019921.mp3,"styles Musique Concrete, Experimental, Electronic; tags improvisation, musique concrete, free-jazz, thf drenching, electronic, electroacoustic"
019_019922.mp3,"styles Musique Concrete, Experimental, Electronic; tags improvisation, musique concrete, free-jazz, thf drenching, electronic, electroacoustic"
019_019923.mp3,"styles Musique Concrete, Experimental, Electronic; tags improvisation, musique concrete, free-jazz, thf drenching, electronic, electroacoustic"
019_019924.mp3,"styles Musique Concrete, Experimental, Electronic; tags improvisation, musique concrete, free-jazz, thf drenching, electronic, electroacoustic"
019_019925.mp3,"styles Musique Concrete, Experimental, Electronic; tags improvisation, musique concrete, free-jazz, thf drenching, electronic, electroacoustic"
019_019926.mp3,"styles Musique Concrete, Experimental, Electronic; tags improvisation, musique concrete, free-jazz, thf drenching, electronic, electroacoustic"
019_019927.mp3,"styles Musique Concrete, Experimental, Electronic; tags improvisation, musique concrete, free-jazz, thf drenching, electronic, electroacoustic"
019_019943.mp3,"styles Folk, Experimental; tags eat"
019_019944.mp3,"styles Folk, Experimental; tags eat"
019_019945.mp3,"styles Folk, Experimental; tags eat"
019_019946.mp3,"styles Folk, Experimental; tags eat"
019_019947.mp3,"styles Folk, Experimental; tags eat"
019_019948.mp3,"styles Folk, Experimental; tags eat"
019_019949.mp3,"styles Folk, Experimental; tags eat"
019_019950.mp3,"styles Folk, Experimental; tags eat"
019_019951.mp3,"styles Folk, Experimental; tags eat"
019_019952.mp3,"styles Folk, Experimental; tags eat"
019_019953.mp3,"styles Folk, Experimental; tags eat"
019_019954.mp3,"styles Folk, Experimental; tags eat"
019_019955.mp3,"styles Folk, Experimental; tags eat"
019_019956.mp3,"styles Folk, Experimental; tags eat"
019_019957.mp3,"styles Folk, Experimental; tags eat"
019_019958.mp3,"styles Progressive, Rock, Experimental; tags subarachnoid space"
019_019959.mp3,"styles Punk, Lo-Fi, Rock, Experimental; tags the lowdown"
019_019960.mp3,"genre Rock; styles Psych-Rock, Krautrock, Rock; tags the vocokesh"
019_019961.mp3,"styles Instrumental, Ambient, Experimental, Electronic; tags thuja"
019_019963.mp3,"styles Psych-Rock, Rock, Experimental; tags tsurubami"
019_019964.mp3,"genre Rock; styles Psych-Rock, Krautrock, Rock; tags the vocokesh"
019_019965.mp3,"genre Rock; styles Psych-Rock, Krautrock, Rock; tags the vocokesh"
019_019966.mp3,"genre Rock; styles Punk, Loud-Rock, Rock, Noise-Rock; tags bad party"
019_019967.mp3,"genre Rock; styles Punk, Loud-Rock, Rock, Noise-Rock; tags bad party"
019_019968.mp3,"genre Rock; styles Punk, Loud-Rock, Rock, Noise-Rock; tags bad party"
019_019969.mp3,"genre Rock; styles Punk, Loud-Rock, Rock, Noise-Rock; tags bad party"
019_019970.mp3,"genre Rock; styles Punk, Loud-Rock, Rock, Noise-Rock; tags bad party"
019_019971.mp3,"genre Rock; styles Punk, Loud-Rock, Rock, Noise-Rock; tags bad party"
019_019972.mp3,"genre Rock; styles Punk, Loud-Rock, Rock, Noise-Rock; tags bad party"
019_019973.mp3,"genre Rock; styles Punk, Loud-Rock, Rock, Noise-Rock; tags bad party"
019_019974.mp3,"genre Rock; styles Punk, Loud-Rock, Rock, Noise-Rock; tags bad party"
019_019977.mp3,genre Folk; styles Folk; tags kate power steve einhorn
019_019979.mp3,genre Folk; styles Folk; tags kate power steve einhorn
019_019980.mp3,tags micachu the shapes
019_019985.mp3,"genre Experimental; styles Improv, Experimental, Drone; tags banjo, japan banjo, raga, flower-corsano duo, drone, shahi baaja"
019_019987.mp3,"genre Experimental; styles Improv, Experimental, Drone; tags banjo, japan banjo, raga, flower-corsano duo, drone, shahi baaja"
019_019988.mp3,"genre Experimental; styles Improv, Experimental, Drone; tags ashtray navigations"
019_019990.mp3,"genre Experimental; styles Improv, Experimental, Drone; tags ashtray navigations"
019_019991.mp3,"genre Experimental; styles Improv, Experimental, Drone; tags ashtray navigations"
019_019993.mp3,"styles Avant-Garde, Experimental, Pop, Ambient, Experimental Pop, Instrumental; tags hexlove"
019_019994.mp3,"styles International, Experimental, Middle East, Electronic, Sound Poetry; tags medianti"
019_019995.mp3,"by Fabrizio Abbruciati (sax) Manuel Gordiani (guitar) Kamilla Kostur (violin); styles International, Experimental, Middle East, Electronic,"
019_019996.mp3,"styles Chip Music, Rock, Electronic, Metal; tags heosphoros"
019_019998.mp3,"styles Chip Music, Rock, Electronic, Metal; tags heosphoros"
019_019999.mp3,"styles Chip Music, Rock, Electronic, Metal; tags heosphoros"
020_020000.mp3,"styles Chip Music, Rock, Electronic, Metal; tags heosphoros"
020_020001.mp3,"styles Chip Music, Rock, Electronic, Metal; tags heosphoros"
020_020002.mp3,"styles Chip Music, Rock, Electronic, Metal; tags heosphoros"
020_020003.mp3,"styles Folk, Lo-Fi, Rock, Shoegaze; tags rivulets"
020_020004.mp3,"styles Folk, Lo-Fi, Rock, Psych-Folk; tags marianne nowottny"
020_020005.mp3,"styles Folk, Lo-Fi, Rock, Psych-Folk; tags marianne nowottny"
020_020006.mp3,"styles Folk, Lo-Fi, Rock, Psych-Folk; tags marianne nowottny"
020_020007.mp3,"styles Folk, Lo-Fi, Rock, Psych-Folk; tags marianne nowottny"
020_020008.mp3,"styles Folk, Lo-Fi, Rock, Psych-Folk; tags marianne nowottny"
020_020017.mp3,"styles Folk, Pop, Lo-Fi, Rock; tags jacob smigel"
020_020018.mp3,"styles Folk, Pop, Lo-Fi, Rock; tags jacob smigel"
020_020019.mp3,"styles Folk, Pop, Lo-Fi, Rock; tags jacob smigel"
020_020020.mp3,"styles Folk, Pop, Lo-Fi, Rock; tags jacob smigel"
020_020021.mp3,"styles Folk, Pop, Lo-Fi, Rock; tags jacob smigel"
020_020022.mp3,genre Folk; styles Folk; tags the minor thirds
020_020023.mp3,genre Folk; styles Folk; tags the minor thirds
020_020024.mp3,genre Folk; styles Folk; tags the minor thirds
020_020025.mp3,genre Folk; styles Folk; tags the minor thirds
020_020026.mp3,genre Folk; styles Folk; tags the minor thirds
020_020027.mp3,genre Folk; styles Folk; tags the minor thirds
020_020028.mp3,genre Folk; styles Folk; tags the minor thirds
020_020029.mp3,genre Folk; styles Folk; tags the minor thirds
020_020030.mp3,genre Folk; styles Folk; tags the minor thirds
020_020032.mp3,"styles Pop, Rock, Experimental Pop, Electronic, Lo-Fi; tags blocks recording club, canadian indie pop, tall british"
020_020033.mp3,"styles Pop, Rock, Experimental Pop, Electronic, Lo-Fi; tags blocks recording club, canadian indie pop, tall british"
020_020034.mp3,"styles Pop, Rock, Experimental Pop, Electronic, Lo-Fi; tags blocks recording club, canadian indie pop, tall british"
020_020035.mp3,"styles Pop, Rock, Experimental Pop, Electronic, Lo-Fi; tags blocks recording club, canadian indie pop, tall british"
020_020036.mp3,"styles Blues, Country, Rock, Garage, Lo-Fi; tags jawbone"
020_020037.mp3,"styles Blues, Country, Rock, Garage, Lo-Fi; tags jawbone"
020_020038.mp3,"styles Blues, Country, Rock, Garage, Lo-Fi; tags jawbone"
020_020039.mp3,"styles Blues, Country, Rock, Garage, Lo-Fi; tags jawbone"
020_020040.mp3,"styles Blues, Country, Rock, Garage, Lo-Fi; tags jawbone"
020_020041.mp3,"styles Blues, Country, Rock, Garage, Lo-Fi; tags jawbone"
020_020042.mp3,"styles Blues, Country, Rock, Garage, Lo-Fi; tags jawbone"
020_020043.mp3,"styles Blues, Country, Rock, Garage, Lo-Fi; tags jawbone"
020_020044.mp3,"styles Blues, Country, Rock, Garage, Lo-Fi; tags jawbone"
020_020045.mp3,"styles Blues, Country, Rock, Garage, Lo-Fi; tags jawbone"
020_020046.mp3,"genre Experimental; styles Avant-Garde, Experimental; tags alex waterman robert ashley"
020_020049.mp3,tags family of the year
020_020052.mp3,"styles Folk, Indie-Rock, Rock, Singer-Songwriter; tags sydney wayser"
020_020060.mp3,"styles Noise, Experimental, Ambient, Drone, Electronic, Instrumental, Musique Concrete; tags electronic, salakapakka sound system"
020_020061.mp3,"styles Noise, Experimental, Ambient, Drone, Electronic, Instrumental, Musique Concrete; tags electronic, salakapakka sound system"
020_020062.mp3,"styles Noise, Experimental, Ambient, Drone, Electronic, Instrumental, Musique Concrete; tags electronic, salakapakka sound system"
020_020063.mp3,"styles Noise, Experimental, Ambient, Drone, Electronic, Instrumental, Musique Concrete; tags electronic, salakapakka sound system"
020_020064.mp3,"styles Noise, Experimental, Ambient, Drone, Electronic, Instrumental, Musique Concrete; tags electronic, salakapakka sound system"
020_020065.mp3,"styles Noise, Experimental, Ambient, Drone, Electronic, Instrumental, Musique Concrete; tags electronic, salakapakka sound system"
020_020066.mp3,"styles Noise, Experimental, Ambient, Drone, Electronic, Instrumental, Musique Concrete; tags electronic, salakapakka sound system"
020_020067.mp3,"styles Noise, Experimental, Ambient, Drone, Electronic, Instrumental, Musique Concrete; tags electronic, salakapakka sound system"
020_020068.mp3,"styles Noise, Experimental, Ambient, Drone, Electronic, Instrumental, Musique Concrete; tags electronic, salakapakka sound system"
020_020069.mp3,"styles Noise, Experimental, Ambient, Drone, Electronic, Instrumental, Musique Concrete; tags electronic, salakapakka sound system"
020_020070.mp3,"styles Noise, Experimental, Ambient, Drone, Electronic, Instrumental, Musique Concrete; tags electronic, salakapakka sound system"
020_020071.mp3,"styles Noise, Experimental, Ambient, Drone, Electronic, Instrumental, Musique Concrete; tags electronic, salakapakka sound system"
020_020072.mp3,"styles Noise, Experimental, Ambient, Drone, Electronic, Instrumental, Musique Concrete; tags electronic, salakapakka sound system"
020_020073.mp3,"styles Noise, Experimental, Ambient, Drone, Electronic, Instrumental, Musique Concrete; tags electronic, salakapakka sound system"
020_020074.mp3,"styles Noise, Experimental, Ambient, Drone, Electronic, Instrumental, Musique Concrete; tags electronic, salakapakka sound system"
020_020075.mp3,"styles Noise, Experimental, Ambient, Drone, Electronic, Instrumental, Musique Concrete; tags electronic, salakapakka sound system"
020_020076.mp3,"styles Noise, Experimental, Ambient, Drone, Electronic, Instrumental, Musique Concrete; tags electronic, salakapakka sound system"
020_020077.mp3,"styles Noise, Experimental, Ambient, Drone, Electronic, Instrumental, Musique Concrete; tags electronic, salakapakka sound system"
020_020078.mp3,"styles Noise, Experimental, Ambient, Drone, Electronic, Instrumental, Musique Concrete; tags electronic, salakapakka sound system"
020_020079.mp3,"styles Noise, Experimental, Ambient, Drone, Electronic, Instrumental, Musique Concrete; tags electronic, salakapakka sound system"
020_020080.mp3,"styles Noise, Experimental, Ambient, Drone, Electronic, Instrumental, Musique Concrete; tags electronic, salakapakka sound system"
020_020081.mp3,"styles Noise, Experimental, Ambient, Drone, Electronic, Instrumental, Musique Concrete; tags electronic, salakapakka sound system"
020_020082.mp3,"styles Noise, Experimental, Ambient, Drone, Electronic, Instrumental, Musique Concrete; tags electronic, salakapakka sound system"
020_020083.mp3,"styles Noise, Experimental, Ambient, Drone, Electronic, Instrumental, Musique Concrete; tags electronic, salakapakka sound system"
020_020087.mp3,Zonophone 1911; tags billy merson
020_020102.mp3,"styles Folk, Lo-Fi, Rock; tags picastro"
020_020103.mp3,"styles Folk, Lo-Fi, Rock; tags picastro"
020_020104.mp3,"styles Folk, Lo-Fi, Rock; tags picastro"
020_020105.mp3,"styles Folk, Lo-Fi, Rock; tags picastro"
020_020107.mp3,"styles Folk, Lo-Fi, Rock; tags picastro"
020_020109.mp3,"styles Experimental, Improv, Ambient, Rock, Instrumental, Psych-Rock, Lo-Fi; tags we have heaven"
020_020110.mp3,"styles Experimental, Improv, Ambient, Rock, Instrumental, Psych-Rock, Lo-Fi; tags we have heaven"
020_020111.mp3,"styles Experimental, Improv, Ambient, Rock, Instrumental, Psych-Rock, Lo-Fi; tags we have heaven"
020_020112.mp3,"styles Pop, Lo-Fi, Rock; tags tinyfolk, midwest, lo-fi, chicago, pop, cllct"
020_020113.mp3,"styles Pop, Lo-Fi, Rock; tags tinyfolk, midwest, lo-fi, chicago, pop, cllct"
020_020114.mp3,"styles Pop, Lo-Fi, Rock; tags tinyfolk, midwest, lo-fi, chicago, pop, cllct"
020_020115.mp3,"styles Pop, Lo-Fi, Rock; tags tinyfolk, midwest, lo-fi, chicago, pop, cllct"
020_020116.mp3,"styles Pop, Lo-Fi, Rock; tags tinyfolk, midwest, lo-fi, chicago, pop, cllct"
020_020117.mp3,"styles Pop, Lo-Fi, Rock; tags tinyfolk, midwest, lo-fi, chicago, pop, cllct"
020_020118.mp3,"styles Pop, Lo-Fi, Rock; tags tinyfolk, midwest, lo-fi, chicago, pop, cllct"
020_020119.mp3,"styles Pop, Lo-Fi, Rock; tags tinyfolk, midwest, lo-fi, chicago, pop, cllct"
020_020120.mp3,"styles Pop, Lo-Fi, Rock; tags tinyfolk, midwest, lo-fi, chicago, pop, cllct"
020_020121.mp3,"styles Experimental, Improv, Ambient, Rock, Instrumental, Psych-Rock, Lo-Fi; tags niagara falls"
020_020123.mp3,"tags yair yona, israeli, fingerstyle guitar, israel, guitar"
020_020124.mp3,"tags yair yona, israeli, fingerstyle guitar, israel, guitar"
020_020132.mp3,"Zonophone 1917; styles Novelty, Experimental, Old-Time / Historic, Sound Effects, Holiday; tags jack pleasants"
020_020210.mp3,"genre Folk; styles Psych-Folk, Folk; tags alexander turnquist"
020_020211.mp3,"genre Folk; styles Psych-Folk, Folk; tags alexander turnquist"
020_020212.mp3,"genre Folk; styles Psych-Folk, Folk; tags alexander turnquist"
020_020228.mp3,"genre Rock; styles Indie-Rock, Rock; tags eatliz"
020_020229.mp3,"genre Rock; styles Indie-Rock, Rock; tags amit erez"
020_020230.mp3,"genre Rock; styles Indie-Rock, Rock; tags amit erez"
020_020232.mp3,genre Hip-Hop; styles Hip-Hop; tags cm aka creative
020_020233.mp3,genre Hip-Hop; styles Hip-Hop; tags cm aka creative
020_020235.mp3,genre Hip-Hop; styles Hip-Hop; tags cm aka creative
020_020236.mp3,genre Hip-Hop; styles Hip-Hop; tags cm aka creative
020_020237.mp3,genre Hip-Hop; styles Hip-Hop; tags cm aka creative
020_020238.mp3,genre Hip-Hop; styles Hip-Hop; tags cm aka creative
020_020239.mp3,genre Hip-Hop; styles Hip-Hop; tags cm aka creative
020_020240.mp3,genre Hip-Hop; styles Hip-Hop; tags cm aka creative
020_020241.mp3,genre Hip-Hop; styles Hip-Hop; tags cm aka creative
020_020242.mp3,genre Hip-Hop; styles Hip-Hop; tags cm aka creative
020_020243.mp3,genre Hip-Hop; styles Hip-Hop; tags cm aka creative
020_020244.mp3,genre Hip-Hop; styles Hip-Hop; tags cm aka creative
020_020245.mp3,genre Hip-Hop; styles Hip-Hop; tags cm aka creative
020_020246.mp3,genre Hip-Hop; styles Hip-Hop; tags cm aka creative
020_020247.mp3,genre Hip-Hop; styles Hip-Hop; tags cm aka creative
020_020248.mp3,genre Hip-Hop; styles Hip-Hop; tags cm aka creative
020_020252.mp3,"styles Folk, Indie-Rock, Rock; tags food will win the war"
020_020253.mp3,"styles Folk, Indie-Rock, Rock; tags food will win the war"
020_020254.mp3,"styles Folk, Indie-Rock, Rock; tags food will win the war"
020_020255.mp3,"styles Folk, Indie-Rock, Rock; tags food will win the war"
020_020256.mp3,"styles Folk, Indie-Rock, Rock; tags food will win the war"
020_020257.mp3,"styles Folk, Indie-Rock, Rock; tags food will win the war"
020_020258.mp3,"styles Folk, Indie-Rock, Rock; tags food will win the war"
020_020259.mp3,"styles Folk, Indie-Rock, Rock; tags food will win the war"
020_020260.mp3,"styles Folk, Indie-Rock, Rock; tags food will win the war"
020_020261.mp3,"styles Folk, Indie-Rock, Rock; tags food will win the war"
020_020262.mp3,tags ikue mori ned rothenberg and alex waterman
020_020263.mp3,"styles Experimental, Minimalism, Ambient Electronic, Pop, Experimental Pop, Electronic; tags learning music"
020_020265.mp3,"genre Rock; styles Indie-Rock, Rock; tags tonstartssbandht"
020_020266.mp3,"genre Rock; styles Indie-Rock, Rock; tags tonstartssbandht"
020_020267.mp3,"genre Rock; styles Indie-Rock, Rock; tags tonstartssbandht"
020_020268.mp3,"genre Instrumental; styles Ambient, Instrumental; tags horror, halloween, zyzzybalubah"
020_020269.mp3,"styles Free-Jazz, Improv, Jazz, Experimental; tags improvisation, free-jazz, cassette, menasor-drenching axis"
020_020270.mp3,"styles Free-Jazz, Improv, Jazz, Experimental; tags improvisation, free-jazz, cassette, menasor-drenching axis"
020_020271.mp3,"styles Free-Jazz, Improv, Jazz, Experimental; tags improvisation, free-jazz, cassette, menasor-drenching axis"
020_020272.mp3,"styles Free-Jazz, Improv, Jazz, Experimental; tags improvisation, free-jazz, cassette, menasor-drenching axis"
020_020273.mp3,"styles Free-Jazz, Improv, Jazz, Experimental; tags improvisation, free-jazz, cassette, menasor-drenching axis"
020_020274.mp3,"styles Free-Jazz, Improv, Jazz, Experimental; tags improvisation, free-jazz, cassette, menasor-drenching axis"
020_020275.mp3,"styles Free-Jazz, Improv, Jazz, Experimental; tags improvisation, free-jazz, cassette, menasor-drenching axis"
020_020276.mp3,"styles Free-Jazz, Improv, Jazz, Experimental; tags improvisation, free-jazz, cassette, menasor-drenching axis"
020_020278.mp3,"genre Rock; styles Rock, Loud-Rock, Noise-Rock, Post-Punk, Psych-Rock, Punk; tags iad"
020_020279.mp3,"genre Rock; styles Rock, Loud-Rock, Noise-Rock, Post-Punk, Psych-Rock, Punk; tags iad"
020_020281.mp3,"genre Rock; styles Rock, Loud-Rock, Noise-Rock, Post-Punk, Psych-Rock, Punk; tags iad"
020_020282.mp3,"genre Rock; styles Rock, Loud-Rock, Noise-Rock, Post-Punk, Psych-Rock, Punk; tags iad"
020_020283.mp3,"genre Rock; styles Rock, Loud-Rock, Noise-Rock, Post-Punk, Psych-Rock, Punk; tags iad"
020_020284.mp3,"styles Free-Jazz, Improv, Jazz, Experimental; tags edmondez-nesco-drenching"
020_020285.mp3,"styles Free-Jazz, Improv, Jazz, Experimental; tags edmondez-nesco-drenching"
020_020286.mp3,"styles Free-Jazz, Improv, Jazz, Experimental; tags edmondez-nesco-drenching"
020_020287.mp3,"styles Free-Jazz, Improv, Jazz, Experimental; tags edmondez-nesco-drenching"
020_020288.mp3,"styles Free-Jazz, Improv, Jazz, Experimental; tags edmondez-nesco-drenching"
020_020289.mp3,"styles Free-Jazz, Improv, Jazz, Experimental; tags edmondez-nesco-drenching"
020_020290.mp3,"styles Free-Jazz, Improv, Jazz, Experimental; tags edmondez-nesco-drenching"
020_020291.mp3,"styles Free-Jazz, Improv, Jazz, Experimental; tags edmondez-nesco-drenching"
020_020292.mp3,"styles Free-Jazz, Improv, Jazz, Experimental; tags edmondez-nesco-drenching"
020_020293.mp3,"genre Experimental; styles Avant-Garde, Experimental; tags radon, sikhara"
020_020294.mp3,"genre Experimental; styles Avant-Garde, Experimental; tags radon, sikhara"
020_020295.mp3,"genre Experimental; styles Avant-Garde, Experimental; tags radon, sikhara"
020_020297.mp3,"genre Experimental; styles Avant-Garde, Experimental; tags radon, sikhara"
020_020298.mp3,"genre Experimental; styles Avant-Garde, Experimental; tags radon, sikhara"
020_020299.mp3,"genre Experimental; styles Avant-Garde, Experimental; tags radon, sikhara"
020_020300.mp3,"genre Experimental; styles Avant-Garde, Experimental; tags radon, sikhara"
020_020304.mp3,"styles Noise, Jazz: Out, Jazz, Experimental, Electroacoustic, Free-Jazz, Electronic; tags seth paynter and kevin patton"
020_020305.mp3,"styles Noise, Jazz: Out, Jazz, Experimental, Electroacoustic, Free-Jazz, Electronic; tags seth paynter and kevin patton"
020_020307.mp3,tags catwalk
020_020308.mp3,"styles Dubstep, Hip-Hop, Electronic; tags abby lee tee"
020_020309.mp3,"styles Dubstep, Hip-Hop, Electronic; tags abby lee tee"
020_020310.mp3,"styles Dubstep, Hip-Hop, Electronic; tags abby lee tee"
020_020311.mp3,"styles Noise, Avant-Garde, Jazz: Out, Jazz, Experimental, Electroacoustic, Ambient Electronic, Free-Jazz, Electronic, Drone; tags seth paynter"
020_020312.mp3,"styles Noise, Avant-Garde, Jazz: Out, Jazz, Experimental, Electroacoustic, Ambient Electronic, Free-Jazz, Electronic, Drone; tags seth paynter"
020_020313.mp3,"styles Noise, Avant-Garde, Jazz: Out, Jazz, Experimental, Electroacoustic, Ambient Electronic, Free-Jazz, Electronic, Drone; tags seth paynter"
020_020314.mp3,"styles Noise, Avant-Garde, Jazz: Out, Jazz, Experimental, Electroacoustic, Ambient Electronic, Free-Jazz, Electronic, Drone; tags seth paynter"
020_020315.mp3,"styles Noise, Avant-Garde, Jazz: Out, Jazz, Experimental, Electroacoustic, Ambient Electronic, Free-Jazz, Electronic, Drone; tags seth paynter"
020_020316.mp3,"genre Jazz; styles Free-Jazz, Jazz; tags blistrap"
020_020317.mp3,"genre Rock; styles Loud-Rock, Rock, Noise-Rock; tags curha"
020_020318.mp3,"genre Rock; styles Loud-Rock, Rock, Noise-Rock; tags curha"
020_020319.mp3,"genre Rock; styles Loud-Rock, Rock, Noise-Rock; tags curha"
020_020320.mp3,"genre Rock; styles Loud-Rock, Rock, Noise-Rock; tags curha"
020_020321.mp3,"genre Rock; styles Loud-Rock, Rock, Noise-Rock; tags curha"
020_020322.mp3,"genre Rock; styles Loud-Rock, Rock, Noise-Rock; tags curha"
020_020323.mp3,"styles Pop, Lo-Fi, Rock, Experimental Pop; tags actual birds"
020_020324.mp3,"styles Pop, Lo-Fi, Rock, Experimental Pop; tags actual birds"
020_020325.mp3,"styles Pop, Lo-Fi, Rock, Experimental Pop; tags actual birds"
020_020326.mp3,"styles Pop, Lo-Fi, Rock, Experimental Pop; tags actual birds"
020_020327.mp3,"styles Pop, Lo-Fi, Rock, Experimental Pop; tags actual birds"
020_020328.mp3,"styles Pop, Lo-Fi, Rock, Experimental Pop; tags actual birds"
020_020329.mp3,tags peeesseye
020_020330.mp3,"genre Rock; styles Psych-Rock, Rock; tags iyez"
020_020331.mp3,"genre Rock; styles Psych-Rock, Rock; tags iyez"
020_020332.mp3,"genre Rock; styles Psych-Rock, Rock; tags iyez"
020_020333.mp3,"genre Rock; styles Psych-Rock, Rock; tags iyez"
020_020339.mp3,"genre Rock; styles Punk, Rock, Power-Pop; tags lover"
020_020343.mp3,"genre Rock; styles Punk, Rock, Power-Pop; tags lover"
020_020349.mp3,"styles Instrumental, Ambient, Experimental; tags chris cooper"
020_020350.mp3,"styles Instrumental, Ambient, Experimental; tags chris cooper"
020_020353.mp3,"styles Instrumental, Ambient, Experimental; tags chris cooper"
020_020354.mp3,"styles Instrumental, Ambient, Experimental; tags chris cooper"
020_020355.mp3,"styles Chiptune, Chip Music, Rock, Electronic; tags burnkit2600"
020_020356.mp3,"styles Chiptune, Chip Music, Rock, Electronic; tags burnkit2600"
020_020357.mp3,"styles Chiptune, Chip Music, Rock, Electronic; tags burnkit2600"
020_020358.mp3,"styles Chiptune, Chip Music, Rock, Electronic; tags burnkit2600"
020_020359.mp3,"styles Chiptune, Chip Music, Rock, Electronic; tags burnkit2600"
020_020360.mp3,"styles Chiptune, Chip Music, Rock, Electronic; tags burnkit2600"
020_020363.mp3,"genre Instrumental; styles Soundtrack, Instrumental; tags ergo phizmiz, surrism-phonoethics"
020_020367.mp3,"genre Instrumental; styles Soundtrack, Instrumental; tags ergo phizmiz, surrism-phonoethics"
020_020370.mp3,"genre Instrumental; styles Soundtrack, Instrumental; tags ergo phizmiz, surrism-phonoethics"
020_020394.mp3,"genre Experimental; styles Avant-Garde, Experimental; tags gwilly edmondez"
020_020396.mp3,"genre Experimental; styles Avant-Garde, Experimental; tags gwilly edmondez"
020_020397.mp3,"genre Experimental; styles Avant-Garde, Experimental; tags gwilly edmondez"
020_020398.mp3,"genre Experimental; styles Avant-Garde, Experimental; tags gwilly edmondez"
020_020400.mp3,"genre Experimental; styles Avant-Garde, Experimental; tags gwilly edmondez"
020_020401.mp3,"genre Experimental; styles Avant-Garde, Experimental; tags gwilly edmondez"
020_020402.mp3,"genre Experimental; styles Avant-Garde, Experimental; tags gwilly edmondez"
020_020403.mp3,"genre Experimental; styles Avant-Garde, Experimental; tags gwilly edmondez"
020_020404.mp3,"genre Experimental; styles Avant-Garde, Experimental; tags gwilly edmondez"
020_020405.mp3,"genre Experimental; styles Avant-Garde, Experimental; tags gwilly edmondez"
020_020406.mp3,"genre Experimental; styles Avant-Garde, Experimental; tags gwilly edmondez"
020_020407.mp3,"genre Experimental; styles Avant-Garde, Experimental; tags gwilly edmondez"
020_020408.mp3,"genre Experimental; styles Avant-Garde, Experimental; tags gwilly edmondez"
020_020409.mp3,"genre Experimental; styles Avant-Garde, Experimental; tags gwilly edmondez"
020_020410.mp3,"genre Experimental; styles Avant-Garde, Experimental; tags gwilly edmondez"
020_020412.mp3,"genre Experimental; styles Avant-Garde, Experimental; tags gwilly edmondez"
020_020413.mp3,"genre Experimental; styles Avant-Garde, Experimental; tags gwilly edmondez"
020_020414.mp3,"genre Experimental; styles Avant-Garde, Experimental; tags gwilly edmondez"
020_020415.mp3,"genre Experimental; styles Avant-Garde, Experimental; tags gwilly edmondez"
020_020416.mp3,"genre Experimental; styles Avant-Garde, Experimental; tags gwilly edmondez"
020_020417.mp3,"genre Experimental; styles Avant-Garde, Experimental; tags gwilly edmondez"
020_020418.mp3,"genre Experimental; styles Avant-Garde, Experimental; tags gwilly edmondez"
020_020419.mp3,"genre Experimental; styles Avant-Garde, Experimental; tags gwilly edmondez"
020_020420.mp3,"genre Experimental; styles Avant-Garde, Experimental; tags gwilly edmondez"
020_020421.mp3,"genre Experimental; styles Avant-Garde, Experimental; tags gwilly edmondez"
020_020422.mp3,"genre Experimental; styles Avant-Garde, Experimental; tags gwilly edmondez"
020_020425.mp3,"genre Experimental; styles Avant-Garde, Experimental; tags gwilly edmondez"
020_020426.mp3,"genre Experimental; styles Avant-Garde, Experimental; tags gwilly edmondez"
020_020427.mp3,"genre Experimental; styles Avant-Garde, Experimental; tags gwilly edmondez"
020_020430.mp3,"styles International, Rock, Latin America, Soul-RnB, Funk, Psych-Rock; tags brownout"
020_020433.mp3,"styles International, Pop, Electronic; tags midival punditz"
020_020434.mp3,"styles International, Blues, African; tags mali, africa, electric guitar, vieux farka tour"
020_020435.mp3,"styles Alternative Hip-Hop, Hip-Hop, Electronic; tags raleigh moncrief"
020_020436.mp3,"styles Alternative Hip-Hop, Hip-Hop, Electronic; tags raleigh moncrief"
020_020439.mp3,"styles Alternative Hip-Hop, Hip-Hop, Electronic; tags raleigh moncrief"
020_020440.mp3,tags matthewdavid
020_020442.mp3,"genre Rock; styles Loud-Rock, Rock, Noise-Rock; tags slasher risk"
020_020451.mp3,"genre Jazz; styles Jazz; tags clinical archives, sandro marinoni stefano roncarolo with roberto padovan, jazz"
020_020459.mp3,genre Hip-Hop; styles Hip-Hop; tags zona mc
020_020460.mp3,genre Hip-Hop; styles Hip-Hop; tags zona mc
020_020467.mp3,genre Hip-Hop; styles Hip-Hop; tags zona mc
020_020468.mp3,genre Hip-Hop; styles Hip-Hop; tags zona mc
020_020470.mp3,genre Hip-Hop; styles Hip-Hop; tags zona mc
020_020471.mp3,genre Hip-Hop; styles Hip-Hop; tags zona mc
020_020472.mp3,genre Hip-Hop; styles Hip-Hop; tags zona mc
020_020473.mp3,genre Hip-Hop; styles Hip-Hop; tags zona mc
020_020488.mp3,"genre Rock; styles Punk, Rock; tags mob action"
020_020492.mp3,"genre Rock; styles Punk, Rock; tags mob action"
020_020507.mp3,"genre Rock; styles Punk, Rock; tags the choke"
020_020508.mp3,"genre Rock; styles Punk, Rock; tags the choke"
020_020509.mp3,"genre Rock; styles Punk, Rock; tags the choke"
020_020532.mp3,"genre Rock; styles Punk, Rock; tags the choke"
020_020533.mp3,"genre Rock; styles Punk, Rock; tags the choke"
020_020534.mp3,"genre Rock; styles Punk, Rock; tags the choke"
020_020535.mp3,"genre Rock; styles Punk, Rock; tags the choke"
020_020536.mp3,"genre Rock; styles Punk, Rock; tags the choke"
020_020537.mp3,"genre Rock; styles Punk, Rock; tags the choke"
020_020538.mp3,"genre Rock; styles Punk, Rock; tags the choke"
020_020557.mp3,"tags washington dc, all scars, amy farina, james canty, jerry busher, andy charneco, brendan canty, chuck"
020_020559.mp3,"genre Experimental; styles Electroacoustic, Experimental; tags ophir ilzetzki, electroacoustic, an hour, experimental, contemporary music, avant garde"
020_020560.mp3,"styles Dance, Pop, Electronic; tags wm recordings, electropop, happy elf, pop, the netherlands"
020_020561.mp3,"styles Dance, Pop, Electronic; tags daghoti"
020_020562.mp3,"styles Dance, Pop, Electronic; tags dj th"
020_020563.mp3,"styles Dance, Pop, Electronic; tags music for podcasts, podsafe, ambient, podcast, synthwave, library music, instrumental, retrowave,"
020_020564.mp3,"styles Dance, Pop, Electronic; tags datapanik"
020_020565.mp3,"styles Dance, Pop, Electronic; tags wm recordings, sound scapes, psychedelic, british, 23 seconds, folktronica, quirky, pop,"
020_020566.mp3,"styles Dance, Pop, Electronic; tags instrumental, soundtrack, electronic, contemporary classical, argentina, composer, lanark"
020_020567.mp3,"styles Dance, Pop, Electronic; tags dance, chill-out, electronic, downtempo, gorowski"
020_020568.mp3,"styles Dance, Pop, Electronic; tags century of aeroplanes"
020_020569.mp3,"styles Dance, Pop, Electronic; tags germany, pop, cologne, meanwhileprojectltd"
020_020570.mp3,"styles Dance, Pop, Electronic; tags vernon lenoir"
020_020571.mp3,"styles Dance, Pop, Electronic; tags nambavan"
020_020574.mp3,"styles Dance, Pop, Electronic; tags ren vis"
020_020575.mp3,"styles Dance, Pop, Electronic; tags sick to the back teeth"
020_020578.mp3,genre Blues; styles Blues; tags sim cain
020_020584.mp3,"genre Experimental; styles Noise, Electroacoustic, Improv, Experimental; tags hiccup, chuck bettis, child abuse, luke calzonetti, oran"
020_020607.mp3,"styles Hip-Hop, Experimental; tags anti-pop consortium"
020_020608.mp3,"styles Hip-Hop, Experimental; tags anti-pop consortium"
020_020609.mp3,"styles Hip-Hop, Experimental; tags anti-pop consortium"
020_020610.mp3,"styles Hip-Hop, Experimental; tags anti-pop consortium"
020_020611.mp3,"styles Hip-Hop, Experimental; tags anti-pop consortium"
020_020612.mp3,"styles Hip-Hop, Experimental; tags anti-pop consortium"
020_020613.mp3,"styles Hip-Hop, Experimental; tags anti-pop consortium"
020_020614.mp3,"styles Hip-Hop, Experimental; tags anti-pop consortium"
020_020615.mp3,"styles Hip-Hop, Experimental; tags anti-pop consortium"
020_020616.mp3,"styles Hip-Hop, Experimental; tags anti-pop consortium"
020_020617.mp3,"styles Hip-Hop, Experimental; tags anti-pop consortium"
020_020618.mp3,"styles Hip-Hop, Experimental; tags anti-pop consortium"
020_020619.mp3,tags anti-pop consortium
020_020620.mp3,tags anti-pop consortium
020_020621.mp3,tags anti-pop consortium
020_020622.mp3,tags anti-pop consortium
020_020623.mp3,tags anti-pop consortium
020_020624.mp3,tags anti-pop consortium
020_020625.mp3,tags anti-pop consortium
020_020626.mp3,tags anti-pop consortium
020_020627.mp3,tags robbie lee
020_020630.mp3,tags midwifery
020_020631.mp3,tags midwifery
020_020657.mp3,"styles Experimental, Novelty, Kid-Friendly, Synth Pop, Pop, Electronic, Instrumental; tags childrens music, kid-friendly, a smile for"
020_020660.mp3,tags dublab
020_020661.mp3,tags dublab
020_020679.mp3,"genre Experimental; styles Experimental; tags clinical archives, joe frawley ensemble, experimental"
020_020680.mp3,"genre Experimental; styles Experimental; tags clinical archives, joe frawley ensemble, experimental"
020_020681.mp3,"genre Experimental; styles Experimental; tags clinical archives, joe frawley ensemble, experimental"
020_020682.mp3,"genre Experimental; styles Experimental; tags clinical archives, joe frawley ensemble, experimental"
020_020683.mp3,"genre Experimental; styles Experimental; tags clinical archives, joe frawley ensemble, experimental"
020_020684.mp3,"genre Experimental; styles Experimental; tags clinical archives, joe frawley ensemble, experimental"
020_020685.mp3,"genre Experimental; styles Experimental; tags clinical archives, joe frawley ensemble, experimental"
020_020687.mp3,"styles Experimental, Alternative Hip-Hop, Hip-Hop, Novelty; tags tracky, hip hop, birthday, audition, fresh, upitup, animal, rap,"
020_020688.mp3,"styles Easy Listening, Alternative Hip-Hop, Hip-Hop, Lounge; tags tracky, hip hop, birthday, audition, fresh, upitup, animal,"
020_020689.mp3,"styles Alternative Hip-Hop, Chip Music, Electronic, Chiptune, Hip-Hop; tags tracky, hip hop, birthday, audition, fresh, upitup,"
020_020690.mp3,"styles Alternative Hip-Hop, Chip Music, Electronic, Chiptune, Hip-Hop; tags tracky, hip hop, birthday, audition, fresh, upitup,"
020_020691.mp3,"styles Experimental, Novelty, Rock, Surf, Garage; tags tracky, hip hop, birthday, audition, fresh, upitup, animal, rap,"
020_020693.mp3,"styles Experimental, Funk, Novelty, Soul-RnB; tags tracky, hip hop, birthday, audition, fresh, upitup, animal, rap, tracky"
020_020694.mp3,"styles Polka, International, Alternative Hip-Hop, Hip-Hop; tags tracky, hip hop, birthday, audition, fresh, upitup, animal, rap,"
020_020699.mp3,"styles Folk, Pop, Rock, Indie-Rock; tags el perro del mar"
020_020700.mp3,"styles Folk, Pop, Rock, Indie-Rock; tags el perro del mar"
020_020706.mp3,"genre Pop; styles Pop, Experimental Pop; tags appetite"
020_020708.mp3,"genre Pop; styles Pop, Experimental Pop; tags appetite"
020_020710.mp3,"genre Rock; styles Punk, Rock; tags the choke"
020_020712.mp3,"genre Rock; styles Punk, Rock; tags the choke"
020_020713.mp3,"genre Rock; styles Punk, Rock; tags the choke"
020_020715.mp3,"genre Rock; styles Punk, Rock; tags the choke"
020_020716.mp3,"genre Rock; styles Punk, Rock; tags the choke"
020_020717.mp3,"genre Rock; styles Punk, Rock; tags the choke"
020_020721.mp3,"genre Rock; styles Punk, Rock; tags the choke"
020_020723.mp3,"genre Rock; styles Punk, Rock; tags the choke"
020_020724.mp3,"genre Rock; styles Punk, Rock; tags the choke"
020_020727.mp3,"genre Rock; styles Punk, Rock; tags the choke"
020_020759.mp3,"genre Experimental; styles Electroacoustic, Experimental; tags baltimore, sejayno, instrument builder"
020_020760.mp3,"genre Experimental; styles Electroacoustic, Experimental; tags baltimore, sejayno, instrument builder"
020_020761.mp3,"genre Experimental; styles Electroacoustic, Experimental; tags baltimore, sejayno, instrument builder"
020_020762.mp3,"genre Experimental; styles Electroacoustic, Experimental; tags baltimore, sejayno, instrument builder"
020_020763.mp3,"genre Experimental; styles Electroacoustic, Experimental; tags baltimore, sejayno, instrument builder"
020_020764.mp3,"genre Experimental; styles Electroacoustic, Experimental; tags baltimore, sejayno, instrument builder"
020_020765.mp3,"genre Experimental; styles Electroacoustic, Experimental; tags baltimore, sejayno, instrument builder"
020_020766.mp3,"genre Experimental; styles Electroacoustic, Experimental; tags baltimore, sejayno, instrument builder"
020_020767.mp3,"genre Experimental; styles Electroacoustic, Experimental; tags baltimore, sejayno, instrument builder"
020_020768.mp3,"genre Experimental; styles Electroacoustic, Experimental; tags baltimore, sejayno, instrument builder"
020_020769.mp3,genre Experimental; styles Experimental; tags needle gun
020_020770.mp3,genre Experimental; styles Experimental; tags needle gun
020_020771.mp3,genre Experimental; styles Experimental; tags needle gun
020_020772.mp3,genre Experimental; styles Experimental; tags needle gun
020_020773.mp3,genre Experimental; styles Experimental; tags needle gun
020_020774.mp3,genre Experimental; styles Experimental; tags needle gun
020_020775.mp3,genre Experimental; styles Experimental; tags needle gun
020_020776.mp3,genre Experimental; styles Experimental; tags needle gun
020_020777.mp3,"genre Instrumental; styles Soundtrack, Instrumental; tags harrius"
020_020780.mp3,"genre Experimental; styles Experimental; tags pulse emitter, synthesizer, synth"
020_020813.mp3,"genre Spoken; styles Spoken Weird, Spoken; tags blaster al ackerman"
020_020815.mp3,"genre Spoken; styles Spoken Weird, Spoken; tags blaster al ackerman"
020_020816.mp3,"genre Experimental; styles Noise, Experimental; tags harrius"
020_020817.mp3,"genre Experimental; styles Noise, Experimental; tags harrius"
020_020820.mp3,"genre Experimental; styles Noise, Experimental; tags harrius"
020_020821.mp3,"genre Experimental; styles Noise, Experimental; tags harrius"
020_020822.mp3,"genre Experimental; styles Noise, Experimental; tags harrius"
020_020823.mp3,"genre Experimental; styles Noise, Experimental; tags harrius"
020_020824.mp3,"styles Avant-Garde, Spoken Weird, Spoken, Experimental; tags ric royer g lucas crane"
020_020825.mp3,"styles Avant-Garde, Spoken Weird, Spoken, Experimental; tags ric royer g lucas crane"
020_020826.mp3,"styles Avant-Garde, Spoken Weird, Spoken, Experimental; tags ric royer g lucas crane"
020_020827.mp3,"styles Avant-Garde, Spoken Weird, Spoken, Experimental; tags ric royer g lucas crane"
020_020828.mp3,"styles Avant-Garde, Spoken Weird, Spoken, Experimental; tags ric royer g lucas crane"
020_020829.mp3,"styles Avant-Garde, Spoken Weird, Spoken, Experimental; tags ric royer g lucas crane"
020_020830.mp3,"styles Avant-Garde, Spoken Weird, Spoken, Experimental; tags ric royer g lucas crane"
020_020831.mp3,"styles Avant-Garde, Spoken Weird, Spoken, Experimental; tags ric royer g lucas crane"
020_020832.mp3,"styles Avant-Garde, Spoken Weird, Spoken, Experimental; tags ric royer g lucas crane"
020_020833.mp3,"styles Avant-Garde, Spoken Weird, Spoken, Experimental; tags ric royer g lucas crane"
020_020834.mp3,"styles Avant-Garde, Spoken Weird, Spoken, Experimental; tags ric royer g lucas crane"
020_020835.mp3,"styles Avant-Garde, Krautrock, Experimental, Pop, Rock, Experimental Pop, Sound Poetry, Lo-Fi, Unclassifiable; tags mrmrsbrian"
020_020836.mp3,"styles Avant-Garde, Krautrock, Experimental, Pop, Rock, Experimental Pop, Sound Poetry, Lo-Fi, Unclassifiable; tags mrmrsbrian"
020_020837.mp3,"styles Avant-Garde, Krautrock, Experimental, Pop, Rock, Experimental Pop, Sound Poetry, Lo-Fi, Unclassifiable; tags mrmrsbrian"
020_020838.mp3,"styles Avant-Garde, Krautrock, Experimental, Pop, Rock, Experimental Pop, Sound Poetry, Lo-Fi, Unclassifiable; tags mrmrsbrian"
020_020839.mp3,"styles Avant-Garde, Krautrock, Experimental, Pop, Rock, Experimental Pop, Sound Poetry, Lo-Fi, Unclassifiable; tags mrmrsbrian"
020_020840.mp3,"styles Avant-Garde, Krautrock, Experimental, Pop, Rock, Experimental Pop, Sound Poetry, Lo-Fi, Unclassifiable; tags mrmrsbrian"
020_020841.mp3,"styles Avant-Garde, Krautrock, Experimental, Pop, Rock, Experimental Pop, Sound Poetry, Lo-Fi, Unclassifiable; tags mrmrsbrian"
020_020842.mp3,"styles Avant-Garde, Krautrock, Experimental, Pop, Rock, Experimental Pop, Sound Poetry, Lo-Fi, Unclassifiable; tags mrmrsbrian"
020_020843.mp3,"styles Avant-Garde, Krautrock, Experimental, Pop, Rock, Experimental Pop, Sound Poetry, Lo-Fi, Unclassifiable; tags mrmrsbrian"
020_020844.mp3,"styles Avant-Garde, Krautrock, Experimental, Pop, Rock, Experimental Pop, Sound Poetry, Lo-Fi, Unclassifiable; tags mrmrsbrian"
020_020845.mp3,"styles Avant-Garde, Krautrock, Experimental, Pop, Rock, Experimental Pop, Sound Poetry, Lo-Fi, Unclassifiable; tags mrmrsbrian"
020_020846.mp3,"styles Avant-Garde, Krautrock, Experimental, Pop, Rock, Experimental Pop, Sound Poetry, Lo-Fi, Unclassifiable; tags mrmrsbrian"
020_020847.mp3,"styles Avant-Garde, Krautrock, Experimental, Pop, Rock, Experimental Pop, Sound Poetry, Lo-Fi, Unclassifiable; tags mrmrsbrian"
020_020848.mp3,"styles Avant-Garde, Krautrock, Experimental, Pop, Rock, Experimental Pop, Sound Poetry, Lo-Fi, Unclassifiable; tags mrmrsbrian"
020_020849.mp3,"styles Avant-Garde, Krautrock, Experimental, Pop, Rock, Experimental Pop, Sound Poetry, Lo-Fi, Unclassifiable; tags mrmrsbrian"
020_020850.mp3,"styles Avant-Garde, Krautrock, Experimental, Pop, Rock, Experimental Pop, Sound Poetry, Lo-Fi, Unclassifiable; tags mrmrsbrian"
020_020851.mp3,"styles Avant-Garde, Krautrock, Experimental, Pop, Rock, Experimental Pop, Sound Poetry, Lo-Fi, Unclassifiable; tags mrmrsbrian"
020_020852.mp3,"styles Avant-Garde, Krautrock, Experimental, Pop, Rock, Experimental Pop, Sound Poetry, Lo-Fi, Unclassifiable; tags mrmrsbrian"
020_020853.mp3,"styles Avant-Garde, Krautrock, Experimental, Pop, Rock, Experimental Pop, Sound Poetry, Lo-Fi, Unclassifiable; tags mrmrsbrian"
020_020854.mp3,"styles Avant-Garde, Krautrock, Experimental, Pop, Rock, Experimental Pop, Sound Poetry, Lo-Fi, Unclassifiable; tags mrmrsbrian"
020_020855.mp3,"styles Avant-Garde, Krautrock, Experimental, Pop, Rock, Experimental Pop, Sound Poetry, Lo-Fi, Unclassifiable; tags mrmrsbrian"
020_020856.mp3,"styles Avant-Garde, Krautrock, Experimental, Pop, Rock, Experimental Pop, Sound Poetry, Lo-Fi, Unclassifiable; tags mrmrsbrian"
020_020857.mp3,"styles Avant-Garde, Krautrock, Experimental, Pop, Rock, Experimental Pop, Sound Poetry, Lo-Fi, Unclassifiable; tags mrmrsbrian"
020_020858.mp3,"styles Avant-Garde, Krautrock, Experimental, Pop, Rock, Experimental Pop, Sound Poetry, Lo-Fi, Unclassifiable; tags mrmrsbrian"
020_020859.mp3,"styles Avant-Garde, Krautrock, Experimental, Pop, Rock, Experimental Pop, Sound Poetry, Lo-Fi, Unclassifiable; tags mrmrsbrian"
020_020860.mp3,"styles Avant-Garde, Krautrock, Experimental, Pop, Rock, Experimental Pop, Sound Poetry, Lo-Fi, Unclassifiable; tags mrmrsbrian"
020_020861.mp3,"styles Avant-Garde, Krautrock, Experimental, Pop, Rock, Experimental Pop, Sound Poetry, Lo-Fi, Unclassifiable; tags mrmrsbrian"
020_020862.mp3,"styles Avant-Garde, Krautrock, Experimental, Pop, Rock, Experimental Pop, Sound Poetry, Lo-Fi, Unclassifiable; tags mrmrsbrian"
020_020863.mp3,"styles Avant-Garde, Krautrock, Experimental, Pop, Rock, Experimental Pop, Sound Poetry, Lo-Fi, Unclassifiable; tags mrmrsbrian"
020_020864.mp3,"styles Avant-Garde, Krautrock, Experimental, Pop, Rock, Experimental Pop, Sound Poetry, Lo-Fi, Unclassifiable; tags mrmrsbrian"
020_020865.mp3,"styles Avant-Garde, Krautrock, Experimental, Pop, Rock, Experimental Pop, Sound Poetry, Lo-Fi, Unclassifiable; tags mrmrsbrian"
020_020866.mp3,"styles Avant-Garde, Krautrock, Experimental, Pop, Rock, Experimental Pop, Sound Poetry, Lo-Fi, Unclassifiable; tags mrmrsbrian"
020_020867.mp3,"styles Avant-Garde, Krautrock, Experimental, Pop, Rock, Experimental Pop, Sound Poetry, Lo-Fi, Unclassifiable; tags mrmrsbrian"
020_020868.mp3,"styles Avant-Garde, Krautrock, Experimental, Pop, Rock, Experimental Pop, Sound Poetry, Lo-Fi, Unclassifiable; tags mrmrsbrian"
020_020869.mp3,"styles Avant-Garde, Krautrock, Experimental, Pop, Rock, Experimental Pop, Sound Poetry, Lo-Fi, Unclassifiable; tags mrmrsbrian"
020_020870.mp3,"styles Avant-Garde, Krautrock, Experimental, Pop, Rock, Experimental Pop, Sound Poetry, Lo-Fi, Unclassifiable; tags mrmrsbrian"
020_020871.mp3,"styles Avant-Garde, Krautrock, Experimental, Pop, Rock, Experimental Pop, Sound Poetry, Lo-Fi, Unclassifiable; tags mrmrsbrian"
020_020872.mp3,"styles Avant-Garde, Krautrock, Experimental, Pop, Rock, Experimental Pop, Sound Poetry, Lo-Fi, Unclassifiable; tags mrmrsbrian"
020_020873.mp3,"styles Avant-Garde, Krautrock, Experimental, Pop, Rock, Experimental Pop, Sound Poetry, Lo-Fi, Unclassifiable; tags mrmrsbrian"
020_020874.mp3,"styles Avant-Garde, Krautrock, Experimental, Pop, Rock, Experimental Pop, Sound Poetry, Lo-Fi, Unclassifiable; tags mrmrsbrian"
020_020875.mp3,"styles Avant-Garde, Krautrock, Experimental, Pop, Rock, Experimental Pop, Sound Poetry, Lo-Fi, Unclassifiable; tags mrmrsbrian"
020_020876.mp3,"styles Avant-Garde, Krautrock, Experimental, Pop, Rock, Experimental Pop, Sound Poetry, Lo-Fi, Unclassifiable; tags mrmrsbrian"
020_020877.mp3,"styles Avant-Garde, Krautrock, Experimental, Pop, Rock, Experimental Pop, Sound Poetry, Lo-Fi, Unclassifiable; tags mrmrsbrian"
020_020878.mp3,"styles Avant-Garde, Krautrock, Experimental, Pop, Rock, Experimental Pop, Sound Poetry, Lo-Fi, Unclassifiable; tags mrmrsbrian"
020_020879.mp3,"styles Avant-Garde, Krautrock, Experimental, Pop, Rock, Experimental Pop, Sound Poetry, Lo-Fi, Unclassifiable; tags mrmrsbrian"
020_020880.mp3,"styles Avant-Garde, Krautrock, Experimental, Pop, Rock, Experimental Pop, Sound Poetry, Lo-Fi, Unclassifiable; tags mrmrsbrian"
020_020881.mp3,"styles Avant-Garde, Krautrock, Experimental, Pop, Rock, Experimental Pop, Sound Poetry, Lo-Fi, Unclassifiable; tags mrmrsbrian"
020_020882.mp3,"styles Avant-Garde, Krautrock, Experimental, Pop, Rock, Experimental Pop, Sound Poetry, Lo-Fi, Unclassifiable; tags mrmrsbrian"
020_020883.mp3,"styles Avant-Garde, Krautrock, Experimental, Pop, Rock, Experimental Pop, Sound Poetry, Lo-Fi, Unclassifiable; tags mrmrsbrian"
020_020884.mp3,"styles Avant-Garde, Krautrock, Experimental, Pop, Rock, Experimental Pop, Sound Poetry, Lo-Fi, Unclassifiable; tags mrmrsbrian"
020_020885.mp3,"styles Avant-Garde, Krautrock, Experimental, Pop, Rock, Experimental Pop, Sound Poetry, Lo-Fi, Unclassifiable; tags mrmrsbrian"
020_020886.mp3,"styles Avant-Garde, Krautrock, Experimental, Pop, Rock, Experimental Pop, Sound Poetry, Lo-Fi, Unclassifiable; tags mrmrsbrian"
020_020887.mp3,"styles Avant-Garde, Krautrock, Experimental, Pop, Rock, Experimental Pop, Sound Poetry, Lo-Fi, Unclassifiable; tags mrmrsbrian"
020_020888.mp3,"styles Avant-Garde, Krautrock, Experimental, Pop, Rock, Experimental Pop, Sound Poetry, Lo-Fi, Unclassifiable; tags mrmrsbrian"
020_020889.mp3,"styles Avant-Garde, Krautrock, Experimental, Pop, Rock, Experimental Pop, Sound Poetry, Lo-Fi, Unclassifiable; tags mrmrsbrian"
020_020890.mp3,"styles Avant-Garde, Krautrock, Experimental, Pop, Rock, Experimental Pop, Sound Poetry, Lo-Fi, Unclassifiable; tags mrmrsbrian"
020_020891.mp3,"styles Avant-Garde, Krautrock, Experimental, Pop, Rock, Experimental Pop, Sound Poetry, Lo-Fi, Unclassifiable; tags mrmrsbrian"
020_020892.mp3,"styles Avant-Garde, Krautrock, Experimental, Pop, Rock, Experimental Pop, Sound Poetry, Lo-Fi, Unclassifiable; tags mrmrsbrian"
020_020893.mp3,"styles Avant-Garde, Krautrock, Experimental, Pop, Rock, Experimental Pop, Sound Poetry, Lo-Fi, Unclassifiable; tags mrmrsbrian"
020_020894.mp3,"styles Avant-Garde, Krautrock, Experimental, Pop, Rock, Experimental Pop, Sound Poetry, Lo-Fi, Unclassifiable; tags mrmrsbrian"
020_020895.mp3,"styles Avant-Garde, Krautrock, Experimental, Pop, Rock, Experimental Pop, Sound Poetry, Lo-Fi, Unclassifiable; tags mrmrsbrian"
020_020896.mp3,"styles Avant-Garde, Krautrock, Experimental, Pop, Rock, Experimental Pop, Sound Poetry, Lo-Fi, Unclassifiable; tags mrmrsbrian"
020_020897.mp3,"styles Avant-Garde, Krautrock, Experimental, Pop, Rock, Experimental Pop, Sound Poetry, Lo-Fi, Unclassifiable; tags mrmrsbrian"
020_020898.mp3,"styles Avant-Garde, Krautrock, Experimental, Pop, Rock, Experimental Pop, Sound Poetry, Lo-Fi, Unclassifiable; tags mrmrsbrian"
020_020899.mp3,"styles Avant-Garde, Krautrock, Experimental, Pop, Rock, Experimental Pop, Sound Poetry, Lo-Fi, Unclassifiable; tags mrmrsbrian"
020_020900.mp3,"styles Avant-Garde, Krautrock, Experimental, Pop, Rock, Experimental Pop, Sound Poetry, Lo-Fi, Unclassifiable; tags mrmrsbrian"
020_020901.mp3,"styles Avant-Garde, Krautrock, Experimental, Pop, Rock, Experimental Pop, Sound Poetry, Lo-Fi, Unclassifiable; tags mrmrsbrian"
020_020902.mp3,"styles Avant-Garde, Krautrock, Experimental, Pop, Rock, Experimental Pop, Sound Poetry, Lo-Fi, Unclassifiable; tags mrmrsbrian"
020_020903.mp3,"styles Avant-Garde, Krautrock, Experimental, Pop, Rock, Experimental Pop, Sound Poetry, Lo-Fi, Unclassifiable; tags mrmrsbrian"
020_020904.mp3,"styles Avant-Garde, Krautrock, Experimental, Pop, Rock, Experimental Pop, Sound Poetry, Lo-Fi, Unclassifiable; tags mrmrsbrian"
020_020905.mp3,"styles Avant-Garde, Krautrock, Experimental, Pop, Rock, Experimental Pop, Sound Poetry, Lo-Fi, Unclassifiable; tags mrmrsbrian"
020_020906.mp3,"styles Avant-Garde, Krautrock, Experimental, Pop, Rock, Experimental Pop, Sound Poetry, Lo-Fi, Unclassifiable; tags mrmrsbrian"
020_020907.mp3,"styles Avant-Garde, Krautrock, Experimental, Pop, Rock, Experimental Pop, Sound Poetry, Lo-Fi, Unclassifiable; tags mrmrsbrian"
020_020908.mp3,"styles Avant-Garde, Krautrock, Experimental, Pop, Rock, Experimental Pop, Sound Poetry, Lo-Fi, Unclassifiable; tags mrmrsbrian"
020_020909.mp3,"styles Avant-Garde, Krautrock, Experimental, Pop, Rock, Experimental Pop, Sound Poetry, Lo-Fi, Unclassifiable; tags mrmrsbrian"
020_020910.mp3,"styles Avant-Garde, Krautrock, Experimental, Pop, Rock, Experimental Pop, Sound Poetry, Lo-Fi, Unclassifiable; tags mrmrsbrian"
020_020911.mp3,"styles Avant-Garde, Krautrock, Experimental, Pop, Rock, Experimental Pop, Sound Poetry, Lo-Fi, Unclassifiable; tags mrmrsbrian"
020_020912.mp3,"styles Avant-Garde, Krautrock, Experimental, Pop, Rock, Experimental Pop, Sound Poetry, Lo-Fi, Unclassifiable; tags mrmrsbrian"
020_020913.mp3,"styles Avant-Garde, Krautrock, Experimental, Pop, Rock, Experimental Pop, Sound Poetry, Lo-Fi, Unclassifiable; tags mrmrsbrian"
020_020914.mp3,"styles Avant-Garde, Krautrock, Experimental, Pop, Rock, Experimental Pop, Sound Poetry, Lo-Fi, Unclassifiable; tags mrmrsbrian"
020_020915.mp3,"styles Avant-Garde, Krautrock, Experimental, Pop, Rock, Experimental Pop, Sound Poetry, Lo-Fi, Unclassifiable; tags mrmrsbrian"
020_020916.mp3,"styles Avant-Garde, Krautrock, Experimental, Pop, Rock, Experimental Pop, Sound Poetry, Lo-Fi, Unclassifiable; tags mrmrsbrian"
020_020917.mp3,"styles Avant-Garde, Krautrock, Experimental, Pop, Rock, Experimental Pop, Sound Poetry, Lo-Fi, Unclassifiable; tags mrmrsbrian"
020_020918.mp3,"styles Avant-Garde, Krautrock, Experimental, Pop, Rock, Experimental Pop, Sound Poetry, Lo-Fi, Unclassifiable; tags mrmrsbrian"
020_020919.mp3,"null; genre Experimental; styles Experimental; tags spain, children, san cristbal orquesta"
020_020921.mp3,"null; genre Experimental; styles Experimental; tags spain, children, san cristbal orquesta"
020_020922.mp3,"null; genre Experimental; styles Experimental; tags spain, children, san cristbal orquesta"
020_020923.mp3,"null; genre Experimental; styles Experimental; tags spain, children, san cristbal orquesta"
020_020924.mp3,"null; genre Experimental; styles Experimental; tags spain, children, san cristbal orquesta"
020_020925.mp3,"null; genre Experimental; styles Experimental; tags spain, children, san cristbal orquesta"
020_020927.mp3,"genre Rock; styles Post-Punk, Indie-Rock, Rock, Punk; tags wild carnation"
020_020928.mp3,"genre Rock; styles Post-Punk, Indie-Rock, Rock, Punk; tags wild carnation"
020_020929.mp3,"genre Rock; styles Post-Punk, Indie-Rock, Rock, Punk; tags wild carnation"
020_020930.mp3,"genre Rock; styles Post-Punk, Indie-Rock, Rock, Punk; tags wild carnation"
020_020931.mp3,"genre Rock; styles Post-Punk, Indie-Rock, Rock, Punk; tags wild carnation"
020_020932.mp3,"genre Rock; styles Post-Punk, Indie-Rock, Rock, Punk; tags wild carnation"
020_020933.mp3,"genre Rock; styles Post-Punk, Indie-Rock, Rock, Punk; tags wild carnation"
020_020934.mp3,"genre Rock; styles Psych-Rock, Rock; tags hopewell"
020_020935.mp3,"genre Rock; styles Psych-Rock, Rock; tags hopewell"
020_020936.mp3,"genre Rock; styles Psych-Rock, Rock; tags hopewell"
020_020937.mp3,"genre Rock; styles Psych-Rock, Rock; tags hopewell"
020_020939.mp3,"styles Experimental, Novelty, Kid-Friendly, Synth Pop, Pop, Electronic, Instrumental; tags childrens music, kid-friendly, a smile for"
020_020952.mp3,"styles Jazz: Out, Jazz, Experimental, Improv, Unclassifiable; tags john butcher"
020_020960.mp3,"styles Indie-Rock, Pop, Synth Pop, Rock, Experimental Pop, Folk; tags learning music"
020_020969.mp3,"styles Krautrock, Industrial, Pop, Rock, Experimental Pop, Easy Listening, Electronic, Lounge, Post-Rock; tags cleft"
020_020970.mp3,"styles Krautrock, Industrial, Pop, Rock, Experimental Pop, Easy Listening, Electronic, Lounge, Post-Rock; tags cleft"
020_020971.mp3,"styles Krautrock, Industrial, Pop, Rock, Experimental Pop, Easy Listening, Electronic, Lounge, Post-Rock; tags cleft"
020_020972.mp3,"styles Krautrock, Industrial, Pop, Rock, Experimental Pop, Easy Listening, Electronic, Lounge, Post-Rock; tags cleft"
020_020973.mp3,"styles Krautrock, Industrial, Pop, Rock, Experimental Pop, Easy Listening, Electronic, Lounge, Post-Rock; tags cleft"
020_020974.mp3,"styles Krautrock, Industrial, Pop, Rock, Experimental Pop, Easy Listening, Electronic, Lounge, Post-Rock; tags cleft"
020_020975.mp3,"styles Sound Collage, Experimental, IDM, Electronic, Unclassifiable; tags pit malone"
020_020976.mp3,"styles Sound Collage, Experimental, IDM, Electronic, Unclassifiable; tags pit malone feat beekeeper c"
020_020977.mp3,"styles Sound Collage, Experimental, IDM, Electronic, Unclassifiable; tags pit malone"
020_020978.mp3,"styles Sound Collage, Experimental, IDM, Electronic, Unclassifiable; tags pit malone"
020_020979.mp3,"styles Sound Collage, Experimental, IDM, Electronic, Unclassifiable; tags pit malone"
020_020980.mp3,"styles Sound Collage, Experimental, IDM, Electronic, Unclassifiable; tags pit malone"
020_020981.mp3,"styles Sound Collage, Experimental, IDM, Electronic, Unclassifiable; tags pit malone"
020_020982.mp3,"styles Sound Collage, Experimental, IDM, Electronic, Unclassifiable; tags pit malone"
020_020983.mp3,"styles Sound Collage, Experimental, IDM, Electronic, Unclassifiable; tags pit malone"
020_020984.mp3,"styles Sound Collage, Experimental, IDM, Electronic, Unclassifiable; tags pit malone feat beekeeper c"
020_020985.mp3,"styles Sound Collage, Experimental, IDM, Electronic, Unclassifiable; tags pit malone"
020_020986.mp3,"styles Indie-Rock, Pop, Rock, Experimental Pop, Free-Folk, Folk, Post-Rock; tags plattenboss undertakers"
020_020987.mp3,"styles Indie-Rock, Pop, Rock, Experimental Pop, Free-Folk, Folk, Post-Rock; tags plattenboss undertakers"
020_020988.mp3,"styles Indie-Rock, Pop, Rock, Experimental Pop, Free-Folk, Folk, Post-Rock; tags plattenboss undertakers"
020_020989.mp3,"styles Indie-Rock, Pop, Rock, Experimental Pop, Free-Folk, Folk, Post-Rock; tags plattenboss undertakers"
020_020990.mp3,"styles Indie-Rock, Pop, Rock, Experimental Pop, Free-Folk, Folk, Post-Rock; tags plattenboss undertakers"
020_020991.mp3,"styles Indie-Rock, Pop, Rock, Experimental Pop, Free-Folk, Folk, Post-Rock; tags plattenboss undertakers"
020_020992.mp3,"styles Indie-Rock, Pop, Rock, Experimental Pop, Free-Folk, Folk, Post-Rock; tags plattenboss undertakers"
020_020994.mp3,"styles Indie-Rock, Pop, Rock, Experimental Pop, Free-Folk, Folk, Post-Rock; tags plattenboss undertakers"
020_020996.mp3,"styles Jazz: Out, Jazz, Experimental, Improv, Unclassifiable; tags john butcher"
020_020997.mp3,"styles International, Dubstep, Electronic; tags arrogalla"
020_020998.mp3,"styles International, Reggae - Dub, Electronic; tags arrogalla"
020_020999.mp3,"styles International, Dubstep, Reggae - Dub, Electronic; tags arrogalla"
021_021000.mp3,"styles Folk, International, Reggae - Dub, Electronic; tags arrogalla"
021_021001.mp3,"styles International, Reggae - Dub, Electronic; tags arrogalla"
021_021002.mp3,"styles International, Dubstep, Electronic; tags arrogalla"
021_021003.mp3,"styles International, Reggae - Dub, Electronic; tags arrogalla"
021_021004.mp3,"styles International, Dubstep, Electronic; tags arrogalla"
021_021005.mp3,"genre Electronic; styles Electronic; tags brazil, retrigger"
021_021008.mp3,"genre Electronic; styles Electronic; tags brazil, retrigger"
021_021009.mp3,"genre Electronic; styles Electronic; tags brazil, retrigger"
021_021010.mp3,"genre Electronic; styles Electronic; tags brazil, retrigger"
021_021012.mp3,"genre Electronic; styles Electronic; tags brazil, retrigger"
021_021014.mp3,"genre Electronic; styles Electronic; tags brazil, retrigger"
021_021015.mp3,"genre Electronic; styles Electronic; tags brazil, retrigger"
021_021025.mp3,"styles Ambient Electronic, Ambient, Electronic, Soundtrack, Instrumental; tags happy puppy records, halloween, podsafe, nevermore eleanor"
021_021039.mp3,"styles Noise, Hip-Hop, Experimental, Breakbeat; tags rotor perdition"
021_021040.mp3,"styles Noise, Hip-Hop, Experimental, Breakbeat; tags rotor perdition"
021_021041.mp3,"styles Noise, Hip-Hop, Experimental, Breakbeat; tags rotor perdition"
021_021042.mp3,"styles Noise, Hip-Hop, Experimental, Breakbeat; tags rotor perdition"
021_021043.mp3,"styles Noise, Hip-Hop, Experimental, Breakbeat; tags rotor perdition"
021_021044.mp3,"styles Noise, Hip-Hop, Experimental, Breakbeat; tags rotor perdition"
021_021045.mp3,"styles Noise, Hip-Hop, Experimental, Breakbeat; tags rotor perdition"
021_021049.mp3,genre Experimental; styles Experimental; tags sore steal
021_021050.mp3,genre Experimental; styles Experimental; tags sore steal
021_021051.mp3,genre Experimental; styles Experimental; tags sore steal
021_021052.mp3,genre Experimental; styles Experimental; tags sore steal
021_021053.mp3,genre Experimental; styles Experimental; tags sore steal
021_021054.mp3,genre Experimental; styles Experimental; tags sore steal
021_021055.mp3,genre Experimental; styles Experimental; tags sore steal
021_021056.mp3,genre Experimental; styles Experimental; tags sore steal
021_021057.mp3,genre Experimental; styles Experimental; tags sore steal
021_021059.mp3,genre Experimental; styles Experimental; tags sore steal
021_021060.mp3,genre Experimental; styles Experimental; tags sore steal
021_021061.mp3,"styles Folk, Pop; tags michael holt"
021_021062.mp3,"styles Folk, Pop; tags michael holt"
021_021063.mp3,"styles Folk, Pop; tags michael holt"
021_021064.mp3,"styles Folk, Pop; tags michael holt"
021_021065.mp3,"styles Folk, Pop; tags michael holt"
021_021066.mp3,"styles Folk, Pop; tags michael holt"
021_021068.mp3,"styles Folk, Pop; tags michael holt"
021_021069.mp3,"genre Rock; styles Indie-Rock, Rock; tags doug gillard"
021_021070.mp3,"genre Rock; styles Indie-Rock, Rock; tags doug gillard"
021_021071.mp3,"genre Rock; styles Indie-Rock, Rock; tags doug gillard"
021_021072.mp3,"genre Rock; styles Indie-Rock, Rock; tags doug gillard"
021_021073.mp3,"genre Rock; styles Indie-Rock, Rock; tags doug gillard"
021_021074.mp3,"genre Rock; styles Indie-Rock, Rock; tags doug gillard"
021_021075.mp3,"genre Rock; styles Indie-Rock, Rock; tags doug gillard"
021_021076.mp3,"genre Rock; styles Indie-Rock, Rock; tags doug gillard"
021_021077.mp3,"genre Rock; styles Punk, Rock, Power-Pop; tags de cylinders"
021_021078.mp3,"genre Rock; styles Punk, Rock, Power-Pop; tags de cylinders"
021_021079.mp3,"genre Rock; styles Punk, Rock, Power-Pop; tags de cylinders"
021_021082.mp3,"genre Rock; styles Punk, Rock, Power-Pop; tags de cylinders"
021_021088.mp3,"genre Folk; styles Folk, Psych-Folk; tags hall of fame"
021_021089.mp3,"genre Folk; styles Folk, Psych-Folk; tags hall of fame"
021_021090.mp3,"genre Folk; styles Folk, Psych-Folk; tags hall of fame"
021_021093.mp3,"genre Experimental; styles Noise, Experimental; tags mutual hallucinations"
021_021094.mp3,"genre Experimental; styles Noise, Experimental; tags mutual hallucinations"
021_021095.mp3,"genre Experimental; styles Noise, Experimental; tags mutual hallucinations"
021_021096.mp3,"genre Experimental; styles Noise, Experimental; tags mutual hallucinations"
021_021098.mp3,"genre Experimental; styles Noise, Experimental; tags mutual hallucinations"
021_021099.mp3,"styles Avant-Garde, International, Experimental, Pop, Rock, Experimental Pop, Folk, Lo-Fi, Unclassifiable, Freak-Folk; tags ofir klemperer"
021_021100.mp3,"styles Avant-Garde, International, Experimental, Pop, Rock, Experimental Pop, Folk, Lo-Fi, Unclassifiable, Freak-Folk; tags ofir klemperer"
021_021101.mp3,"styles Avant-Garde, International, Experimental, Pop, Rock, Experimental Pop, Folk, Lo-Fi, Unclassifiable, Freak-Folk; tags ofir klemperer with"
021_021102.mp3,"styles Avant-Garde, International, Experimental, Pop, Rock, Experimental Pop, Folk, Lo-Fi, Unclassifiable, Freak-Folk; tags ofir klemperer"
021_021103.mp3,"styles Avant-Garde, International, Experimental, Pop, Rock, Experimental Pop, Folk, Lo-Fi, Unclassifiable, Freak-Folk; tags ofir klemperer"
021_021104.mp3,"styles Avant-Garde, International, Experimental, Pop, Rock, Experimental Pop, Folk, Lo-Fi, Unclassifiable, Freak-Folk; tags ofir klemperer"
021_021105.mp3,"styles Avant-Garde, International, Experimental, Pop, Rock, Experimental Pop, Folk, Lo-Fi, Unclassifiable, Freak-Folk; tags ofir klemperer"
021_021106.mp3,"styles Avant-Garde, International, Experimental, Pop, Rock, Experimental Pop, Folk, Lo-Fi, Unclassifiable, Freak-Folk; tags ofir klemperer"
021_021110.mp3,"styles Pop, Experimental Pop, Experimental, Musique Concrete; tags eet"
021_021111.mp3,"styles Pop, Experimental Pop, Experimental, Musique Concrete; tags eet"
021_021112.mp3,tags eet
021_021113.mp3,"styles Pop, Experimental Pop, Experimental, Musique Concrete; tags eet"
021_021115.mp3,tags kelly slusher
021_021120.mp3,"styles Experimental, Novelty, Kid-Friendly, Synth Pop, Pop, Electronic, Instrumental; tags childrens music, kid-friendly, a smile for"
021_021123.mp3,"styles Experimental, Novelty, Kid-Friendly, Synth Pop, Pop, Electronic, Instrumental; tags childrens music, kid-friendly, a smile for"
021_021126.mp3,"genre Experimental; styles Noise, Experimental; tags bob bellerue"
021_021128.mp3,"styles Folk, Pop, Experimental Pop, Synth Pop; tags learning music"
021_021139.mp3,"styles Experimental, Novelty, Kid-Friendly, Synth Pop, Pop, Electronic, Instrumental; tags childrens music, kid-friendly, a smile for"
021_021171.mp3,"styles Ambient Electronic, Ambient, Electronic, Soundtrack, Instrumental; tags happy puppy records, halloween, podsafe, edmund sullen"
021_021201.mp3,"styles Easy Listening: Vocal, Pop, Experimental Pop, Easy Listening; tags misty roses"
021_021202.mp3,"styles Easy Listening: Vocal, Pop, Experimental Pop, Easy Listening; tags misty roses"
021_021203.mp3,"styles Easy Listening: Vocal, Pop, Experimental Pop, Easy Listening; tags misty roses"
021_021204.mp3,"styles Easy Listening: Vocal, Pop, Experimental Pop, Easy Listening; tags misty roses"
021_021205.mp3,"styles Indie-Rock, Pop, Rock, Folk, Lo-Fi; tags yukon"
021_021206.mp3,"styles Indie-Rock, Pop, Rock, Folk, Lo-Fi; tags yukon"
021_021207.mp3,"styles Indie-Rock, Pop, Rock, Folk, Lo-Fi; tags yukon"
021_021208.mp3,"styles Indie-Rock, Pop, Rock, Folk, Lo-Fi; tags yukon"
021_021209.mp3,"styles Indie-Rock, Pop, Rock, Folk, Lo-Fi; tags yukon"
021_021210.mp3,"styles Indie-Rock, Pop, Rock, Folk, Lo-Fi; tags yukon"
021_021212.mp3,"styles Indie-Rock, Pop, Rock, Folk, Lo-Fi; tags yukon"
021_021213.mp3,"styles Noise, Experimental, Spoken Weird, Spoken, Improv; tags ma la pert, tony conrad"
021_021214.mp3,"styles Ambient Electronic, Drone, Experimental, Electronic; tags telecult powers"
021_021215.mp3,"styles Ambient Electronic, Drone, Experimental, Electronic; tags telecult powers"
021_021216.mp3,"styles Ambient Electronic, Drone, Experimental, Electronic; tags telecult powers"
021_021217.mp3,"styles Ambient Electronic, Drone, Experimental, Electronic; tags telecult powers"
021_021218.mp3,"styles Ambient Electronic, Drone, Experimental, Electronic; tags telecult powers"
021_021219.mp3,Javelin cruised into the dublab studio for a stunning session in support of the DUBLAB DECADE
021_021220.mp3,"styles Folk, Pop, Experimental Pop, Synth Pop; tags learning music"
021_021221.mp3,"styles Avant-Garde, Jazz, Experimental; tags mary halvorson and jessica pavone"
021_021222.mp3,"styles Avant-Garde, Jazz, Experimental; tags mary halvorson and jessica pavone"
021_021223.mp3,"styles Avant-Garde, Jazz, Experimental; tags mary halvorson and jessica pavone"
021_021225.mp3,"Uses samples from: Broken (Acappella) by Trifonic; styles Pop, Electronic; tags atoa"
021_021229.mp3,"Uses samples from: Lies (Acappella) by Trifonic; styles Pop, Electronic; tags lasswell"
021_021233.mp3,"Uses samples from: Maybe I Should Stay by Calling Sister Midnight; styles Pop, Electronic; tags loveshadow"
021_021236.mp3,"styles Country, Rock, Soul-RnB, Garage, Punk; tags reigning sound"
021_021237.mp3,"styles Country, Rock, Soul-RnB, Garage, Punk; tags reigning sound"
021_021238.mp3,"styles Country, Rock, Soul-RnB, Garage, Punk; tags reigning sound"
021_021240.mp3,"styles Country, Rock, Soul-RnB, Garage, Punk; tags reigning sound"
021_021242.mp3,"styles Country, Rock, Soul-RnB, Garage, Punk; tags reigning sound"
021_021256.mp3,"styles Country, Rock, Soul-RnB, Garage, Punk; tags reigning sound"
021_021257.mp3,"styles Country, Rock, Soul-RnB, Garage, Punk; tags reigning sound"
021_021258.mp3,"styles Country, Rock, Soul-RnB, Garage, Punk; tags reigning sound"
021_021259.mp3,"styles Country, Rock, Garage, Punk; tags reigning sound"
021_021260.mp3,"styles Folk, Pop, Experimental Pop, Synth Pop; tags learning music"
021_021268.mp3,"styles International, Singer-Songwriter, Pop, Rock, Experimental Pop, Pacific, Folk, Lo-Fi; tags cloud mouth"
021_021269.mp3,"styles International, Singer-Songwriter, Pop, Rock, Experimental Pop, Pacific, Folk, Lo-Fi; tags cloud mouth"
021_021270.mp3,"styles International, Singer-Songwriter, Pop, Rock, Experimental Pop, Pacific, Folk, Lo-Fi; tags cloud mouth"
021_021271.mp3,"styles International, Singer-Songwriter, Pop, Rock, Experimental Pop, Pacific, Folk, Lo-Fi; tags cloud mouth"
021_021272.mp3,"styles International, Singer-Songwriter, Pop, Rock, Experimental Pop, Pacific, Folk, Lo-Fi; tags cloud mouth"
021_021273.mp3,"styles International, Singer-Songwriter, Pop, Rock, Experimental Pop, Pacific, Folk, Lo-Fi; tags cloud mouth"
021_021274.mp3,"styles International, Singer-Songwriter, Pop, Rock, Experimental Pop, Pacific, Folk, Lo-Fi; tags cloud mouth"
021_021277.mp3,"genre Electronic; styles Chip Music, Electronic; tags chip music, speeeed hysteria"
021_021278.mp3,"genre Electronic; styles Chip Music, Electronic; tags chip music, utabi"
021_021280.mp3,"genre Electronic; styles Chip Music, Electronic; tags chip music, faast tykoon"
021_021281.mp3,"genre Electronic; styles Chip Music, Electronic; tags chip music, faast tykoon"
021_021283.mp3,"genre Electronic; styles Chip Music, Electronic; tags chip music, faast tykoon"
021_021284.mp3,"genre Electronic; styles Chip Music, Electronic; tags chip music, hally"
021_021285.mp3,"genre Electronic; styles Chip Music, Electronic; tags chip music, satori"
021_021286.mp3,"genre Electronic; styles Chip Music, Electronic; tags chip music, utabi"
021_021287.mp3,tags abbruciati faella
021_021288.mp3,tags abbruciati faella
021_021289.mp3,tags pierluigi colantoni
021_021290.mp3,tags pierluigi colantoni
021_021291.mp3,"tags rock noir, demian clav"
021_021293.mp3,"styles International, Dubstep, Reggae - Dub, Electronic; tags dub terminator"
021_021294.mp3,"styles International, Dubstep, Reggae - Dub, Electronic; tags dub terminator"
021_021295.mp3,"styles International, Dubstep, Reggae - Dub, Electronic; tags dub terminator"
021_021296.mp3,"styles International, Dubstep, Reggae - Dub, Electronic; tags dub terminator"
021_021298.mp3,"styles Folk, Pop, Experimental Pop, Synth Pop; tags learning music"
021_021308.mp3,"genre Jazz; styles Free-Jazz, Jazz; tags mary halvorson ingrid laubrock tom rainey"
021_021316.mp3,"styles Pop, Lo-Fi, Rock, Experimental Pop; tags ergo phizmiz, surrism-phonoethics"
021_021317.mp3,"styles Pop, Lo-Fi, Rock, Experimental Pop; tags een pianist"
021_021318.mp3,"styles Pop, Lo-Fi, Rock, Experimental Pop; tags shmuel"
021_021319.mp3,"styles Pop, Lo-Fi, Rock, Experimental Pop; tags mc ina"
021_021320.mp3,"styles Pop, Lo-Fi, Rock, Experimental Pop; tags musica da cucina"
021_021321.mp3,"styles Pop, Lo-Fi, Rock, Experimental Pop; tags antithetical"
021_021322.mp3,"styles Pop, Lo-Fi, Rock, Experimental Pop; tags headphoner"
021_021323.mp3,"styles Pop, Lo-Fi, Rock, Experimental Pop; tags missing man foundation"
021_021324.mp3,"styles Pop, Lo-Fi, Rock, Experimental Pop; tags milie payeur"
021_021325.mp3,"styles Novelty, Experimental, Pop, Rock, Experimental Pop, Sound Effects, Lo-Fi, Holiday; tags thee moths"
021_021326.mp3,"styles Pop, Lo-Fi, Rock, Experimental Pop; tags atomic orchestra"
021_021327.mp3,"styles Pop, Lo-Fi, Rock, Experimental Pop; tags prof neutrino"
021_021328.mp3,"styles Pop, Lo-Fi, Rock, Experimental Pop; tags rocketnumbernine"
021_021329.mp3,"styles Pop, Lo-Fi, Rock, Experimental Pop; tags m3000"
021_021330.mp3,"styles Pop, Lo-Fi, Rock, Experimental Pop; tags gustav ruppke"
021_021331.mp3,"styles Pop, Lo-Fi, Rock, Experimental Pop; tags una nia malvada"
021_021332.mp3,"styles Pop, Lo-Fi, Rock, Experimental Pop; tags antonio contador"
021_021333.mp3,"styles Pop, Lo-Fi, Rock, Experimental Pop; tags banabila"
021_021334.mp3,"styles Pop, Lo-Fi, Rock, Experimental Pop; tags mrmrsbrian"
021_021335.mp3,"styles Pop, Lo-Fi, Rock, Experimental Pop; tags kobayashii breda and wo0"
021_021336.mp3,"styles Pop, Lo-Fi, Rock, Experimental Pop"
021_021337.mp3,"styles Pop, Lo-Fi, Rock, Experimental Pop; tags greenmeanslove"
021_021338.mp3,"styles Sound Collage, Experimental, Electronic; tags iso brown"
021_021339.mp3,"styles Sound Collage, Experimental, Electronic; tags iso brown"
021_021340.mp3,"styles Sound Collage, Experimental, Electronic; tags iso brown"
021_021341.mp3,"styles Sound Collage, Experimental, Electronic; tags iso brown"
021_021342.mp3,"styles Sound Collage, Experimental, Electronic; tags iso brown"
021_021343.mp3,"styles Sound Collage, Experimental, Electronic; tags iso brown"
021_021344.mp3,"styles Sound Collage, Experimental, Electronic; tags iso brown"
021_021346.mp3,"genre Electronic; styles Breakcore - Hard, Electronic, Glitch; tags iso brown"
021_021347.mp3,"genre Electronic; styles Breakcore - Hard, Electronic, Glitch; tags iso brown"
021_021348.mp3,"genre Electronic; styles Breakcore - Hard, Electronic, Glitch; tags iso brown"
021_021350.mp3,"genre Electronic; styles Breakcore - Hard, Electronic, Glitch; tags iso brown"
021_021354.mp3,"genre Electronic; styles Breakcore - Hard, Electronic, Glitch; tags iso brown"
021_021355.mp3,"styles Avant-Garde, International, Jazz, Krautrock, Experimental, Sound Poetry, Pop, Rock, Experimental Pop, Easy Listening, Electronic, Folk,"
021_021356.mp3,"styles Americana, Pop, Experimental Pop, Country; tags invaders from sears"
021_021357.mp3,"styles Americana, Pop, Experimental Pop, Country; tags invaders from sears"
021_021358.mp3,"styles Americana, Pop, Experimental Pop, Country; tags invaders from sears"
021_021359.mp3,"styles Americana, Pop, Experimental Pop, Country; tags invaders from sears"
021_021360.mp3,"styles Americana, Pop, Experimental Pop, Country; tags invaders from sears"
021_021361.mp3,"styles Americana, Pop, Experimental Pop, Country; tags invaders from sears"
021_021362.mp3,"styles Americana, Pop, Experimental Pop, Country; tags invaders from sears"
021_021364.mp3,genre Folk; styles Folk; tags bakers at dawn
021_021365.mp3,genre Folk; styles Folk; tags bakers at dawn
021_021366.mp3,genre Folk; styles Folk; tags bakers at dawn
021_021367.mp3,genre Folk; styles Folk; tags bakers at dawn
021_021368.mp3,genre Folk; styles Folk; tags bakers at dawn
021_021369.mp3,genre Folk; styles Folk; tags bakers at dawn
021_021370.mp3,genre Folk; styles Folk; tags bakers at dawn
021_021371.mp3,genre Folk; styles Folk; tags bakers at dawn
021_021372.mp3,genre Folk; styles Folk; tags bakers at dawn
021_021373.mp3,genre Folk; styles Folk; tags bakers at dawn
021_021374.mp3,genre Folk; styles Folk; tags bakers at dawn
021_021375.mp3,genre Folk; styles Folk; tags bakers at dawn
021_021376.mp3,genre Folk; styles Folk; tags bakers at dawn
021_021377.mp3,genre Folk; styles Folk; tags bakers at dawn
021_021378.mp3,"null; genre Pop; styles Pop, Experimental Pop; tags sky barstow"
021_021379.mp3,"genre Pop; styles Pop, Experimental Pop; tags sky barstow"
021_021380.mp3,"genre Pop; styles Pop, Experimental Pop; tags sky barstow"
021_021381.mp3,"genre Pop; styles Pop, Experimental Pop; tags sky barstow"
021_021382.mp3,"genre Pop; styles Pop, Experimental Pop; tags sky barstow"
021_021383.mp3,"genre Pop; styles Pop, Experimental Pop; tags sky barstow"
021_021384.mp3,"genre Pop; styles Pop, Experimental Pop; tags sky barstow"
021_021387.mp3,"styles Sound Collage, Pop, Experimental Pop, Experimental; tags the bran flakes"
021_021388.mp3,"styles Sound Collage, Pop, Experimental Pop, Experimental; tags wfmu djs, jason forrest"
021_021389.mp3,"styles Sound Collage, Pop, Experimental Pop, Experimental; tags satanicpornocultshop"
021_021390.mp3,"styles Sound Collage, Pop, Experimental Pop, Experimental; tags daedelus"
021_021391.mp3,"styles Sound Collage, Pop, Experimental Pop, Experimental; tags ricky rabbit"
021_021392.mp3,"styles Sound Collage, Pop, Experimental Pop, Experimental; tags swe feat b-mor7"
021_021393.mp3,"styles Sound Collage, Pop, Experimental Pop, Experimental; tags el cubist feat nongenetic"
021_021394.mp3,"styles Sound Collage, Pop, Experimental Pop, Experimental; tags flowtation addvice"
021_021395.mp3,"styles Sound Collage, Pop, Experimental Pop, Experimental; tags cactus on fire feat baba brinkman"
021_021396.mp3,"styles Sound Collage, Pop, Experimental Pop, Experimental; tags nimble"
021_021397.mp3,"styles Sound Collage, Pop, Experimental Pop, Experimental; tags primix for kids"
021_021398.mp3,"styles Sound Collage, Pop, Experimental Pop, Experimental; tags gangpol mit, synth pop"
021_021399.mp3,"styles Sound Collage, Pop, Experimental Pop, Experimental; tags bebe del banco"
021_021406.mp3,"genre Pop; styles Pop, Experimental Pop; tags eddie the rat"
021_021407.mp3,"genre Pop; styles Pop, Experimental Pop; tags the winks"
021_021408.mp3,"genre Pop; styles Pop, Experimental Pop; tags santosh"
021_021413.mp3,tags virt
021_021417.mp3,genre Electronic; styles Electronic; tags maxwithmax
021_021425.mp3,"genre Electronic; styles Electronic; tags candlestickmaker, romania, candle, idm, maker, upitup, romanian, candlestick"
021_021429.mp3,"styles Experimental, Electronic, Soundtrack, Instrumental, Compilation; tags psy-sci, noise, experimental"
021_021430.mp3,"styles Experimental, Electronic, Soundtrack, Instrumental, Compilation; tags set in sand"
021_021431.mp3,"styles Experimental, Electronic, Soundtrack, Instrumental, Compilation; tags ernest gonzales"
021_021444.mp3,"styles Experimental, Electronic, Soundtrack, Instrumental, Compilation; tags populous feat penny"
021_021445.mp3,"styles Experimental, Electronic, Soundtrack, Instrumental, Compilation; tags medusa palace casino"
021_021446.mp3,"styles Experimental, Electronic, Soundtrack, Instrumental, Compilation; tags the van allen belt"
021_021447.mp3,"styles Experimental, Electronic, Soundtrack, Instrumental, Compilation; tags coppe cal murphy"
021_021448.mp3,"styles Experimental, Electronic, Soundtrack, Instrumental, Compilation; tags orangebox"
021_021450.mp3,"styles Experimental, Electronic, Soundtrack, Instrumental, Compilation; tags ceschi"
021_021455.mp3,"styles Experimental, Electronic, Soundtrack, Instrumental, Compilation; tags nathan michel"
021_021459.mp3,"styles Improv, Jazz, Experimental; tags ghost moth"
021_021460.mp3,"styles Avant-Garde, Composed Music, Classical, Experimental, Opera; tags andrew christopher smith, composed, microtonal"
021_021461.mp3,"styles Avant-Garde, Composed Music, Classical, Experimental, Opera; tags andrew christopher smith, composed, microtonal"
021_021462.mp3,"styles Avant-Garde, Composed Music, Classical, Experimental, Opera; tags andrew christopher smith, composed, microtonal"
021_021463.mp3,"styles Avant-Garde, Composed Music, Classical, Experimental, Opera; tags andrew christopher smith, composed, microtonal"
021_021464.mp3,"styles Indie-Rock, Ambient, Rock, Electronic, Instrumental; tags chill out, netlabels, chill, europe, sound art, glitch, electro,"
021_021465.mp3,"styles Avant-Garde, Hip-Hop, Experimental, Electronic; tags mongoose"
021_021466.mp3,"styles Avant-Garde, Hip-Hop, Experimental, Electronic; tags electronic, salakapakka sound system"
021_021467.mp3,"styles Avant-Garde, Hip-Hop, Experimental, Electronic; tags ocean"
021_021469.mp3,"styles Avant-Garde, Hip-Hop, Experimental, Electronic; tags sills the bad man"
021_021470.mp3,"styles Avant-Garde, Hip-Hop, Experimental, Electronic; tags 12 bit murder"
021_021471.mp3,"styles Avant-Garde, Hip-Hop, Experimental, Electronic; tags malaventura"
021_021472.mp3,"genre Electronic; styles Electronic; tags micromusic, electronica, electro, idm, micro, bacalao, breaks"
021_021473.mp3,"styles Avant-Garde, Hip-Hop, Experimental, Electronic; tags noventa"
021_021474.mp3,"styles Avant-Garde, Hip-Hop, Experimental, Electronic; tags remix artist, drug smug"
021_021475.mp3,"styles Avant-Garde, Hip-Hop, Experimental, Electronic; tags nimrod"
021_021476.mp3,"styles Avant-Garde, Hip-Hop, Experimental, Electronic; tags losid"
021_021477.mp3,"styles Avant-Garde, Hip-Hop, Experimental, Electronic; tags sick to the back teeth"
021_021479.mp3,"styles Electro-Punk, Pop, Synth Pop, Rock, Experimental Pop, Electronic, Punk; tags electropop, synthpop, vulvinia jambonstar, electropunk,"
021_021480.mp3,"styles Electro-Punk, Pop, Synth Pop, Rock, Experimental Pop, Electronic, Punk; tags electropop, synthpop, vulvinia jambonstar, electropunk,"
021_021482.mp3,"styles Electro-Punk, Pop, Synth Pop, Rock, Experimental Pop, Electronic, Punk; tags electropop, synthpop, vulvinia jambonstar, electropunk,"
021_021483.mp3,"styles Electro-Punk, Pop, Synth Pop, Rock, Experimental Pop, Electronic, Punk; tags electropop, synthpop, vulvinia jambonstar, electropunk,"
021_021484.mp3,"styles Electro-Punk, Pop, Synth Pop, Rock, Experimental Pop, Electronic, Punk; tags electropop, synthpop, vulvinia jambonstar, electropunk,"
021_021485.mp3,"styles Electro-Punk, Pop, Synth Pop, Rock, Experimental Pop, Electronic, Punk; tags electropop, synthpop, vulvinia jambonstar, electropunk,"
021_021487.mp3,"styles Electro-Punk, Pop, Synth Pop, Rock, Experimental Pop, Electronic, Punk; tags electropop, synthpop, vulvinia jambonstar, electropunk,"
021_021489.mp3,"styles Electro-Punk, Pop, Synth Pop, Rock, Experimental Pop, Electronic, Punk; tags electropop, synthpop, vulvinia jambonstar, electropunk,"
021_021490.mp3,"styles Electro-Punk, Pop, Synth Pop, Rock, Experimental Pop, Electronic, Punk; tags electropop, synthpop, vulvinia jambonstar, electropunk,"
021_021492.mp3,"styles Electro-Punk, Pop, Synth Pop, Rock, Experimental Pop, Electronic, Punk; tags electropop, synthpop, vulvinia jambonstar, electropunk,"
021_021504.mp3,"styles Glitch, Synth Pop, Pop, Electronic; tags synthpop, nes, electonic, lawrence power"
021_021505.mp3,"styles Glitch, Synth Pop, Pop, Electronic; tags synthpop, nes, electonic, lawrence power"
021_021506.mp3,"styles Glitch, Synth Pop, Pop, Electronic; tags synthpop, nes, electonic, lawrence power"
021_021507.mp3,"styles Glitch, Synth Pop, Pop, Electronic; tags synthpop, nes, electonic, lawrence power"
021_021508.mp3,"styles Glitch, Synth Pop, Pop, Electronic; tags synthpop, nes, electonic, lawrence power"
021_021509.mp3,"styles Glitch, Synth Pop, Pop, Electronic; tags synthpop, nes, electonic, lawrence power"
021_021510.mp3,"styles Glitch, Synth Pop, Pop, Electronic; tags synthpop, nes, electonic, lawrence power"
021_021511.mp3,"styles Glitch, Synth Pop, Pop, Electronic; tags synthpop, nes, electonic, lawrence power"
021_021512.mp3,"styles Glitch, Synth Pop, Pop, Electronic; tags synthpop, nes, electonic, lawrence power"
021_021513.mp3,"styles Glitch, Synth Pop, Pop, Electronic; tags synthpop, nes, electonic, lawrence power"
021_021514.mp3,"styles Glitch, Synth Pop, Pop, Electronic; tags synthpop, nes, electonic, lawrence power"
021_021515.mp3,"styles Glitch, Synth Pop, Pop, Electronic; tags synthpop, nes, electonic, lawrence power"
021_021516.mp3,"styles Glitch, Synth Pop, Pop, Electronic; tags synthpop, nes, electonic, lawrence power"
021_021517.mp3,"styles Glitch, Synth Pop, Pop, Electronic; tags synthpop, nes, electonic, lawrence power"
021_021518.mp3,"styles Glitch, Synth Pop, Pop, Electronic; tags synthpop, nes, electonic, lawrence power"
021_021519.mp3,"genre Rock; styles Post-Punk, Punk, Indie-Rock, Rock; tags new zealand, the axemen"
021_021520.mp3,"genre Rock; styles Post-Punk, Punk, Indie-Rock, Rock; tags new zealand, the axemen"
021_021521.mp3,"genre Rock; styles Post-Punk, Punk, Indie-Rock, Rock; tags new zealand, the axemen"
021_021523.mp3,"genre Rock; styles Post-Punk, Punk, Indie-Rock, Rock; tags new zealand, the axemen"
021_021524.mp3,"genre Rock; styles Post-Punk, Punk, Indie-Rock, Rock; tags new zealand, the axemen"
021_021525.mp3,"genre Rock; styles Post-Punk, Punk, Indie-Rock, Rock; tags new zealand, the axemen"
021_021526.mp3,"genre Rock; styles Post-Punk, Punk, Indie-Rock, Rock; tags new zealand, the axemen"
021_021534.mp3,"styles Synth Pop, Pop, Electronic; tags clinical archives, electro-pop, experimental, indie-electro, post human era, post pop"
021_021535.mp3,"styles Synth Pop, Pop, Electronic; tags clinical archives, electro-pop, experimental, indie-electro, post human era, post pop"
021_021536.mp3,"styles Synth Pop, Pop, Electronic; tags clinical archives, electro-pop, experimental, indie-electro, post human era, post pop"
021_021537.mp3,"styles Synth Pop, Pop, Electronic; tags clinical archives, electro-pop, experimental, indie-electro, post human era, post pop"
021_021538.mp3,"styles Synth Pop, Pop, Electronic; tags clinical archives, electro-pop, experimental, indie-electro, post human era, post pop"
021_021539.mp3,"styles Synth Pop, Pop, Electronic; tags clinical archives, electro-pop, experimental, indie-electro, post human era, post pop"
021_021540.mp3,"styles Synth Pop, Pop, Electronic; tags clinical archives, electro-pop, experimental, indie-electro, post human era, post pop"
021_021541.mp3,"styles Synth Pop, Pop, Electronic; tags clinical archives, electro-pop, experimental, indie-electro, post human era, post pop"
021_021543.mp3,"styles Synth Pop, Pop, Electronic; tags clinical archives, electro-pop, experimental, indie-electro, post human era, post pop"
021_021544.mp3,"styles Synth Pop, Pop, Electronic; tags clinical archives, electro-pop, experimental, indie-electro, post human era, post pop"
021_021545.mp3,"styles Synth Pop, Pop, Electronic; tags clinical archives, electro-pop, experimental, indie-electro, post human era, post pop"
021_021546.mp3,"styles Synth Pop, Pop, Electronic; tags clinical archives, electro-pop, experimental, indie-electro, post human era, post pop"
021_021547.mp3,"styles Avant-Garde, Jazz, Experimental, Jazz: Out; tags frantz loriot ben miller"
021_021548.mp3,"styles Avant-Garde, Jazz, Experimental, Jazz: Out; tags frantz loriot ben miller"
021_021549.mp3,"styles Avant-Garde, Jazz, Experimental, Jazz: Out; tags frantz loriot ben miller"
021_021550.mp3,"styles Experimental, Electronic, Soundtrack, Instrumental, Compilation; tags sky barstow"
021_021551.mp3,"styles Experimental, Electronic, Soundtrack, Instrumental, Compilation; tags rafter"
021_021553.mp3,"styles Folk, Pop, Experimental Pop, Synth Pop; tags learning music"
021_021554.mp3,"null; styles Folk, Pop, Experimental Pop, Synth Pop; tags learning music"
021_021560.mp3,tags eitheror ensemble
021_021561.mp3,"styles Experimental, Electronic, Soundtrack, Instrumental, Compilation; tags the real tuesday weld"
021_021562.mp3,tags fluxus interpretations
021_021563.mp3,tags vandaveer
021_021564.mp3,tags broken deer
021_021566.mp3,"genre Pop; styles Pop, Experimental Pop; tags santosh"
021_021567.mp3,"genre Pop; styles Pop, Experimental Pop; tags santosh"
021_021568.mp3,"genre Pop; styles Pop, Experimental Pop; tags santosh"
021_021570.mp3,"genre Pop; styles Pop, Experimental Pop; tags santosh"
021_021571.mp3,"genre Pop; styles Pop, Experimental Pop; tags santosh"
021_021583.mp3,"styles Folk, Pop, Experimental Pop; tags learning music"
021_021584.mp3,"styles Folk, Pop, Experimental Pop; tags learning music"
021_021585.mp3,"genre Pop; styles Pop, Experimental Pop; tags santosh"
021_021586.mp3,"genre Pop; styles Pop, Experimental Pop; tags santosh"
021_021588.mp3,"genre Pop; styles Pop, Experimental Pop; tags santosh"
021_021589.mp3,"genre Pop; styles Pop, Experimental Pop; tags santosh"
021_021590.mp3,"genre Pop; styles Pop, Experimental Pop; tags santosh"
021_021591.mp3,"genre Pop; styles Pop, Experimental Pop; tags santosh"
021_021592.mp3,"genre Pop; styles Pop, Experimental Pop; tags santosh"
021_021594.mp3,"tags darmstadt essential repertoire festival, phill niblock"
021_021595.mp3,"styles Folk, Pop, Experimental Pop, Synth Pop; tags learning music"
021_021598.mp3,"genre Pop; styles Pop, Experimental Pop; tags santosh"
021_021599.mp3,"genre Pop; styles Pop, Experimental Pop; tags santosh"
021_021600.mp3,"genre Pop; styles Pop, Experimental Pop; tags santosh"
021_021601.mp3,"styles Country, Pop, Experimental Pop, Folk, Bluegrass; tags mika vanhanen and the pataluoto childrens choir"
021_021602.mp3,"styles Country, Pop, Experimental Pop, Folk, Bluegrass; tags the cracker cats"
021_021603.mp3,"null; styles Country, Pop, Experimental Pop, Folk, Bluegrass; tags baba brinkman"
021_021604.mp3,"styles Country, Pop, Experimental Pop, Folk, Bluegrass; tags bill crosson"
021_021605.mp3,"styles Country, Pop, Experimental Pop, Folk, Bluegrass; tags michael mloszeski"
021_021606.mp3,"styles Country, Pop, Experimental Pop, Folk, Bluegrass; tags lazzagunn soundsystems mc i-ras dj roots"
021_021607.mp3,"styles Country, Pop, Experimental Pop, Folk, Bluegrass; tags mike ford"
021_021608.mp3,"styles Country, Pop, Experimental Pop, Folk, Bluegrass; tags captain keenan"
021_021609.mp3,"styles Country, Pop, Experimental Pop, Folk, Bluegrass; tags brianne hudson"
021_021610.mp3,"styles Country, Pop, Experimental Pop, Folk, Bluegrass; tags michael mloszeski"
021_021611.mp3,"styles Country, Pop, Experimental Pop, Folk, Bluegrass; tags jennifer plummer"
021_021612.mp3,"styles Country, Pop, Experimental Pop, Folk, Bluegrass; tags vicki larnach"
021_021613.mp3,"styles Country, Pop, Experimental Pop, Folk, Bluegrass; tags jeff andrew"
021_021614.mp3,"styles Country, Pop, Experimental Pop, Folk, Bluegrass; tags alice rose"
021_021615.mp3,"null; styles Country, Pop, Experimental Pop, Folk, Bluegrass; tags bad uncle"
021_021616.mp3,"styles Country, Pop, Experimental Pop, Folk, Bluegrass; tags dooderonomy"
021_021617.mp3,"styles Country, Pop, Experimental Pop, Folk, Bluegrass; tags the gruff"
021_021619.mp3,"styles Country, Pop, Experimental Pop, Folk, Bluegrass; tags the wedding song"
021_021620.mp3,"styles Country, Pop, Experimental Pop, Folk, Bluegrass; tags the breakmen"
021_021621.mp3,"styles Country, Pop, Experimental Pop, Folk, Bluegrass; tags natalie germann"
021_021622.mp3,"styles Country, Pop, Experimental Pop, Folk, Bluegrass; tags ken hamm"
021_021623.mp3,"styles Country, Pop, Experimental Pop, Folk, Bluegrass; tags brian brigden"
021_021624.mp3,"styles Country, Pop, Experimental Pop, Folk, Bluegrass; tags the gruff"
021_021628.mp3,"styles Country, Pop, Experimental Pop, Folk, Bluegrass; tags the be good tanyas feat jolie holland"
021_021629.mp3,"styles Country, Pop, Experimental Pop, Folk, Bluegrass; tags robbie sinclair"
021_021630.mp3,"styles Country, Pop, Experimental Pop, Folk, Bluegrass; tags bill crosson"
021_021631.mp3,"styles Ambient Electronic, Ambient, Rock, Electronic, Soundtrack, Instrumental; tags happy puppy records, halloween, podsafe, the bloody"
021_021632.mp3,"styles Ambient Electronic, Ambient, Electronic, Soundtrack, Instrumental; tags happy puppy records, halloween, podsafe, music for podcasts,"
021_021633.mp3,"styles Ambient Electronic, Ambient, Rock, Electronic, Soundtrack, Instrumental; tags happy puppy records, halloween, podsafe, crimson curtain"
021_021634.mp3,"styles Ambient Electronic, Ambient, Rock, Electronic, Soundtrack, Instrumental; tags happy puppy records, halloween, podsafe"
021_021635.mp3,"styles Ambient Electronic, Ambient, Electronic, Soundtrack, Instrumental; tags happy puppy records, halloween, podsafe, crypt sisters"
021_021637.mp3,"styles Experimental, Ambient, Soundtrack, Instrumental, Field Recordings; tags happy puppy records, halloween, podsafe, m patuluci"
021_021653.mp3,"genre Pop; styles Pop, Experimental Pop; tags kid-friendly, volumina"
021_021654.mp3,"genre Pop; styles Pop, Experimental Pop; tags kid-friendly, volumina"
021_021655.mp3,"genre Pop; styles Pop, Experimental Pop; tags kid-friendly, volumina"
021_021656.mp3,"genre Pop; styles Pop, Experimental Pop; tags kid-friendly, volumina"
021_021658.mp3,"genre Pop; styles Pop, Experimental Pop; tags kid-friendly, volumina"
021_021659.mp3,"genre Pop; styles Pop, Experimental Pop; tags kid-friendly, volumina"
021_021670.mp3,tags candy claws
021_021671.mp3,tags candy claws
021_021673.mp3,"genre Pop; styles Synth Pop, Pop; tags guidance counselor"
021_021674.mp3,"genre Pop; styles Synth Pop, Pop; tags guidance counselor"
021_021675.mp3,"genre Pop; styles Synth Pop, Pop; tags guidance counselor"
021_021684.mp3,tags nedavine
021_021685.mp3,genre Electronic; styles Electronic; tags the square root of evil
021_021686.mp3,"genre Experimental; styles Sound Collage, Experimental; tags orangebox"
021_021687.mp3,"styles Hip-Hop Beats, Hip-Hop, Electronic; tags dgohn"
021_021688.mp3,"styles Minimal Electronic, Electronic, Experimental, Drone; tags darren mcclure"
021_021690.mp3,"genre Experimental; styles Experimental, Sound Collage, Audio Collage; tags cube"
021_021691.mp3,"styles Ambient Electronic, Hip-Hop Beats, Hip-Hop, Electronic; tags atomly"
021_021692.mp3,genre Electronic; styles Electronic; tags peekay tayloh
021_021693.mp3,"styles Sound Collage, Experimental, Electronic; tags sawe"
021_021694.mp3,"styles Experimental, Electronic; tags domotic"
021_021696.mp3,genre Electronic; styles Electronic; tags secret mommy
021_021698.mp3,"genre Electronic; styles Electronic, Glitch; tags zephyr nova"
021_021699.mp3,tags antenne
021_021700.mp3,"null; genre Electronic; styles Ambient Electronic, Electronic; tags svenedikt"
021_021702.mp3,genre Electronic; styles Electronic; tags santosh
021_021703.mp3,tags lee hutzulak
021_021704.mp3,"genre Experimental; styles Sound Collage, Experimental; tags polichinelle"
021_021705.mp3,"styles Sound Collage, Experimental, Electronic; tags sky barstow"
021_021706.mp3,"genre Folk; styles Psych-Folk, Folk; tags peter fuhry"
021_021709.mp3,"styles Folk, International, Balkan; tags tarran the tailor"
021_021710.mp3,"styles Folk, International, Balkan; tags a hawk and a hacksaw"
021_021711.mp3,"genre Folk; styles Folk, Singer-Songwriter; tags fabi reyna"
021_021712.mp3,"styles Folk, Indie-Rock, Rock, Psych-Folk; tags paleo"
021_021713.mp3,"styles Folk, Americana, Country, Singer-Songwriter; tags valerie graham"
021_021714.mp3,"styles Folk, Indie-Rock, Rock; tags nick caceres"
021_021715.mp3,"genre Folk; styles Folk, Singer-Songwriter; tags fabi reyna"
021_021716.mp3,"styles Folk, International, Balkan; tags tarran the tailor"
021_021718.mp3,"styles Folk, Indie-Rock, Rock; tags nick caceres"
021_021719.mp3,"styles Folk, International, Balkan; tags a hawk and a hacksaw"
021_021720.mp3,"styles Folk, International, Balkan; tags tarran the tailor"
021_021721.mp3,"genre Folk; styles Folk, Singer-Songwriter; tags ilana cameron and kurt goltz"
021_021722.mp3,"styles Folk, Americana, Country, Singer-Songwriter; tags valerie graham"
021_021723.mp3,"genre Rock; styles Lo-Fi, Rock; tags everyone"
021_021732.mp3,"genre Rock; styles Post-Punk, Rock, Punk; tags trumpet, austin, manikin, texas"
021_021733.mp3,"genre Rock; styles Post-Punk, Rock, Punk; tags trumpet, austin, manikin, texas"
021_021734.mp3,"genre Rock; styles Post-Punk, Rock, Punk; tags trumpet, austin, manikin, texas"
021_021735.mp3,"genre Rock; styles Post-Punk, Rock, Punk; tags trumpet, austin, manikin, texas"
021_021736.mp3,"genre Rock; styles Post-Punk, Rock, Punk; tags trumpet, austin, manikin, texas"
021_021737.mp3,"genre Rock; styles Post-Punk, Rock, Punk; tags trumpet, austin, manikin, texas"
021_021738.mp3,"genre Rock; styles Post-Punk, Rock, Punk; tags trumpet, austin, manikin, texas"
021_021739.mp3,"genre Experimental; styles Avant-Garde, Experimental; tags airway"
021_021744.mp3,"styles Folk, Indie-Rock, Rock; tags nick caceres"
021_021745.mp3,"null; styles Folk, International, Balkan; tags tarran the tailor"
021_021746.mp3,"genre Folk; styles Folk, Singer-Songwriter; tags fabi reyna"
021_021747.mp3,"styles Folk, Indie-Rock, Rock, Psych-Folk; tags paleo"
021_021748.mp3,"styles Folk, International, Balkan; tags a hawk and a hacksaw"
021_021749.mp3,"styles Folk, Americana, Country, Singer-Songwriter; tags valerie graham"
021_021750.mp3,"genre Folk; styles Folk, Singer-Songwriter; tags ilanakurttarran"
021_021775.mp3,"genre Experimental; styles Electroacoustic, Experimental; tags snawklor, dylan martorell, experimental, nathan gray, duncan blachford"
021_021777.mp3,"null; genre Experimental; styles Electroacoustic, Experimental; tags snawklor, dylan martorell, experimental, nathan gray, duncan blachford"
021_021778.mp3,"null; genre Experimental; styles Electroacoustic, Experimental; tags snawklor, dylan martorell, experimental, nathan gray, duncan blachford"
021_021779.mp3,"null; genre Experimental; styles Electroacoustic, Experimental; tags snawklor, dylan martorell, experimental, nathan gray, duncan blachford"
021_021786.mp3,"styles Minimal Electronic, Free-Jazz, Jazz, Electronic; tags roland p young, mystical"
021_021788.mp3,"styles Minimal Electronic, Free-Jazz, Jazz, Electronic; tags roland p young, mystical"
021_021792.mp3,"styles Minimal Electronic, Free-Jazz, Jazz, Electronic; tags roland p young, mystical"
021_021793.mp3,"styles Minimal Electronic, Free-Jazz, Jazz, Electronic; tags roland p young, mystical"
021_021795.mp3,"styles Glitch, Unclassifiable, Experimental, Electronic; tags experimental, jeva"
021_021801.mp3,"styles Noise, Improv, Experimental, Electronic; tags sade sade and chuck bettis"
021_021820.mp3,"styles Pop, Rock, Experimental Pop, Electronic, Soundtrack, Instrumental, Post-Rock; tags dave merson hess"
021_021821.mp3,"styles Pop, Rock, Experimental Pop, Electronic, Soundtrack, Instrumental, Post-Rock; tags dave merson hess"
021_021822.mp3,"styles Pop, Rock, Experimental Pop, Electronic, Soundtrack, Instrumental, Post-Rock; tags dave merson hess"
021_021823.mp3,"styles Pop, Rock, Experimental Pop, Electronic, Soundtrack, Instrumental, Post-Rock; tags dave merson hess"
021_021824.mp3,"styles Pop, Rock, Experimental Pop, Electronic, Soundtrack, Instrumental, Post-Rock; tags dave merson hess"
021_021825.mp3,"styles Pop, Rock, Experimental Pop, Electronic, Soundtrack, Instrumental, Post-Rock; tags dave merson hess"
021_021826.mp3,"styles Pop, Rock, Experimental Pop, Electronic, Soundtrack, Instrumental, Post-Rock; tags dave merson hess"
021_021827.mp3,"styles Pop, Rock, Experimental Pop, Electronic, Soundtrack, Instrumental, Post-Rock; tags dave merson hess"
021_021828.mp3,"styles Pop, Rock, Experimental Pop, Electronic, Soundtrack, Instrumental, Post-Rock; tags dave merson hess"
021_021829.mp3,"styles Pop, Rock, Experimental Pop, Electronic, Soundtrack, Instrumental, Post-Rock; tags dave merson hess"
021_021830.mp3,"styles Pop, Rock, Experimental Pop, Electronic, Soundtrack, Instrumental, Post-Rock; tags dave merson hess"
021_021831.mp3,"styles Pop, Rock, Experimental Pop, Electronic, Soundtrack, Instrumental, Post-Rock; tags dave merson hess"
021_021832.mp3,"styles Pop, Rock, Experimental Pop, Electronic, Soundtrack, Instrumental, Post-Rock; tags dave merson hess"
021_021833.mp3,"styles Pop, Rock, Experimental Pop, Electronic, Soundtrack, Instrumental, Post-Rock; tags dave merson hess"
021_021834.mp3,"styles Pop, Rock, Experimental Pop, Electronic, Soundtrack, Instrumental, Post-Rock; tags dave merson hess"
021_021835.mp3,"styles Pop, Rock, Experimental Pop, Electronic, Soundtrack, Instrumental, Post-Rock; tags dave merson hess"
021_021836.mp3,"styles Pop, Rock, Experimental Pop, Electronic, Soundtrack, Instrumental, Post-Rock; tags dave merson hess"
021_021837.mp3,"genre Spoken; styles Spoken Weird, Spoken; tags the council flats of kingsbury"
021_021838.mp3,"genre Spoken; styles Spoken Weird, Spoken; tags the council flats of kingsbury"
021_021840.mp3,"genre Spoken; styles Spoken Weird, Spoken; tags the council flats of kingsbury"
021_021841.mp3,"genre Spoken; styles Spoken Weird, Spoken; tags the council flats of kingsbury"
021_021850.mp3,"genre Electronic; styles Minimal Electronic, Glitch, Ambient Electronic, Electronic; tags lj kruzer"
021_021851.mp3,"styles Avant-Garde, Composed Music, Classical, Experimental; tags blue gene tyranny"
021_021852.mp3,"styles Avant-Garde, Composed Music, Classical, Experimental; tags sem ensemble"
021_021853.mp3,"styles Avant-Garde, Composed Music, Classical, Experimental; tags sem ensemble"
021_021854.mp3,"styles Avant-Garde, Composed Music, Classical, Experimental; tags connie beckley"
021_021862.mp3,"genre Experimental; styles Electroacoustic, Experimental; tags snawklor, dylan martorell, experimental, nathan gray, duncan blachford"
021_021863.mp3,"genre Experimental; styles Electroacoustic, Experimental; tags snawklor, dylan martorell, experimental, nathan gray, duncan blachford"
021_021864.mp3,"genre Experimental; styles Electroacoustic, Experimental; tags snawklor, dylan martorell, experimental, nathan gray, duncan blachford"
021_021865.mp3,"genre Experimental; styles Electroacoustic, Experimental; tags snawklor, dylan martorell, experimental, nathan gray, duncan blachford"
021_021866.mp3,"genre Experimental; styles Electroacoustic, Experimental; tags snawklor, dylan martorell, experimental, nathan gray, duncan blachford"
021_021867.mp3,"genre Experimental; styles Electroacoustic, Experimental; tags snawklor, dylan martorell, experimental, nathan gray, duncan blachford"
021_021868.mp3,"genre Experimental; styles Electroacoustic, Experimental; tags snawklor, dylan martorell, experimental, nathan gray, duncan blachford"
021_021869.mp3,"genre Experimental; styles Electroacoustic, Experimental; tags snawklor, dylan martorell, experimental, nathan gray, duncan blachford"
021_021870.mp3,"genre Experimental; styles Electroacoustic, Experimental; tags snawklor, dylan martorell, experimental, nathan gray, duncan blachford"
021_021871.mp3,"genre Experimental; styles Electroacoustic, Experimental; tags snawklor, dylan martorell, experimental, nathan gray, duncan blachford"
021_021872.mp3,"genre Experimental; styles Electroacoustic, Experimental; tags snawklor, dylan martorell, experimental, nathan gray, duncan blachford"
021_021873.mp3,"genre Experimental; styles Electroacoustic, Experimental; tags snawklor, dylan martorell, experimental, nathan gray, duncan blachford"
021_021874.mp3,"genre Experimental; styles Electroacoustic, Experimental; tags snawklor, dylan martorell, experimental, nathan gray, duncan blachford"
021_021875.mp3,"genre Experimental; styles Electroacoustic, Experimental; tags snawklor, dylan martorell, experimental, nathan gray, duncan blachford"
021_021876.mp3,"genre Experimental; styles Electroacoustic, Experimental; tags snawklor, dylan martorell, experimental, nathan gray, duncan blachford"
021_021877.mp3,"genre Experimental; styles Electroacoustic, Experimental; tags snawklor, dylan martorell, experimental, nathan gray, duncan blachford"
021_021900.mp3,"genre Experimental; styles Experimental; tags clinical archives, improvisation, experimental, anders lindsj"
021_021901.mp3,"genre Experimental; styles Experimental; tags clinical archives, improvisation, experimental, anders lindsj"
021_021902.mp3,"genre Experimental; styles Experimental; tags clinical archives, improvisation, experimental, anders lindsj"
021_021903.mp3,"genre Experimental; styles Experimental; tags clinical archives, improvisation, experimental, anders lindsj"
021_021904.mp3,"genre Experimental; styles Experimental; tags clinical archives, improvisation, experimental, anders lindsj"
021_021905.mp3,"genre Experimental; styles Experimental; tags clinical archives, improvisation, experimental, anders lindsj"
021_021906.mp3,"genre Experimental; styles Experimental; tags clinical archives, improvisation, experimental, anders lindsj"
021_021907.mp3,"genre Experimental; styles Experimental; tags clinical archives, improvisation, experimental, anders lindsj"
021_021908.mp3,"genre Experimental; styles Improv, Experimental; tags greg kelley, c spencer yeh paul flaherty greg kelley"
021_021909.mp3,"genre Experimental; styles Improv, Experimental; tags falco subbuteo, electronic, improv, avant-garde, clinical archives, sound-collage"
021_021910.mp3,"genre Experimental; styles Improv, Experimental; tags falco subbuteo, electronic, improv, avant-garde, clinical archives, sound-collage"
021_021911.mp3,"genre Experimental; styles Improv, Experimental; tags falco subbuteo, electronic, improv, avant-garde, clinical archives, sound-collage"
021_021913.mp3,"genre Experimental; styles Improv, Experimental; tags falco subbuteo, electronic, improv, avant-garde, clinical archives, sound-collage"
021_021914.mp3,"genre Experimental; styles Improv, Experimental; tags falco subbuteo, electronic, improv, avant-garde, clinical archives, sound-collage"
021_021915.mp3,"genre Experimental; styles Improv, Experimental; tags falco subbuteo, electronic, improv, avant-garde, clinical archives, sound-collage"
021_021916.mp3,"genre Experimental; styles Improv, Experimental; tags falco subbuteo, electronic, improv, avant-garde, clinical archives, sound-collage"
021_021917.mp3,"genre Experimental; styles Experimental, Audio Collage; tags copydex"
021_021918.mp3,"genre Experimental; styles Experimental, Audio Collage; tags copydex"
021_021925.mp3,"genre Electronic; styles Electronic; tags netlabel, austria, jazz, vienna, electronic, experimental, dorian concept"
021_021927.mp3,"genre Electronic; styles Electronic; tags netlabel, austria, jazz, vienna, electronic, experimental, dorian concept"
021_021928.mp3,"genre Electronic; styles Electronic; tags netlabel, austria, jazz, vienna, electronic, experimental, dorian concept"
021_021929.mp3,"genre Electronic; styles Electronic; tags netlabel, austria, jazz, vienna, electronic, experimental, dorian concept"
021_021930.mp3,"genre Electronic; styles Electronic; tags netlabel, austria, jazz, vienna, electronic, experimental, dorian concept"
021_021943.mp3,genre Electronic; styles Electronic; tags wrexsoul
021_021944.mp3,genre Electronic; styles Electronic; tags wrexsoul
021_021945.mp3,genre Electronic; styles Electronic; tags wrexsoul
021_021946.mp3,genre Electronic; styles Electronic; tags wrexsoul
021_021947.mp3,genre Electronic; styles Electronic; tags wrexsoul
021_021961.mp3,"genre Electronic; styles Chip Music, Electronic; tags psilodump"
021_021966.mp3,"genre Electronic; styles Chip Music, Electronic; tags psilodump"
021_021967.mp3,"genre Electronic; styles Chip Music, Electronic; tags psilodump"
021_021968.mp3,"styles Avant-Garde, Classical, Experimental; tags microtonal, violin, andrew christopher smith, composed"
021_021969.mp3,"styles Avant-Garde, Classical, Experimental; tags microtonal, violin, andrew christopher smith, composed"
021_021970.mp3,"styles Avant-Garde, Classical, Experimental; tags microtonal, violin, andrew christopher smith, composed"
021_021972.mp3,"styles Noise, Rock, Experimental, Metal; tags gnaw"
021_021992.mp3,"genre Experimental; styles Improv, Experimental; tags bent spoon duo"
021_021993.mp3,"genre Experimental; styles Improv, Experimental; tags bent spoon duo"
021_021994.mp3,"genre Experimental; styles Improv, Experimental; tags bent spoon duo"
022_022002.mp3,"genre Electronic; styles Techno, Electronic; tags lasvegas"
022_022003.mp3,"genre Electronic; styles Techno, Electronic; tags lasvegas"
022_022009.mp3,"styles Hip-Hop, House, Electronic; tags gunhead"
022_022010.mp3,"styles Hip-Hop, House, Electronic; tags gunhead"
022_022011.mp3,"styles Hip-Hop, House, Electronic; tags gunhead"
022_022013.mp3,"styles Hip-Hop, House, Electronic; tags gunhead"
022_022025.mp3,"genre Electronic; styles Breakcore - Hard, Electronic; tags syem"
022_022026.mp3,"genre Electronic; styles Breakcore - Hard, Electronic; tags syem"
022_022027.mp3,"genre Electronic; styles Breakcore - Hard, Electronic; tags syem"
022_022028.mp3,"genre Electronic; styles Breakcore - Hard, Electronic; tags syem"
022_022030.mp3,"genre Electronic; styles Breakcore - Hard, Electronic; tags syem"
022_022051.mp3,"genre Rock; styles Punk, Rock, Garage; tags san francisco, ty segall, bay area"
022_022056.mp3,"styles Folk, Pop, Experimental Pop, Synth Pop; tags learning music"
022_022057.mp3,"styles Folk, Pop, Experimental Pop, Synth Pop; tags learning music"
022_022058.mp3,"styles Folk, Pop, Experimental Pop, Synth Pop; tags learning music"
022_022059.mp3,"styles Folk, Pop, Experimental Pop, Synth Pop; tags learning music"
022_022060.mp3,"styles Folk, Pop, Experimental Pop, Synth Pop; tags learning music"
022_022061.mp3,"styles Folk, Pop, Experimental Pop, Synth Pop; tags learning music"
022_022062.mp3,"styles Folk, Pop, Experimental Pop, Synth Pop; tags learning music"
022_022063.mp3,"styles Folk, Pop, Experimental Pop, Synth Pop; tags learning music"
022_022064.mp3,"styles Noise, Experimental, Electronic; tags onomatopeee"
022_022065.mp3,"styles Noise, Experimental, Electronic; tags mortality"
022_022066.mp3,"styles Noise, Experimental, Electronic; tags mortality"
022_022067.mp3,"styles Noise, Experimental, Electronic; tags onomatopeee"
022_022068.mp3,"genre Pop; styles Pop, Synth Pop; tags dr sjaak"
022_022069.mp3,"genre Pop; styles Pop, Synth Pop; tags dr sjaak"
022_022070.mp3,"genre Pop; styles Pop, Synth Pop; tags dr sjaak"
022_022071.mp3,"genre Pop; styles Pop, Synth Pop; tags dr sjaak"
022_022072.mp3,"genre Pop; styles Pop, Synth Pop; tags dr sjaak"
022_022073.mp3,"genre Pop; styles Pop, Synth Pop; tags dr sjaak"
022_022074.mp3,"genre Pop; styles Pop, Synth Pop; tags dr sjaak"
022_022075.mp3,"genre Pop; styles Pop, Synth Pop; tags dr sjaak"
022_022076.mp3,"genre Pop; styles Pop, Synth Pop; tags dr sjaak"
022_022077.mp3,"genre Pop; styles Pop, Synth Pop; tags dr sjaak"
022_022078.mp3,"genre Pop; styles Pop, Synth Pop; tags dr sjaak"
022_022079.mp3,"genre Pop; styles Pop, Synth Pop; tags dr sjaak"
022_022080.mp3,"genre Experimental; styles Noise, Avant-Garde, Experimental; tags the afternoon saints"
022_022087.mp3,genre Pop; styles Pop; tags eqo
022_022092.mp3,genre Experimental; styles Experimental; tags hellvete
022_022098.mp3,Uses samples from: counterfeit funk... by jsn Morning Wood by useless247 I'm funkyn'love ... by DeeJawu
022_022101.mp3,"genre Rock; styles Punk, Rock, Garage; tags atomic butter babes"
022_022102.mp3,"genre Rock; styles Punk, Rock, Garage; tags atomic butter babes"
022_022103.mp3,"genre Rock; styles Punk, Rock, Garage; tags atomic butter babes"
022_022105.mp3,"genre Rock; styles Punk, Rock, Garage; tags atomic butter babes"
022_022106.mp3,"genre Rock; styles Punk, Rock, Garage; tags atomic butter babes"
022_022107.mp3,"genre Rock; styles Punk, Rock, Garage; tags atomic butter babes"
022_022108.mp3,"genre Rock; styles Punk, Rock, Garage; tags atomic butter babes"
022_022109.mp3,"genre Rock; styles Punk, Rock, Garage; tags atomic butter babes"
022_022111.mp3,"genre Rock; styles Punk, Rock, Garage; tags atomic butter babes"
022_022112.mp3,"genre Rock; styles Punk, Rock, Garage; tags atomic butter babes"
022_022114.mp3,"genre Rock; styles Punk, Rock, Garage; tags atomic butter babes"
022_022115.mp3,"genre Rock; styles Punk, Rock, Garage; tags atomic butter babes"
022_022133.mp3,"genre Experimental; styles Avant-Garde, Experimental, Minimalism, Electroacoustic, Drone; tags phill niblock, darmstadt essential repertoire festival"
022_022145.mp3,"genre Experimental; styles Noise, Avant-Garde, Improv, Experimental; tags jeff mcleod"
022_022147.mp3,"genre Experimental; styles Noise, Avant-Garde, Improv, Experimental; tags jeff mcleod"
022_022148.mp3,"genre Experimental; styles Noise, Avant-Garde, Improv, Experimental; tags jeff mcleod"
022_022149.mp3,"genre Experimental; styles Noise, Avant-Garde, Improv, Experimental; tags jeff mcleod"
022_022162.mp3,"genre Experimental; styles Noise, Sound Collage, Experimental; tags sinistre"
022_022163.mp3,"styles Folk, Pop, Experimental Pop, Synth Pop; tags learning music"
022_022164.mp3,"styles Folk, Pop, Experimental Pop, Synth Pop; tags learning music"
022_022165.mp3,"styles Folk, Pop, Experimental Pop, Synth Pop; tags learning music"
022_022166.mp3,"styles Folk, Pop, Experimental Pop, Synth Pop; tags learning music"
022_022167.mp3,"styles Folk, Pop, Experimental Pop, Synth Pop; tags learning music"
022_022168.mp3,"styles Folk, Pop, Experimental Pop, Synth Pop; tags learning music"
022_022169.mp3,"styles Folk, Pop, Experimental Pop, Synth Pop; tags learning music"
022_022170.mp3,"styles Folk, Pop, Experimental Pop, Synth Pop; tags learning music"
022_022171.mp3,"styles Folk, Pop, Experimental Pop, Synth Pop; tags learning music"
022_022172.mp3,"styles Folk, Pop, Experimental Pop, Synth Pop; tags learning music"
022_022173.mp3,"styles Folk, Pop, Experimental Pop, Synth Pop; tags learning music"
022_022174.mp3,"styles Folk, International, Middle East; tags pharaohs daughter"
022_022175.mp3,"styles Folk, International, Middle East; tags pharaohs daughter"
022_022176.mp3,"styles Folk, International, Middle East; tags pharaohs daughter"
022_022177.mp3,"styles Folk, International, Middle East; tags pharaohs daughter"
022_022178.mp3,"styles Folk, International, Middle East; tags pharaohs daughter"
022_022190.mp3,genre Electronic; styles Electronic; tags white rainbow
022_022191.mp3,"styles Pop, Lo-Fi, Rock, Indie-Rock; tags brown recluse"
022_022192.mp3,"styles Pop, Lo-Fi, Rock, Indie-Rock; tags brown recluse"
022_022193.mp3,"styles Pop, Lo-Fi, Rock, Indie-Rock; tags brown recluse"
022_022194.mp3,"styles Pop, Lo-Fi, Rock, Indie-Rock; tags brown recluse"
022_022195.mp3,"styles Pop, Lo-Fi, Rock, Indie-Rock; tags brown recluse"
022_022196.mp3,"styles Pop, Lo-Fi, Rock, Indie-Rock; tags brown recluse"
022_022197.mp3,"styles Pop, Lo-Fi, Rock, Indie-Rock; tags brown recluse"
022_022198.mp3,"styles Pop, Lo-Fi, Rock, Indie-Rock; tags brown recluse"
022_022199.mp3,"styles Psych-Folk, International, Rock, Asia-Far East, Folk, Free-Folk, Lo-Fi; tags matt valentine erika elder"
022_022200.mp3,"styles Psych-Folk, International, Rock, Asia-Far East, Folk, Free-Folk, Lo-Fi; tags matt valentine erika elder"
022_022201.mp3,"styles Psych-Folk, Country, Rock, Folk, Lo-Fi, Freak-Folk; tags matt valentine erika elder"
022_022202.mp3,"styles Psych-Folk, Country, Rock, Folk, Lo-Fi, Freak-Folk; tags matt valentine erika elder"
022_022203.mp3,"styles Psych-Folk, Country, Rock, Folk, Lo-Fi, Freak-Folk; tags matt valentine erika elder"
022_022204.mp3,"styles Pop, Lo-Fi, Rock; tags la guerre des mitaines"
022_022205.mp3,"styles Pop, Lo-Fi, Rock; tags la guerre des mitaines"
022_022206.mp3,"styles Pop, Lo-Fi, Rock; tags la guerre des mitaines"
022_022207.mp3,"styles Pop, Lo-Fi, Rock; tags la guerre des mitaines"
022_022208.mp3,"styles Pop, Lo-Fi, Rock; tags la guerre des mitaines"
022_022209.mp3,"styles Pop, Lo-Fi, Rock; tags la guerre des mitaines"
022_022210.mp3,"styles Country, Americana, Rock, Folk, Lo-Fi; tags the mericans"
022_022211.mp3,"styles Country, Americana, Rock, Folk, Lo-Fi; tags the mericans"
022_022212.mp3,"styles Country, Americana, Rock, Folk, Lo-Fi; tags the mericans"
022_022213.mp3,"styles Country, Americana, Rock, Folk, Lo-Fi; tags the mericans"
022_022214.mp3,"styles Country, Americana, Rock, Folk, Lo-Fi; tags the mericans"
022_022215.mp3,"styles Country, Americana, Rock, Folk, Lo-Fi; tags the mericans"
022_022216.mp3,"styles Country, Americana, Rock, Folk, Lo-Fi; tags the mericans"
022_022217.mp3,"styles Country, Americana, Rock, Folk, Lo-Fi; tags the mericans"
022_022220.mp3,"styles Pop, Lo-Fi, Rock, Indie-Rock; tags portastatic"
022_022221.mp3,"styles Pop, Lo-Fi, Rock, Indie-Rock; tags portastatic"
022_022222.mp3,"styles Pop, Lo-Fi, Rock, Indie-Rock; tags portastatic"
bedroom blur 2.mp3,"Dusty lo-fi loop built from soft electric piano and vinyl crackle, drenched in warm reverb and"
bedroom blur.mp3,"Dusty lo-fi loop built from soft electric piano and vinyl crackle, drenched in warm reverb and"
Cassette Sunsets 2.mp3,"Laid-back lo-fi retro synthwave: dusty sidechain pads, warm chorus-soaked polys, soft tape hiss, and a gently"
Cassette Sunsets.mp3,"Laid-back lo-fi retro synthwave: dusty sidechain pads, warm chorus-soaked polys, soft tape hiss, and a gently"
Chrome Ghosts 2.mp3,"Glitchy industrial cyberpunk pulse, male vocals, Dry, close-mic verses over detuned arps and clipped percussion; chorus"
Chrome Ghosts.mp3,"Glitchy industrial cyberpunk pulse, male vocals, Dry, close-mic verses over detuned arps and clipped percussion; chorus"
Chrome Veins 2.mp3,"Brooding darksynth with male vocals over a grinding, mid-tempo bass engine; icy arps flicker at the"
Chrome Veins.mp3,"Brooding darksynth with male vocals over a grinding, mid-tempo bass engine; icy arps flicker at the"
Chrome-Heart Static 2.mp3,"Aggressive cyberpunk anthem: distorted synth bass, crushed drums, glitchy arps, Male vocals spitting tight, rhythmic lines;"
Chrome-Heart Static.mp3,"Aggressive cyberpunk anthem: distorted synth bass, crushed drums, glitchy arps, Male vocals spitting tight, rhythmic lines;"
Chromed-Out Daydream 2.mp3,"Soft-focus lo-fi synthwave; detuned polys and hazy arps under a lazy, swung beat, Male vocals half-whispered,"
Chromed-Out Daydream.mp3,"Soft-focus lo-fi synthwave; detuned polys and hazy arps under a lazy, swung beat, Male vocals half-whispered,"
Coffee Rings On My Notebook 2.mp3,"Muted lo-fi beat at ~72 BPM, dusty vinyl crackle, warm Rhodes chords, soft synth bass, Male"
Coffee Rings On My Notebook.mp3,"Muted lo-fi beat at ~72 BPM, dusty vinyl crackle, warm Rhodes chords, soft synth bass, Male"
Electric Pastel Heart 2.mp3,"Shimmering 80s-flavored synthpop, bright arps over a steady four-on-the-floor kick, Male vocals, soft-then-soaring, with stacked harmonies"
Electric Pastel Heart.mp3,"Shimmering 80s-flavored synthpop, bright arps over a steady four-on-the-floor kick, Male vocals, soft-then-soaring, with stacked harmonies"
Glass Roads at 3AM 2.mp3,"Hazy lo-fi synthwave: soft detuned polys, tape-warbled pads, sidechained sub, and a lazy half-time groove, Melody"
Glass Roads at 3AM.mp3,"Hazy lo-fi synthwave: soft detuned polys, tape-warbled pads, sidechained sub, and a lazy half-time groove, Melody"
Late Night Loading Screen 2.mp3,"Dusty lo-fi hip-hop with warped, futuristic pads and a lazy swung groove; tape-saturated drums and a"
Late Night Loading Screen.mp3,"Dusty lo-fi hip-hop with warped, futuristic pads and a lazy swung groove; tape-saturated drums and a"
Mallsoft Heartbreak 2.mp3,"Hazy vaporwave slow jam, pitched-down male vocals swimming in lush reverb, Detuned Rhodes, syrupy side-chained pads,"
Mallsoft Heartbreak.mp3,"Hazy vaporwave slow jam, pitched-down male vocals swimming in lush reverb, Detuned Rhodes, syrupy side-chained pads,"
Midnight Polaroids 2.mp3,"Dusty lo-fi retro synthwave: warbly tape hiss, soft sidechain pulse, woozy analog pads, and a lazy"
Midnight Polaroids.mp3,"Dusty lo-fi retro synthwave: warbly tape hiss, soft sidechain pulse, woozy analog pads, and a lazy"
Midnight Rearview 2.mp3,"Smoky retro synthwave with pulsing side‑chained bass, gated snares, and shimmering analog pads; male vocals sitting"
Midnight Rearview 3.mp3,"Lush retro synthwave track, midtempo pulse and sidechained bass swells; male vocals glide over arpeggiated keys"
Midnight Rearview 4.mp3,"Lush retro synthwave track, midtempo pulse and sidechained bass swells; male vocals glide over arpeggiated keys"
Midnight Rearview.mp3,"Smoky retro synthwave with pulsing side‑chained bass, gated snares, and shimmering analog pads; male vocals sitting"
Midnight Static Heart 2.mp3,"Glossy 80s-tinged synthpop with a pulsing sidechained bass bed, tight electronic drums, and shimmering arpeggios, Male"
Midnight Static Heart.mp3,"Glossy 80s-tinged synthpop with a pulsing sidechained bass bed, tight electronic drums, and shimmering arpeggios, Male"
Mint Tea In My Hoodie 2.mp3,"Dusty lo-fi beat with warm sidechained pads, lazy swung drums, soft vinyl hiss, Fingerpicked guitar loop"
Mint Tea In My Hoodie.mp3,"Dusty lo-fi beat with warm sidechained pads, lazy swung drums, soft vinyl hiss, Fingerpicked guitar loop"
Neon Ashes 2.mp3,"Brooding darksynth score with male vocals; detuned arps pulsing under a gritty side‑chained bass bed, Verses"
Neon Ashes.mp3,"Brooding darksynth score with male vocals; detuned arps pulsing under a gritty side‑chained bass bed, Verses"
Neon Daydream 2.mp3,Dusty lo-fi hip-hop loop with a soft sidechain swell and airy synth pads; lazy swung drums
Neon Daydream.mp3,Dusty lo-fi hip-hop loop with a soft sidechain swell and airy synth pads; lazy swung drums
Neon Echo Heart 2.mp3,"Shimmering retro synthpop with a driving four-on-the-floor kick, bright arps, and wide, chorus-soaked guitars tucked under"
Neon Echo Heart.mp3,"Shimmering retro synthpop with a driving four-on-the-floor kick, bright arps, and wide, chorus-soaked guitars tucked under"
Neon Echoes 2.mp3,"Retro synthwave track with male vocals; glossy arps and wide pads over a steady, driving electronic"
Neon Echoes.mp3,"Retro synthwave track with male vocals; glossy arps and wide pads over a steady, driving electronic"
Neon Ghost in My Room 2.mp3,"Lo-fi synthwave with hazy cassette saturation, side-chained pads, and a lazy swung groove, Soft male vocals"
Neon Ghost in My Room.mp3,"Lo-fi synthwave with hazy cassette saturation, side-chained pads, and a lazy swung groove, Soft male vocals"
Neon Rearview 2.mp3,"Retro synthwave track with driving arps, sidechained pads, and a steady four-on-the-floor kick, Male vocals in"
Neon Rearview 3.mp3,"Glossy retro synthwave track, midtempo pulse, Warm analog pads and arpeggiated synth bass set a cruising"
Neon Rearview 4.mp3,"Glossy retro synthwave track, midtempo pulse, Warm analog pads and arpeggiated synth bass set a cruising"
Neon Rearview.mp3,"Retro synthwave track with driving arps, sidechained pads, and a steady four-on-the-floor kick, Male vocals in"
Neon Static Heart 2.mp3,"Menacing darksynth pulse, mid-tempo, Thick side-chained bass arps and tearing lead pads, gated reverb on snare,"
Neon Static Heart.mp3,"Menacing darksynth pulse, mid-tempo, Thick side-chained bass arps and tearing lead pads, gated reverb on snare,"
Neon Tongue 2.mp3,"Brooding darksynth banger: detuned analog bass surging under sharp, gated snares, hissy hi-hats, and cold arps,"
Neon Tongue.mp3,"Brooding darksynth banger: detuned analog bass surging under sharp, gated snares, hissy hi-hats, and cold arps,"
Neon Veins 2.mp3,"Brooding darksynth banger at mid-tempo; male vocals half-whispered, half-snarled, Thick sidechained bass arps and detuned pads"
Neon Veins.mp3,"Brooding darksynth banger at mid-tempo; male vocals half-whispered, half-snarled, Thick sidechained bass arps and detuned pads"
Neon Yearbook 2.mp3,"Dusty lo-fi synthwave bed: tape-warbled polys, soft sidechained pads, muted retro bass, Lazy, swung drum groove"
Neon Yearbook.mp3,"Dusty lo-fi synthwave bed: tape-warbled polys, soft sidechained pads, muted retro bass, Lazy, swung drum groove"
Night Drive Echoes 2.mp3,"Retro synthwave track with male vocals; slow-building arps and warm analog pads over a steady, mid-tempo"
Night Drive Echoes.mp3,"Retro synthwave track with male vocals; slow-building arps and warm analog pads over a steady, mid-tempo"
Paper Mugs & Midnight Bags 2.mp3,"Dusty lo-fi hip-hop loop, soft sidechain pump on a detuned Rhodes and warm sub, vinyl hiss"
Paper Mugs & Midnight Bags.mp3,"Dusty lo-fi hip-hop loop, soft sidechain pump on a detuned Rhodes and warm sub, vinyl hiss"
Polaroid Skies 2.mp3,"Dusty lo-fi synthwave beat at midtempo, sidechained pads and warm detuned leads over a soft, rounded"
Polaroid Skies.mp3,"Dusty lo-fi synthwave beat at midtempo, sidechained pads and warm detuned leads over a soft, rounded"
Purple Static Dreams 2.mp3,"Mid-tempo lo-fi synthwave: hazy analog pads, dusty drum loop, warped cassette hiss, and rubbery bass, Male"
Purple Static Dreams.mp3,"Mid-tempo lo-fi synthwave: hazy analog pads, dusty drum loop, warped cassette hiss, and rubbery bass, Male"
Rain On The Notebook 2.mp3,"Dusty lo-fi hip-hop, soft sidechain swing, muffled jazz chords and tape hiss under a warm vinyl"
Rain On The Notebook.mp3,"Dusty lo-fi hip-hop, soft sidechain swing, muffled jazz chords and tape hiss under a warm vinyl"
Soft Neon Dream 2.mp3,"Shimmering dreamwave groove, sidechained synth pads pulsing under a lazy retro bassline, airy male vocals drenched"
Soft Neon Dream.mp3,"Shimmering dreamwave groove, sidechained synth pads pulsing under a lazy retro bassline, airy male vocals drenched"
Tangled in the Afternoon 2.mp3,"Smoky lo-fi downtempo beat with dusty vinyl crackle, soft sidechain sway, and warm mono electric piano,"
Tangled in the Afternoon.mp3,"Smoky lo-fi downtempo beat with dusty vinyl crackle, soft sidechain sway, and warm mono electric piano,"
Tidal Dreamdrive 2.mp3,"Shimmering dreamwave, midtempo pulse, male vocals, Chorus drenched in chorusy synths and wide reverb, verses ride"
Tidal Dreamdrive.mp3,"Shimmering dreamwave, midtempo pulse, male vocals, Chorus drenched in chorusy synths and wide reverb, verses ride"
VHS Sunsets 2.mp3,"Dusty lo-fi retro synthwave: woozy tape-warped pads, rubbery bass, soft tape hiss and clicky drum machine"
VHS Sunsets.mp3,"Dusty lo-fi retro synthwave: woozy tape-warped pads, rubbery bass, soft tape hiss and clicky drum machine"
